protein_id,family
JAFGCY010000087.1_6,PF02464.20
JAFGCY010000088.1_20,PF04143.17
JAFGCY010000011.1_83,PF16130.8
JAFGCY010000091.1_31,PF01242.22
JAFGCY010000092.1_10,PF01030.27
JAFGCY010000092.1_22,PF04143.17
JAFGCY010000095.1_88,PF00771.23
JAFGCY010000096.1_22,PF01196.22
JAFGCY010000096.1_29,PF00344.23
JAFGCY010000096.1_41,PF00252.21
JAFGCY010000096.1_75,PF00005.30
JAFGCY010000098.1_23,PF18911.3
JAFGCY010000099.1_10,PF01084.23
JAFGCY010000099.1_37,PF00112.26
JAFGCY010000013.1_3,PF02684.18
JAFGCY010000014.1_9,PF00072.27
JAFGCY010000107.1_8,PF04085.17
JAFGCY010000109.1_25,PF02623.18
JAFGCY010000021.1_37,PF00924.21
JAFGCY010000022.1_9,PF02805.19
JAFGCY010000022.1_10,PF13588.9
JAFGCY010000027.1_20,PF01795.22
JAFGCY010000027.1_42,PF00677.20
JAFGCY010000035.1_27,PF02504.18
JAFGCY010000036.1_30,PF06695.14
JAFGCY010000038.1_2,PF00300.25
JAFGCY010000004.1_89,PF19289.2
JAFGCY010000047.1_10,PF00215.27
JAFGCY010000001.1_11,PF01676.21
JAFGCY010000001.1_28,PF00579.28
JAFGCY010000050.1_2,PF00115.23
JAFGCY010000052.1_23,PF14257.9
JAFGCY010000005.1_4,PF02119.19
JAFGCY010000005.1_34,PF00474.20
JAFGCY010000053.1_12,PF00188.29
JAFGCY010000054.1_11,PF02545.17
JAFGCY010000054.1_18,PF07505.14
JAFGCY010000057.1_9,PF04316.16
JAFGCY010000058.1_4,PF02245.19
JAFGCY010000058.1_6,PF02308.19
JAFGCY010000058.1_15,PF04392.15
JAFGCY010000058.1_45,PF00149.31
JAFGCY010000061.1_23,PF00460.23
JAFGCY010000008.1_20,PF18480.4
JAFGCY010000008.1_32,PF03631.18
JAFGCY010000008.1_33,PF03013.17
JAFGCY010000062.1_28,PF02358.19
JAFGCY010000062.1_33,PF01668.21
JAFGCY010000063.1_47,PF14238.9
JAFGCY010000063.1_54,PF03968.17
JAFGCY010000065.1_6,PF00072.27
JAFGCY010000065.1_7,PF01052.23
JAFGCY010000065.1_40,PF07136.14
JAFGCY010000067.1_3,PF01796.20
JAFGCY010000067.1_25,PF02415.20
JAFGCY010000068.1_14,PF00079.23
JAFGCY010000072.1_8,PF02470.23
JAFGCY010000072.1_17,PF00078.30
JAFGCY010000080.1_6,PF02621.17
JAFGCY010000081.1_10,PF00440.26
JAFGCY010000082.1_24,PF03781.19
JAFGCY010000084.1_24,PF05990.15
JAFGCY010000084.1_26,PF03916.17
JAFGCY010000084.1_67,PF03349.19
MVCR01000068.1_1,PF08459.14
MVCR01000017.1_4,PF09822.12
MVCR01000003.1_21,PF00507.22
MVCR01000020.1_3,PF14088.9
MVCR01000087.1_6,PF12804.10
MVCR01000089.1_2,PF01351.21
MVCR01000022.1_10,PF01250.20
MVCR01000026.1_1,PF03747.17
MVCR01000107.1_6,PF03772.19
MVCR01000032.1_16,PF13860.9
MVCR01000112.1_4,PF00180.23
MVCR01000033.1_12,PF00923.22
MVCR01000114.1_12,PF00202.24
MVCR01000047.1_8,PF02261.19
MVCR01000011.1_20,PF01039.25
MVCR01000053.1_6,PF05239.19
MVCR01000058.1_19,PF02381.21
MVCR01000012.1_8,PF03739.17
MVCR01000062.1_5,PF00528.25
MVCR01000013.1_5,PF02457.19
MVCR01000066.1_7,PF00202.24
NBMB01000014.1_55,PF19540.2
NBMB01000087.1_2,PF00528.25
NBMB01000015.1_76,PF00925.23
NBMB01000017.1_43,PF01628.24
NBMB01000003.1_90,PF00404.21
NBMB01000003.1_163,PF01668.21
NBMB01000003.1_173,PF04367.16
NBMB01000019.1_14,PF01467.29
NBMB01000021.1_74,PF00128.27
NBMB01000098.1_1,PF13546.9
NBMB01000028.1_7,PF05638.15
NBMB01000029.1_32,PF01936.21
NBMB01000031.1_51,PF11536.11
NBMB01000068.1_3,PF13709.9
NBMB01000068.1_5,PF03840.17
NBMB01000033.1_6,PF00180.23
NBMB01000034.1_8,PF00535.29
NBMB01000071.1_5,PF00015.24
NBMB01000036.1_9,PF07715.18
NBMB01000037.1_26,PF01026.24
NBMB01000007.1_8,PF00027.32
NBMB01000078.1_2,PF00156.30
NBMB01000041.1_13,PF06803.15
NBMB01000011.1_10,PF00550.28
NBMB01000012.1_35,PF00905.25
NBMB01000081.1_2,PF20441.1
NBMB01000052.1_10,PF16980.8
NBMB01000056.1_3,PF09820.12
NBMB01000058.1_18,PF14385.9
NBMB01000058.1_23,PF01121.23
NBMB01000058.1_52,PF01019.24
RFFQ01000126.1_5,PF00155.24
RFFQ01000131.1_22,PF00291.28
RFFQ01000131.1_41,PF01584.22
RFFQ01000134.1_30,PF00072.27
RFFQ01000135.1_11,PF12706.10
RFFQ01000138.1_30,PF00072.27
RFFQ01000139.1_4,PF01455.21
RFFQ01000003.1_20,PF03625.17
RFFQ01000003.1_25,PF02424.18
RFFQ01000162.1_4,PF11127.11
RFFQ01000170.1_37,PF08889.14
RFFQ01000020.1_16,PF04361.16
RFFQ01000179.1_9,PF00403.29
RFFQ01000183.1_11,PF01809.21
RFFQ01000183.1_12,PF10531.12
RFFQ01000184.1_17,PF01975.20
RFFQ01000186.1_8,PF01728.22
RFFQ01000025.1_17,PF02617.20
RFFQ01000032.1_3,PF07606.14
RFFQ01000034.1_30,PF12158.11
RFFQ01000036.1_2,PF02616.17
RFFQ01000044.1_13,PF00507.22
RFFQ01000044.1_19,PF00582.29
RFFQ01000046.1_11,PF00300.25
RFFQ01000047.1_24,PF03916.17
RFFQ01000061.1_12,PF02617.20
RFFQ01000067.1_5,PF03009.20
RFFQ01000009.1_38,PF00725.25
RFFQ01000079.1_6,PF02113.18
RFFQ01000090.1_11,PF00581.23
RFFQ01000090.1_22,PF08902.14
RFFQ01000096.1_38,PF00344.23
RFFQ01000102.1_7,PF12019.11
RFFQ01000106.1_6,PF02391.20
RFFQ01000012.1_44,PF02472.19
RFFQ01000114.1_33,PF00903.28
RFFQ01000119.1_6,PF01790.21
RFFQ01000120.1_4,PF11307.11
JAHJDJ010000158.1_4,PF09233.14
JAHJDJ010000162.1_14,PF00730.28
JAHJDJ010000011.1_22,PF00075.27
JAHJDJ010000181.1_2,PF00072.27
JAHJDJ010000185.1_14,PF04402.17
JAHJDJ010000206.1_2,PF18962.3
JAHJDJ010000208.1_1,PF14238.9
JAHJDJ010000224.1_2,PF12705.10
JAHJDJ010000232.1_2,PF00528.25
JAHJDJ010000242.1_4,PF01797.19
JAHJDJ010000259.1_4,PF07705.14
JAHJDJ010000286.1_5,PF18962.3
JAHJDJ010000288.1_4,PF00885.22
JAHJDJ010000295.1_7,PF01252.21
JAHJDJ010000020.1_10,PF13379.9
JAHJDJ010000308.1_2,PF18962.3
JAHJDJ010000314.1_4,PF05099.16
JAHJDJ010000315.1_1,PF01597.22
JAHJDJ010000321.1_15,PF00708.21
JAHJDJ010000321.1_27,PF00072.27
JAHJDJ010000325.1_28,PF00962.25
JAHJDJ010000340.1_8,PF03601.17
JAHJDJ010000346.1_16,PF19672.2
JAHJDJ010000355.1_11,PF00254.31
JAHJDJ010000360.1_12,PF00460.23
JAHJDJ010000375.1_11,PF02357.22
JAHJDJ010000380.1_8,PF04093.15
JAHJDJ010000383.1_1,PF01875.20
JAHJDJ010000005.1_1,PF18962.3
JAHJDJ010000039.1_5,PF00924.21
JAHJDJ010000046.1_7,PF04306.16
JAHJDJ010000064.1_7,PF11141.11
JAHJDJ010000076.1_3,PF00476.23
JAHJDJ010000078.1_12,PF01008.20
JAHJDJ010000080.1_3,PF04361.16
JAHJDJ010000100.1_2,PF08126.14
JAHJDJ010000106.1_12,PF02504.18
JAHJDJ010000112.1_4,PF05635.14
JAHJDJ010000115.1_22,PF01327.24
JAHJDJ010000126.1_3,PF01436.24
JAHJDJ010000133.1_2,PF03349.19
JAHJDJ010000134.1_2,PF06114.16
JAHJDJ010000135.1_3,PF00756.23
JAHJDJ010000136.1_3,PF00072.27
JABWCQ010000009.1_15,PF18962.3
JABWCQ010000009.1_25,PF01810.21
JABWCQ010000009.1_84,PF18962.3
JABWCQ010000011.1_3,PF00436.28
JABWCQ010000011.1_15,PF04536.17
JABWCQ010000011.1_89,PF18962.3
JABWCQ010000011.1_103,PF00155.24
JABWCQ010000002.1_69,PF03772.19
JABWCQ010000002.1_113,PF03706.16
JABWCQ010000002.1_136,PF00698.24
JABWCQ010000002.1_216,PF10502.12
JABWCQ010000012.1_44,PF02515.20
JABWCQ010000012.1_61,PF01257.22
JABWCQ010000013.1_37,PF03597.18
JABWCQ010000003.1_4,PF03916.17
JABWCQ010000003.1_94,PF03610.19
JABWCQ010000003.1_139,PF18962.3
JABWCQ010000003.1_163,PF02153.20
JABWCQ010000016.1_13,PF00027.32
JABWCQ010000004.1_86,PF03544.17
JABWCQ010000004.1_151,PF02578.18
JABWCQ010000005.1_24,PF07883.14
JABWCQ010000005.1_34,PF16930.8
JABWCQ010000005.1_37,PF00528.25
JABWCQ010000017.1_23,PF03415.17
JABWCQ010000019.1_36,PF02073.18
JABWCQ010000001.1_7,PF00072.27
JABWCQ010000001.1_52,PF00813.23
JABWCQ010000001.1_181,PF01694.25
JABWCQ010000001.1_194,PF00430.21
JABWCQ010000001.1_203,PF02823.19
JABWCQ010000007.1_39,PF01894.20
NYYY01000001.1_26,PF00535.29
NYYY01000002.1_9,PF04362.17
NYYY01000003.1_2,PF03740.16
NYYY01000005.1_21,PF00731.23
NYYY01000007.1_1,PF01627.26
NYYY01000007.1_2,PF07238.17
NYYY01000007.1_7,PF00227.29
NYYY01000008.1_2,PF12836.10
NYYY01000013.1_6,PF02146.20
NYYY01000013.1_8,PF01967.24
NYYY01000016.1_1,PF08543.15
NYYY01000016.1_3,PF01206.20
NYYY01000018.1_2,PF00892.23
NYYY01000019.1_12,PF09360.13
NYYY01000025.1_2,PF02631.19
NYYY01000025.1_6,PF01066.24
NYYY01000025.1_13,PF05048.16
NYYY01000025.1_15,PF01145.28
NYYY01000026.1_9,PF01075.20
NYYY01000028.1_29,PF13860.9
NYYY01000028.1_30,PF02535.25
NYYY01000028.1_33,PF01300.21
NYYY01000028.1_34,PF00731.23
NYYY01000030.1_3,PF00480.23
NYYY01000030.1_25,PF17991.4
NYYY01000032.1_6,PF01432.23
NYYY01000032.1_7,PF10028.12
NYYY01000034.1_3,PF00453.21
NYYY01000040.1_12,PF01075.20
NYYY01000040.1_14,PF01075.20
NYYY01000042.1_30,PF00171.25
NYYY01000043.1_31,PF20256.1
NYYY01000045.1_8,PF05875.15
NYYY01000045.1_31,PF01165.23
NYYY01000046.1_2,PF02415.20
NYYY01000046.1_10,PF00411.22
NYYY01000046.1_23,PF00253.24
NYYY01000047.1_7,PF00156.30
NYYY01000048.1_3,PF20143.2
NYYY01000048.1_10,PF02597.23
NYYY01000050.1_6,PF01702.21
NYYY01000050.1_7,PF02699.18
NYYY01000050.1_16,PF01746.24
NYYY01000052.1_8,PF03682.16
NYYY01000052.1_18,PF03091.18
NYYY01000053.1_24,PF03060.18
NYYY01000053.1_45,PF02591.18
NYYY01000053.1_50,PF02580.19
NYYY01000054.1_17,PF13860.9
NYYY01000054.1_28,PF02445.19
NYYY01000054.1_35,PF13036.9
NYYY01000054.1_38,PF15902.8
NYYY01000055.1_5,PF00398.23
NYYY01000060.1_12,PF12770.10
NYYY01000061.1_1,PF12770.10
NYYY01000063.1_8,PF05036.16
NYYY01000065.1_15,PF00809.25
NYYY01000065.1_36,PF02492.22
NYYY01000068.1_10,PF13424.9
NYYY01000069.1_6,PF01242.22
NYYY01000070.1_2,PF04519.16
NYYY01000070.1_4,PF04026.15
NYYY01000070.1_5,PF02412.21
NYYY01000071.1_2,PF00156.30
NYYY01000072.1_7,PF00248.24
NYYY01000076.1_4,PF00932.22
NYYY01000076.1_20,PF01144.26
NYYY01000079.1_8,PF00825.21
NYYY01000079.1_26,PF04932.18
NYYY01000080.1_2,PF00027.32
NYYY01000080.1_10,PF09586.13
NYYY01000080.1_14,PF13562.9
NYYY01000082.1_5,PF01872.20
NYYY01000084.1_2,PF00164.28
NYYY01000087.1_8,PF02482.22
NYYY01000087.1_17,PF00829.24
QZKU01000128.1_75,PF09586.13
QZKU01000128.1_159,PF00072.27
QZKU01000053.1_35,PF06835.16
QZKU01000042.1_4,PF00329.22
QZKU01000042.1_39,PF00072.27
QZKU01000042.1_66,PF01243.23
QZKU01000127.1_10,PF13358.9
QZKU01000115.1_41,PF00499.23
QZKU01000115.1_42,PF00420.27
QZKU01000045.1_60,PF07690.19
QZKU01000041.1_29,PF00440.26
QZKU01000145.1_33,PF08901.14
QZKU01000084.1_23,PF02915.20
QZKU01000143.1_20,PF01202.25
QZKU01000092.1_43,PF00437.23
QZKU01000098.1_44,PF15919.8
QZKU01000099.1_17,PF07690.19
QZKU01000022.1_22,PF01229.20
QZKU01000022.1_34,PF03808.16
QZKU01000105.1_16,PF02492.22
QZKU01000031.1_2,PF07238.17
QZKU01000122.1_19,PF03321.16
QZKU01000065.1_26,PF00365.23
QZKU01000085.1_23,PF02283.19
QZKU01000052.1_3,PF04015.15
QZKU01000061.1_26,PF00005.30
QZKU01000044.1_29,PF01497.21
QZKU01000012.1_9,PF05130.15
QZKU01000012.1_22,PF00072.27
QZKU01000073.1_13,PF00437.23
QZKU01000142.1_30,PF02416.19
QZKU01000034.1_4,PF14022.9
QZKU01000129.1_4,PF03168.16
QZKU01000120.1_2,PF00145.20
QZKU01000086.1_9,PF01597.22
QZKU01000094.1_4,PF07238.17
QZKU01000141.1_13,PF00156.30
QZKU01000079.1_23,PF00237.22
QZKU01000002.1_5,PF09861.12
QZKI01000095.1_33,PF01636.26
QZKI01000091.1_23,PF00557.27
QZKI01000022.1_71,PF02735.19
QZKI01000062.1_3,PF02416.19
QZKI01000143.1_55,PF12773.10
QZKI01000142.1_32,PF04366.15
QZKI01000026.1_45,PF05597.14
QZKI01000071.1_1,PF17210.6
QZKI01000060.1_5,PF01197.21
QZKI01000060.1_46,PF00072.27
QZKI01000110.1_45,PF01566.21
QZKI01000077.1_9,PF02120.19
QZKI01000118.1_35,PF00072.27
QZKI01000023.1_5,PF01841.22
QZKI01000023.1_22,PF03747.17
QZKI01000023.1_32,PF07027.15
QZKI01000001.1_3,PF18734.4
QZKI01000001.1_15,PF13192.9
QZKI01000008.1_32,PF13226.9
QZKI01000021.1_19,PF09370.13
QZKI01000016.1_20,PF01592.19
QZKI01000063.1_10,PF00582.29
QZKI01000076.1_20,PF07995.14
QZKI01000082.1_16,PF00092.31
QZKI01000009.1_29,PF03143.20
QZKI01000106.1_9,PF01168.23
QZKI01000039.1_4,PF01259.21
QZKI01000114.1_7,PF01934.20
QZKI01000049.1_1,PF01804.21
QZKI01000139.1_10,PF02146.20
QZKI01000067.1_12,PF13596.9
QZKI01000057.1_3,PF09626.13
QZKI01000041.1_6,PF02308.19
PLDF01000175.1_69,PF12543.11
PLDF01000335.1_13,PF04390.15
PLDF01000223.1_8,PF04471.15
PLDF01000223.1_20,PF00106.28
PLDF01000242.1_3,PF03737.18
PLDF01000385.1_15,PF01741.21
PLDF01000481.1_29,PF13620.9
PLDF01000363.1_2,PF08327.14
PLDF01000363.1_7,PF03965.19
PLDF01000409.1_86,PF01613.21
PLDF01000345.1_34,PF00300.25
PLDF01000158.1_21,PF13443.9
PLDF01000282.1_5,PF10923.11
PLDF01000210.1_8,PF13490.9
PLDF01000210.1_21,PF04191.16
PLDF01000202.1_34,PF00873.22
PLDF01000183.1_7,PF07394.15
PLDF01000142.1_28,PF06296.15
PLDF01000294.1_3,PF13349.9
PLDF01000479.1_40,PF03965.19
PLDF01000425.1_35,PF16277.8
PLDF01000402.1_24,PF00196.22
PLDF01000194.1_61,PF12708.10
PLDF01000083.1_61,PF03965.19
PLDF01000173.1_7,PF08681.14
PLDF01000021.1_2,PF07690.19
PLDF01000500.1_40,PF06580.16
PLDF01000310.1_26,PF09286.14
PLDF01000197.1_17,PF01384.23
PLDF01000226.1_3,PF13428.9
PLDF01000497.1_18,PF00920.24
PLDF01000440.1_17,PF00175.24
PLDF01000276.1_31,PF02682.19
PLDF01000448.1_6,PF03551.17
PLDF01000464.1_10,PF09957.12
PLDF01000283.1_3,PF03551.17
PLDF01000506.1_15,PF00067.25
PLDF01000410.1_11,PF00994.27
PLDF01000429.1_25,PF00528.25
PLDF01000047.1_6,PF02441.22
PLDF01000336.1_30,PF12543.11
PLDF01000478.1_78,PF01797.19
PLDF01000126.1_6,PF14022.9
PLDF01000394.1_41,PF01435.21
PLDF01000162.1_31,PF14294.9
PLDF01000219.1_82,PF03551.17
PLDF01000444.1_15,PF01075.20
PLDF01000208.1_10,PF06114.16
PLDF01000342.1_28,PF01551.25
PLDF01000163.1_19,PF03328.17
JABFRY010000173.1_2,PF00753.30
JABFRY010000316.1_3,PF02265.19
JABFRY010000062.1_9,PF07786.15
JABFRY010000349.1_2,PF00296.23
JABFRY010000282.1_3,PF00696.31
JABFRY010000154.1_2,PF05580.15
JABFRY010000361.1_3,PF02146.20
JABFRY010000515.1_1,PF00144.27
JABFRY010000367.1_9,PF04932.18
JABFRY010000183.1_4,PF07238.17
JABFRY010000396.1_5,PF00696.31
JABFRY010000020.1_2,PF18191.4
JABFRY010000028.1_1,PF18317.4
JABFRY010000229.1_4,PF00591.24
JABFRY010000401.1_1,PF19288.2
JABFRY010000518.1_6,PF00936.22
JABFRY010000280.1_4,PF00231.22
JABFRY010000207.1_6,PF02091.18
JABFRY010000527.1_8,PF12705.10
JABFRY010000178.1_9,PF00115.23
JABFRY010000063.1_3,PF04273.16
JABFRY010000517.1_2,PF04216.15
JABFRY010000095.1_5,PF06532.14
JABFRY010000242.1_4,PF02575.19
JABFRY010000242.1_12,PF00082.25
JABFRY010000369.1_3,PF01384.23
JAGXKI010000003.1_100,PF01257.22
JAGXKI010000023.1_17,PF04430.17
JAGXKI010000024.1_7,PF03706.16
JAGXKI010000024.1_26,PF00213.21
JAGXKI010000027.1_3,PF01145.28
JAGXKI010000031.1_2,PF03869.17
JAGXKI010000037.1_11,PF09719.13
JAGXKI010000039.1_13,PF05121.15
JAGXKI010000042.1_13,PF07949.15
JAGXKI010000050.1_12,PF01206.20
JAGXKI010000001.1_83,PF01648.23
JAGXKI010000010.1_47,PF00861.25
JAGXKI010000059.1_10,PF13263.9
JAGXKI010000060.1_3,PF04892.15
JAGXKI010000062.1_9,PF12838.10
NZ_QHKX01000001.1_180,PF18915.3
NZ_QHKX01000001.1_1116,PF00884.26
NZ_QHKX01000002.1_1,PF02245.19
NZ_QHKX01000002.1_449,PF04093.15
NZ_QHKX01000003.1_174,PF00275.23
BMST01000004.1_16,PF00528.25
BMST01000004.1_233,PF04199.16
BMST01000004.1_390,PF02361.19
BMST01000007.1_254,PF04893.20
BMST01000009.1_65,PF00155.24
BMST01000016.1_60,PF02527.18
BMST01000020.1_4,PF01032.21
JACIXG010000061.1_4,PF00067.25
NZ_LMKQ01000001.1_801,PF00528.25
NZ_LMKQ01000001.1_1044,PF01258.20
NZ_NCSM01000022.1_355,PF02575.19
NZ_NCSM01000003.1_26,PF07719.20
NZ_NCSM01000038.1_37,PF02371.19
NZ_NCSM01000004.1_392,PF07969.14
NZ_NCSM01000054.1_10,PF13228.9
NZ_NCSM01000057.1_152,PF00482.26
NZ_NCSM01000007.1_44,PF04149.15
NZ_NCSM01000080.1_16,PF04472.15
NZ_CP016279.1_450,PF02669.18
NZ_CP016279.1_1022,PF01127.25
NZ_CP016279.1_2064,PF07730.16
NZ_CP016279.1_3699,PF00708.21
NZ_CP016279.1_6611,PF05908.14
NZ_CP016279.1_8673,PF04686.15
NZ_CP016279.1_9361,PF02390.20
NZ_CP016279.1_9528,PF00720.20
NZ_FQTT01000001.1_177,PF02467.19
NZ_FQTT01000016.1_85,PF03610.19
NZ_FQTT01000009.1_116,PF00528.25
NZ_BDAU01000001.1_223,PF07690.19
NZ_BDAU01000034.1_44,PF00300.25
NZ_BDAU01000058.1_17,PF00903.28
NZ_JADWYU010000083.1_71,PF00436.28
NZ_JADWYU010000378.1_6,PF01638.20
NZ_JADWYU010000145.1_49,PF14016.9
NZ_JADWYU010000086.1_15,PF00303.22
NZ_JADWYU010000227.1_21,PF00238.22
JAFKJK010000015.1_65,PF02302.20
JAFKJK010000007.1_497,PF02604.22
NZ_VFPQ01000001.1_1554,PF13592.9
NZ_VFPQ01000001.1_2769,PF10418.12
NZ_VFPQ01000001.1_3214,PF00331.23
NZ_VFPQ01000001.1_4356,PF00296.23
SYBY01000037.1_2,PF01613.21
SYBY01000366.1_5,PF00582.29
SYBY01000470.1_23,PF04248.15
SYBY01000077.1_2,PF20254.1
SYBY01000490.1_4,PF01594.19
WLFD01000156.1_2,PF02361.19
WLFD01000034.1_8,PF02585.20
WLFD01000072.1_12,PF13577.9
DLPB01000023.1_19,PF00275.23
NZ_PJIN01000017.1_11,PF00085.23
NZ_PJIN01000001.1_107,PF12840.10
NZ_PJIN01000003.1_51,PF05544.14
NZ_PJIN01000003.1_172,PF03372.26
NZ_PJIN01000003.1_204,PF04237.16
NZ_PJIN01000009.1_96,PF02381.21
PAZD01000024.1_14,PF13578.9
NZ_LBMK01000003.1_505,PF04738.16
JAFMIT010000068.1_3,PF00300.25
NZ_AFXQ01000003.1_117,PF01261.27
NZ_FQVN01000007.1_49,PF05729.15
NZ_FQVN01000005.1_465,PF07690.19
NZ_FQVN01000002.1_234,PF19402.2
NZ_FQVN01000001.1_283,PF03819.20
NZ_FQVN01000001.1_952,PF02559.19
NZ_BNCD01000001.1_433,PF05138.15
NZ_BNCD01000004.1_348,PF01337.21
NZ_BNCD01000006.1_8,PF13676.9
NZ_BNCD01000006.1_191,PF00221.22
NZ_BNCD01000007.1_65,PF00313.25
JACCUF010000251.1_3,PF00196.22
PMNA01000017.1_239,PF13472.9
PMNA01000013.1_280,PF02073.18
JAGWXF010000012.1_36,PF04250.16
CACMQN010000003.1_126,PF01168.23
WLOP01000003.1_28,PF00202.24
JACRAC010000020.1_4,PF14010.9
JACRAC010000020.1_9,PF00459.28
JACRAC010000004.1_15,PF00710.23
JACRAC010000004.1_25,PF00572.21
JACRAC010000019.1_2,PF01136.22
JACRAC010000021.1_13,PF00252.21
JACRAC010000025.1_12,PF08792.13
JACRAC010000002.1_8,PF01558.21
JACRAC010000002.1_11,PF13549.9
JACRAC010000002.1_21,PF01889.20
JACRAC010000002.1_38,PF10432.12
JACRAC010000002.1_44,PF03116.18
JACRAC010000002.1_55,PF00248.24
JACRAC010000029.1_8,PF01066.24
JACRAC010000031.1_2,PF02926.20
JACRAC010000033.1_7,PF10633.12
JACRAC010000006.1_1,PF03136.18
JACRAC010000036.1_5,PF01139.20
JACRAC010000038.1_3,PF02616.17
JACRAC010000038.1_10,PF01040.21
JACRAC010000038.1_13,PF01269.20
JACRAC010000040.1_10,PF03683.16
JACRAC010000041.1_8,PF03734.17
JACRAC010000044.1_2,PF02996.20
JACRAC010000047.1_2,PF01198.22
JACRAC010000047.1_11,PF01544.21
JACRAC010000048.1_7,PF00293.31
JACRAC010000008.1_56,PF05362.16
JACRAC010000051.1_2,PF00300.25
JACRAC010000052.1_11,PF01655.21
JACRAC010000052.1_13,PF00410.22
JACRAC010000052.1_28,PF00276.23
JACRAC010000053.1_5,PF01026.24
JACRAC010000056.1_9,PF03604.16
JACRAC010000059.1_4,PF03551.17
JACRAC010000061.1_8,PF02680.17
JACRAC010000009.1_2,PF09970.12
JACRAC010000011.1_24,PF01970.19
JACRAC010000011.1_54,PF13662.9
JACRAC010000011.1_58,PF05159.17
JACRAC010000011.1_59,PF05159.17
JACRAC010000012.1_3,PF08327.14
JACRAC010000013.1_8,PF10517.12
JACRAC010000013.1_14,PF01872.20
JAFGDH010000036.1_9,PF01986.19
JAFGDH010000039.1_6,PF01871.20
JAFGDH010000039.1_8,PF02272.22
JAFGDH010000039.1_19,PF03692.18
JAFGDH010000040.1_3,PF18898.3
JAFGDH010000042.1_24,PF03773.16
JAFGDH010000010.1_5,PF00398.23
JAFGDH010000010.1_9,PF04430.17
JAFGDH010000010.1_29,PF01889.20
JAFGDH010000011.1_4,PF01384.23
JAFGDH010000001.1_1,PF01261.27
JAFGDH010000001.1_8,PF00571.31
JAFGDH010000001.1_18,PF04919.15
JAFGDH010000001.1_23,PF01978.22
JAFGDH010000001.1_39,PF00696.31
JAFGDH010000001.1_51,PF20501.1
JAFGDH010000006.1_19,PF01096.21
JAFGDH010000012.1_9,PF02579.20
JAFGDH010000007.1_13,PF01558.21
JAFGDH010000007.1_15,PF04307.17
JAFGDH010000007.1_17,PF13607.9
JAFGDH010000015.1_11,PF00297.25
JAFGDH010000015.1_14,PF00416.25
JAFGDH010000015.1_15,PF13620.9
JAFGDH010000015.1_77,PF00410.22
JAFGDH010000015.1_82,PF00238.22
JAFGDH010000015.1_91,PF00237.22
JAFGDH010000015.1_92,PF00203.24
JAFGDH010000015.1_107,PF01015.21
JAFGDH010000015.1_109,PF07228.15
JAFGDH010000016.1_6,PF01812.23
JAFGDH010000016.1_51,PF00579.28
JAFGDH010000016.1_65,PF00736.22
JAFGDH010000017.1_5,PF10633.12
JAFGDH010000018.1_13,PF00072.27
JAFGDH010000019.1_27,PF01339.20
JAFGDH010000019.1_62,PF02397.19
JAFGDH010000019.1_90,PF01809.21
JAFGDH010000019.1_92,PF01300.21
JAFGDH010000022.1_23,PF02516.17
JAFGDH010000023.1_3,PF01894.20
JAFGDH010000023.1_8,PF02386.19
JAFGDH010000023.1_11,PF00013.32
JAFGDH010000024.1_2,PF00156.30
JAFGDH010000025.1_2,PF00999.24
JAFGDH010000003.1_10,PF18898.3
JAFGDH010000026.1_11,PF04472.15
JAFGDH010000026.1_33,PF07690.19
JAFGDH010000028.1_17,PF02441.22
JAFGDH010000028.1_18,PF01989.19
JAFGDH010000028.1_23,PF01467.29
JAFGDH010000029.1_8,PF04066.16
JAFGDH010000029.1_11,PF20501.1
JAFGDH010000029.1_14,PF00361.23
JAFGDH010000029.1_23,PF11449.11
JAFGDH010000030.1_20,PF01994.19
JAFGDH010000031.1_16,PF04473.15
JAFGDH010000031.1_32,PF07885.19
JAFGDH010000031.1_65,PF06745.16
JAFGDH010000031.1_81,PF02915.20
AQRW01000048.1_1,PF01208.20
AQRW01000050.1_5,PF00121.21
AQRW01000054.1_3,PF04392.15
AQRW01000062.1_8,PF01797.19
AQRW01000065.1_5,PF00528.25
AQRW01000069.1_3,PF01252.21
AQRW01000069.1_9,PF00109.29
AQRW01000073.1_6,PF01402.24
AQRW01000075.1_2,PF02775.24
AQRW01000080.1_6,PF13304.9
AQRW01000083.1_5,PF01208.20
AQRW01000087.1_5,PF00528.25
AQRW01000098.1_7,PF00589.25
AQRW01000101.1_5,PF20126.2
AQRW01000108.1_4,PF02635.18
AQRW01000110.1_5,PF00144.27
AQRW01000116.1_6,PF01865.19
AQRW01000122.1_3,PF07690.19
AQRW01000128.1_6,PF00312.25
AQRW01000130.1_7,PF00528.25
AQRW01000135.1_14,PF04199.16
AQRW01000137.1_13,PF08747.14
AQRW01000138.1_15,PF13643.9
AQRW01000139.1_20,PF09827.12
AQRW01000147.1_25,PF01145.28
AQRW01000148.1_8,PF00528.25
AQRW01000152.1_14,PF00528.25
AQRW01000154.1_20,PF01765.22
AQRW01000154.1_21,PF00696.31
AQRW01000158.1_16,PF01148.23
AQRW01000159.1_11,PF09928.12
AQRW01000159.1_15,PF01208.20
AQRW01000161.1_15,PF02653.19
AQRW01000161.1_19,PF02021.20
AQRW01000164.1_26,PF01155.22
AQRW01000165.1_10,PF00892.23
AQRW01000167.1_12,PF01208.20
AQRW01000167.1_22,PF01208.20
AQRW01000167.1_23,PF06253.14
AQRW01000170.1_9,PF00291.28
AQRW01000170.1_16,PF01837.19
AQRW01000173.1_13,PF01609.24
AQRW01000175.1_9,PF07885.19
AQRW01000176.1_3,PF09957.12
AQRW01000176.1_14,PF01402.24
AQRW01000177.1_4,PF00078.30
AQRW01000178.1_25,PF00528.25
AQRW01000184.1_5,PF00589.25
AQRW01000185.1_5,PF01037.24
AQRW01000190.1_49,PF04255.17
AQRW01000190.1_51,PF15919.8
DRTT01000110.1_14,PF01063.22
DRTT01000098.1_34,PF01196.22
DRTT01000098.1_37,PF00475.21
DRTT01000010.1_6,PF00953.24
DRTT01000143.1_10,PF02572.18
DRTT01000141.1_10,PF00834.22
DRTT01000121.1_6,PF02163.25
DRTT01000038.1_1,PF01016.22
DRTT01000175.1_12,PF02677.17
DRTT01000092.1_3,PF03334.17
DRTT01000092.1_7,PF01455.21
DRTT01000092.1_15,PF04023.17
DRTT01000164.1_15,PF01327.24
DRTT01000005.1_10,PF04246.15
DRTT01000052.1_9,PF00528.25
DRTT01000089.1_3,PF00072.27
DRTT01000158.1_5,PF01458.20
DRTT01000072.1_3,PF01618.19
DRTT01000072.1_7,PF03968.17
DRTT01000072.1_9,PF01351.21
DRTT01000072.1_12,PF00814.28
DRTT01000027.1_5,PF01734.25
DRTT01000080.1_2,PF00528.25
DRTT01000006.1_5,PF02277.20
DRTT01000004.1_7,PF00346.22
DRTT01000086.1_1,PF01106.20
DRTT01000180.1_5,PF09989.12
DRTT01000114.1_7,PF02780.23
DRTT01000104.1_5,PF01894.20
DRTT01000132.1_3,PF01268.22
DRTT01000137.1_1,PF03773.16
DRTT01000032.1_1,PF05221.20
DRTT01000145.1_1,PF00701.25
DRTT01000068.1_5,PF00528.25
DRTT01000069.1_4,PF03099.22
DRTT01000026.1_2,PF01165.23
DRTT01000042.1_2,PF02561.17
WALD01000007.1_8,PF01940.19
WALD01000009.1_8,PF04023.17
WALD01000015.1_5,PF00687.24
WALD01000017.1_16,PF00733.24
WALD01000019.1_8,PF08378.14
WALD01000025.1_2,PF01850.24
WALD01000031.1_5,PF01090.22
WALD01000034.1_1,PF03911.19
WALD01000034.1_2,PF07690.19
WALD01000034.1_6,PF06695.14
WALD01000036.1_6,PF09341.13
WALD01000036.1_7,PF01920.23
WALD01000040.1_11,PF04127.18
WALD01000042.1_1,PF00155.24
WALD01000045.1_9,PF01058.25
WALD01000045.1_12,PF00420.27
WALD01000050.1_2,PF00162.22
WALD01000050.1_15,PF01791.12
WALD01000050.1_16,PF00571.31
WALD01000051.1_6,PF04041.16
WALD01000060.1_5,PF03874.19
WALD01000064.1_3,PF02616.17
WALD01000066.1_2,PF01381.25
WALD01000068.1_6,PF00338.25
WALD01000071.1_13,PF01949.19
WALD01000071.1_19,PF00850.22
WALD01000077.1_1,PF01663.25
WALD01000078.1_6,PF01991.21
WALD01000078.1_9,PF01725.19
WALD01000078.1_19,PF13463.9
WALD01000078.1_28,PF04135.15
WALD01000080.1_9,PF09845.12
WALD01000080.1_13,PF06745.16
WALD01000080.1_26,PF04981.16
WALD01000080.1_27,PF00832.23
WALD01000083.1_1,PF00254.31
WALD01000084.1_5,PF02697.17
WALD01000089.1_2,PF00557.27
WALD01000103.1_8,PF01817.24
WALD01000107.1_5,PF01951.19
WALD01000107.1_6,PF01667.20
VGJA01000004.1_14,PF02223.20
VGJA01000004.1_16,PF00557.27
VGJA01000004.1_18,PF00368.21
VGJA01000011.1_9,PF01984.23
VGJA01000011.1_14,PF01248.29
VGJA01000018.1_1,PF02445.19
VGJA01000022.1_7,PF10633.12
VGJA01000023.1_10,PF00155.24
VGJA01000024.1_2,PF18895.3
VGJA01000025.1_8,PF00118.27
VGJA01000025.1_9,PF02289.19
VGJA01000039.1_1,PF13231.9
VGJA01000040.1_8,PF04055.24
VGJA01000050.1_1,PF09754.12
VGJA01000053.1_2,PF02219.20
VGJA01000057.1_8,PF01850.24
VGJA01000059.1_2,PF00149.31
VGJA01000060.1_3,PF18895.3
VGJA01000063.1_6,PF01092.22
VGJA01000064.1_5,PF01920.23
VGJA01000066.1_7,PF01977.19
VGJA01000070.1_3,PF01040.21
VGJA01000071.1_1,PF05559.14
VGJA01000071.1_4,PF04060.16
VGJA01000075.1_6,PF01992.19
VGJA01000080.1_7,PF00155.24
VGJA01000086.1_5,PF04032.19
VGJA01000088.1_3,PF02643.18
VGJA01000090.1_2,PF00072.27
VGJA01000092.1_1,PF00330.23
VGJA01000112.1_2,PF19027.3
VGJA01000116.1_1,PF08714.14
VGJA01000117.1_1,PF12849.10
VGJA01000146.1_5,PF01982.19
VGJA01000155.1_3,PF02636.20
VGJA01000159.1_3,PF05239.19
VGJA01000161.1_3,PF01199.21
VGJA01000170.1_2,PF10131.12
VGJA01000183.1_1,PF17884.4
VGJA01000183.1_4,PF01026.24
VGJA01000184.1_3,PF06745.16
VGJA01000185.1_2,PF06202.17
VGJA01000208.1_1,PF01327.24
WFPJ01000007.1_18,PF00318.23
WFPJ01000007.1_27,PF03167.22
WFPJ01000014.1_1,PF07642.14
WFPJ01000016.1_5,PF01895.22
WFPJ01000016.1_23,PF04187.16
WFPJ01000034.1_22,PF01106.20
WFPJ01000035.1_9,PF04892.15
WFPJ01000036.1_1,PF00294.27
WFPJ01000037.1_8,PF01313.22
WFPJ01000043.1_9,PF04166.15
WFPJ01000051.1_12,PF00155.24
WFPJ01000052.1_5,PF16694.8
WFPJ01000068.1_2,PF05168.17
WFPJ01000070.1_4,PF01850.24
WFPJ01000071.1_28,PF01593.27
WFPJ01000075.1_11,PF00072.27
WFPJ01000075.1_18,PF01903.20
WFPJ01000075.1_21,PF07282.14
WFPJ01000077.1_10,PF00348.20
WFPJ01000083.1_4,PF01618.19
WFPJ01000083.1_6,PF00300.25
WFPJ01000083.1_12,PF00582.29
WFPJ01000094.1_5,PF17136.7
WFPJ01000096.1_2,PF03079.17
WFPJ01000098.1_5,PF00920.24
WFPJ01000099.1_7,PF08770.14
WFPJ01000101.1_7,PF00203.24
WFPJ01000101.1_8,PF00237.22
WFPJ01000101.1_12,PF00366.23
WFPJ01000109.1_5,PF04413.19
WFPJ01000110.1_1,PF13387.9
WFPJ01000110.1_5,PF00902.21
WFPJ01000113.1_21,PF02775.24
WFPJ01000114.1_2,PF00471.23
WFPJ01000114.1_6,PF00687.24
WFPJ01000119.1_7,PF01177.25
WFPJ01000121.1_14,PF04238.15
WFPJ01000121.1_31,PF00034.24
WFPJ01000121.1_60,PF01758.19
WFPJ01000131.1_7,PF09700.13
WFPJ01000143.1_21,PF01435.21
WFPJ01000145.1_11,PF14450.9
WFPJ01000145.1_16,PF00892.23
NC_014926.1_280,PF01176.22
NC_014926.1_283,PF00411.22
NC_014926.1_298,PF01195.22
NC_014926.1_317,PF09719.13
NC_014926.1_351,PF01734.25
NC_014926.1_407,PF00301.23
NC_014926.1_433,PF02511.18
NC_014926.1_451,PF01066.24
NC_014926.1_458,PF05036.16
NC_014926.1_505,PF02602.18
NC_014926.1_524,PF09424.13
NC_014926.1_565,PF04413.19
NC_014926.1_607,PF00990.24
NC_014926.1_624,PF01048.23
NC_014926.1_637,PF14332.9
NC_014926.1_650,PF01019.24
NC_014926.1_654,PF03840.17
NC_014926.1_675,PF02397.19
NC_014926.1_700,PF00881.27
NC_014926.1_730,PF05683.15
NC_014926.1_734,PF00346.22
NC_014926.1_735,PF01257.22
NC_014926.1_738,PF00027.32
NC_014926.1_783,PF14522.9
NC_014926.1_862,PF02321.21
NC_014926.1_898,PF00482.26
NC_014926.1_931,PF09968.12
NC_014926.1_1034,PF00654.23
NC_014926.1_1060,PF03331.16
NC_014926.1_1066,PF01168.23
NC_014926.1_1073,PF04233.17
NC_014926.1_1092,PF06082.14
NC_014926.1_1106,PF03372.26
NC_014926.1_1107,PF01618.19
NC_014926.1_1228,PF00571.31
NC_014926.1_1267,PF03167.22
NC_014926.1_1484,PF00551.22
NC_014926.1_1496,PF01058.25
NC_014926.1_1531,PF08245.15
NC_014926.1_1663,PF02823.19
NC_014917.1_57,PF03743.17
JAFAZD010000010.1_16,PF13453.9
JAFAZD010000138.1_4,PF01797.19
JAFAZD010000151.1_47,PF01850.24
JAFAZD010000200.1_8,PF00698.24
JAFAZD010000210.1_7,PF00410.22
JAFAZD010000108.1_1,PF05343.17
JAFAZD010000209.1_20,PF00719.22
JAFAZD010000126.1_6,PF14885.9
JAFAZD010000035.1_15,PF01936.21
JAFAZD010000363.1_5,PF08869.14
JAFAZD010000182.1_1,PF00128.27
JAFAZD010000282.1_14,PF13630.9
JAFAZD010000282.1_30,PF06964.15
JAFAZD010000171.1_10,PF00528.25
JAFAZD010000395.1_9,PF00933.24
JAFAZD010000111.1_10,PF00697.25
JAFAZD010000155.1_19,PF00364.25
JAFAZD010000337.1_1,PF01427.20
JAFAZD010000394.1_18,PF05721.16
JAFAZD010000147.1_6,PF01121.23
JAFAZD010000343.1_6,PF01975.20
JAFAZD010000265.1_5,PF00032.20
JAFAZD010000122.1_1,PF00884.26
JAFAZD010000166.1_14,PF03738.17
JAFAZD010000110.1_4,PF13580.9
JAFAZD010000208.1_20,PF01865.19
JAFAZD010000208.1_23,PF01557.21
JAFAZD010000208.1_28,PF01841.22
JAFAZD010000078.1_4,PF10387.12
JAFAZD010000192.1_8,PF01052.23
JAFAZD010000313.1_9,PF04296.16
JAFAZD010000152.1_2,PF07596.14
JAFAZD010000048.1_13,PF20329.1
JAFAZD010000099.1_7,PF04972.20
JAFAZD010000305.1_11,PF00162.22
JAFAZD010000372.1_25,PF05685.15
JAFAZD010000295.1_3,PF01127.25
JAFAZD010000168.1_16,PF05258.15
JAFAZD010000379.1_13,PF13472.9
JAFAZD010000175.1_1,PF01425.24
CAIWTR010000003.1_1,PF07583.14
CAIWTR010000021.1_2,PF07394.15
CAIWTR010000030.1_5,PF12728.10
CAIWTR010000064.1_2,PF00248.24
CAIWTR010000075.1_5,PF01613.21
CAIWTR010000080.1_3,PF00581.23
CAIWTR010000094.1_6,PF01420.22
CAIWTR010000135.1_2,PF07394.15
CAIWTR010000145.1_5,PF03692.18
CAIWTR010000181.1_5,PF01381.25
CAIWTR010000227.1_5,PF11127.11
CAIWTR010000257.1_1,PF00999.24
CAIWTR010000290.1_4,PF00578.24
CAIWTR010000296.1_4,PF08245.15
CAIWTR010000303.1_10,PF03840.17
CAIWTR010000307.1_2,PF00881.27
CAIWTR010000307.1_3,PF01741.21
CAIWTR010000316.1_4,PF02321.21
CAIWTR010000384.1_3,PF00501.31
CAIWTR010000427.1_3,PF02673.21
CAIWTR010000447.1_2,PF07394.15
CAIWTR010000471.1_4,PF00719.22
CAIWTR010000473.1_4,PF04199.16
CAIWTR010000530.1_3,PF01053.23
CAIWTR010000545.1_2,PF11382.11
CAIWTR010000545.1_11,PF00873.22
CAIWTR010000553.1_5,PF03379.16
CAIWTR010000558.1_18,PF00294.27
CAIWTR010000572.1_5,PF02661.21
CAIWTR010000576.1_5,PF12679.10
CAIWTR010000597.1_5,PF02894.20
CAIWTR010000600.1_2,PF01757.25
CAIWTR010000601.1_10,PF00444.21
CAIWTR010000601.1_16,PF01416.23
CAIWTR010000601.1_17,PF00572.21
CAIWTR010000602.1_1,PF14584.9
CAIWTR010000610.1_13,PF01566.21
CAIWTR010000617.1_4,PF01197.21
CAIWTR010000629.1_1,PF06964.15
CAIWTR010000646.1_8,PF03934.16
CAIWTR010000677.1_6,PF02469.25
CAIWTR010000695.1_2,PF00072.27
CAIWTR010000739.1_1,PF00551.22
SHMX01000001.1_13,PF01636.26
SHMX01000001.1_80,PF01975.20
SHMX01000001.1_109,PF01940.19
SHMX01000001.1_475,PF12675.10
SHMX01000001.1_476,PF05559.14
SHMX01000001.1_548,PF00730.28
SHMX01000001.1_552,PF07311.15
SHMX01000001.1_618,PF13240.9
SHMX01000002.1_123,PF01757.25
SHMX01000002.1_128,PF01451.24
SHMX01000002.1_230,PF01399.30
SHMX01000002.1_242,PF00571.31
SHMX01000002.1_261,PF01467.29
SHMX01000002.1_267,PF01997.19
SHMX01000002.1_288,PF00809.25
SHMX01000002.1_290,PF04756.16
SHMX01000002.1_337,PF00009.30
SHMX01000002.1_411,PF01935.20
SHMX01000002.1_512,PF02579.20
SHMX01000002.1_531,PF02566.22
SHMX01000002.1_600,PF02566.22
SHMX01000003.1_417,PF01758.19
SHMX01000003.1_439,PF06197.16
SHMX01000003.1_452,PF01642.25
SHMX01000004.1_310,PF07995.14
SHMX01000004.1_328,PF18884.3
SHMX01000005.1_62,PF01565.26
SHMX01000005.1_91,PF13353.9
SHMX01000006.1_49,PF06267.15
SHMX01000006.1_94,PF06467.17
SHMX01000006.1_124,PF00579.28
SHMX01000006.1_147,PF01022.23
SHMX01000010.1_8,PF02754.19
SHMX01000010.1_47,PF05163.15
SHMX01000012.1_17,PF00327.23
JAEOSL010000009.1_15,PF14544.9
JAEOSL010000009.1_26,PF02687.24
JAEOSL010000009.1_44,PF02830.21
JAEOSL010000071.1_6,PF03357.24
JAEOSL010000011.1_7,PF00626.25
JAEOSL010000079.1_5,PF04015.15
JAEOSL010000080.1_16,PF01875.20
JAEOSL010000084.1_2,PF00118.27
JAEOSL010000084.1_10,PF01555.21
JAEOSL010000089.1_9,PF01916.20
JAEOSL010000090.1_12,PF01814.26
JAEOSL010000094.1_5,PF01935.20
JAEOSL010000096.1_11,PF00850.22
JAEOSL010000097.1_7,PF03692.18
JAEOSL010000099.1_5,PF00410.22
JAEOSL010000014.1_8,PF00867.21
JAEOSL010000002.1_64,PF11392.11
JAEOSL010000002.1_100,PF01384.23
JAEOSL010000107.1_7,PF01261.27
JAEOSL010000004.1_45,PF04952.17
JAEOSL010000004.1_80,PF07282.14
JAEOSL010000018.1_5,PF00496.25
JAEOSL010000116.1_3,PF07282.14
JAEOSL010000199.1_3,PF01920.23
JAEOSL010000022.1_24,PF00025.24
JAEOSL010000125.1_7,PF02007.21
JAEOSL010000127.1_1,PF00432.24
JAEOSL010000202.1_2,PF00296.23
JAEOSL010000025.1_24,PF01026.24
JAEOSL010000005.1_80,PF00296.23
JAEOSL010000027.1_12,PF00082.25
JAEOSL010000028.1_28,PF20208.1
JAEOSL010000031.1_23,PF01784.21
JAEOSL010000033.1_31,PF00923.22
JAEOSL010000134.1_6,PF01642.25
JAEOSL010000034.1_15,PF01208.20
JAEOSL010000038.1_13,PF12679.10
JAEOSL010000042.1_12,PF01993.21
JAEOSL010000047.1_21,PF01364.21
JAEOSL010000142.1_1,PF02926.20
JAEOSL010000049.1_13,PF01063.22
JAEOSL010000007.1_21,PF01922.20
JAEOSL010000051.1_17,PF01996.19
JAEOSL010000055.1_5,PF04015.15
JAGPKD010000036.1_4,PF00132.27
JAGPKD010000039.1_10,PF02542.19
JAGPKD010000042.1_3,PF13263.9
JAGPKD010000005.1_26,PF03480.16
JAGPKD010000046.1_3,PF01416.23
JAGPKD010000001.1_3,PF00543.25
JAGPKD010000001.1_24,PF10865.11
JAGPKD010000051.1_2,PF01899.19
JAGPKD010000052.1_8,PF07963.15
JAGPKD010000054.1_7,PF11146.11
JAGPKD010000007.1_7,PF01990.20
JAGPKD010000007.1_24,PF00227.29
JAGPKD010000007.1_34,PF01746.24
JAGPKD010000068.1_1,PF01026.24
JAGPKD010000070.1_3,PF00155.24
JAGPKD010000009.1_6,PF06808.15
JAGPKD010000010.1_6,PF01712.22
JAGPKD010000010.1_11,PF02632.17
JAGPKD010000086.1_5,PF02653.19
JAGPKD010000090.1_1,PF01314.21
JAGPKD010000092.1_6,PF00466.23
JAGPKD010000096.1_1,PF00294.27
JAGPKD010000016.1_18,PF03401.17
JAGPKD010000017.1_8,PF06808.15
JAGPKD010000017.1_9,PF04290.15
JAGPKD010000017.1_16,PF10369.12
JAGPKD010000109.1_1,PF02882.22
JAGPKD010000112.1_4,PF01555.21
JAGPKD010000114.1_2,PF01145.28
JAGPKD010000018.1_7,PF00589.25
JAGPKD010000018.1_16,PF07929.14
JAGPKD010000022.1_13,PF04290.15
JAGPKD010000002.1_18,PF00825.21
JAGPKD010000139.1_1,PF08264.16
JAGPKD010000145.1_1,PF01451.24
JAGPKD010000145.1_4,PF02511.18
JAGPKD010000029.1_7,PF01966.25
JAGPKD010000160.1_3,PF01837.19
JAGPKD010000031.1_12,PF01098.22
JAGPKD010000032.1_1,PF01264.24
JAGPKD010000033.1_6,PF19928.2
JAGPKD010000033.1_7,PF02229.19
JAGPKD010000034.1_5,PF01937.22
JAHIPN010000106.1_13,PF04055.24
JAHIPN010000113.1_1,PF00953.24
JAHIPN010000120.1_5,PF00144.27
JAHIPN010000120.1_10,PF01475.22
JAHIPN010000127.1_3,PF02511.18
JAHIPN010000136.1_5,PF01863.20
JAHIPN010000146.1_3,PF06050.16
JAHIPN010000147.1_3,PF01066.24
JAHIPN010000179.1_12,PF00468.20
JAHIPN010000181.1_1,PF01051.24
JAHIPN010000183.1_4,PF15919.8
JAHIPN010000187.1_8,PF04041.16
JAHIPN010000466.1_2,PF01609.24
JAHIPN010000190.1_6,PF00486.31
JAHIPN010000194.1_8,PF00171.25
JAHIPN010000208.1_5,PF00557.27
JAHIPN010000223.1_3,PF00348.20
JAHIPN010000227.1_3,PF03702.17
JAHIPN010000237.1_2,PF01609.24
JAHIPN010000240.1_2,PF02368.21
JAHIPN010000249.1_5,PF01592.19
JAHIPN010000462.1_2,PF00155.24
JAHIPN010000285.1_1,PF00575.26
JAHIPN010000289.1_6,PF09926.12
JAHIPN010000303.1_3,PF02547.18
JAHIPN010000311.1_7,PF00676.23
JAHIPN010000315.1_23,PF00535.29
JAHIPN010000003.1_1,PF04230.16
JAHIPN010000036.1_1,PF01058.25
JAHIPN010000345.1_1,PF00953.24
JAHIPN010000463.1_4,PF10592.12
JAHIPN010000364.1_4,PF13807.9
JAHIPN010000366.1_7,PF03061.25
JAHIPN010000378.1_4,PF00078.30
JAHIPN010000384.1_6,PF13286.9
JAHIPN010000403.1_1,PF13407.9
JAHIPN010000405.1_5,PF03061.25
JAHIPN010000044.1_1,PF00665.29
JAHIPN010000412.1_2,PF05036.16
JAHIPN010000413.1_3,PF03739.17
JAHIPN010000416.1_1,PF00795.25
JAHIPN010000051.1_1,PF00343.23
JAHIPN010000442.1_2,PF02075.20
JAHIPN010000445.1_2,PF00571.31
JAHIPN010000059.1_20,PF03099.22
JAHIPN010000084.1_3,PF18306.4
JAHIPN010000086.1_2,PF07963.15
JAHDNF010000005.1_3,PF04536.17
JAHDNF010000005.1_78,PF02965.20
JAHDNF010000025.1_26,PF00293.31
JAHDNF010000024.1_2,PF08463.13
JAHDNF010000002.1_11,PF08241.15
JAHDNF010000002.1_12,PF01384.23
JAHDNF010000002.1_40,PF09992.12
JAHDNF010000002.1_175,PF06835.16
JAHDNF010000002.1_183,PF00694.22
JAHDNF010000002.1_341,PF00072.27
JAHDNF010000002.1_403,PF11249.11
JAHDNF010000002.1_425,PF01041.20
JAHDNF010000008.1_13,PF00364.25
JAHDNF010000008.1_68,PF02660.18
JAHDNF010000008.1_144,PF00669.23
JAHDNF010000006.1_12,PF00149.31
JAHDNF010000006.1_113,PF07584.14
JAHDNF010000006.1_153,PF13103.9
JAHDNF010000012.1_5,PF00696.31
JAHDNF010000032.1_31,PF00877.22
JAHDNF010000001.1_193,PF13231.9
JAHDNF010000001.1_197,PF04290.15
JAHDNF010000003.1_3,PF00535.29
JAHDNF010000003.1_192,PF00348.20
JAHDNF010000016.1_28,PF07977.16
JAHDNF010000016.1_47,PF04773.16
QZJZ01000005.1_17,PF07589.14
QZJZ01000005.1_85,PF02635.18
QZJZ01000071.1_41,PF03934.16
QZJZ01000073.1_10,PF02627.23
QZJZ01000073.1_26,PF13385.9
QZJZ01000105.1_47,PF00581.23
QZJZ01000105.1_49,PF04773.16
QZJZ01000105.1_62,PF05150.15
QZJZ01000094.1_50,PF01957.21
QZJZ01000054.1_53,PF02537.18
QZJZ01000014.1_6,PF00254.31
QZJZ01000015.1_44,PF02049.21
QZJZ01000082.1_15,PF04536.17
QZJZ01000065.1_3,PF01313.22
QZJZ01000065.1_18,PF07596.14
QZJZ01000016.1_21,PF09986.12
QZJZ01000049.1_8,PF07963.15
QZJZ01000049.1_10,PF07963.15
QZJZ01000067.1_12,PF00366.23
QZJZ01000067.1_45,PF07949.15
QZJZ01000087.1_25,PF13396.9
QZJZ01000093.1_19,PF00731.23
QZJZ01000093.1_20,PF01300.21
QZJZ01000085.1_21,PF08443.14
QZJZ01000063.1_3,PF18884.3
QZJZ01000041.1_18,PF02348.22
QZJZ01000053.1_1,PF00881.27
QZJZ01000053.1_12,PF00334.22
QZJZ01000086.1_9,PF03167.22
QZJZ01000068.1_1,PF08713.14
QZJZ01000078.1_27,PF18863.4
QZJZ01000072.1_1,PF02518.29
QZJZ01000072.1_8,PF01066.24
QZJZ01000098.1_1,PF00483.26
QZJZ01000029.1_2,PF01625.24
QZJZ01000018.1_10,PF03425.16
QZJZ01000004.1_3,PF00990.24
QZJZ01000004.1_18,PF03706.16
QZJZ01000024.1_9,PF00697.25
QZJZ01000022.1_5,PF01553.24
QZJZ01000069.1_2,PF03279.16
QZJZ01000028.1_7,PF10502.12
QZJZ01000084.1_16,PF01329.22
QZJZ01000045.1_1,PF08668.15
QZJZ01000033.1_4,PF03993.15
QZJZ01000102.1_2,PF07813.15
QZJZ01000052.1_7,PF00365.23
QZJZ01000103.1_11,PF01618.19
QZJZ01000002.1_6,PF04290.15
QZJZ01000057.1_1,PF07885.19
QMNL01000001.1_17,PF18306.4
QMNL01000003.1_17,PF00366.23
QMNL01000003.1_32,PF00416.25
QMNL01000005.1_17,PF03961.16
QMNL01000005.1_18,PF07238.17
QMNL01000006.1_8,PF09991.12
QMNL01000006.1_12,PF01195.22
QMNL01000007.1_10,PF00813.23
QMNL01000010.1_2,PF01564.20
QMNL01000010.1_9,PF00482.26
QMNL01000011.1_2,PF01052.23
QMNL01000015.1_4,PF01297.20
QMNL01000021.1_3,PF01026.24
QMNL01000024.1_4,PF13248.9
QMNL01000034.1_3,PF05164.16
QMNL01000039.1_4,PF05157.18
QMNL01000391.1_1,PF00902.21
QMNL01000053.1_2,PF00474.20
QMNL01000053.1_8,PF02075.20
QMNL01000080.1_5,PF01618.19
QMNL01000099.1_2,PF01197.21
QMNL01000108.1_4,PF13510.9
QMNL01000130.1_8,PF01257.22
QMNL01000132.1_1,PF03787.18
QMNL01000136.1_5,PF02700.17
QMNL01000156.1_1,PF04055.24
QMNL01000172.1_6,PF01032.21
QMNL01000203.1_3,PF07602.14
QMNL01000215.1_3,PF17209.6
QMNL01000226.1_4,PF01297.20
QMNL01000233.1_3,PF02361.19
QMNL01000252.1_2,PF16841.8
QMNL01000259.1_3,PF00872.21
QMNL01000294.1_2,PF09559.13
QMNL01000374.1_3,PF00701.25
JAFGIT010000298.1_5,PF00557.27
JAFGIT010000308.1_1,PF01592.19
JAFGIT010000309.1_5,PF00348.20
JAFGIT010000309.1_6,PF04055.24
JAFGIT010000310.1_2,PF14907.9
JAFGIT010000310.1_6,PF04191.16
JAFGIT010000311.1_4,PF01613.21
JAFGIT010000321.1_1,PF03030.19
JAFGIT010000036.1_2,PF02677.17
JAFGIT010000348.1_7,PF01258.20
JAFGIT010000350.1_8,PF18480.4
JAFGIT010000351.1_2,PF00551.22
JAFGIT010000367.1_12,PF03808.16
JAFGIT010000368.1_5,PF13483.9
JAFGIT010000390.1_13,PF02561.17
JAFGIT010000398.1_9,PF00082.25
JAFGIT010000402.1_8,PF01957.21
JAFGIT010000423.1_4,PF07602.14
JAFGIT010000047.1_2,PF02652.17
JAFGIT010000057.1_4,PF00691.23
JAFGIT010000059.1_3,PF00535.29
JAFGIT010000079.1_5,PF06245.14
JAFGIT010000001.1_14,PF00528.25
JAFGIT010000085.1_7,PF07602.14
JAFGIT010000086.1_12,PF02508.17
JAFGIT010000010.1_9,PF01075.20
JAFGIT010000099.1_4,PF00691.23
JAFGIT010000101.1_3,PF01168.23
JAFGIT010000114.1_2,PF01075.20
JAFGIT010000130.1_2,PF00156.30
JAFGIT010000149.1_4,PF10049.12
JAFGIT010000159.1_15,PF02033.21
JAFGIT010000017.1_2,PF02146.20
JAFGIT010000019.1_5,PF02852.25
JAFGIT010000192.1_5,PF00015.24
JAFGIT010000196.1_2,PF13231.9
JAFGIT010000203.1_12,PF13580.9
JAFGIT010000205.1_7,PF04326.17
JAFGIT010000207.1_1,PF07977.16
JAFGIT010000219.1_7,PF01256.20
JAFGIT010000235.1_12,PF08544.16
JAFGIT010000236.1_10,PF00203.24
JAFGIT010000240.1_1,PF00221.22
JAFGIT010000246.1_2,PF13490.9
JAFGIT010000264.1_5,PF01195.22
JAFGIT010000269.1_4,PF02049.21
JAGVWA010000018.1_6,PF01351.21
JAGVWA010000018.1_21,PF09987.12
JAGVWA010000018.1_26,PF00252.21
JAGVWA010000018.1_29,PF01877.20
JAGVWA010000018.1_68,PF00696.31
JAGVWA010000018.1_70,PF01850.24
JAGVWA010000001.1_16,PF12705.10
JAGVWA010000001.1_32,PF00005.30
JAGVWA010000001.1_77,PF07995.14
JAGVWA010000001.1_83,PF05016.18
JAGVWA010000001.1_86,PF01381.25
JAGVWA010000001.1_102,PF14528.9
JAGVWA010000001.1_133,PF07521.15
JAGVWA010000001.1_135,PF04307.17
JAGVWA010000020.1_16,PF02002.20
JAGVWA010000020.1_17,PF01994.19
JAGVWA010000020.1_19,PF04014.21
JAGVWA010000020.1_21,PF16473.8
JAGVWA010000020.1_22,PF04032.19
JAGVWA010000020.1_25,PF01198.22
JAGVWA010000020.1_44,PF10130.12
JAGVWA010000013.1_13,PF13385.9
JAGVWA010000013.1_16,PF02643.18
JAGVWA010000013.1_21,PF00590.23
JAGVWA010000014.1_20,PF02643.18
JAGVWA010000014.1_26,PF00398.23
JAGVWA010000014.1_42,PF04406.17
JAGVWA010000014.1_50,PF10026.12
JAGVWA010000014.1_66,PF01176.22
JAGVWA010000002.1_13,PF09721.13
JAGVWA010000002.1_17,PF13620.9
JAGVWA010000002.1_57,PF00437.23
JAGVWA010000002.1_80,PF04021.15
JAGVWA010000015.1_3,PF00705.21
JAGVWA010000015.1_30,PF00482.26
JAGVWA010000015.1_32,PF09754.12
JAGVWA010000009.1_24,PF00892.23
JAGVWA010000009.1_31,PF00464.22
JAGVWA010000010.1_21,PF00177.24
JAGVWA010000010.1_24,PF00338.25
JAGVWA010000010.1_37,PF00276.23
JAGVWA010000011.1_7,PF05016.18
JAGVWA010000004.1_22,PF05854.14
JAGVWA010000004.1_39,PF10884.11
JAGVWA010000004.1_48,PF01925.22
JAGVWA010000008.1_17,PF09952.12
JAGVWA010000008.1_19,PF06550.14
JAGVWA010000016.1_4,PF01253.25
JAGVWA010000016.1_20,PF00344.23
JAGVWA010000005.1_17,PF00572.21
JAGVWA010000005.1_21,PF00318.23
JAGVWA010000005.1_56,PF00156.30
JAGVWA010000005.1_72,PF01381.25
JAGVWA010000005.1_76,PF00482.26
JAGVWA010000005.1_86,PF07826.14
JAGVWA010000006.1_24,PF01269.20
JAGVWA010000006.1_34,PF00557.27
JAGVWA010000006.1_42,PF01040.21
JAGVWA010000007.1_15,PF13521.9
JAGVWA010000007.1_46,PF04214.16
WAMD01000002.1_8,PF07521.15
WAMD01000003.1_5,PF09335.14
WAMD01000004.1_22,PF01171.23
WAMD01000004.1_26,PF01142.21
WAMD01000004.1_30,PF01699.27
WAMD01000005.1_2,PF02572.18
WAMD01000008.1_5,PF00177.24
WAMD01000008.1_11,PF01951.19
WAMD01000009.1_3,PF04011.15
WAMD01000009.1_4,PF09972.12
WAMD01000010.1_7,PF02163.25
WAMD01000010.1_34,PF05559.14
WAMD01000012.1_3,PF01877.20
WAMD01000012.1_8,PF00437.23
WAMD01000013.1_3,PF00885.22
WAMD01000014.1_4,PF01180.24
WAMD01000015.1_12,PF01927.19
WAMD01000015.1_15,PF02896.21
WAMD01000016.1_11,PF00253.24
WAMD01000016.1_18,PF01253.25
WAMD01000016.1_21,PF00237.22
WAMD01000016.1_24,PF00276.23
WAMD01000016.1_25,PF00573.25
WAMD01000017.1_4,PF00227.29
WAMD01000017.1_11,PF01864.20
WAMD01000017.1_15,PF01813.20
WAMD01000017.1_19,PF01992.19
WAMD01000017.1_34,PF01246.23
WAMD01000017.1_35,PF01200.21
WAMD01000017.1_39,PF01194.20
WAMD01000019.1_3,PF04312.16
WAMD01000022.1_3,PF01871.20
WAMD01000023.1_7,PF01769.19
WAMD01000025.1_1,PF18093.4
WAMD01000025.1_5,PF04010.16
WAMD01000032.1_4,PF01896.22
WAMD01000033.1_4,PF01012.24
WAMD01000037.1_5,PF05818.15
BDTG01000004.1_9,PF07610.14
BDTG01000004.1_69,PF00072.27
BDTG01000005.1_15,PF00175.24
BDTG01000008.1_42,PF01584.22
BDTG01000008.1_122,PF01098.22
BDTG01000010.1_120,PF00072.27
BDTG01000010.1_153,PF04773.16
BDTG01000013.1_31,PF00990.24
BDTG01000017.1_14,PF03143.20
BDTG01000019.1_52,PF12679.10
BDTG01000019.1_86,PF00155.24
BDTG01000019.1_98,PF02632.17
BDTG01000019.1_119,PF00825.21
BDTG01000020.1_2,PF02350.22
BDTG01000027.1_91,PF05494.15
BDTG01000027.1_92,PF00027.32
BDTG01000028.1_28,PF03099.22
BDTG01000033.1_68,PF04143.17
BDTG01000033.1_109,PF01381.25
BDTG01000037.1_16,PF13387.9
BDTG01000039.1_15,PF02540.20
BDTG01000039.1_64,PF09335.14
BDTG01000040.1_4,PF02560.17
BDTG01000042.1_15,PF00482.26
BDTG01000043.1_17,PF00380.22
BDTG01000043.1_29,PF00334.22
BDTG01000043.1_85,PF08239.14
BDTG01000044.1_21,PF01592.19
BDTG01000045.1_62,PF04366.15
BDTG01000045.1_64,PF13393.9
BDTG01000045.1_103,PF02653.19
BDTG01000045.1_109,PF01925.22
BDTG01000046.1_3,PF01381.25
BDTG01000047.1_6,PF04216.15
BDTG01000048.1_6,PF00291.28
JAADHJ010000033.1_34,PF02321.21
JAADHJ010000043.1_9,PF00501.31
JAADHJ010000028.1_14,PF01012.24
JAADHJ010000004.1_23,PF06305.14
JAADHJ010000006.1_49,PF03968.17
JAADHJ010000006.1_58,PF00156.30
JAADHJ010000044.1_48,PF13333.9
JAADHJ010000010.1_33,PF01584.22
JAADHJ010000010.1_49,PF02130.20
JAADHJ010000010.1_72,PF02502.21
JAADHJ010000054.1_3,PF09335.14
JAADHJ010000059.1_29,PF01558.21
JAADHJ010000042.1_27,PF00909.24
JAADHJ010000050.1_6,PF13036.9
JAADHJ010000050.1_31,PF05140.17
JAADHJ010000048.1_10,PF00936.22
JAADHJ010000037.1_10,PF01891.19
JAADHJ010000031.1_11,PF07963.15
JAADHJ010000060.1_6,PF00459.28
JAADHJ010000060.1_10,PF01258.20
JAADHJ010000036.1_31,PF01220.22
JAADHJ010000041.1_6,PF07963.15
JAADHJ010000041.1_17,PF02464.20
JAADHJ010000041.1_48,PF02646.19
JAADHJ010000002.1_1,PF10133.12
JAADHJ010000002.1_21,PF03030.19
JAADHJ010000002.1_48,PF01177.25
JAADHJ010000019.1_18,PF02472.19
JADHWK010000001.1_17,PF03706.16
JADHWK010000001.1_22,PF00535.29
JADHWK010000001.1_107,PF01934.20
JADHWK010000001.1_135,PF03571.18
JADHWK010000001.1_147,PF01810.21
JADHWK010000001.1_155,PF05547.14
JADHWK010000001.1_172,PF07963.15
JADHWK010000020.1_8,PF01180.24
JADHWK010000020.1_35,PF03652.18
JADHWK010000020.1_36,PF00216.24
JADHWK010000005.1_21,PF02541.19
JADHWK010000005.1_65,PF04041.16
JADHWK010000006.1_18,PF02592.18
JADHWK010000006.1_40,PF07690.19
JADHWK010000021.1_2,PF00709.24
JADHWK010000021.1_8,PF04223.15
JADHWK010000021.1_17,PF07670.17
JADHWK010000071.1_1,PF00171.25
JADHWK010000023.1_8,PF03169.18
JADHWK010000024.1_2,PF02585.20
JADHWK010000024.1_12,PF00733.24
JADHWK010000024.1_27,PF14907.9
JADHWK010000025.1_16,PF00480.23
JADHWK010000027.1_22,PF01192.25
JADHWK010000007.1_41,PF01592.19
JADHWK010000031.1_19,PF00436.28
JADHWK010000008.1_16,PF00892.23
JADHWK010000008.1_46,PF20244.1
JADHWK010000009.1_20,PF00834.22
JADHWK010000009.1_28,PF02401.21
JADHWK010000085.1_6,PF16412.8
JADHWK010000086.1_1,PF03577.18
JADHWK010000010.1_11,PF01501.23
JADHWK010000010.1_25,PF01041.20
JADHWK010000036.1_13,PF02350.22
JADHWK010000036.1_19,PF08308.14
JADHWK010000036.1_21,PF00809.25
JADHWK010000011.1_2,PF18929.3
JADHWK010000011.1_12,PF09903.12
JADHWK010000011.1_26,PF02585.20
JADHWK010000012.1_22,PF09851.12
JADHWK010000013.1_13,PF16125.8
JADHWK010000039.1_15,PF04165.15
JADHWK010000040.1_3,PF13490.9
JADHWK010000040.1_20,PF01990.20
JADHWK010000041.1_13,PF01797.19
JADHWK010000043.1_4,PF00535.29
JADHWK010000045.1_15,PF00072.27
JADHWK010000014.1_1,PF02887.19
JADHWK010000046.1_8,PF02660.18
JADHWK010000046.1_19,PF00248.24
JADHWK010000047.1_15,PF01257.22
JADHWK010000049.1_4,PF14052.9
JADHWK010000049.1_8,PF03706.16
JADHWK010000016.1_26,PF16277.8
JADHWK010000016.1_29,PF00359.25
JADHWK010000016.1_42,PF00137.24
JADHWK010000016.1_43,PF01991.21
JADHWK010000052.1_13,PF01597.22
JADHWK010000059.1_2,PF19865.2
JADHWK010000059.1_4,PF12183.11
JADHWK010000002.1_2,PF00474.20
JADHWK010000002.1_56,PF01197.21
JADHWK010000003.1_1,PF00072.27
JADHWK010000003.1_35,PF04011.15
JADHWK010000003.1_37,PF13419.9
JADHWK010000003.1_42,PF00079.23
JADHWK010000003.1_51,PF05681.17
JADHWK010000003.1_70,PF04519.16
JADHWK010000066.1_14,PF00072.27
JADHWK010000067.1_5,PF01182.23
JADHWT010000035.1_2,PF01702.21
JADHWT010000035.1_7,PF00830.22
JADHWT010000037.1_11,PF01964.21
JADHWT010000037.1_15,PF01370.24
JADHWT010000040.1_2,PF19570.2
JADHWT010000040.1_7,PF05168.17
JADHWT010000002.1_14,PF02811.22
JADHWT010000002.1_15,PF00300.25
JADHWT010000042.1_1,PF00709.24
JADHWT010000043.1_6,PF02321.21
JADHWT010000043.1_7,PF02583.20
JADHWT010000043.1_10,PF01967.24
JADHWT010000044.1_5,PF02347.19
JADHWT010000044.1_8,PF00575.26
JADHWT010000045.1_2,PF00005.30
JADHWT010000003.1_17,PF00482.26
JADHWT010000003.1_22,PF07963.15
JADHWT010000047.1_4,PF02687.24
JADHWT010000047.1_8,PF03169.18
JADHWT010000047.1_9,PF02687.24
JADHWT010000048.1_2,PF05157.18
JADHWT010000004.1_2,PF01230.26
JADHWT010000004.1_26,PF00348.20
JADHWT010000004.1_31,PF02775.24
JADHWT010000052.1_2,PF00312.25
JADHWT010000052.1_3,PF09861.12
JADHWT010000054.1_4,PF00162.22
JADHWT010000007.1_14,PF00466.23
JADHWT010000007.1_18,PF00177.24
JADHWT010000008.1_13,PF00202.24
JADHWT010000009.1_7,PF13289.9
JADHWT010000009.1_12,PF02470.23
JADHWT010000009.1_17,PF09991.12
JADHWT010000009.1_18,PF01084.23
JADHWT010000009.1_19,PF00436.28
JADHWT010000010.1_9,PF02591.18
JADHWT010000010.1_11,PF00496.25
JADHWT010000011.1_20,PF13482.9
JADHWT010000013.1_4,PF00696.31
JADHWT010000013.1_7,PF01148.23
JADHWT010000013.1_10,PF04551.17
JADHWT010000015.1_4,PF01991.21
JADHWT010000015.1_8,PF01813.20
JADHWT010000016.1_4,PF04085.17
JADHWT010000016.1_7,PF00290.23
JADHWT010000017.1_8,PF05168.17
JADHWT010000017.1_11,PF01116.23
JADHWT010000018.1_4,PF03938.17
JADHWT010000019.1_5,PF02677.17
JADHWT010000020.1_2,PF00112.26
JADHWT010000020.1_11,PF01936.21
JADHWT010000022.1_3,PF01566.21
JADHWT010000022.1_7,PF00072.27
JADHWT010000023.1_3,PF01916.20
JADHWT010000024.1_8,PF02401.21
JADHWT010000024.1_15,PF14385.9
JADHWT010000026.1_9,PF01841.22
JADHWT010000026.1_10,PF00398.23
JADHWT010000027.1_4,PF00953.24
JADHWT010000028.1_10,PF00381.22
JADHWT010000028.1_14,PF00359.25
JADHWT010000028.1_16,PF00708.21
JADHWT010000030.1_1,PF00905.25
JADHWT010000031.1_10,PF00217.22
JADHWT010000001.1_9,PF13562.9
JADHWT010000001.1_10,PF00871.20
JADHWT010000001.1_18,PF03739.17
JADHWT010000001.1_19,PF09723.13
JADHWT010000001.1_22,PF02424.18
JADHWT010000001.1_28,PF18912.3
JADHWT010000001.1_33,PF12679.10
JADHWT010000001.1_36,PF00275.23
JAFGEV010000426.1_7,PF03459.20
JAFGEV010000210.1_1,PF02386.19
JAFGEV010000031.1_2,PF00331.23
JAFGEV010000326.1_4,PF01180.24
JAFGEV010000343.1_5,PF04134.15
NZ_SJCO01000001.1_403,PF04893.20
NZ_SJCO01000014.1_47,PF01694.25
NZ_SJCO01000010.1_80,PF04237.16
JABDLO010000276.1_3,PF13858.9
JABDLO010000381.1_5,PF03544.17
NZ_RXLO01000002.1_706,PF13177.9
NZ_RXLO01000005.1_31,PF02321.21
NZ_RXLO01000008.1_166,PF00793.23
CAJIYM010000003.1_241,PF00238.22
NZ_CP060488.1_1672,PF16410.8
NZ_CP060488.1_2064,PF00550.28
CP051243.1_99,PF00253.24
CP051243.1_293,PF02321.21
CP051243.1_806,PF13715.9
NZ_CP029480.1_2501,PF03321.16
NZ_CP029480.1_3499,PF14052.9
NZ_CP029480.1_4085,PF07332.14
NZ_JABFHO010000001.1_106,PF07221.14
NZ_JABFHO010000001.1_2240,PF16118.8
NZ_JABFHO010000001.1_3132,PF01227.25
NZ_JABFHO010000001.1_3351,PF07766.16
NZ_JABFHO010000001.1_3639,PF00121.21
NZ_JABFHO010000001.1_3667,PF13091.9
NZ_RZMY01000006.1_477,PF10988.11
DCHV01000050.1_51,PF00137.24
DCHV01000007.1_44,PF01263.23
DCHV01000044.1_12,PF02699.18
DCHV01000080.1_39,PF01928.24
CAJUKE010000001.1_106,PF18762.4
CAJUKE010000001.1_191,PF02472.19
NZ_RZNA01000005.1_66,PF02472.19
NZ_RZNA01000024.1_99,PF04973.15
NZ_RZNA01000047.1_75,PF00144.27
NZ_RZNA01000049.1_117,PF13937.9
NZ_RZNA01000052.1_4,PF01381.25
NZ_RZNA01000052.1_247,PF02566.22
NZ_KB290714.1_235,PF18096.4
NZ_FRCD01000018.1_112,PF09697.13
NZ_FRCD01000009.1_68,PF08811.14
JABDHD010000022.1_10,PF00929.27
JABDHD010000033.1_23,PF13568.9
JABDHD010000062.1_19,PF14114.9
JABDHD010000091.1_10,PF01694.25
JABDHD010000102.1_7,PF05168.17
CAJQMW010000093.1_6,PF00005.30
NZ_KB908324.1_62,PF20459.1
NZ_KB908334.1_25,PF10678.12
NZ_KB908339.1_15,PF00112.26
NZ_KB908370.1_1,PF14293.9
SBFR01000212.1_2,PF19494.2
SBFR01000092.1_19,PF01370.24
SBFR01000002.1_4,PF01555.21
SBFR01000066.1_2,PF01026.24
NZ_LT985323.1_126,PF08885.14
NZ_LT985324.1_624,PF14129.9
DMSQ01000017.1_69,PF00294.27
DMSQ01000086.1_7,PF03737.18
DMSQ01000013.1_243,PF01066.24
ONGA01000015.1_1,PF19781.2
ONGA01000014.1_30,PF05593.17
ONGA01000014.1_43,PF00392.24
NZ_AWRU01000005.1_149,PF20001.2
NZ_AWRU01000013.1_295,PF01557.21
NZ_AWRU01000015.1_44,PF02397.19
JADQBH010000293.1_4,PF03330.21
JADQBH010000161.1_9,PF00276.23
JADQBH010000026.1_5,PF03358.18
JADQBH010000152.1_5,PF13376.9
JAGCPB010000044.1_7,PF07432.16
JAGCPB010000058.1_3,PF19569.2
USJX01000004.1_4,PF18925.3
USJX01000076.1_9,PF02910.23
JAEELG010000104.1_4,PF13291.9
JACMRP010000218.1_6,PF13349.9
JACMRP010000219.1_2,PF10136.12
JACMRP010000225.1_2,PF01618.19
JACMRP010000231.1_5,PF06508.16
JACMRP010000239.1_10,PF00089.29
JACMRP010000239.1_11,PF00027.32
JACMRP010000254.1_6,PF01168.23
JACMRP010000255.1_11,PF02875.24
JACMRP010000273.1_3,PF10986.11
JACMRP010000276.1_4,PF07617.14
JACMRP010000045.1_2,PF02481.18
JACMRP010000285.1_4,PF03952.19
JACMRP010000292.1_3,PF03692.18
JACMRP010000292.1_7,PF02653.19
JACMRP010000293.1_2,PF02620.20
JACMRP010000049.1_2,PF07308.16
JACMRP010000328.1_1,PF00152.23
JACMRP010000329.1_3,PF02082.23
JACMRP010000359.1_1,PF01476.23
JACMRP010000092.1_7,PF01124.21
JACMRP010000100.1_7,PF00162.22
JACMRP010000124.1_1,PF02609.19
JACMRP010000128.1_5,PF13115.9
JACMRP010000016.1_7,PF02119.19
JACMRP010000154.1_1,PF02844.18
JACMRP010000019.1_11,PF00266.22
JACMRP010000170.1_1,PF14394.9
JACMRP010000173.1_18,PF11008.11
JACMRP010000020.1_3,PF14771.9
JACMRP010000202.1_1,PF04055.24
DLGL01000073.1_3,PF00710.23
DLGL01000078.1_5,PF00440.26
DLGL01000078.1_80,PF00005.30
DLGL01000075.1_2,PF01544.21
DLGL01000105.1_28,PF05708.15
DLGL01000105.1_43,PF00027.32
DLGL01000076.1_23,PF09650.13
DLGL01000017.1_44,PF02771.19
DLGL01000089.1_1,PF16683.8
DLGL01000058.1_1,PF10543.12
DLGL01000058.1_35,PF01464.23
DLGL01000039.1_44,PF13229.9
DLGL01000005.1_51,PF00849.25
DLGL01000074.1_34,PF00565.20
DLGL01000006.1_4,PF03741.19
DLGL01000125.1_20,PF04055.24
DLGL01000082.1_2,PF05258.15
DLGL01000007.1_18,PF04102.15
DLGL01000060.1_44,PF02445.19
DLGL01000060.1_54,PF02796.18
DLGL01000106.1_31,PF00253.24
DLGL01000121.1_13,PF00011.24
DLGL01000094.1_12,PF01636.26
DLGL01000094.1_20,PF00849.25
DLGL01000036.1_26,PF13091.9
DLGL01000025.1_10,PF00248.24
DLGL01000057.1_4,PF00044.27
DLGL01000091.1_13,PF03524.18
DLGL01000110.1_2,PF02120.19
DLGL01000085.1_8,PF01098.22
DLGL01000022.1_9,PF01709.23
DLGL01000120.1_6,PF00892.23
DLGL01000081.1_16,PF00156.30
DLGL01000003.1_12,PF00468.20
DLGL01000003.1_22,PF00430.21
DLGL01000096.1_35,PF01804.21
DLGL01000066.1_6,PF00156.30
DLGL01000009.1_39,PF00266.22
DLGL01000009.1_44,PF07504.16
DLGL01000009.1_55,PF09351.13
DLGL01000095.1_6,PF01416.23
DLGL01000042.1_2,PF04079.19
DLGL01000042.1_19,PF14462.9
DLGL01000016.1_30,PF00160.24
DLGL01000069.1_31,PF01171.23
DLGL01000123.1_32,PF02472.19
DLGL01000102.1_14,PF01557.21
DLGL01000083.1_46,PF00698.24
JAAYZI010000048.1_13,PF01058.25
JAAYZI010000068.1_9,PF00076.25
JAAYZI010000069.1_6,PF02108.19
JAAYZI010000079.1_1,PF00188.29
JAAYZI010000103.1_6,PF00318.23
JAAYZI010000107.1_14,PF00293.31
JAAYZI010000107.1_16,PF04461.16
JAAYZI010000116.1_1,PF01663.25
JAAYZI010000118.1_1,PF02120.19
JAAYZI010000001.1_3,PF02579.20
JAAYZI010000128.1_5,PF00400.35
JAAYZI010000128.1_9,PF00691.23
JAAYZI010000143.1_2,PF14334.9
JAAYZI010000149.1_4,PF00498.29
JAAYZI010000173.1_3,PF00498.29
JAAYZI010000175.1_4,PF02561.17
JAAYZI010000192.1_2,PF13400.9
JAAYZI010000193.1_2,PF13320.9
JAAYZI010000231.1_6,PF01029.21
JAAYZI010000232.1_1,PF00072.27
JAAYZI010000243.1_2,PF00471.23
JAAYZI010000265.1_3,PF00177.24
JAAYZI010000265.1_7,PF00297.25
JAAYZI010000270.1_1,PF00884.26
JAAYZI010000271.1_6,PF06835.16
JAAYZI010000277.1_2,PF09424.13
JAAYZI010000285.1_5,PF02769.25
JAAYZI010000292.1_1,PF02535.25
JAAYZI010000302.1_6,PF16976.8
JAAYZI010000322.1_16,PF02325.20
JAAYZI010000338.1_3,PF05226.14
JAAYZI010000360.1_1,PF13231.9
JAAYZI010000370.1_4,PF00498.29
JAAYZI010000370.1_8,PF00072.27
JAAYZI010000376.1_2,PF03099.22
JAAYZI010000379.1_1,PF01844.26
JAAYZI010000037.1_1,PF00709.24
CAIVDM010000003.1_4,PF01467.29
CAIVDM010000015.1_55,PF14319.9
CAIVDM010000016.1_35,PF01258.20
CAIVDM010000020.1_7,PF01182.23
CAIVDM010000026.1_8,PF13692.9
CAIVDM010000026.1_36,PF01264.24
CAIVDM010000026.1_63,PF00034.24
CAIVDM010000030.1_14,PF00238.22
CAIVDM010000031.1_13,PF01728.22
CAIVDM010000033.1_9,PF01075.20
CAIVDM010000035.1_6,PF00291.28
CAIVDM010000065.1_16,PF01741.21
CAIVDM010000070.1_13,PF00117.31
CAIVDM010000070.1_16,PF05987.16
CAIVDM010000078.1_2,PF01430.22
CAIVDM010000081.1_16,PF02261.19
CAIVDM010000088.1_3,PF01497.21
CAIVDM010000090.1_11,PF13380.9
CAIVDM010000095.1_6,PF00152.23
CAIVDM010000098.1_12,PF01521.23
CAIVDM010000099.1_13,PF02130.20
CAIVDM010000100.1_24,PF05130.15
CAIVDM010000100.1_47,PF02666.18
CAIVDM010000101.1_3,PF02705.19
CAIVDM010000102.1_8,PF03934.16
CAIVDM010000112.1_15,PF00494.22
CAIVDM010000116.1_2,PF01035.23
CAIVDM010000117.1_2,PF02823.19
CAIVDM010000119.1_6,PF01075.20
CAIVDM010000122.1_1,PF07701.17
CAIVDM010000127.1_6,PF03668.18
CAIVDM010000143.1_98,PF04366.15
CAIVDM010000150.1_1,PF04230.16
CAIVDM010000155.1_6,PF07963.15
CAIVDM010000157.1_2,PF00892.23
CAIVDM010000158.1_11,PF01514.20
CAIVDM010000162.1_1,PF00925.23
CAIVDM010000191.1_34,PF08478.13
CAIVDM010000198.1_18,PF02481.18
CAIVDM010000199.1_15,PF06965.15
CAIVDM010000213.1_1,PF14537.9
CAIVDM010000230.1_11,PF00579.28
CAIVDM010000231.1_2,PF02599.19
CAIVDM010000233.1_14,PF00155.24
CAIVDM010000234.1_35,PF05067.15
CAIVDM010000235.1_6,PF08245.15
CAIVDM010000254.1_15,PF20539.1
MGRR01000001.1_8,PF14294.9
MGRR01000005.1_11,PF00246.27
MGRR01000007.1_1,PF01048.23
MGRR01000007.1_6,PF00334.22
MGRR01000008.1_8,PF01381.25
MGRR01000016.1_2,PF00072.27
MGRR01000024.1_1,PF02775.24
MGRR01000025.1_7,PF02347.19
MGRR01000029.1_1,PF02580.19
MGRR01000029.1_17,PF01075.20
MGRR01000036.1_3,PF05164.16
MGRR01000036.1_10,PF13855.9
MGRR01000038.1_7,PF00596.24
MGRR01000040.1_23,PF01161.23
MGRR01000041.1_1,PF02604.22
MGRR01000044.1_8,PF14394.9
MGRR01000047.1_2,PF01063.22
MGRR01000047.1_4,PF00886.22
MGRR01000052.1_3,PF00076.25
MGRR01000053.1_3,PF08843.14
MGRR01000056.1_1,PF00082.25
MGRR01000064.1_15,PF00468.20
MGRR01000068.1_7,PF05140.17
MGRR01000078.1_1,PF01791.12
MGRR01000079.1_3,PF04365.16
MGRR01000087.1_17,PF02470.23
MGRR01000089.1_8,PF14384.9
MGRR01000093.1_5,PF01402.24
MGRR01000095.1_14,PF00572.21
MGRR01000095.1_15,PF00380.22
MGRR01000096.1_4,PF01242.22
MGRR01000099.1_13,PF08843.14
MGRR01000100.1_5,PF02113.18
MGRR01000102.1_9,PF02661.21
MGRR01000102.1_12,PF03916.17
MGRR01000102.1_25,PF01642.25
MGRR01000104.1_6,PF00496.25
MGRR01000108.1_4,PF00137.24
MGRR01000114.1_7,PF01618.19
MGRR01000114.1_8,PF02472.19
MGRR01000117.1_25,PF01029.21
MGRR01000121.1_2,PF03773.16
MGRR01000122.1_10,PF00581.23
MGRR01000130.1_4,PF13413.9
MGRR01000132.1_5,PF02452.20
MGPE01000001.1_28,PF01220.22
MGPE01000001.1_95,PF01252.21
MGPE01000001.1_124,PF01734.25
MGPE01000001.1_133,PF01243.23
MGPE01000002.1_24,PF08780.14
MGPE01000002.1_60,PF01578.23
MGPE01000002.1_65,PF01809.21
MGPE01000002.1_74,PF00551.22
MGPE01000002.1_115,PF13400.9
MGPE01000002.1_151,PF00962.25
MGPE01000002.1_299,PF03016.18
MGPE01000003.1_8,PF05016.18
MGPE01000003.1_9,PF00171.25
MGPE01000003.1_19,PF09721.13
MGPE01000005.1_65,PF01408.25
MGPE01000005.1_67,PF03279.16
MGPE01000005.1_73,PF14385.9
MGPE01000005.1_189,PF00801.23
MGPE01000005.1_204,PF09459.13
MGPE01000005.1_248,PF02195.21
MGPE01000006.1_22,PF00076.25
MGPE01000006.1_162,PF09335.14
MGPE01000006.1_183,PF00380.22
MGPE01000007.1_2,PF00216.24
MGPE01000008.1_33,PF02416.19
MGPE01000008.1_34,PF00902.21
MGPE01000008.1_59,PF07238.17
MGPE01000008.1_72,PF12710.10
MGPE01000008.1_89,PF14346.9
MGPE01000008.1_138,PF08843.14
MGPE01000008.1_163,PF00227.29
MGPE01000009.1_1,PF01653.21
MGPE01000010.1_39,PF02537.18
MGPE01000011.1_8,PF13581.9
MGPE01000015.1_86,PF01266.27
MGPE01000015.1_94,PF00116.23
MGPE01000016.1_12,PF01075.20
MGPE01000016.1_24,PF00535.29
JAGXLP010000145.1_6,PF00420.27
JAGXLP010000045.1_3,PF01894.20
JAGXLP010000045.1_5,PF06026.17
JAGXLP010000049.1_2,PF09458.13
JAGXLP010000050.1_1,PF10028.12
JAGXLP010000054.1_3,PF02653.19
JAGXLP010000054.1_4,PF02653.19
JAGXLP010000055.1_5,PF03808.16
JAGXLP010000073.1_8,PF01252.21
JAGXLP010000073.1_9,PF02223.20
JAGXLP010000074.1_4,PF17248.5
JAGXLP010000088.1_6,PF01592.19
JAGXLP010000093.1_2,PF02608.17
JAGXLP010000094.1_1,PF01477.26
JAGXLP010000096.1_5,PF01641.21
JAGXLP010000009.1_1,PF01208.20
JAGXLP010000011.1_16,PF00809.25
JAGXLP010000107.1_3,PF04430.17
JAGXLP010000017.1_15,PF01261.27
JAGXLP010000018.1_3,PF02163.25
JAGXLP010000018.1_11,PF04551.17
JAGXLP010000021.1_5,PF01937.22
JAGXLP010000023.1_9,PF06386.14
JAGXLP010000132.1_1,PF00496.25
JAGXLP010000133.1_1,PF02245.19
JAGXLP010000135.1_2,PF04367.16
JAGXLP010000029.1_1,PF11611.11
JAGXLP010000138.1_1,PF18912.3
JAGXLP010000032.1_6,PF14110.9
JAGXLP010000035.1_1,PF02492.22
JAGXLP010000038.1_4,PF02386.19
JAGXLP010000038.1_12,PF01475.22
JAGXLP010000042.1_1,PF00313.25
JAGXLP010000002.1_1,PF00288.29
JAGXLP010000002.1_22,PF00831.26
JAGXLP010000002.1_32,PF00828.22
JAGXLP010000002.1_36,PF01176.22
CAIOLV010000001.1_4,PF12850.10
CAIOLV010000001.1_9,PF00174.22
CAIOLV010000013.1_4,PF04026.15
CAIOLV010000018.1_7,PF00291.28
CAIOLV010000023.1_5,PF01268.22
CAIOLV010000032.1_2,PF01668.21
CAIOLV010000033.1_11,PF00430.21
CAIOLV010000034.1_9,PF05746.18
CAIOLV010000036.1_4,PF01148.23
CAIOLV010000040.1_1,PF00857.23
CAIOLV010000041.1_6,PF00027.32
CAIOLV010000048.1_2,PF09084.14
CAIOLV010000051.1_4,PF01026.24
CAIOLV010000054.1_9,PF05960.14
CAIOLV010000056.1_6,PF09988.12
CAIOLV010000061.1_22,PF00831.26
CAIOLV010000061.1_30,PF00297.25
CAIOLV010000061.1_34,PF00164.28
CAIOLV010000064.1_2,PF01042.24
CAIOLV010000066.1_4,PF03781.19
CAIOLV010000079.1_14,PF02887.19
CAIOLV010000080.1_7,PF01512.20
CAIOLV010000084.1_5,PF02347.19
CAIOLV010000088.1_17,PF13474.9
CAIOLV010000098.1_2,PF02082.23
CAIOLV010000110.1_4,PF02673.21
CAIOLV010000113.1_2,PF14326.9
CAIOLV010000114.1_5,PF01783.26
CAIOLV010000114.1_12,PF02410.18
CAIOLV010000129.1_3,PF00892.23
CAIOLV010000144.1_1,PF13510.9
CAIOLV010000148.1_3,PF13200.9
CAIOLV010000156.1_1,PF02597.23
CAIOLV010000158.1_2,PF00923.22
CAIOLV010000160.1_5,PF03572.21
JAADFP010000001.1_1,PF00411.22
JAADFP010000001.1_23,PF00573.25
JAADFP010000003.1_20,PF02577.17
JAADFP010000004.1_15,PF00815.23
JAADFP010000008.1_19,PF02583.20
JAADFP010000014.1_5,PF03062.22
JAADFP010000018.1_2,PF04028.16
JAADFP010000018.1_4,PF01425.24
JAADFP010000021.1_12,PF02690.18
JAADFP010000021.1_16,PF03030.19
JAADFP010000024.1_3,PF01208.20
JAADFP010000028.1_15,PF13088.9
JAADFP010000029.1_4,PF00692.22
JAADFP010000030.1_4,PF01084.23
JAADFP010000034.1_2,PF03739.17
JAADFP010000034.1_3,PF03739.17
JAADFP010000040.1_1,PF04608.16
JAADFP010000042.1_6,PF00180.23
JAADFP010000045.1_2,PF04977.18
JAADFP010000056.1_6,PF00543.25
JAADFP010000062.1_11,PF14464.9
JAADFP010000067.1_1,PF01436.24
JAADFP010000078.1_11,PF04205.17
JAADFP010000081.1_4,PF02508.17
JAADFP010000081.1_6,PF03116.18
JAADFP010000082.1_3,PF15919.8
JAADFP010000093.1_4,PF01261.27
JAADFP010000106.1_4,PF01938.23
JAADFP010000108.1_6,PF07660.17
JAADFP010000117.1_16,PF00701.25
JAADFP010000117.1_23,PF01694.25
JAADFP010000121.1_1,PF01678.22
JAADFP010000135.1_2,PF09835.12
JAADFP010000156.1_1,PF03009.20
JAADFP010000157.1_14,PF00329.22
JAADFP010000158.1_4,PF02591.18
JAADFP010000160.1_1,PF07517.17
JAADFP010000161.1_2,PF01261.27
JAADFP010000162.1_5,PF02449.18
CAIJMQ010000004.1_1,PF04402.17
CAIJMQ010000006.1_2,PF01914.20
CAIJMQ010000007.1_5,PF00166.24
CAIJMQ010000011.1_24,PF00444.21
CAIJMQ010000011.1_43,PF09835.12
CAIJMQ010000017.1_8,PF03358.18
CAIJMQ010000025.1_5,PF00150.21
CAIJMQ010000028.1_1,PF00291.28
CAIJMQ010000040.1_9,PF07963.15
CAIJMQ010000041.1_12,PF02643.18
CAIJMQ010000043.1_10,PF04366.15
CAIJMQ010000043.1_14,PF01075.20
CAIJMQ010000043.1_44,PF00330.23
CAIJMQ010000043.1_54,PF07581.15
CAIJMQ010000055.1_2,PF00196.22
CAIJMQ010000055.1_4,PF05157.18
CAIJMQ010000068.1_5,PF00198.26
CAIJMQ010000068.1_11,PF00535.29
CAIJMQ010000069.1_2,PF01229.20
CAIJMQ010000073.1_14,PF01195.22
CAIJMQ010000073.1_19,PF02661.21
CAIJMQ010000075.1_14,PF01649.21
CAIJMQ010000093.1_5,PF09723.13
CAIJMQ010000093.1_10,PF02321.21
CAIJMQ010000105.1_8,PF03169.18
CAIJMQ010000106.1_4,PF00696.31
CAIJMQ010000111.1_13,PF00528.25
CAIJMQ010000119.1_20,PF01871.20
CAIJMQ010000121.1_31,PF01121.23
VMTI01000239.1_13,PF18905.3
VMTI01000239.1_36,PF06803.15
VMTI01000221.1_3,PF07963.15
VMTI01000014.1_5,PF00936.22
VMTI01000014.1_14,PF01496.22
VMTI01000237.1_1,PF00459.28
VMTI01000124.1_8,PF01425.24
VMTI01000111.1_3,PF13585.9
VMTI01000225.1_4,PF13386.9
VMTI01000006.1_7,PF03479.18
VMTI01000034.1_1,PF01855.22
VMTI01000297.1_5,PF03772.19
VMTI01000086.1_3,PF00132.27
VMTI01000002.1_17,PF01965.27
VMTI01000215.1_13,PF02441.22
VMTI01000008.1_8,PF01155.22
VMTI01000008.1_9,PF01750.21
VMTI01000008.1_16,PF04039.16
VMTI01000154.1_34,PF00155.24
VMTI01000016.1_5,PF00027.32
VMTI01000139.1_11,PF08780.14
VMTI01000042.1_8,PF00162.22
VMTI01000042.1_11,PF01551.25
VMTI01000210.1_14,PF04551.17
VMTI01000046.1_11,PF03613.17
VMTI01000096.1_2,PF00871.20
VMTI01000165.1_6,PF00276.23
VMTI01000165.1_11,PF00252.21
VMTI01000271.1_3,PF01032.21
VMTI01000174.1_6,PF10543.12
VMTI01000234.1_3,PF04892.15
VMTI01000018.1_1,PF13310.9
VMTI01000018.1_3,PF01975.20
VMTI01000294.1_5,PF02775.24
VMTI01000182.1_4,PF12599.11
VMTI01000168.1_6,PF00924.21
VMTI01000261.1_5,PF02542.19
VMTI01000198.1_5,PF00682.22
VMTI01000198.1_8,PF01628.24
VMTI01000149.1_2,PF00121.21
VMTI01000149.1_9,PF12671.10
VMTI01000164.1_3,PF08245.15
VMTI01000214.1_2,PF13453.9
VMTI01000161.1_4,PF02545.17
SLGR01000220.1_8,PF10646.12
SLGR01000202.1_2,PF00999.24
SLGR01000187.1_3,PF00584.23
SLGR01000013.1_4,PF00550.28
SLGR01000201.1_9,PF00696.31
SLGR01000186.1_5,PF00831.26
SLGR01000228.1_1,PF01512.20
SLGR01000092.1_2,PF00571.31
SLGR01000092.1_6,PF00132.27
SLGR01000092.1_27,PF01041.20
SLGR01000246.1_2,PF01008.20
SLGR01000062.1_1,PF01042.24
SLGR01000056.1_2,PF03687.16
SLGR01000168.1_2,PF05683.15
SLGR01000012.1_3,PF01261.27
SLGR01000217.1_5,PF00381.22
SLGR01000117.1_3,PF00155.24
SLGR01000240.1_5,PF01641.21
SLGR01000077.1_6,PF00709.24
SLGR01000170.1_2,PF01476.23
SLGR01000191.1_6,PF00361.23
SLGR01000191.1_8,PF04039.16
SLGR01000010.1_4,PF00082.25
SLGR01000215.1_6,PF10686.12
SLGR01000227.1_8,PF02130.20
SLGR01000185.1_4,PF06144.16
SLGR01000224.1_7,PF01196.22
SLGR01000014.1_13,PF01336.28
SLGR01000247.1_5,PF00528.25
SLGR01000037.1_7,PF04773.16
SLGR01000055.1_8,PF01957.21
SLGR01000149.1_1,PF02618.19
SLGR01000231.1_9,PF00076.25
MNYV01000005.1_2,PF07311.15
MNYV01000149.1_7,PF01725.19
MNYV01000086.1_3,PF00482.26
MNYV01000023.1_3,PF02594.19
MNYV01000023.1_27,PF08543.15
MNYV01000142.1_13,PF00318.23
MNYV01000074.1_16,PF02445.19
MNYV01000072.1_19,PF00348.20
MNYV01000026.1_6,PF00472.23
MNYV01000054.1_17,PF04986.16
MNYV01000082.1_3,PF02080.24
MNYV01000082.1_6,PF01551.25
MNYV01000082.1_10,PF05991.14
MNYV01000112.1_7,PF04748.16
MNYV01000113.1_9,PF03168.16
MNYV01000103.1_5,PF00850.22
MNYV01000168.1_8,PF01206.20
MNYV01000151.1_1,PF01522.24
MNYV01000138.1_3,PF00155.24
MNYV01000131.1_4,PF01250.20
MNYV01000120.1_17,PF12225.11
MNYV01000120.1_23,PF00809.25
MNYV01000093.1_3,PF00275.23
MNYV01000018.1_2,PF03938.17
MNYV01000012.1_11,PF00795.25
MNYV01000083.1_15,PF00468.20
MNYV01000083.1_33,PF00977.24
MNYV01000087.1_7,PF00581.23
MNYV01000128.1_12,PF13231.9
MNYV01000084.1_4,PF00731.23
MNYV01000163.1_1,PF00691.23
MNYV01000125.1_18,PF00072.27
MNYV01000145.1_2,PF18735.4
MNYV01000035.1_10,PF01035.23
MNYV01000035.1_16,PF02470.23
MNYV01000137.1_2,PF01257.22
JAADIO010000072.1_1,PF04014.21
JAADIO010000020.1_3,PF00795.25
JAADIO010000020.1_11,PF00872.21
JAADIO010000036.1_27,PF01520.21
JAADIO010000002.1_65,PF03259.20
JAADIO010000002.1_73,PF00155.24
JAADIO010000005.1_20,PF04390.15
JAADIO010000005.1_31,PF00698.24
JAADIO010000005.1_75,PF00994.27
JAADIO010000005.1_94,PF03259.20
JAADIO010000063.1_6,PF13231.9
JAADIO010000038.1_7,PF01522.24
JAADIO010000052.1_27,PF00118.27
JAADIO010000027.1_8,PF00301.23
JAADIO010000046.1_29,PF01264.24
JAADIO010000022.1_62,PF00795.25
JAADIO010000022.1_63,PF04371.18
JAADIO010000016.1_39,PF13807.9
JAADIO010000016.1_79,PF01361.24
JAADIO010000066.1_1,PF00590.23
JAADIO010000066.1_7,PF02570.18
JAADIO010000062.1_10,PF01987.20
JAADIO010000062.1_22,PF01976.20
JAADIO010000011.1_53,PF01740.24
JAADIO010000003.1_5,PF00886.22
JAADIO010000023.1_41,PF01196.22
JAADIO010000055.1_34,PF00596.24
JAADIO010000028.1_10,PF14332.9
JAADIO010000028.1_12,PF14559.9
JAADIO010000031.1_5,PF00588.22
JAADIO010000033.1_31,PF00682.22
JAADIO010000033.1_58,PF01029.21
JAADIO010000030.1_15,PF03544.17
JAADIO010000015.1_3,PF00164.28
JAADIO010000048.1_48,PF00215.27
MNYW01000062.1_6,PF02082.23
MNYW01000045.1_15,PF10150.12
MNYW01000181.1_7,PF00850.22
MNYW01000181.1_8,PF09976.12
MNYW01000092.1_24,PF04536.17
MNYW01000092.1_25,PF04536.17
MNYW01000092.1_28,PF00990.24
MNYW01000179.1_1,PF01011.24
MNYW01000128.1_3,PF03934.16
MNYW01000019.1_2,PF00338.25
MNYW01000020.1_12,PF00365.23
MNYW01000068.1_25,PF00005.30
MNYW01000001.1_18,PF04977.18
MNYW01000034.1_3,PF01895.22
MNYW01000034.1_6,PF00440.26
MNYW01000075.1_2,PF00884.26
MNYW01000003.1_3,PF07963.15
MNYW01000127.1_3,PF00795.25
MNYW01000076.1_7,PF00825.21
MNYW01000076.1_17,PF06245.14
MNYW01000041.1_2,PF00285.24
MNYW01000134.1_2,PF07963.15
MNYW01000040.1_12,PF09721.13
MNYW01000015.1_2,PF04452.17
MNYW01000024.1_5,PF04358.16
MNYW01000101.1_1,PF05567.14
MNYW01000110.1_10,PF07992.17
MNYW01000043.1_4,PF15919.8
MNYW01000030.1_3,PF00226.34
MNYW01000030.1_10,PF01313.22
MNYW01000026.1_41,PF00528.25
MNYW01000120.1_4,PF03692.18
MNYW01000120.1_20,PF03610.19
MNYW01000150.1_17,PF02561.17
MNYW01000182.1_8,PF04055.24
MNYW01000182.1_16,PF02621.17
MNYW01000182.1_33,PF02347.19
MNYW01000137.1_4,PF13091.9
MNYW01000071.1_3,PF14335.9
MNYW01000074.1_11,PF03884.17
MNYW01000074.1_14,PF04748.16
MNYW01000058.1_2,PF03099.22
MNYW01000008.1_2,PF00132.27
MNYW01000082.1_5,PF01842.28
MNYW01000016.1_21,PF01192.25
MNYW01000054.1_2,PF00155.24
MNYW01000152.1_12,PF07478.16
MNYW01000152.1_17,PF00491.24
MNYW01000083.1_1,PF00216.24
MNYW01000083.1_7,PF09335.14
MNYW01000006.1_3,PF05768.17
MNYW01000102.1_17,PF00543.25
MNYW01000013.1_9,PF07992.17
MNYW01000013.1_14,PF04014.21
MNYW01000158.1_2,PF10263.12
MNYW01000158.1_15,PF00342.22
MNYW01000122.1_10,PF01632.22
MNYW01000122.1_27,PF07355.15
MNYW01000053.1_9,PF04138.17
MNYW01000097.1_5,PF02239.19
MNYW01000097.1_25,PF13531.9
MNYW01000096.1_5,PF01098.22
MNYW01000021.1_2,PF01521.23
MNYW01000117.1_20,PF05036.16
JABWCP010000012.1_29,PF00025.24
JABWCP010000012.1_34,PF14332.9
JABWCP010000003.1_49,PF05138.15
JABWCP010000003.1_68,PF13860.9
JABWCP010000037.1_21,PF05036.16
JABWCP010000004.1_3,PF03739.17
JABWCP010000004.1_120,PF01791.12
JABWCP010000016.1_26,PF02580.19
JABWCP010000018.1_14,PF00583.28
JABWCP010000001.1_114,PF00156.30
JABWCP010000001.1_253,PF01882.21
JABWCP010000001.1_298,PF12686.10
JABWCP010000019.1_1,PF00009.30
JABWCP010000019.1_47,PF01451.24
JABWCP010000005.1_112,PF01914.20
JABWCP010000021.1_30,PF02472.19
JABWCP010000006.1_23,PF01740.24
JABWCP010000006.1_96,PF02545.17
JABWCP010000022.1_5,PF01467.29
JABWCP010000007.1_41,PF01042.24
JABWCP010000007.1_64,PF00830.22
JABWCP010000007.1_125,PF04205.17
JABWCP010000024.1_7,PF02591.18
JABWCP010000025.1_3,PF03938.17
JABWCP010000008.1_71,PF00892.23
JABWCP010000008.1_90,PF00246.27
JABWCP010000008.1_119,PF00145.20
JABWCP010000029.1_22,PF00180.23
JABWCP010000002.1_113,PF02416.19
JABWCP010000002.1_175,PF00709.24
JABWCP010000002.1_211,PF02575.19
JABWCP010000009.1_38,PF00825.21
JABWBZ010000167.1_8,PF00248.24
JABWBZ010000177.1_6,PF01411.22
JABWBZ010000007.1_12,PF12679.10
JABWBZ010000192.1_4,PF11306.11
JABWBZ010000213.1_3,PF14018.9
JABWBZ010000010.1_11,PF01121.23
JABWBZ010000238.1_2,PF00156.30
JABWBZ010000255.1_1,PF00474.20
JABWBZ010000257.1_1,PF02543.18
JABWBZ010000018.1_2,PF00171.25
JABWBZ010000019.1_6,PF01741.21
JABWBZ010000023.1_12,PF00677.20
JABWBZ010000294.1_5,PF00329.22
JABWBZ010000027.1_10,PF03473.20
JABWBZ010000031.1_4,PF00565.20
JABWBZ010000031.1_10,PF06172.14
JABWBZ010000031.1_11,PF01925.22
JABWBZ010000040.1_9,PF00990.24
JABWBZ010000043.1_18,PF07606.14
JABWBZ010000320.1_2,PF06580.16
JABWBZ010000322.1_2,PF00072.27
JABWBZ010000344.1_1,PF00572.21
JABWBZ010000053.1_11,PF13527.10
JABWBZ010000054.1_11,PF03571.18
JABWBZ010000349.1_1,PF09723.13
JABWBZ010000350.1_1,PF00440.26
JABWBZ010000059.1_5,PF02472.19
JABWBZ010000063.1_3,PF01182.23
JABWBZ010000065.1_11,PF00361.23
JABWBZ010000068.1_8,PF11009.11
JABWBZ010000068.1_9,PF07690.19
JABWBZ010000074.1_8,PF00072.27
JABWBZ010000080.1_5,PF14360.9
JABWBZ010000080.1_10,PF13576.9
JABWBZ010000384.1_4,PF02472.19
JABWBZ010000099.1_10,PF05164.16
JABWBZ010000103.1_8,PF01250.20
JABWBZ010000108.1_10,PF01584.22
JABWBZ010000117.1_12,PF13421.9
JABWBZ010000120.1_3,PF01625.24
JABWBZ010000123.1_8,PF00657.25
JABWBZ010000125.1_6,PF01327.24
JABWBZ010000133.1_3,PF02569.18
DSKM01000009.1_54,PF02561.17
DSKM01000009.1_59,PF02623.18
DSKM01000009.1_152,PF00291.28
DSKM01000009.1_263,PF06107.14
DSKM01000009.1_266,PF01250.20
DSKM01000009.1_268,PF01084.23
DSKM01000009.1_363,PF04214.16
DSKM01000009.1_469,PF02608.17
DSKM01000009.1_471,PF04199.16
DSKM01000009.1_475,PF01522.24
DSKM01000009.1_551,PF04055.24
DSKM01000001.1_37,PF00474.20
DSKM01000001.1_191,PF00344.23
DSKM01000001.1_210,PF00573.25
DSKM01000001.1_248,PF01227.25
DSKM01000002.1_15,PF00266.22
DSKM01000002.1_61,PF02653.19
DSKM01000002.1_131,PF00814.28
DSKM01000002.1_144,PF02653.19
DSKM01000002.1_217,PF04551.17
DSKM01000002.1_234,PF02321.21
DSKM01000002.1_288,PF02511.18
DSKM01000006.1_264,PF05685.15
DSKM01000012.1_51,PF00834.22
DSKM01000012.1_76,PF12831.10
DSKM01000012.1_111,PF01180.24
DSKM01000012.1_162,PF01850.24
DSKM01000007.1_46,PF01145.28
DSKM01000007.1_63,PF06695.14
DSKM01000007.1_138,PF01765.22
DSKM01000005.1_91,PF00999.24
DSKM01000005.1_98,PF13490.9
DSKM01000005.1_112,PF04945.16
DSKM01000004.1_5,PF02416.19
DSKM01000004.1_14,PF01467.29
DSKM01000014.1_66,PF02627.23
DSKM01000013.1_24,PF14559.9
VBAP01000003.1_14,PF06475.14
VBAP01000003.1_20,PF01717.21
VBAP01000006.1_32,PF03888.17
VBAP01000006.1_42,PF05036.16
VBAP01000050.1_7,PF01882.21
VBAP01000054.1_32,PF01192.25
VBAP01000056.1_21,PF00528.25
VBAP01000096.1_3,PF12867.10
VBAP01000161.1_3,PF00392.24
VBAP01000084.1_7,PF02577.17
VBAP01000007.1_32,PF08309.14
VBAP01000008.1_59,PF17957.4
VBAP01000166.1_1,PF00171.25
VBAP01000077.1_8,PF11578.11
VBAP01000078.1_29,PF03239.17
VBAP01000039.1_24,PF07949.15
VBAP01000040.1_11,PF03060.18
VBAP01000012.1_6,PF02381.21
VBAP01000013.1_2,PF14052.9
VBAP01000093.1_4,PF09349.13
VBAP01000094.1_6,PF00361.23
VBAP01000018.1_6,PF12804.10
VBAP01000030.1_8,PF01850.24
VBAP01000028.1_8,PF00528.25
VBAP01000031.1_9,PF04290.15
VBAP01000031.1_40,PF01156.22
VBAP01000031.1_49,PF03747.17
VBAP01000173.1_4,PF00850.22
VBAP01000032.1_21,PF00290.23
VBAP01000060.1_30,PF00082.25
VBAP01000026.1_4,PF03069.18
VBAP01000026.1_35,PF00366.23
VBAP01000026.1_42,PF00276.23
VBAP01000004.1_32,PF01638.20
VBAP01000005.1_20,PF00583.28
VBAP01000005.1_66,PF00924.21
VBAP01000005.1_67,PF01436.24
VBAP01000061.1_34,PF00089.29
VBAP01000067.1_35,PF02608.17
VBAP01000069.1_9,PF07681.15
VBAP01000071.1_10,PF00528.25
VBAP01000071.1_18,PF13200.9
VBAP01000072.1_9,PF00453.21
VBAP01000073.1_13,PF01039.25
VBAP01000044.1_10,PF02547.18
VBAP01000047.1_14,PF01063.22
VBAP01000147.1_2,PF12867.10
PWNJ01000152.1_3,PF00889.22
PWNJ01000248.1_9,PF09721.13
PWNJ01000112.1_1,PF00899.24
PWNJ01000112.1_6,PF00291.28
PWNJ01000007.1_2,PF08309.14
PWNJ01000238.1_11,PF01636.26
PWNJ01000124.1_2,PF20118.2
PWNJ01000002.1_6,PF02535.25
PWNJ01000190.1_3,PF07617.14
PWNJ01000190.1_19,PF00892.23
PWNJ01000115.1_2,PF00905.25
PWNJ01000026.1_8,PF13941.9
PWNJ01000038.1_7,PF01402.24
PWNJ01000038.1_12,PF13620.9
PWNJ01000038.1_32,PF02445.19
PWNJ01000023.1_10,PF00266.22
PWNJ01000113.1_23,PF02446.20
PWNJ01000096.1_23,PF18693.4
PWNJ01000027.1_6,PF01180.24
PWNJ01000027.1_18,PF01368.23
PWNJ01000054.1_6,PF01668.21
PWNJ01000067.1_23,PF01245.23
PWNJ01000067.1_25,PF02021.20
PWNJ01000164.1_19,PF03631.18
PWNJ01000021.1_2,PF00485.21
PWNJ01000146.1_8,PF13620.9
PWNJ01000146.1_18,PF01978.22
PWNJ01000173.1_9,PF01619.21
PWNJ01000241.1_2,PF00291.28
PWNJ01000209.1_4,PF00535.29
PWNJ01000182.1_7,PF12706.10
PWNJ01000018.1_7,PF01075.20
PWNJ01000018.1_32,PF01197.21
PWNJ01000108.1_4,PF09862.12
PWNJ01000016.1_3,PF00128.27
PWNJ01000034.1_1,PF04773.16
PWNJ01000243.1_4,PF05016.18
PWNJ01000010.1_4,PF02321.21
JAFGEQ010000017.1_20,PF00327.23
JAFGEQ010000017.1_22,PF00344.23
JAFGEQ010000017.1_26,PF00416.25
JAFGEQ010000018.1_49,PF01702.21
JAFGEQ010000019.1_36,PF01148.23
JAFGEQ010000019.1_65,PF13231.9
JAFGEQ010000019.1_128,PF04390.15
JAFGEQ010000019.1_235,PF09084.14
JAFGEQ010000019.1_241,PF00528.25
JAFGEQ010000020.1_18,PF02012.23
JAFGEQ010000023.1_60,PF07494.14
JAFGEQ010000023.1_82,PF01867.19
JAFGEQ010000024.1_2,PF02073.18
JAFGEQ010000002.1_122,PF00112.26
JAFGEQ010000005.1_19,PF01025.22
JAFGEQ010000005.1_89,PF07555.16
JAFGEQ010000006.1_165,PF01880.21
JAFGEQ010000006.1_236,PF01741.21
JAFGEQ010000008.1_24,PF00924.21
JAFGEQ010000009.1_38,PF13472.9
JAFGEQ010000009.1_71,PF13231.9
JAFGEQ010000009.1_110,PF00082.25
JAFGEQ010000009.1_171,PF13646.9
JAFGEQ010000012.1_21,PF02229.19
JAFGEQ010000012.1_65,PF02310.22
JAFGEQ010000012.1_177,PF01245.23
JAFGEQ010000012.1_190,PF05258.15
JAFGEQ010000015.1_8,PF00881.27
JAFGEQ010000015.1_32,PF01041.20
JAFGEQ010000015.1_50,PF07429.14
JAFGEQ010000015.1_88,PF03279.16
JAFGEQ010000015.1_95,PF03966.19
JAFGEQ010000015.1_97,PF11306.11
JAFGEQ010000015.1_106,PF00437.23
JAFGEQ010000015.1_129,PF01313.22
JAFGEQ010000015.1_175,PF03279.16
NC_017096.1_62,PF01051.24
NC_017096.1_105,PF05598.14
NC_017096.1_141,PF01741.21
NC_017096.1_142,PF07833.14
NC_017096.1_244,PF09704.13
NC_017096.1_254,PF02001.19
NC_017096.1_272,PF00933.24
NC_017096.1_294,PF00156.30
NC_017096.1_355,PF00528.25
NC_017096.1_369,PF01206.20
NC_017096.1_407,PF02401.21
NC_017096.1_451,PF00579.28
NC_017096.1_472,PF00528.25
NC_017096.1_502,PF00483.26
NC_017096.1_558,PF13083.9
NC_017096.1_588,PF00152.23
NC_017096.1_589,PF18914.3
NC_017096.1_607,PF02417.18
NC_017096.1_629,PF04977.18
NC_017096.1_663,PF06545.14
NC_017096.1_682,PF02674.19
NC_017096.1_691,PF07719.20
NC_017096.1_732,PF01029.21
NC_017096.1_734,PF00348.20
NC_017096.1_743,PF00550.28
NC_017096.1_745,PF02464.20
NC_017096.1_746,PF00365.23
NC_017096.1_752,PF00318.23
NC_017096.1_756,PF01255.22
NC_017096.1_809,PF04961.15
NC_017096.1_869,PF00496.25
NC_017096.1_874,PF00795.25
NC_017096.1_888,PF02446.20
NC_017096.1_949,PF06144.16
NC_017096.1_978,PF06262.14
NC_017096.1_989,PF03259.20
NC_017096.1_1067,PF00861.25
NC_017096.1_1145,PF02603.19
NC_017096.1_1165,PF00814.28
NC_017096.1_1183,PF01880.21
NC_017096.1_1216,PF01865.19
NC_017096.1_1271,PF07963.15
NC_017096.1_1323,PF14010.9
NC_017096.1_1337,PF01022.23
NC_017096.1_1348,PF12841.10
NC_017096.1_1352,PF01156.22
NC_017096.1_1391,PF02302.20
NC_017096.1_1394,PF14332.9
NC_017096.1_1430,PF00468.20
NC_017096.1_1464,PF01934.20
NC_017096.1_1477,PF02597.23
QMOQ01000001.1_36,PF01035.23
QMOQ01000002.1_14,PF01016.22
QMOQ01000002.1_27,PF00892.23
QMOQ01000003.1_5,PF03796.18
QMOQ01000003.1_42,PF13375.9
QMOQ01000005.1_32,PF13333.9
QMOQ01000008.1_14,PF17253.5
QMOQ01000011.1_10,PF19289.2
QMOQ01000012.1_19,PF00410.22
QMOQ01000012.1_24,PF00366.23
QMOQ01000013.1_14,PF00466.23
QMOQ01000018.1_12,PF06262.14
QMOQ01000020.1_4,PF03030.19
QMOQ01000021.1_9,PF00137.24
QMOQ01000021.1_13,PF08915.14
QMOQ01000032.1_6,PF01300.21
QMOQ01000035.1_6,PF12732.10
QMOQ01000039.1_7,PF04085.17
QMOQ01000048.1_7,PF00464.22
QMOQ01000049.1_1,PF00155.24
QMOQ01000051.1_2,PF00398.23
QMOQ01000062.1_3,PF00753.30
QMOQ01000071.1_2,PF01709.23
QMOQ01000076.1_4,PF03808.16
QMOQ01000079.1_2,PF00696.31
QMOQ01000084.1_2,PF02615.17
QMOQ01000092.1_2,PF01261.27
QMOQ01000104.1_1,PF00440.26
JABFGF010000001.1_82,PF13519.9
JABFGF010000001.1_229,PF04392.15
JABFGF010000001.1_240,PF00072.27
JABFGF010000001.1_294,PF13480.10
JABFGF010000001.1_365,PF02082.23
JABFGF010000001.1_426,PF02599.19
JABFGF010000001.1_631,PF06835.16
JABFGF010000001.1_649,PF01116.23
JABFGF010000001.1_698,PF13366.9
JABFGF010000001.1_721,PF03783.17
JABFGF010000001.1_975,PF00294.27
JABFGF010000001.1_982,PF12804.10
JABFGF010000001.1_1008,PF07470.16
JABFGF010000002.1_90,PF00326.24
JABFGF010000002.1_134,PF05597.14
JABFGF010000002.1_295,PF12769.10
JABFGF010000002.1_533,PF00850.22
JABFGF010000002.1_618,PF06559.14
JABFGF010000003.1_78,PF13279.9
JABFGF010000003.1_87,PF03349.19
JABFGF010000003.1_101,PF12836.10
JABFGF010000003.1_120,PF13366.9
JABFGF010000003.1_146,PF00936.22
JABFGF010000003.1_199,PF13858.9
JABFGF010000003.1_203,PF00871.20
JABFGF010000003.1_323,PF20092.2
JABFGF010000003.1_407,PF01145.28
JABFGF010000004.1_40,PF01032.21
JABFGF010000005.1_126,PF01098.22
JABFGF010000006.1_63,PF02508.17
JABFGF010000006.1_64,PF02508.17
JABFGF010000006.1_94,PF13386.9
JABFGF010000006.1_98,PF01455.21
JABFGF010000006.1_100,PF05635.14
JABFGF010000006.1_157,PF00072.27
JABFGF010000006.1_230,PF00903.28
JABFGF010000007.1_21,PF00474.20
JABFGF010000007.1_56,PF00582.29
JABFGF010000007.1_186,PF04205.17
JABFGF010000008.1_5,PF10633.12
JABFGF010000009.1_12,PF00144.27
JABFGF010000009.1_70,PF04461.16
JABFGF010000010.1_26,PF19572.2
JABFGF010000013.1_32,PF18916.3
JABFGF010000014.1_22,PF18962.3
MVCZ01000201.1_3,PF00162.22
MVCZ01000204.1_4,PF13533.9
MVCZ01000036.1_9,PF00005.30
MVCZ01000046.1_10,PF00793.23
MVCZ01000053.1_5,PF01514.20
MVCZ01000055.1_4,PF00466.23
MVCZ01000055.1_5,PF00687.24
MVCZ01000061.1_9,PF10047.12
MVCZ01000062.1_1,PF00912.25
MVCZ01000080.1_9,PF00496.25
MVCZ01000081.1_4,PF03963.17
MVCZ01000087.1_8,PF02073.18
MVCZ01000091.1_5,PF07920.14
MVCZ01000091.1_7,PF10049.12
MVCZ01000100.1_2,PF01609.24
MVCZ01000102.1_10,PF00543.25
MVCZ01000102.1_14,PF02517.19
MVCZ01000105.1_5,PF13365.9
MVCZ01000112.1_3,PF13088.9
MVCZ01000116.1_7,PF00571.31
MVCZ01000118.1_1,PF02837.21
MVCZ01000133.1_5,PF02775.24
MVCZ01000136.1_6,PF08665.15
MVCZ01000007.1_5,PF00416.25
MVCZ01000007.1_27,PF00297.25
MVCZ01000182.1_6,PF03841.16
AWOA01000002.1_38,PF00501.31
AWOA01000002.1_52,PF00781.27
AWOA01000002.1_88,PF01790.21
AWOA01000002.1_98,PF00590.23
AWOA01000004.1_7,PF09335.14
AWOA01000006.1_25,PF07690.19
AWOA01000006.1_28,PF02223.20
AWOA01000006.1_30,PF01888.20
AWOA01000006.1_38,PF01804.21
AWOA01000006.1_47,PF00694.22
AWOA01000006.1_57,PF04892.15
AWOA01000011.1_44,PF01895.22
AWOA01000012.1_2,PF00015.24
AWOA01000014.1_4,PF11617.11
AWOA01000015.1_20,PF00899.24
AWOA01000015.1_46,PF00793.23
AWOA01000017.1_32,PF07676.15
AWOA01000017.1_36,PF02261.19
AWOA01000019.1_4,PF06305.14
AWOA01000020.1_2,PF03030.19
AWOA01000022.1_20,PF00202.24
AWOA01000023.1_28,PF00528.25
AWOA01000024.1_6,PF02277.20
AWOA01000026.1_3,PF08668.15
AWOA01000028.1_19,PF00082.25
AWOA01000030.1_10,PF02636.20
AWOA01000031.1_33,PF02405.19
AWOA01000033.1_4,PF03975.16
AWOA01000033.1_17,PF13418.9
AWOA01000033.1_37,PF01507.22
AWOA01000037.1_14,PF01951.19
AWOA01000040.1_2,PF00908.20
AWOA01000040.1_10,PF04556.15
AWOA01000042.1_5,PF01618.19
AWOA01000043.1_4,PF00685.30
AWOA01000043.1_5,PF02446.20
AWOA01000043.1_31,PF00482.26
AWOA01000044.1_33,PF06429.16
AWOA01000059.1_10,PF04413.19
AWOA01000064.1_2,PF03576.17
AWOA01000075.1_5,PF01975.20
AWOA01000086.1_6,PF01026.24
AWOA01000093.1_2,PF00697.25
AWOA01000093.1_6,PF02666.18
AWOA01000095.1_6,PF01467.29
AWOA01000097.1_4,PF02775.24
AWOA01000130.1_3,PF09516.13
DTCJ01000065.1_10,PF00334.22
DTCJ01000065.1_24,PF01475.22
DTCJ01000065.1_28,PF02511.18
DTCJ01000065.1_47,PF09520.13
DTCJ01000065.1_81,PF00953.24
DTCJ01000022.1_10,PF00015.24
DTCJ01000022.1_24,PF04304.16
DTCJ01000022.1_61,PF01168.23
DTCJ01000025.1_61,PF01584.22
DTCJ01000025.1_75,PF02675.18
DTCJ01000032.1_29,PF11583.11
DTCJ01000032.1_46,PF01052.23
DTCJ01000032.1_62,PF00781.27
DTCJ01000033.1_54,PF03787.18
DTCJ01000073.1_34,PF01025.22
DTCJ01000073.1_39,PF07238.17
DTCJ01000072.1_36,PF00448.25
DTCJ01000072.1_65,PF01329.22
DTCJ01000063.1_30,PF01408.25
DTCJ01000064.1_39,PF07396.14
DTCJ01000064.1_41,PF18599.4
DTCJ01000066.1_9,PF01040.21
DTCJ01000066.1_24,PF03167.22
DTCJ01000069.1_26,PF03480.16
DTCJ01000023.1_16,PF02581.20
DTCJ01000082.1_45,PF00753.30
DTCJ01000078.1_15,PF00809.25
DTCJ01000042.1_17,PF08819.14
DTCJ01000004.1_10,PF02600.19
DTCJ01000019.1_3,PF01075.20
DTCJ01000019.1_24,PF01048.23
DTCJ01000068.1_9,PF16575.8
DTCJ01000075.1_10,PF00773.22
DTCJ01000005.1_15,PF00263.24
DTCJ01000011.1_3,PF00687.24
DTCJ01000011.1_16,PF01297.20
DTCJ01000051.1_1,PF02195.21
DTCJ01000047.1_15,PF00121.21
DTCJ01000049.1_8,PF04055.24
DTCJ01000085.1_3,PF13524.9
DTCJ01000074.1_6,PF00625.24
UQCL01000001.1_18,PF13524.9
UQCL01000001.1_57,PF00293.31
UQCL01000003.1_23,PF13637.9
UQCL01000003.1_24,PF05656.17
UQCL01000007.1_26,PF13531.9
UQCL01000007.1_33,PF00579.28
UQCL01000008.1_23,PF01841.22
UQCL01000009.1_35,PF12821.10
UQCL01000010.1_21,PF05494.15
UQCL01000011.1_6,PF02600.19
UQCL01000011.1_8,PF00072.27
UQCL01000011.1_37,PF15569.9
UQCL01000013.1_36,PF04366.15
UQCL01000015.1_16,PF03841.16
UQCL01000019.1_25,PF01219.22
UQCL01000022.1_4,PF02481.18
UQCL01000025.1_20,PF01136.22
UQCL01000031.1_15,PF13597.9
UQCL01000032.1_11,PF00266.22
UQCL01000033.1_8,PF00164.28
UQCL01000037.1_10,PF00329.22
UQCL01000037.1_21,PF00361.23
UQCL01000040.1_9,PF07676.15
UQCL01000040.1_12,PF02472.19
UQCL01000040.1_14,PF02823.19
UQCL01000049.1_6,PF01327.24
UQCL01000049.1_7,PF00574.26
UQCL01000052.1_2,PF00209.21
UQCL01000053.1_6,PF02518.29
UQCL01000053.1_13,PF00342.22
UQCL01000054.1_11,PF02397.19
UQCL01000057.1_3,PF03575.20
UQCL01000059.1_12,PF12762.10
UQCL01000063.1_4,PF00420.27
UQCL01000065.1_3,PF00830.22
UQCL01000065.1_4,PF00834.22
UQCL01000070.1_6,PF06271.15
UQCL01000071.1_2,PF04371.18
UQCL01000090.1_3,PF00266.22
NZ_FZMR01000022.1_10,PF00380.22
NZ_FZMR01000022.1_15,PF01048.23
NZ_FZMR01000019.1_2,PF05690.17
NZ_FZMR01000019.1_38,PF01168.23
NZ_FZMR01000019.1_53,PF03331.16
NZ_FZMR01000019.1_67,PF02547.18
NZ_FZMR01000019.1_89,PF01856.20
NZ_FZMR01000013.1_10,PF13114.9
NZ_FZMR01000008.1_60,PF02685.19
NZ_FZMR01000015.1_70,PF00318.23
NZ_FZMR01000009.1_7,PF07690.19
NZ_FZMR01000009.1_25,PF00209.21
NZ_FZMR01000001.1_31,PF02470.23
NZ_FZMR01000001.1_83,PF03372.26
NZ_FZMR01000003.1_22,PF04325.16
NZ_FZMR01000036.1_13,PF03061.25
NZ_FZMR01000036.1_18,PF00202.24
NZ_FZMR01000002.1_14,PF03734.17
NZ_FZMR01000002.1_37,PF18257.4
NZ_FZMR01000002.1_44,PF02132.18
NZ_FZMR01000002.1_45,PF01142.21
NZ_FZMR01000002.1_46,PF01435.21
NZ_FZMR01000002.1_67,PF02618.19
NZ_FZMR01000002.1_101,PF14281.9
NZ_FZMR01000002.1_128,PF00155.24
NZ_FZMR01000007.1_10,PF05211.15
NZ_FZMR01000007.1_12,PF01856.20
NZ_FZMR01000006.1_16,PF01967.24
NZ_FZMR01000006.1_24,PF00574.26
NZ_FZMR01000006.1_25,PF01327.24
NZ_FZMR01000006.1_55,PF02452.20
NZ_FZMR01000006.1_106,PF01311.23
NZ_FZMR01000010.1_43,PF00342.22
NZ_FZMR01000021.1_21,PF02521.17
NZ_FZMR01000024.1_26,PF00871.20
NZ_FZMR01000026.1_17,PF00884.26
NZ_FZMR01000048.1_2,PF00999.24
NZ_FZMR01000011.1_14,PF00466.23
PAQS01000001.1_60,PF00873.22
PAQS01000003.1_24,PF01029.21
PAQS01000003.1_27,PF08245.15
PAQS01000005.1_16,PF00004.32
PAQS01000008.1_3,PF00696.31
PAQS01000010.1_36,PF02321.21
PAQS01000011.1_45,PF01207.20
PAQS01000014.1_1,PF10502.12
PAQS01000017.1_30,PF02591.18
PAQS01000018.1_32,PF01467.29
PAQS01000018.1_57,PF02518.29
PAQS01000019.1_60,PF03222.16
PAQS01000019.1_158,PF03677.16
PAQS01000019.1_171,PF03167.22
PAQS01000019.1_173,PF00132.27
PAQS01000019.1_186,PF00355.29
PAQS01000020.1_37,PF01371.22
PAQS01000021.1_18,PF02033.21
PAQS01000024.1_56,PF01734.25
PAQS01000026.1_20,PF00209.21
PAQS01000028.1_23,PF00293.31
PAQS01000032.1_9,PF02201.21
PAQS01000033.1_25,PF02547.18
PAQS01000039.1_15,PF00285.24
PAQS01000039.1_83,PF13590.9
PAQS01000040.1_142,PF06980.14
PAQS01000040.1_181,PF00877.22
PAQS01000040.1_182,PF13550.9
PAQS01000041.1_16,PF01618.19
PAQS01000047.1_74,PF00849.25
PAQS01000048.1_14,PF07720.15
PAQS01000048.1_29,PF01052.23
PAQS01000048.1_67,PF01025.22
NZ_FCNU01000002.1_18,PF01957.21
NZ_FCNU01000002.1_94,PF00425.21
NZ_FCNU01000002.1_126,PF01578.23
NZ_FCNU01000007.1_9,PF01978.22
NZ_FCNU01000007.1_126,PF00814.28
NZ_FCNU01000007.1_155,PF02517.19
NZ_FCNU01000007.1_159,PF04199.16
NZ_FCNU01000007.1_334,PF05932.16
NZ_FCNU01000007.1_434,PF04488.18
NZ_FCNU01000010.1_23,PF00293.31
NZ_FCNU01000010.1_41,PF00708.21
NZ_FCNU01000010.1_63,PF01126.23
NZ_FCNU01000011.1_143,PF09055.14
NZ_FCNU01000011.1_170,PF01427.20
NZ_FCNU01000012.1_3,PF13340.9
NZ_FCNU01000012.1_16,PF02397.19
NZ_FCNU01000020.1_19,PF01522.24
NZ_FCNU01000021.1_80,PF00692.22
NZ_FCNU01000022.1_10,PF02902.22
NZ_FCNU01000022.1_36,PF03626.17
NZ_FCNU01000022.1_38,PF00115.23
NZ_FCNU01000022.1_80,PF00248.24
NZ_FCNU01000023.1_96,PF01371.22
NZ_FCNU01000023.1_107,PF07690.19
NZ_FCNU01000023.1_132,PF01212.24
NZ_FCNU01000023.1_139,PF01988.22
NZ_FCNU01000025.1_3,PF16677.8
NZ_FCNU01000026.1_5,PF08238.15
NZ_FCNU01000028.1_26,PF00072.27
NZ_FCNU01000028.1_180,PF00166.24
NZ_FCNU01000028.1_243,PF01791.12
NZ_FCNU01000029.1_5,PF08238.15
NZ_FCNU01000030.1_51,PF01061.27
NZ_FCNU01000030.1_66,PF00579.28
NZ_FCNU01000030.1_77,PF00300.25
NZ_FCNU01000031.1_11,PF02348.22
NZ_FCNU01000031.1_47,PF01980.19
NZ_FCNU01000031.1_75,PF04392.15
NZ_FCNU01000031.1_99,PF06762.17
NZ_FCNU01000032.1_81,PF05096.15
NZ_FCNU01000032.1_132,PF17251.5
NZ_FCNU01000032.1_193,PF03200.19
NZ_FCNU01000032.1_195,PF03200.19
NZ_FCNU01000032.1_287,PF07690.19
JAGYOC010000032.1_3,PF06808.15
JAGYOC010000056.1_1,PF20256.1
JAGYOC010000092.1_1,PF01135.22
JAGYOC010000156.1_3,PF01661.24
JAGYOC010000171.1_8,PF01658.20
JAGYOC010000209.1_4,PF04456.15
JAGYOC010000316.1_3,PF00361.23
CADCWE010000031.1_42,PF02416.19
CADCWE010000031.1_66,PF00121.21
CADCWE010000035.1_4,PF12728.10
CADCWE010000044.1_12,PF00012.23
CADCWE010000065.1_4,PF00491.24
CADCWE010000069.1_8,PF00881.27
CADCWE010000098.1_14,PF02608.17
CADCWE010000140.1_6,PF02254.21
CADCWE010000146.1_11,PF02527.18
CADCWE010000163.1_3,PF03572.21
CADCWE010000192.1_12,PF01040.21
CADCWE010000199.1_7,PF02660.18
CADCWE010000201.1_24,PF06182.14
CADCWE010000223.1_17,PF02782.19
CADCWE010000253.1_50,PF13529.9
CADCWE010000255.1_17,PF00496.25
CADCWE010000256.1_13,PF13358.9
VBJS01000029.1_10,PF00355.29
VBJS01000031.1_9,PF00775.24
VBJS01000036.1_47,PF17136.7
VBJS01000208.1_1,PF14371.9
VBJS01000218.1_7,PF00494.22
VBJS01000057.1_9,PF07736.14
VBJS01000059.1_15,PF00471.23
VBJS01000238.1_3,PF01713.24
VBJS01000061.1_11,PF13452.9
VBJS01000107.1_5,PF07995.14
VBJS01000126.1_13,PF00582.29
VBJS01000142.1_3,PF07992.17
JAGWYZ010000152.1_7,PF00795.25
JAGWYZ010000166.1_7,PF01145.28
JAGWYZ010000168.1_2,PF01243.23
JAGWYZ010000003.1_2,PF03328.17
JAGWYZ010000003.1_9,PF06224.15
JAGWYZ010000004.1_32,PF03334.17
JAGWYZ010000176.1_3,PF00528.25
JAGWYZ010000215.1_2,PF01177.25
JAGWYZ010000216.1_10,PF00076.25
JAGWYZ010000010.1_42,PF00573.25
JAGWYZ010000248.1_4,PF02423.18
JAGWYZ010000016.1_7,PF01522.24
JAGWYZ010000278.1_2,PF12161.11
JAGWYZ010000285.1_3,PF01875.20
JAGWYZ010000036.1_19,PF00171.25
JAGWYZ010000060.1_7,PF04326.17
JAGWYZ010000061.1_6,PF01053.23
JAGWYZ010000342.1_4,PF03781.19
JAGWYZ010000347.1_1,PF01408.25
JAGWYZ010000076.1_15,PF03630.17
JAGWYZ010000077.1_10,PF00294.27
JAGWYZ010000084.1_7,PF04932.18
JAGWYZ010000001.1_67,PF05635.14
PUNJ01000062.1_21,PF03631.18
PUNJ01000055.1_26,PF01106.20
PUNJ01000104.1_17,PF02653.19
PUNJ01000053.1_44,PF00203.24
PUNJ01000162.1_2,PF02146.20
PUNJ01000180.1_12,PF00156.30
PUNJ01000032.1_1,PF01695.20
PUNJ01000033.1_3,PF00850.22
PUNJ01000186.1_4,PF00296.23
PUNJ01000065.1_13,PF04250.16
PUNJ01000044.1_11,PF02540.20
PUNJ01000200.1_31,PF01810.21
PUNJ01000069.1_15,PF02033.21
PUNJ01000117.1_27,PF02675.18
PUNJ01000117.1_59,PF00348.20
NC_014836.1_4,PF01042.24
NC_014836.1_82,PF02599.19
NC_014836.1_271,PF00924.21
NC_014836.1_285,PF00535.29
NC_014836.1_332,PF00177.24
NC_014836.1_344,PF00366.23
NC_014836.1_408,PF01934.20
NC_014836.1_641,PF08984.14
NC_014836.1_657,PF01936.21
NC_014836.1_735,PF02561.17
NC_014836.1_783,PF00795.25
NC_014836.1_794,PF00814.28
NC_014836.1_897,PF01257.22
NC_014836.1_1090,PF02518.29
NC_014836.1_1146,PF06808.15
NC_014836.1_1176,PF01810.21
NC_014836.1_1316,PF01924.19
NC_014836.1_1320,PF01381.25
NC_014836.1_1324,PF00005.30
NC_014836.1_1430,PF00501.31
NC_014836.1_1487,PF00990.24
NC_014836.1_1552,PF02472.19
NC_014836.1_1679,PF04262.17
NC_014836.1_1724,PF03235.17
NC_014836.1_1840,PF04608.16
NC_014836.1_1886,PF00361.23
NC_014836.1_2126,PF01957.21
NC_014836.1_2170,PF05751.14
NC_014836.1_2232,PF03448.20
NC_014836.1_2240,PF02261.19
NC_014836.1_2275,PF00588.22
NC_014836.1_2324,PF02086.18
NC_014836.1_2394,PF07238.17
NC_014836.1_2473,PF14358.9
NC_014836.1_2510,PF00072.27
NC_014836.1_2532,PF00708.21
NC_014836.1_2550,PF13340.9
NC_014836.1_2644,PF02021.20
NZ_AWNK01000001.1_82,PF01841.22
NZ_AWNK01000001.1_90,PF00809.25
NZ_AWNK01000001.1_120,PF01973.21
NZ_AWNK01000001.1_136,PF20250.1
NZ_AWNK01000001.1_165,PF00072.27
NZ_AWNK01000001.1_226,PF05016.18
NZ_AWNK01000001.1_286,PF01226.20
NZ_AWNK01000011.1_66,PF02321.21
NZ_AWNK01000011.1_69,PF17209.6
NZ_AWNK01000011.1_98,PF02659.18
NZ_AWNK01000012.1_22,PF00115.23
NZ_AWNK01000015.1_32,PF04319.16
NZ_AWNK01000019.1_9,PF00072.27
NZ_AWNK01000020.1_6,PF00078.30
NZ_KI273144.1_158,PF00202.24
NZ_KI273144.1_307,PF00374.22
NZ_KI273144.1_327,PF04965.17
NZ_KI273144.1_390,PF00005.30
NZ_AWNK01000023.1_2,PF13304.9
NZ_AWNK01000004.1_5,PF00528.25
NZ_AWNK01000004.1_35,PF01627.26
NZ_AWNK01000005.1_28,PF00015.24
NZ_AWNK01000005.1_111,PF02683.18
NZ_AWNK01000005.1_176,PF00573.25
NZ_AWNK01000006.1_70,PF00420.27
NZ_AWNK01000006.1_116,PF06146.15
NZ_AWNK01000006.1_120,PF04403.16
NZ_AWNK01000006.1_167,PF12183.11
NZ_AWNK01000006.1_227,PF00582.29
NZ_AWNK01000006.1_265,PF08867.14
NZ_AWNK01000006.1_276,PF00692.22
NZ_AWNK01000006.1_292,PF02604.22
NZ_AWNK01000007.1_97,PF01258.20
NZ_AWNK01000007.1_118,PF05050.15
NZ_AWNK01000007.1_174,PF06629.15
NZ_AWNK01000007.1_291,PF00437.23
NZ_AWNK01000007.1_304,PF01061.27
NZ_AWNK01000009.1_33,PF01042.24
NZ_AWNK01000010.1_8,PF08901.14
NZ_AWNK01000010.1_52,PF07690.19
NZ_AWNK01000010.1_57,PF00923.22
NZ_AWNK01000010.1_62,PF00730.28
QMNP01000008.1_8,PF00557.27
QMNP01000009.1_4,PF02075.20
QMNP01000017.1_5,PF00221.22
QMNP01000024.1_6,PF13036.9
QMNP01000027.1_4,PF01541.27
QMNP01000028.1_5,PF18962.3
QMNP01000029.1_6,PF01558.21
QMNP01000031.1_3,PF00146.24
QMNP01000044.1_7,PF02508.17
QMNP01000044.1_10,PF03116.18
QMNP01000355.1_1,PF02310.22
QMNP01000355.1_3,PF00352.24
QMNP01000060.1_4,PF00809.25
QMNP01000063.1_6,PF01520.21
QMNP01000064.1_6,PF20230.1
QMNP01000066.1_6,PF01734.25
QMNP01000081.1_14,PF00156.30
QMNP01000085.1_5,PF04020.16
QMNP01000089.1_2,PF05036.16
QMNP01000090.1_5,PF00456.24
QMNP01000092.1_1,PF00359.25
QMNP01000123.1_3,PF00682.22
QMNP01000126.1_5,PF08843.14
QMNP01000127.1_8,PF02687.24
QMNP01000128.1_1,PF13302.10
QMNP01000130.1_1,PF00856.31
QMNP01000135.1_2,PF04748.16
QMNP01000144.1_1,PF00072.27
QMNP01000150.1_3,PF03652.18
QMNP01000158.1_4,PF08126.14
QMNP01000177.1_2,PF01475.22
QMNP01000196.1_4,PF02113.18
QMNP01000213.1_1,PF04997.15
QMNP01000249.1_4,PF02261.19
QMNP01000266.1_2,PF07676.15
QMNP01000268.1_2,PF11028.11
QMNP01000269.1_2,PF13366.9
QMNP01000292.1_4,PF04223.15
QMNP01000300.1_2,PF13367.9
QMNP01000322.1_1,PF13860.9
QMNP01000325.1_3,PF11827.11
QMNP01000326.1_3,PF03372.26
PWOA01000107.1_3,PF00085.23
PWOA01000098.1_15,PF20250.1
PWOA01000108.1_3,PF01145.28
PWOA01000046.1_7,PF00107.29
PWOA01000103.1_50,PF00717.26
PWOA01000040.1_7,PF03773.16
PWOA01000037.1_6,PF13083.9
PWOA01000037.1_13,PF09991.12
PWOA01000023.1_20,PF01881.19
PWOA01000092.1_6,PF01678.22
PWOA01000092.1_28,PF00137.24
PWOA01000092.1_31,PF09527.13
PWOA01000020.1_2,PF01668.21
PWOA01000101.1_8,PF02768.18
PWOA01000087.1_11,PF14305.9
PWOA01000087.1_14,PF06841.15
PWOA01000009.1_9,PF02470.23
PWOA01000049.1_4,PF13036.9
PWOA01000049.1_17,PF00574.26
PWOA01000045.1_1,PF13649.9
PWOA01000068.1_20,PF00885.22
PWOA01000068.1_24,PF13360.9
PWOA01000068.1_33,PF00588.22
PWOA01000047.1_6,PF02195.21
PWOA01000069.1_47,PF08271.15
PWOA01000069.1_54,PF03747.17
PWOA01000022.1_15,PF00437.23
PWOA01000073.1_4,PF10145.12
PWOA01000073.1_19,PF04860.15
PWOA01000074.1_27,PF03099.22
PWOA01000001.1_29,PF01899.19
PWOA01000001.1_40,PF01155.22
PWOA01000056.1_33,PF13310.9
PWOA01000053.1_2,PF02517.19
PWOA01000042.1_53,PF04350.16
PWOA01000042.1_62,PF13406.9
JABLWY010000001.1_18,PF02590.20
JABLWY010000001.1_99,PF00753.30
JABLWY010000001.1_119,PF02635.18
JABLWY010000001.1_155,PF00381.22
JABLWY010000001.1_218,PF00496.25
JABLWY010000001.1_220,PF14221.9
JABLWY010000001.1_245,PF01425.24
JABLWY010000001.1_342,PF06429.16
JABLWY010000001.1_430,PF00857.23
JABLWY010000001.1_461,PF04932.18
JABLWY010000001.1_465,PF02660.18
JABLWY010000001.1_531,PF04343.16
JABLWY010000001.1_532,PF00209.21
JABLWY010000001.1_534,PF01042.24
JABLWY010000001.1_547,PF02130.20
JABLWY010000001.1_551,PF04493.17
JABLWY010000001.1_632,PF00994.27
JABLWY010000001.1_679,PF00118.27
JABLWY010000001.1_736,PF01782.21
JABLWY010000001.1_737,PF01746.24
JABLWY010000001.1_740,PF10502.12
JABLWY010000001.1_741,PF01351.21
JABLWY010000001.1_754,PF00275.23
JABLWY010000001.1_764,PF00162.22
JABLWY010000001.1_851,PF06838.14
JABLWY010000001.1_856,PF02511.18
JABLWY010000001.1_888,PF00206.23
JABLWY010000001.1_933,PF13244.9
JABLWY010000001.1_970,PF00132.27
JABLWY010000001.1_983,PF01176.22
JABLWY010000001.1_1004,PF00573.25
JABLWY010000002.1_26,PF00708.21
JABLWY010000002.1_33,PF03372.26
JABLWY010000002.1_42,PF01464.23
JABLWY010000002.1_44,PF07833.14
JABLWY010000002.1_83,PF04055.24
JABLWY010000002.1_193,PF02347.19
JABLWY010000004.1_1,PF02086.18
NZ_KB899040.1_23,PF01205.22
NZ_KB899040.1_27,PF00892.23
NZ_KB899040.1_45,PF00146.24
NZ_KB899040.1_146,PF07892.14
NZ_KB899040.1_169,PF06429.16
NZ_KB899040.1_199,PF03748.17
NZ_KB899040.1_227,PF04165.15
NZ_KB899040.1_236,PF00834.22
NZ_KB899040.1_253,PF04199.16
NZ_KB899040.1_331,PF06153.14
NZ_KB899040.1_348,PF04961.15
NZ_KB899040.1_375,PF06195.16
NZ_KB899040.1_441,PF00994.27
NZ_KB899040.1_444,PF03977.16
NZ_KB899040.1_482,PF03816.17
NZ_KB899040.1_570,PF02502.21
NZ_KB899040.1_622,PF01594.19
NZ_KB899040.1_644,PF00293.31
NZ_KB899040.1_646,PF01676.21
NZ_KB899040.1_649,PF01743.23
NZ_KB899040.1_716,PF04452.17
NZ_KB899040.1_755,PF03334.17
NZ_KB899040.1_793,PF01416.23
NZ_KB899040.1_815,PF00238.22
NZ_KB899040.1_843,PF01268.22
NZ_KB899040.1_850,PF00459.28
NZ_KB899040.1_874,PF02386.19
NZ_KB899040.1_879,PF02775.24
NZ_KB899040.1_903,PF02163.25
NZ_KB899040.1_938,PF04263.19
NZ_KB899040.1_940,PF02673.21
NZ_KB899040.1_946,PF00528.25
NZ_KB899040.1_994,PF01551.25
NZ_KB899040.1_1011,PF07833.14
NZ_KB899040.1_1047,PF03169.18
NZ_KB899040.1_1074,PF01894.20
NZ_KB899040.1_1120,PF02585.20
NZ_KB899040.1_1127,PF01814.26
NZ_KB899040.1_1134,PF00266.22
NZ_KB899040.1_1138,PF06149.15
NZ_KB899040.1_1159,PF13192.9
NZ_KB899040.1_1164,PF01226.20
NZ_KB899040.1_1235,PF03746.19
NZ_KB899040.1_1246,PF01522.24
NZ_KB899040.1_1248,PF01212.24
NZ_KB899040.1_1290,PF09370.13
NZ_KB899040.1_1342,PF10797.12
NZ_KB899040.1_1385,PF00596.24
NZ_KB899040.1_1404,PF00933.24
CACGHR010000004.1_12,PF04461.16
CACGHR010000031.1_5,PF05996.15
CACGHR010000031.1_12,PF00889.22
CACGHR010000059.1_3,PF07993.15
CACGHR010000068.1_3,PF01641.21
NZ_AP018227.1_43,PF01936.21
NZ_AP018227.1_96,PF00950.20
NZ_AP018227.1_418,PF11318.11
NZ_AP018227.1_1038,PF06841.15
NZ_AP018227.1_1339,PF00953.24
NZ_AP018227.1_1537,PF20384.1
NZ_AP018227.1_1983,PF01757.25
NZ_AP018227.1_1987,PF09858.12
NZ_AP018227.1_2503,PF14103.9
NZ_AP018227.1_2572,PF13448.9
NZ_AP018227.1_3141,PF01522.24
NZ_AP018227.1_3259,PF20065.2
NZ_AP018227.1_3268,PF09557.13
NZ_AP018227.1_3287,PF02656.18
NZ_AP018227.1_4059,PF12770.10
NZ_AP018227.1_4450,PF13937.9
NZ_AP018227.1_4589,PF12095.11
NZ_AP018227.1_4862,PF05746.18
NZ_AP018227.1_4928,PF09991.12
NZ_AP018227.1_5111,PF03098.18
NZ_AP018227.1_5144,PF01242.22
NZ_AP018227.1_5264,PF02446.20
NZ_AP018227.1_5337,PF00682.22
NZ_AP018227.1_5716,PF13500.9
NZ_AP018227.1_5804,PF00355.29
NZ_AP018227.1_5882,PF00425.21
NZ_AP018227.1_6229,PF00440.26
NZ_AP018227.1_6439,PF01521.23
NZ_AP018227.1_6486,PF03781.19
NZ_AP018227.1_6669,PF07690.19
NZ_AP018228.1_5,PF10412.12
NZ_JACJQY010000010.1_13,PF01809.21
NZ_JACJQY010000010.1_56,PF05118.18
NZ_JACJQY010000011.1_54,PF00210.27
NZ_JACJQY010000015.1_6,PF08865.14
NZ_JACJQY010000018.1_11,PF05729.15
NZ_JACJQY010000018.1_15,PF04116.16
NZ_JACJQY010000019.1_13,PF00504.24
NZ_JACJQY010000019.1_22,PF00636.29
NZ_JACJQY010000002.1_84,PF06144.16
NZ_JACJQY010000002.1_123,PF08855.13
NZ_JACJQY010000028.1_21,PF10047.12
NZ_JACJQY010000028.1_51,PF01618.19
NZ_JACJQY010000003.1_32,PF02696.17
NZ_JACJQY010000032.1_22,PF07228.15
NZ_JACJQY010000038.1_8,PF00466.23
NZ_JACJQY010000004.1_33,PF13911.9
NZ_JACJQY010000040.1_41,PF00361.23
NZ_JACJQY010000042.1_47,PF06206.14
NZ_JACJQY010000044.1_21,PF00132.27
NZ_JACJQY010000045.1_18,PF13699.9
NZ_JACJQY010000045.1_28,PF00577.23
NZ_JACJQY010000047.1_20,PF03965.19
NZ_JACJQY010000047.1_21,PF01435.21
NZ_JACJQY010000049.1_6,PF00395.23
NZ_JACJQY010000056.1_2,PF04014.21
NZ_JACJQY010000058.1_14,PF05016.18
NZ_JACJQY010000008.1_85,PF00692.22
NZ_JACJQY010000085.1_10,PF07690.19
NZ_JACJQY010000009.1_69,PF02617.20
QCTB01000002.1_14,PF01725.19
QCTB01000006.1_12,PF00583.28
QCTB01000008.1_8,PF00557.27
QCTB01000013.1_4,PF00535.29
QCTB01000020.1_10,PF11866.11
QCTB01000049.1_3,PF00348.20
QCFI01000001.1_18,PF00118.27
QCFI01000002.1_91,PF00005.30
QCFI01000004.1_66,PF11833.11
QCFI01000005.1_33,PF00180.23
QCFI01000007.1_16,PF00226.34
QCFI01000007.1_18,PF13500.9
QCFI01000010.1_43,PF09835.12
QCFI01000014.1_2,PF02706.18
QCFI01000015.1_4,PF02572.18
QCFI01000022.1_12,PF00575.26
QCFI01000027.1_12,PF00487.27
QCFI01000032.1_12,PF00294.27
QCFI01000055.1_4,PF03013.17
DRYD01000030.1_33,PF00687.24
DRYD01000243.1_5,PF02511.18
DRYD01000243.1_13,PF12705.10
DRYD01000244.1_5,PF00682.22
DRYD01000112.1_25,PF04055.24
DRYD01000087.1_20,PF00771.23
DRYD01000047.1_12,PF02482.22
DRYD01000169.1_7,PF01654.20
DRYD01000169.1_11,PF00873.22
DRYD01000082.1_18,PF01266.27
DRYD01000232.1_17,PF00082.25
DRYD01000233.1_10,PF00078.30
DRYD01000233.1_13,PF02219.20
DRYD01000233.1_15,PF02834.19
DRYD01000013.1_11,PF03927.16
DRYD01000170.1_7,PF01715.20
DRYD01000113.1_7,PF00482.26
DRYD01000113.1_12,PF13552.9
DRYD01000113.1_14,PF09820.12
DRYD01000125.1_6,PF13730.9
DRYD01000100.1_3,PF01861.19
DRYD01000029.1_4,PF00202.24
DRYD01000133.1_7,PF00625.24
DRYD01000051.1_2,PF11563.11
DRYD01000108.1_6,PF02091.18
DRYD01000066.1_2,PF03739.17
DRYD01000188.1_2,PF00361.23
DRYD01000201.1_2,PF05050.15
DRYD01000061.1_5,PF02613.18
DRYD01000086.1_6,PF02366.21
DRYD01000057.1_5,PF01297.20
DRYD01000135.1_3,PF00265.21
DRYD01000166.1_1,PF00583.28
DRYD01000094.1_7,PF07963.15
DRYD01000094.1_8,PF09586.13
DRYD01000202.1_7,PF00166.24
DRYD01000187.1_1,PF01717.21
DRYD01000032.1_2,PF14903.9
DRYD01000033.1_2,PF00491.24
DRYD01000092.1_2,PF02518.29
DRYD01000022.1_3,PF00005.30
DRYD01000077.1_4,PF01455.21
DRYD01000223.1_3,PF00253.24
DRYD01000041.1_1,PF07837.15
DSNQ01000035.1_27,PF00892.23
DSNQ01000035.1_115,PF01702.21
DSNQ01000035.1_135,PF00171.25
DSNQ01000070.1_98,PF08011.14
DSNQ01000007.1_3,PF04542.17
DSNQ01000007.1_64,PF03808.16
DSNQ01000007.1_84,PF03775.19
DSNQ01000007.1_90,PF20143.2
DSNQ01000054.1_8,PF01553.24
DSNQ01000054.1_37,PF17164.7
DSNQ01000054.1_60,PF13372.9
DSNQ01000014.1_33,PF04452.17
DSNQ01000014.1_36,PF00850.22
DSNQ01000029.1_3,PF03966.19
DSNQ01000029.1_9,PF08486.13
DSNQ01000029.1_10,PF00482.26
DSNQ01000008.1_30,PF00482.26
DSNQ01000008.1_38,PF01740.24
DSNQ01000002.1_13,PF07977.16
DSNQ01000002.1_19,PF00082.25
DSNQ01000040.1_31,PF02594.19
DSNQ01000040.1_32,PF08544.16
DSNQ01000041.1_18,PF01311.23
DSNQ01000060.1_10,PF01597.22
DSNQ01000060.1_20,PF02873.19
DSNQ01000005.1_18,PF01012.24
DSNQ01000005.1_21,PF00265.21
DSNQ01000005.1_32,PF00436.28
DSNQ01000065.1_8,PF01451.24
DSNQ01000001.1_6,PF09701.13
DSNQ01000025.1_18,PF02108.19
DSNQ01000044.1_14,PF01661.24
DSNQ01000067.1_4,PF01098.22
DSNQ01000024.1_18,PF01592.19
DSNQ01000012.1_5,PF07833.14
DSNQ01000068.1_2,PF03968.17
DSNQ01000028.1_5,PF00437.23
DSNQ01000069.1_2,PF13440.9
DSNQ01000036.1_3,PF00694.22
DSNQ01000058.1_4,PF00079.23
JAAYHG010000079.1_17,PF00437.23
JAAYHG010000081.1_6,PF08020.14
JAAYHG010000090.1_3,PF09919.12
JAAYHG010000094.1_8,PF04472.15
JAAYHG010000097.1_1,PF04015.15
JAAYHG010000008.1_1,PF02954.22
JAAYHG010000106.1_1,PF04055.24
JAAYHG010000115.1_7,PF07435.14
JAAYHG010000135.1_3,PF00375.21
JAAYHG010000146.1_1,PF01467.29
JAAYHG010000151.1_5,PF07454.14
JAAYHG010000156.1_3,PF02361.19
JAAYHG010000166.1_2,PF10925.11
JAAYHG010000173.1_7,PF03169.18
JAAYHG010000185.1_1,PF00892.23
JAAYHG010000186.1_8,PF08279.15
JAAYHG010000187.1_13,PF01553.24
JAAYHG010000190.1_3,PF04239.15
JAAYHG010000195.1_2,PF00361.23
JAAYHG010000198.1_5,PF00491.24
JAAYHG010000198.1_7,PF01569.24
JAAYHG010000202.1_3,PF01975.20
JAAYHG010000210.1_5,PF07311.15
JAAYHG010000213.1_1,PF01678.22
JAAYHG010000220.1_4,PF02590.20
JAAYHG010000222.1_3,PF00573.25
JAAYHG010000223.1_9,PF00665.29
JAAYHG010000020.1_3,PF01668.21
JAAYHG010000231.1_2,PF00920.24
JAAYHG010000242.1_8,PF07456.14
JAAYHG010000242.1_10,PF02424.18
JAAYHG010000267.1_1,PF01327.24
JAAYHG010000294.1_7,PF01025.22
JAAYHG010000311.1_1,PF00344.23
JAAYHG010000322.1_3,PF00889.22
JAAYHG010000350.1_1,PF02620.20
JAAYHG010000054.1_4,PF00027.32
JAAYHG010000055.1_1,PF01098.22
JAAYHG010000062.1_3,PF03063.23
JAAYHG010000070.1_3,PF01293.23
JAAYHG010000074.1_4,PF11299.11
DUMP01000027.1_3,PF01609.24
DUMP01000027.1_17,PF02245.19
DUMP01000028.1_34,PF00291.28
DUMP01000028.1_41,PF00296.23
DUMP01000031.1_65,PF00392.24
DUMP01000004.1_11,PF03553.17
DUMP01000005.1_11,PF09548.13
DUMP01000005.1_19,PF03780.16
DUMP01000041.1_26,PF03323.16
DUMP01000044.1_42,PF00892.23
DUMP01000044.1_77,PF02569.18
DUMP01000045.1_1,PF00860.23
DUMP01000048.1_17,PF09723.13
DUMP01000048.1_88,PF00156.30
DUMP01000052.1_14,PF13783.9
DUMP01000052.1_17,PF10418.12
DUMP01000061.1_3,PF00475.21
DUMP01000062.1_2,PF04309.15
DUMP01000062.1_11,PF01475.22
DUMP01000062.1_26,PF06808.15
DUMP01000062.1_31,PF03401.17
DUMP01000062.1_33,PF02073.18
DUMP01000011.1_9,PF02811.22
DUMP01000065.1_4,PF02769.25
DUMP01000068.1_2,PF20095.2
DUMP01000012.1_10,PF01418.20
DUMP01000076.1_8,PF01594.19
DUMP01000078.1_12,PF01259.21
DUMP01000082.1_34,PF07977.16
DUMP01000001.1_11,PF00574.26
DUMP01000084.1_21,PF01464.23
DUMP01000084.1_36,PF00361.23
DUMP01000086.1_7,PF00155.24
DUMP01000087.1_21,PF00550.28
DUMP01000088.1_2,PF00902.21
DUMP01000091.1_50,PF08666.15
DUMP01000093.1_9,PF06782.14
DUMP01000014.1_4,PF13165.9
DUMP01000104.1_13,PF07090.14
DUMP01000126.1_1,PF03313.18
DUMP01000016.1_5,PF04255.17
DUMP01000136.1_14,PF00275.23
DUMP01000017.1_10,PF10764.12
DUMP01000153.1_33,PF09861.12
DUMP01000020.1_2,PF03746.19
DUMP01000159.1_10,PF00528.25
DUMP01000159.1_29,PF20116.2
DUMP01000160.1_33,PF02504.18
DUMP01000162.1_3,PF00491.24
DUMP01000162.1_9,PF10646.12
DUMP01000023.1_11,PF02386.19
DUMP01000003.1_20,PF12841.10
DUMJ01000002.1_4,PF01497.21
DUMJ01000002.1_24,PF01648.23
DUMJ01000021.1_6,PF02583.20
DUMJ01000023.1_6,PF01177.25
DUMJ01000023.1_10,PF00496.25
DUMJ01000024.1_37,PF02659.18
DUMJ01000025.1_49,PF02110.18
DUMJ01000025.1_70,PF03975.16
DUMJ01000028.1_8,PF02108.19
DUMJ01000029.1_14,PF01261.27
DUMJ01000031.1_4,PF00156.30
DUMJ01000034.1_30,PF07940.16
DUMJ01000038.1_3,PF00297.25
DUMJ01000042.1_9,PF01202.25
DUMJ01000042.1_15,PF00825.21
DUMJ01000042.1_26,PF07813.15
DUMJ01000042.1_64,PF00543.25
DUMJ01000042.1_83,PF01012.24
DUMJ01000043.1_56,PF00528.25
DUMJ01000046.1_5,PF01850.24
DUMJ01000047.1_21,PF01208.20
DUMJ01000053.1_35,PF00696.31
DUMJ01000053.1_65,PF06283.14
DUMJ01000053.1_87,PF04232.15
DUMJ01000059.1_1,PF00496.25
DUMJ01000004.1_1,PF01934.20
DUMJ01000068.1_4,PF09827.12
DUMJ01000070.1_6,PF03065.18
DUMJ01000007.1_14,PF06245.14
DUMJ01000008.1_6,PF00107.29
DUMJ01000080.1_14,PF01934.20
DUMJ01000080.1_19,PF07927.15
DUMJ01000081.1_4,PF00496.25
DUMJ01000012.1_1,PF04199.16
JACIXS010000100.1_26,PF00834.22
JACIXS010000100.1_27,PF01177.25
JACIXS010000100.1_30,PF01197.21
JACIXS010000100.1_55,PF00496.25
JACIXS010000100.1_74,PF02595.18
JACIXS010000105.1_15,PF00291.28
JACIXS010000118.1_10,PF01522.24
JACIXS010000120.1_5,PF02623.18
JACIXS010000120.1_19,PF03143.20
JACIXS010000123.1_35,PF05681.17
JACIXS010000123.1_36,PF05683.15
JACIXS010000128.1_3,PF17132.7
JACIXS010000128.1_15,PF02653.19
JACIXS010000130.1_1,PF00795.25
JACIXS010000144.1_7,PF04909.17
JACIXS010000016.1_4,PF01208.20
JACIXS010000168.1_16,PF00496.25
JACIXS010000173.1_13,PF02633.17
JACIXS010000018.1_9,PF00294.27
JACIXS010000199.1_12,PF00814.28
JACIXS010000203.1_1,PF01432.23
JACIXS010000204.1_5,PF01895.22
JACIXS010000249.1_12,PF09972.12
JACIXS010000254.1_6,PF00701.25
JACIXS010000254.1_16,PF00215.27
JACIXS010000268.1_2,PF00155.24
JACIXS010000272.1_10,PF01924.19
JACIXS010000278.1_1,PF01195.22
JACIXS010000316.1_2,PF08447.15
JACIXS010000342.1_4,PF02130.20
JACIXS010000343.1_20,PF05025.16
JACIXS010000343.1_23,PF03808.16
JACIXS010000348.1_24,PF00764.22
JACIXS010000349.1_3,PF01894.20
JACIXS010000353.1_6,PF03780.16
JACIXS010000355.1_9,PF17253.5
JACIXS010000377.1_6,PF00496.25
JACIXS010000396.1_14,PF00180.23
JACIXS010000415.1_6,PF02779.27
JACIXS010000419.1_17,PF01261.27
JACIXS010000419.1_41,PF09413.13
JACIXS010000419.1_42,PF01694.25
JACIXS010000423.1_1,PF03186.16
JACIXS010000044.1_17,PF00828.22
JACIXS010000044.1_38,PF03143.20
JACIXS010000055.1_14,PF00150.21
JACIXS010000055.1_66,PF01098.22
JACIXS010000077.1_17,PF02535.25
JACIXS010000079.1_13,PF01966.25
JACIXS010000087.1_2,PF00496.25
LUZY01000001.1_6,PF00528.25
LUZY01000003.1_49,PF01880.21
LUZY01000003.1_65,PF00990.24
LUZY01000003.1_92,PF11756.11
LUZY01000003.1_110,PF01475.22
LUZY01000003.1_163,PF01039.25
LUZY01000003.1_179,PF00581.23
LUZY01000003.1_253,PF10707.12
LUZY01000005.1_7,PF00581.23
LUZY01000005.1_9,PF02635.18
LUZY01000005.1_84,PF01765.22
LUZY01000006.1_66,PF02525.20
LUZY01000008.1_109,PF02597.23
LUZY01000008.1_169,PF02416.19
LUZY01000008.1_204,PF01258.20
LUZY01000008.1_249,PF01694.25
LUZY01000008.1_256,PF01502.21
LUZY01000008.1_294,PF06050.16
LUZY01000009.1_5,PF03547.21
LUZY01000009.1_64,PF01381.25
LUZY01000009.1_103,PF01245.23
LUZY01000009.1_195,PF03618.17
LUZY01000010.1_83,PF02878.19
LUZY01000010.1_173,PF00202.24
LUZY01000010.1_175,PF01184.22
LUZY01000010.1_208,PF00698.24
LUZY01000013.1_173,PF00348.20
LUZY01000013.1_199,PF06035.14
LUZY01000013.1_278,PF00216.24
LUZY01000013.1_284,PF02811.22
LUZY01000013.1_332,PF02674.19
LUZY01000013.1_416,PF01895.22
LUZY01000013.1_553,PF00072.27
LUZY01000013.1_589,PF02900.21
CAJUJZ010000001.1_52,PF13387.9
CAJUJZ010000002.1_21,PF13406.9
CAJUJZ010000002.1_36,PF13180.9
CAJUJZ010000003.1_45,PF00145.20
CAJUJZ010000006.1_17,PF02673.21
CAJUJZ010000008.1_25,PF05866.14
CAJUJZ010000008.1_44,PF02470.23
CAJUJZ010000011.1_10,PF03030.19
CAJUJZ010000011.1_11,PF02416.19
CAJUJZ010000011.1_22,PF04468.15
CAJUJZ010000014.1_5,PF00231.22
CAJUJZ010000014.1_27,PF05437.15
CAJUJZ010000020.1_12,PF02511.18
CAJUJZ010000021.1_19,PF04002.18
CAJUJZ010000023.1_18,PF01464.23
CAJUJZ010000031.1_10,PF14110.9
CAJUJZ010000032.1_19,PF02405.19
CAJUJZ010000034.1_9,PF00573.25
CAJUJZ010000037.1_15,PF02277.20
CAJUJZ010000038.1_9,PF01578.23
CAJUJZ010000039.1_12,PF00202.24
CAJUJZ010000043.1_1,PF04055.24
CAJUJZ010000043.1_8,PF02472.19
CAJUJZ010000044.1_14,PF03548.18
CAJUJZ010000049.1_1,PF11185.11
CAJUJZ010000051.1_4,PF00528.25
CAJUJZ010000060.1_5,PF02472.19
CAJUJZ010000068.1_9,PF01098.22
CAJUJZ010000073.1_6,PF01066.24
CAJUJZ010000074.1_2,PF19807.2
CAJUJZ010000076.1_2,PF01075.20
CAJUJZ010000078.1_5,PF00581.23
CAJUJZ010000086.1_4,PF00701.25
CAJUJZ010000093.1_5,PF02348.22
CAJUJZ010000095.1_1,PF19875.2
CAJUJZ010000100.1_10,PF00694.22
CAJUJZ010000101.1_7,PF00590.23
CAJUJZ010000111.1_4,PF00005.30
CAJUJZ010000114.1_5,PF00581.23
CAJUJZ010000120.1_3,PF00344.23
CAJUJZ010000124.1_2,PF04166.15
CAJUJZ010000146.1_1,PF13304.9
CAJUJZ010000147.1_8,PF13333.9
CAJUJZ010000157.1_5,PF14715.9
CAJUJZ010000185.1_4,PF00313.25
CAJUJZ010000218.1_1,PF01553.24
NZ_CP021081.1_85,PF00082.25
NZ_CP021081.1_241,PF00795.25
NZ_CP021081.1_258,PF01520.21
NZ_CP021081.1_304,PF04961.15
NZ_CP021081.1_460,PF01384.23
NZ_CP021081.1_492,PF00730.28
NZ_CP021081.1_664,PF04228.16
NZ_CP021081.1_681,PF02585.20
NZ_CP021081.1_791,PF00294.27
NZ_CP021081.1_913,PF00561.23
NZ_CP021081.1_973,PF02308.19
NZ_CP021081.1_1222,PF02416.19
NZ_CP021081.1_1418,PF03588.17
NZ_CP021081.1_1427,PF02645.19
NZ_CP021081.1_1432,PF00496.25
NZ_CP021081.1_1471,PF01746.24
NZ_CP021081.1_1517,PF05626.14
NZ_CP021081.1_1566,PF10079.12
NZ_CP021081.1_1646,PF00590.23
NZ_CP021081.1_1650,PF13302.10
NZ_CP021081.1_1652,PF00953.24
NZ_CP021081.1_1896,PF02628.18
NZ_CP021081.1_1911,PF00871.20
NZ_CP021081.1_1941,PF00528.25
NZ_CP021081.1_1985,PF02653.19
NZ_CP021081.1_2107,PF00893.22
NZ_CP021081.1_2123,PF00293.31
NZ_CP021081.1_2290,PF01883.22
NZ_CP021081.1_2325,PF00327.23
NZ_CP021081.1_2351,PF01809.21
NZ_CP021081.1_2431,PF01040.21
NZ_CP021081.1_2519,PF12728.10
NZ_CP021081.1_2530,PF00717.26
NZ_CP021082.1_126,PF03807.20
NZ_CP021082.1_166,PF12840.10
NZ_CP021082.1_352,PF02836.20
NZ_CP021082.1_372,PF12867.10
NZ_CP021083.1_33,PF03061.25
NZ_CP021083.1_55,PF05139.17
NZ_CP021083.1_132,PF01032.21
NZ_CP021083.1_232,PF00420.27
NZ_CP021083.1_250,PF02608.17
NZ_CP021084.1_80,PF02653.19
NZ_CP021084.1_108,PF14460.9
JAABRV010000105.1_3,PF00528.25
JAABRV010000109.1_6,PF03401.17
JAABRV010000128.1_3,PF00892.23
JAABRV010000131.1_3,PF06897.15
JAABRV010000139.1_1,PF13385.9
JAABRV010000144.1_4,PF13396.9
JAABRV010000014.1_10,PF00202.24
JAABRV010000015.1_18,PF00155.24
JAABRV010000159.1_3,PF00254.31
JAABRV010000016.1_20,PF00551.22
JAABRV010000172.1_3,PF12705.10
JAABRV010000017.1_14,PF02627.23
JAABRV010000178.1_2,PF03713.16
JAABRV010000018.1_6,PF00923.22
JAABRV010000022.1_10,PF01408.25
JAABRV010000220.1_6,PF01850.24
JAABRV010000002.1_17,PF01293.23
JAABRV010000031.1_14,PF04020.16
JAABRV010000031.1_18,PF00215.27
JAABRV010000036.1_20,PF02527.18
JAABRV010000037.1_1,PF05239.19
JAABRV010000037.1_12,PF05573.15
JAABRV010000038.1_13,PF02618.19
JAABRV010000003.1_10,PF00881.27
JAABRV010000045.1_2,PF01960.21
JAABRV010000048.1_13,PF01182.23
JAABRV010000004.1_40,PF02541.19
JAABRV010000004.1_47,PF01883.22
JAABRV010000051.1_4,PF01642.25
JAABRV010000005.1_31,PF02817.20
JAABRV010000060.1_2,PF02082.23
JAABRV010000067.1_11,PF07386.14
JAABRV010000075.1_11,PF00067.25
JAFGUZ010000119.1_3,PF02452.20
JAFGUZ010000121.1_1,PF00448.25
JAFGUZ010000016.1_4,PF01584.22
JAFGUZ010000131.1_36,PF00691.23
JAFGUZ010000139.1_5,PF01713.24
JAFGUZ010000148.1_10,PF01597.22
JAFGUZ010000151.1_26,PF01694.25
JAFGUZ010000166.1_4,PF01975.20
JAFGUZ010000167.1_41,PF07949.15
JAFGUZ010000169.1_36,PF04074.15
JAFGUZ010000173.1_2,PF00202.24
JAFGUZ010000182.1_24,PF12669.10
JAFGUZ010000182.1_25,PF03840.17
JAFGUZ010000184.1_3,PF03692.18
JAFGUZ010000186.1_11,PF13280.9
JAFGUZ010000190.1_33,PF00781.27
JAFGUZ010000204.1_23,PF00344.23
JAFGUZ010000204.1_24,PF00828.22
JAFGUZ010000205.1_24,PF12034.11
JAFGUZ010000210.1_64,PF01618.19
JAFGUZ010000032.1_80,PF17170.7
JAFGUZ010000224.1_11,PF06803.15
JAFGUZ010000224.1_36,PF01136.22
JAFGUZ010000233.1_18,PF01809.21
JAFGUZ010000233.1_25,PF00294.27
JAFGUZ010000242.1_4,PF20280.1
JAFGUZ010000034.1_3,PF00872.21
JAFGUZ010000037.1_4,PF02321.21
JAFGUZ010000039.1_22,PF11823.11
JAFGUZ010000049.1_10,PF00072.27
JAFGUZ010000051.1_2,PF01934.20
JAFGUZ010000059.1_6,PF03099.22
JAFGUZ010000059.1_11,PF00293.31
JAFGUZ010000067.1_2,PF00392.24
JAFGUZ010000069.1_8,PF05947.15
JAFGUZ010000070.1_10,PF02666.18
JAFGUZ010000071.1_1,PF00476.23
JAFGUZ010000072.1_11,PF00293.31
JAFGUZ010000072.1_27,PF01738.21
JAFGUZ010000009.1_46,PF19289.2
JAFGUZ010000076.1_13,PF02082.23
JAFGUZ010000076.1_18,PF00814.28
JAFGUZ010000083.1_17,PF00453.21
JAFGUZ010000083.1_77,PF00263.24
JAFGUZ010000089.1_17,PF00692.22
JAFGUZ010000093.1_5,PF01261.27
JAFGUZ010000094.1_25,PF04285.15
JAFGUZ010000106.1_33,PF00217.22
JAFGUZ010000110.1_4,PF01475.22
JAFGUZ010000112.1_29,PF00072.27
JAFGUZ010000112.1_30,PF00072.27
JAFGUZ010000112.1_54,PF04892.15
JAFGUZ010000112.1_67,PF17253.5
JAFGUZ010000112.1_68,PF02579.20
JAFGUZ010000014.1_19,PF09605.13
JAFGUZ010000116.1_3,PF02627.23
JADHUQ010000124.1_2,PF13779.9
JADHUQ010000130.1_4,PF02446.20
JADHUQ010000007.1_20,PF12705.10
JADHUQ010000151.1_3,PF01555.21
JADHUQ010000010.1_6,PF00072.27
JADHUQ010000022.1_18,PF02574.19
JADHUQ010000024.1_1,PF08668.15
JADHUQ010000026.1_3,PF00932.22
JADHUQ010000027.1_17,PF00180.23
JADHUQ010000028.1_6,PF01261.27
JADHUQ010000032.1_4,PF20157.2
JADHUQ010000036.1_6,PF13646.9
JADHUQ010000041.1_6,PF16119.8
JADHUQ010000052.1_2,PF03006.23
JADHUQ010000001.1_14,PF01863.20
JADHUQ010000001.1_15,PF01957.21
JADHUQ010000075.1_2,PF01025.22
JADHUQ010000084.1_2,PF00936.22
JADHUQ010000085.1_2,PF01904.21
JADHUQ010000090.1_6,PF05343.17
JADHUQ010000100.1_6,PF00082.25
JADHUQ010000102.1_2,PF00507.22
JADHUQ010000103.1_4,PF01739.21
JADHUQ010000104.1_1,PF02690.18
JADHUQ010000107.1_9,PF18962.3
JADHUQ010000004.1_9,PF14014.9
METK01000003.1_2,PF00231.22
METK01000003.1_4,PF02367.20
METK01000003.1_18,PF06185.15
METK01000003.1_63,PF00861.25
METK01000003.1_78,PF01385.22
METK01000005.1_26,PF20071.2
METK01000007.1_12,PF00375.21
METK01000007.1_25,PF02511.18
METK01000008.1_4,PF01636.26
METK01000008.1_10,PF07866.14
METK01000008.1_16,PF01343.21
METK01000008.1_57,PF13584.9
METK01000008.1_86,PF01165.23
METK01000008.1_92,PF00137.24
METK01000008.1_132,PF04608.16
METK01000008.1_141,PF02592.18
METK01000008.1_165,PF01145.28
METK01000008.1_166,PF01957.21
METK01000010.1_27,PF13103.9
METK01000010.1_29,PF01618.19
METK01000010.1_32,PF02482.22
METK01000010.1_38,PF03219.17
METK01000010.1_73,PF08486.13
METK01000011.1_3,PF00004.32
METK01000014.1_11,PF02666.18
METK01000015.1_10,PF04350.16
METK01000015.1_41,PF00294.27
METK01000015.1_43,PF00929.27
METK01000015.1_73,PF01250.20
METK01000016.1_3,PF00719.22
METK01000017.1_2,PF02350.22
METK01000017.1_6,PF05050.15
METK01000017.1_25,PF00334.22
METK01000017.1_31,PF01432.23
METK01000017.1_53,PF00213.21
METK01000017.1_55,PF13535.9
METK01000017.1_60,PF00210.27
METK01000017.1_65,PF00166.24
METK01000019.1_10,PF00814.28
METK01000019.1_30,PF00482.26
METK01000019.1_45,PF00691.23
METK01000019.1_53,PF00005.30
METK01000019.1_61,PF07963.15
METK01000019.1_67,PF09986.12
METK01000021.1_14,PF01098.22
METK01000021.1_19,PF01797.19
JAHIKO010000025.1_1,PF01522.24
JAHIKO010000005.1_3,PF02355.19
JAHIKO010000006.1_6,PF03279.16
JAHIKO010000034.1_2,PF02386.19
JAHIKO010000036.1_1,PF01261.27
JAHIKO010000036.1_6,PF00834.22
JAHIKO010000036.1_8,PF14520.9
JAHIKO010000037.1_5,PF02592.18
JAHIKO010000037.1_9,PF01520.21
JAHIKO010000039.1_1,PF00924.21
JAHIKO010000001.1_4,PF01243.23
JAHIKO010000042.1_5,PF00005.30
JAHIKO010000043.1_10,PF13103.9
JAHIKO010000044.1_8,PF03840.17
JAHIKO010000083.1_2,PF01695.20
JAHIKO010000051.1_3,PF03553.17
JAHIKO010000051.1_24,PF13083.9
JAHIKO010000051.1_31,PF02875.24
JAHIKO010000057.1_31,PF01084.23
JAHIKO010000060.1_18,PF00828.22
JAHIKO010000060.1_34,PF00276.23
JAHIKO010000060.1_36,PF00297.25
JAHIKO010000008.1_4,PF00793.23
JAHIKO010000062.1_17,PF01408.25
JAHIKO010000064.1_1,PF07931.15
JAHIKO010000065.1_2,PF16494.8
JAHIKO010000065.1_4,PF03793.22
JAHIKO010000065.1_12,PF13576.9
JAHIKO010000066.1_3,PF00482.26
JAHIKO010000068.1_13,PF00398.23
JAHIKO010000070.1_19,PF01258.20
JAHIKO010000003.1_1,PF01783.26
JAHIKO010000003.1_2,PF00889.22
JAHIKO010000019.1_7,PF02588.18
JAHIKO010000019.1_27,PF00437.23
JAHIKO010000020.1_7,PF13443.9
JAHIKO010000022.1_24,PF03219.17
MNUO01000111.1_2,PF04909.17
MNUO01000093.1_4,PF01261.27
MNUO01000093.1_6,PF01261.27
MNUO01000093.1_24,PF01487.18
MNUO01000093.1_38,PF00330.23
MNUO01000065.1_2,PF04255.17
MNUO01000131.1_7,PF03773.16
MNUO01000131.1_16,PF14559.9
MNUO01000118.1_4,PF01467.29
MNUO01000052.1_14,PF04085.17
MNUO01000097.1_2,PF03687.16
MNUO01000049.1_18,PF04014.21
MNUO01000041.1_2,PF04365.16
MNUO01000115.1_11,PF01895.22
MNUO01000115.1_20,PF01261.27
MNUO01000011.1_16,PF02673.21
MNUO01000011.1_18,PF02386.19
MNUO01000027.1_6,PF05258.15
MNUO01000075.1_13,PF00953.24
MNUO01000108.1_24,PF01734.25
MNUO01000108.1_27,PF01497.21
MNUO01000046.1_9,PF00411.22
MNUO01000046.1_26,PF00252.21
MNUO01000046.1_38,PF00164.28
MNUO01000046.1_41,PF00466.23
MNUO01000124.1_16,PF00482.26
MNUO01000106.1_3,PF05800.14
MNUO01000071.1_5,PF02585.20
MNUO01000012.1_6,PF01261.27
MNUO01000062.1_11,PF01261.27
MNUO01000092.1_5,PF01939.19
MNUO01000053.1_11,PF01841.22
MNUO01000098.1_5,PF02401.21
MNUO01000039.1_8,PF00892.23
MNUO01000051.1_9,PF16949.8
MNUO01000123.1_13,PF00731.23
MNUO01000048.1_3,PF04909.17
MNUO01000048.1_5,PF04909.17
MNUO01000043.1_9,PF04015.15
MNUP01000032.1_19,PF02452.20
MNUP01000118.1_5,PF06445.18
MNUP01000120.1_12,PF02481.18
MNUP01000053.1_15,PF18739.4
MNUP01000148.1_5,PF01345.21
MNUP01000100.1_7,PF01041.20
MNUP01000123.1_29,PF01850.24
MNUP01000114.1_7,PF13401.9
MNUP01000075.1_28,PF01487.18
MNUP01000075.1_33,PF03780.16
MNUP01000101.1_8,PF02569.18
MNUP01000101.1_14,PF14489.9
MNUP01000101.1_23,PF09972.12
MNUP01000112.1_9,PF18912.3
MNUP01000110.1_1,PF13366.9
MNUP01000143.1_13,PF00359.25
MNUP01000060.1_20,PF02811.22
MNUP01000066.1_14,PF01261.27
MNUP01000066.1_19,PF05635.14
MNUP01000020.1_6,PF08859.14
MNUP01000020.1_19,PF01451.24
MNUP01000020.1_23,PF00293.31
MNUP01000029.1_6,PF04014.21
MNUP01000141.1_4,PF09918.12
MNUP01000078.1_8,PF05164.16
MNUP01000054.1_6,PF01345.21
MNUP01000047.1_1,PF01261.27
MNUP01000093.1_13,PF00892.23
MNUP01000109.1_5,PF01041.20
MNUP01000130.1_21,PF03091.18
MNUP01000073.1_10,PF00437.23
MNUP01000055.1_3,PF00528.25
MNUP01000087.1_4,PF00482.26
MNUP01000087.1_7,PF01797.19
MNUP01000087.1_10,PF02577.17
MNUP01000087.1_13,PF13366.9
MNUP01000088.1_8,PF03309.17
MNUP01000083.1_15,PF01261.27
MNUP01000127.1_6,PF01208.20
MNUP01000003.1_3,PF05402.15
MNUP01000017.1_6,PF02632.17
MNUP01000062.1_2,PF00313.25
MNUP01000050.1_4,PF07796.14
MNUP01000126.1_1,PF01041.20
MNUP01000105.1_6,PF00583.28
MNUP01000105.1_7,PF01408.25
MNUP01000006.1_5,PF01865.19
MNUP01000006.1_16,PF02081.18
DIWJ01000058.1_18,PF00171.25
DIWJ01000058.1_31,PF00860.23
DIWJ01000053.1_38,PF01292.23
DIWJ01000054.1_56,PF06050.16
DIWJ01000033.1_37,PF00202.24
DIWJ01000005.1_3,PF01578.23
DIWJ01000059.1_14,PF02001.19
DIWJ01000024.1_78,PF02130.20
DIWJ01000020.1_20,PF01966.25
DIWJ01000023.1_93,PF00072.27
DIWJ01000023.1_102,PF07963.15
DIWJ01000018.1_1,PF01314.21
DIWJ01000069.1_1,PF01709.23
DIWJ01000067.1_59,PF01326.22
DIWJ01000067.1_81,PF01641.21
DIWJ01000049.1_98,PF06808.15
DIWJ01000085.1_102,PF20081.2
DIWJ01000066.1_5,PF01813.20
DIWJ01000087.1_17,PF03480.16
DIWJ01000087.1_31,PF04342.15
DIWJ01000030.1_46,PF02615.17
DIWJ01000030.1_74,PF03480.16
DIWJ01000052.1_83,PF00831.26
DIWJ01000027.1_22,PF09424.13
DIWJ01000068.1_6,PF00582.29
DIWJ01000035.1_11,PF01648.23
DIWJ01000035.1_23,PF00582.29
JACRPW010000036.1_1,PF04313.17
JACRPW010000044.1_36,PF02357.22
JACRPW010000044.1_47,PF02021.20
JACRPW010000011.1_29,PF01402.24
JACRPW010000012.1_10,PF01058.25
JACRPW010000075.1_6,PF01597.22
JACRPW010000081.1_13,PF01568.24
JACRPW010000076.1_26,PF03150.17
JACRPW010000080.1_5,PF09516.13
JACRPW010000088.1_3,PF01930.20
JACRPW010000099.1_14,PF04255.17
JACRPW010000099.1_18,PF01527.23
JACRPW010000031.1_3,PF01551.25
JACRPW010000034.1_24,PF01176.22
JACRPW010000002.1_7,PF00203.24
NZ_CP015455.1_239,PF01497.21
NZ_CP015455.1_408,PF20419.1
NZ_CP015455.1_415,PF01168.23
NZ_CP015455.1_453,PF00266.22
NZ_CP015455.1_551,PF04102.15
NZ_CP015455.1_630,PF18905.3
NZ_CP015455.1_648,PF00202.24
NZ_CP015455.1_833,PF00290.23
NZ_CP015455.1_879,PF00091.28
NZ_CP015455.1_976,PF02579.20
NZ_CP015455.1_1027,PF04413.19
NZ_CP015455.1_1110,PF14346.9
NZ_CP015455.1_1113,PF06865.14
NZ_CP015455.1_1183,PF01649.21
NZ_CP015455.1_1287,PF02604.22
NZ_CP015455.1_1503,PF01558.21
NZ_CP015455.1_1567,PF13366.9
NZ_CP015455.1_1738,PF02308.19
NZ_CP015455.1_2198,PF00248.24
NZ_CP015455.1_2399,PF01966.25
NZ_CP015455.1_2738,PF00753.30
NZ_CP015455.1_2996,PF02602.18
NC_007759.1_53,PF00892.23
NC_007759.1_138,PF14312.9
NC_007759.1_140,PF00696.31
NC_007759.1_194,PF00809.25
NC_007759.1_272,PF00573.25
NC_007759.1_301,PF00572.21
NC_007759.1_328,PF01814.26
NC_007759.1_907,PF04545.19
NC_007759.1_1241,PF03748.17
NC_007759.1_1252,PF10135.12
NC_007759.1_1656,PF03330.21
NC_007759.1_1871,PF02915.20
NC_007759.1_2151,PF02653.19
NC_007759.1_2213,PF00496.25
NC_007759.1_2247,PF01558.21
NC_007759.1_2401,PF06082.14
NC_007759.1_2480,PF02033.21
NC_007759.1_2542,PF00929.27
NC_007759.1_2714,PF03773.16
NC_007759.1_2789,PF02424.18
JADBKU010000001.1_18,PF03740.16
JADBKU010000001.1_78,PF00301.23
JADBKU010000001.1_111,PF00155.24
JADBKU010000001.1_128,PF02596.18
JADBKU010000016.1_22,PF04402.17
JADBKU010000016.1_24,PF01988.22
JADBKU010000016.1_44,PF00440.26
JADBKU010000017.1_15,PF00440.26
JADBKU010000019.1_19,PF03739.17
JADBKU010000002.1_14,PF00753.30
JADBKU010000020.1_79,PF07927.15
JADBKU010000022.1_22,PF11769.11
JADBKU010000023.1_89,PF01969.20
JADBKU010000023.1_156,PF07690.19
JADBKU010000025.1_13,PF02470.23
JADBKU010000025.1_51,PF00701.25
JADBKU010000028.1_15,PF05762.17
JADBKU010000028.1_16,PF04773.16
JADBKU010000028.1_37,PF04199.16
JADBKU010000028.1_76,PF03320.16
JADBKU010000028.1_132,PF08811.14
JADBKU010000003.1_27,PF01066.24
JADBKU010000030.1_42,PF09374.13
JADBKU010000032.1_10,PF07690.19
JADBKU010000032.1_63,PF00471.23
JADBKU010000032.1_80,PF02405.19
JADBKU010000033.1_15,PF00290.23
JADBKU010000034.1_29,PF00296.23
JADBKU010000037.1_50,PF03631.18
JADBKU010000004.1_68,PF13577.9
JADBKU010000040.1_7,PF09656.13
JADBKU010000042.1_15,PF03840.17
JADBKU010000005.1_45,PF12728.10
JADBKU010000052.1_2,PF07044.14
JADBKU010000057.1_3,PF09957.12
JADBKU010000006.1_142,PF08875.14
JADBKU010000008.1_12,PF00535.29
JADBKU010000009.1_31,PF02417.18
JADBKU010000009.1_51,PF00528.25
JADBKU010000009.1_90,PF00430.21
DLYX01000635.1_12,PF00202.24
DLYX01000051.1_1,PF00392.24
DLYX01000464.1_1,PF00300.25
DLYX01000400.1_2,PF00293.31
DLYX01000559.1_5,PF00300.25
DLYX01000583.1_2,PF19328.2
DLYX01000144.1_7,PF00488.24
DLYX01000408.1_1,PF01855.22
DLYX01000205.1_2,PF00202.24
DLYX01000570.1_2,PF00144.27
DLYX01000017.1_3,PF01699.27
DLYX01000412.1_1,PF13191.9
DLYX01000137.1_3,PF10604.12
DLYX01000050.1_2,PF00144.27
DLYX01000028.1_3,PF02698.20
DLYX01000178.1_1,PF07715.18
DLYX01000336.1_1,PF14306.9
DLYX01000495.1_3,PF20009.2
DLYX01000561.1_2,PF07394.15
DLYX01000362.1_3,PF19289.2
DLYX01000350.1_3,PF02580.19
DLYX01000444.1_4,PF00162.22
DLYX01000515.1_6,PF09335.14
DLYX01000092.1_4,PF13340.9
DLYX01000411.1_4,PF07396.14
DLYX01000581.1_1,PF01804.21
DLYX01000216.1_5,PF01625.24
DLYX01000277.1_1,PF02515.20
DLYX01000123.1_7,PF04367.16
DLYX01000393.1_4,PF19554.2
DLYX01000082.1_3,PF01145.28
DLYX01000311.1_2,PF01464.23
DLYX01000623.1_3,PF00440.26
DLYX01000590.1_2,PF01648.23
DLYX01000190.1_4,PF00471.23
PKTT01000062.1_38,PF07796.14
PKTT01000053.1_13,PF00571.31
PKTT01000033.1_13,PF00180.23
PKTT01000061.1_12,PF00072.27
PKTT01000057.1_4,PF00164.28
PKTT01000015.1_3,PF00831.26
PKTT01000043.1_21,PF02092.20
PKTT01000007.1_10,PF02775.24
PKTT01000007.1_44,PF03977.16
PKTT01000021.1_3,PF01694.25
PKTT01000021.1_48,PF02677.17
PKTT01000021.1_55,PF00625.24
PKTT01000035.1_14,PF07963.15
PKTT01000035.1_17,PF00437.23
PKTT01000036.1_31,PF00682.22
PKTT01000036.1_35,PF04069.15
PKTT01000006.1_9,PF01618.19
PKTT01000006.1_88,PF04187.16
PKTT01000065.1_2,PF03109.19
PKTT01000065.1_33,PF11306.11
PKTT01000029.1_37,PF03884.17
PKTT01000038.1_3,PF00344.23
PKTT01000016.1_16,PF02472.19
PKTT01000016.1_19,PF02548.18
PKTT01000018.1_28,PF02660.18
PKTT01000018.1_31,PF03320.16
PKTT01000009.1_66,PF02609.19
PKTT01000009.1_75,PF06089.15
PKTT01000009.1_105,PF04290.15
PKTT01000009.1_124,PF04172.19
PKTT01000066.1_9,PF00496.25
PKTT01000050.1_11,PF05683.15
PKTT01000055.1_16,PF00528.25
PKTT01000052.1_19,PF12838.10
PKTT01000023.1_11,PF00990.24
PKTT01000003.1_103,PF12224.11
DSCM01000096.1_39,PF10150.12
DSCM01000096.1_49,PF02915.20
DSCM01000096.1_64,PF00180.23
DSCM01000051.1_74,PF03279.16
DSCM01000102.1_62,PF00497.23
DSCM01000080.1_26,PF08241.15
DSCM01000089.1_18,PF13517.9
DSCM01000006.1_12,PF01242.22
DSCM01000006.1_44,PF10052.12
DSCM01000007.1_42,PF00581.23
DSCM01000036.1_44,PF02085.19
DSCM01000038.1_3,PF01578.23
DSCM01000083.1_12,PF01883.22
DSCM01000020.1_20,PF00271.34
DSCM01000117.1_16,PF01966.25
DSCM01000117.1_22,PF04055.24
DSCM01000117.1_34,PF01195.22
DSCM01000032.1_35,PF00300.25
DSCM01000023.1_14,PF01425.24
DSCM01000132.1_15,PF03968.17
DSCM01000012.1_16,PF00343.23
DSCM01000060.1_17,PF03547.21
DSCM01000140.1_12,PF00990.24
DSCM01000010.1_10,PF02386.19
DSCM01000092.1_5,PF04961.15
DSCM01000109.1_2,PF04361.16
DSCM01000056.1_2,PF07690.19
DSCM01000029.1_10,PF03781.19
DSCM01000119.1_8,PF07690.19
DSCM01000073.1_10,PF01895.22
DSCM01000026.1_10,PF00146.24
DSCM01000026.1_16,PF01058.25
DSCM01000084.1_7,PF00687.24
DSCM01000084.1_11,PF03143.20
DSCM01000057.1_7,PF02618.19
DSCM01000075.1_7,PF00499.23
DSCM01000042.1_8,PF00278.25
DSCM01000009.1_4,PF02674.19
DSCM01000139.1_4,PF02617.20
DSCM01000134.1_9,PF00348.20
DSCM01000126.1_5,PF09721.13
DSCM01000043.1_1,PF00571.31
DSCM01000128.1_5,PF02441.22
LDXN01000001.1_64,PF01145.28
LDXN01000001.1_72,PF00698.24
LDXN01000001.1_105,PF00005.30
LDXN01000001.1_121,PF00507.22
LDXN01000002.1_19,PF04343.16
LDXN01000002.1_27,PF02261.19
LDXN01000002.1_35,PF14067.9
LDXN01000002.1_56,PF02381.21
LDXN01000002.1_77,PF00296.23
LDXN01000002.1_84,PF00285.24
LDXN01000003.1_22,PF01935.20
LDXN01000005.1_1,PF00582.29
LDXN01000005.1_42,PF00582.29
LDXN01000006.1_29,PF02163.25
LDXN01000008.1_47,PF01875.20
LDXN01000008.1_68,PF01797.19
LDXN01000011.1_7,PF01875.20
LDXN01000011.1_9,PF01075.20
LDXN01000011.1_51,PF13511.9
LDXN01000013.1_10,PF02350.22
LDXN01000014.1_44,PF04205.17
LDXN01000015.1_2,PF07885.19
LDXN01000016.1_21,PF01152.24
LDXN01000016.1_37,PF07876.15
LDXN01000017.1_32,PF01066.24
LDXN01000017.1_36,PF13083.9
LDXN01000018.1_28,PF00730.28
LDXN01000019.1_19,PF09822.12
LDXN01000020.1_21,PF02146.20
LDXN01000021.1_32,PF00581.23
LDXN01000022.1_4,PF13298.9
LDXN01000022.1_29,PF00551.22
LDXN01000022.1_37,PF01618.19
LDXN01000024.1_6,PF00871.20
LDXN01000025.1_26,PF00573.25
LDXN01000027.1_3,PF02310.22
LDXN01000028.1_22,PF00430.21
LDXN01000028.1_23,PF00213.21
LDXN01000029.1_15,PF01850.24
LDXN01000030.1_7,PF00359.25
LDXN01000031.1_1,PF07681.15
LDXN01000031.1_33,PF01844.26
LDXN01000034.1_8,PF00171.25
LDXN01000035.1_1,PF05973.17
LDXN01000038.1_13,PF01933.21
LDXN01000040.1_6,PF20565.1
LDXN01000040.1_13,PF01195.22
LDXN01000041.1_14,PF00885.22
LDXN01000048.1_11,PF01012.24
LDXN01000048.1_18,PF01797.19
LDXN01000052.1_4,PF07963.15
LDXN01000053.1_3,PF00248.24
LDXN01000054.1_1,PF01790.21
LDXN01000060.1_7,PF07617.14
LDXN01000062.1_3,PF01008.20
LDXN01000062.1_7,PF01425.24
LDXN01000065.1_2,PF00825.21
LDXN01000065.1_5,PF13453.9
LDXN01000082.1_7,PF03625.17
CP046180.1_24,PF01507.22
CP046180.1_25,PF01384.23
CP046180.1_65,PF01220.22
CP046180.1_89,PF00108.26
CP046180.1_151,PF00830.22
CP046180.1_156,PF04784.17
CP046180.1_169,PF00380.22
CP046180.1_189,PF00491.24
CP046180.1_246,PF00557.27
CP046180.1_281,PF08886.14
CP046180.1_285,PF00999.24
CP046180.1_323,PF01634.21
CP046180.1_344,PF01084.23
CP046180.1_361,PF12019.11
CP046180.1_389,PF01297.20
CP046180.1_442,PF02091.18
CP046180.1_469,PF02621.17
CP046180.1_493,PF02700.17
CP046180.1_537,PF02033.21
CP046180.1_586,PF07690.19
CP046180.1_598,PF13156.9
CP046180.1_606,PF19489.2
CP046180.1_713,PF02609.19
CP046180.1_717,PF00361.23
CP046180.1_857,PF01197.21
CP046180.1_859,PF00117.31
CP046180.1_883,PF13279.9
CP046180.1_950,PF00291.28
CP046180.1_996,PF00276.23
CP046180.1_1036,PF01192.25
CP046180.1_1070,PF00694.22
CP046180.1_1082,PF00579.28
CP046180.1_1095,PF01765.22
CP046180.1_1102,PF01008.20
CP046180.1_1108,PF02569.18
WVXK01000039.1_1,PF01553.24
WVXK01000039.1_12,PF09723.13
WVXK01000053.1_36,PF14076.9
WVXK01000033.1_2,PF03030.19
WVXK01000018.1_23,PF04011.15
WVXK01000018.1_30,PF03259.20
WVXK01000056.1_51,PF01814.26
WVXK01000056.1_66,PF02321.21
WVXK01000002.1_1,PF14849.9
WVXK01000002.1_46,PF00420.27
WVXK01000002.1_52,PF01058.25
WVXK01000002.1_54,PF00346.22
WVXK01000099.1_26,PF01891.19
WVXK01000078.1_33,PF05402.15
WVXK01000095.1_18,PF00698.24
WVXK01000100.1_6,PF00293.31
WVXK01000062.1_72,PF08899.14
WVXK01000062.1_95,PF01959.19
WVXK01000062.1_130,PF04015.15
WVXK01000062.1_132,PF01924.19
WVXK01000062.1_150,PF00829.24
WVXK01000062.1_165,PF05258.15
WVXK01000062.1_203,PF02673.21
WVXK01000062.1_217,PF02585.20
WVXK01000042.1_5,PF01464.23
WVXK01000016.1_95,PF05164.16
WVXK01000048.1_32,PF01144.26
WVXK01000048.1_94,PF01196.22
WVXK01000048.1_98,PF00416.25
WVXK01000006.1_24,PF07238.17
WVXK01000097.1_5,PF13229.9
WVXK01000075.1_31,PF18854.4
WVXK01000114.1_116,PF00496.25
WVXK01000065.1_73,PF01040.21
WVXK01000057.1_25,PF04014.21
WVXK01000058.1_8,PF01553.24
WVXK01000055.1_6,PF00499.23
WVXK01000027.1_6,PF02358.19
WVXK01000027.1_35,PF00561.23
WVXK01000093.1_9,PF04333.16
WVXK01000093.1_10,PF02470.23
WVXK01000093.1_12,PF02405.19
WVXK01000093.1_50,PF01257.22
WVXK01000014.1_9,PF01597.22
WVXK01000037.1_39,PF04519.16
JACRIV010000051.1_7,PF01250.20
JACRIV010000054.1_24,PF02091.18
JACRIV010000061.1_10,PF02653.19
JACRIV010000073.1_2,PF01551.25
JACRIV010000072.1_16,PF00902.21
JACRIV010000075.1_1,PF13000.10
JACRIV010000076.1_1,PF06050.16
JACRIV010000078.1_14,PF04307.17
JACRIV010000079.1_14,PF01127.25
JACRIV010000079.1_26,PF01903.20
JACRIV010000084.1_2,PF00909.24
JACRIV010000095.1_6,PF01597.22
JACRIV010000096.1_6,PF07396.14
JACRIV010000098.1_1,PF00664.26
JACRIV010000100.1_2,PF00578.24
JACRIV010000101.1_10,PF05845.15
JACRIV010000101.1_23,PF00528.25
JACRIV010000103.1_1,PF00662.23
JACRIV010000112.1_2,PF00215.27
JACRIV010000112.1_13,PF02036.20
JACRIV010000113.1_124,PF00318.23
JACRIV010000124.1_18,PF00266.22
JACRIV010000125.1_9,PF04055.24
JACRIV010000131.1_14,PF00115.23
JACRIV010000130.1_2,PF10087.12
JACRIV010000140.1_5,PF02604.22
JACRIV010000025.1_44,PF02566.22
JACRIV010000002.1_1,PF00355.29
JACRIV010000037.1_4,PF02577.17
JACRIV010000045.1_4,PF01969.20
JAAYAK010000111.1_5,PF04016.15
JAAYAK010000112.1_10,PF13486.9
JAAYAK010000116.1_4,PF14326.9
JAAYAK010000001.1_3,PF00072.27
JAAYAK010000008.1_19,PF00312.25
JAAYAK010000008.1_33,PF03483.20
JAAYAK010000008.1_39,PF01425.24
JAAYAK010000117.1_13,PF00448.25
JAAYAK010000118.1_1,PF13439.9
JAAYAK010000121.1_8,PF01914.20
JAAYAK010000133.1_16,PF01402.24
JAAYAK010000137.1_20,PF00577.23
JAAYAK010000015.1_20,PF03480.16
JAAYAK010000142.1_4,PF01032.21
JAAYAK010000144.1_5,PF00501.31
JAAYAK010000022.1_4,PF02195.21
JAAYAK010000022.1_22,PF00581.23
JAAYAK010000186.1_5,PF01522.24
JAAYAK010000025.1_8,PF00155.24
JAAYAK010000204.1_22,PF04101.19
JAAYAK010000210.1_25,PF04367.16
JAAYAK010000210.1_57,PF01894.20
JAAYAK010000217.1_3,PF01464.23
JAAYAK010000223.1_11,PF00366.23
JAAYAK010000234.1_4,PF01882.21
JAAYAK010000241.1_13,PF01990.20
JAAYAK010000242.1_33,PF01144.26
JAAYAK010000244.1_2,PF04342.15
JAAYAK010000245.1_1,PF01427.20
JAAYAK010000262.1_11,PF00155.24
JAAYAK010000040.1_21,PF00582.29
JAAYAK010000273.1_1,PF07715.18
JAAYAK010000041.1_5,PF00072.27
JAAYAK010000053.1_8,PF19620.2
JAAYAK010000053.1_13,PF13277.9
JAAYAK010000328.1_37,PF07690.19
JAAYAK010000061.1_1,PF02261.19
JAAYAK010000068.1_24,PF01257.22
JAAYAK010000072.1_60,PF00266.22
DIFC01000088.1_15,PF01957.21
DIFC01000088.1_50,PF00355.29
DIFC01000042.1_9,PF09912.12
DIFC01000070.1_26,PF00543.25
DIFC01000031.1_54,PF19891.2
DIFC01000046.1_2,PF00162.22
DIFC01000046.1_11,PF01977.19
DIFC01000046.1_14,PF02441.22
DIFC01000077.1_69,PF17131.7
DIFC01000080.1_34,PF09411.13
DIFC01000080.1_53,PF00293.31
DIFC01000060.1_65,PF01970.19
DIFC01000005.1_55,PF00410.22
DIFC01000005.1_92,PF00128.27
DIFC01000066.1_58,PF01063.22
DIFC01000071.1_19,PF00398.23
DIFC01000071.1_23,PF04085.17
DIFC01000071.1_26,PF01098.22
DIFC01000062.1_2,PF01627.26
DIFC01000087.1_39,PF06050.16
DIFC01000064.1_9,PF00571.31
DIFC01000011.1_12,PF00497.23
DIFC01000069.1_2,PF13237.9
DIFC01000083.1_3,PF02915.20
DIFC01000073.1_22,PF00892.23
DIFC01000013.1_19,PF04026.15
DIFC01000067.1_18,PF01496.22
DIFC01000036.1_10,PF01668.21
DIFC01000003.1_26,PF02609.19
DIFC01000053.1_10,PF00365.23
DIFC01000026.1_48,PF00571.31
NZ_LT907975.1_7,PF01765.22
NZ_LT907975.1_8,PF00696.31
NZ_LT907975.1_23,PF01127.25
NZ_LT907975.1_72,PF15919.8
NZ_LT907975.1_181,PF04205.17
NZ_LT907975.1_270,PF02685.19
NZ_LT907975.1_273,PF00156.30
NZ_LT907975.1_281,PF12762.10
NZ_LT907975.1_340,PF00359.25
NZ_LT907975.1_452,PF01220.22
NZ_LT907975.1_514,PF13620.9
NZ_LT907975.1_626,PF16162.8
NZ_LT907975.1_632,PF01435.21
NZ_LT907975.1_722,PF01402.24
NZ_LT907975.1_922,PF02641.18
NZ_LT907975.1_965,PF05443.14
NZ_LT907975.1_1189,PF07949.15
NZ_LT907975.1_1328,PF00132.27
NZ_LT907975.1_1592,PF01258.20
NZ_LT907975.1_1698,PF13581.9
NZ_LT907975.1_1727,PF00581.23
NZ_LT907975.1_1758,PF01973.21
NZ_LT907975.1_1829,PF07589.14
NZ_LT907975.1_1871,PF00497.23
NZ_LT907975.1_1951,PF04794.15
NZ_LT907975.1_2196,PF04199.16
NZ_LT907975.1_2237,PF02417.18
NZ_LT907975.1_2332,PF12762.10
NZ_LT907975.1_2401,PF01654.20
NZ_LT907975.1_2448,PF00342.22
NZ_LT907975.1_2465,PF14333.9
NZ_LT907975.1_2479,PF05494.15
NZ_LT907975.1_2596,PF00535.29
NZ_LT907975.1_2625,PF00571.31
NZ_LT907975.1_2636,PF00156.30
NZ_LT907975.1_2665,PF09851.12
NZ_LT907975.1_2669,PF02620.20
NZ_LT907975.1_2691,PF01795.22
NZ_LT907975.1_2815,PF04964.17
NZ_LT907975.1_2906,PF13472.9
NZ_LT907975.1_2943,PF01814.26
NZ_LT907975.1_3055,PF04465.15
NZ_LT907975.1_3179,PF12762.10
NZ_LT907975.1_3203,PF00528.25
NZ_LT907975.1_3243,PF00005.30
NZ_LT907975.1_3255,PF01933.21
NZ_LT907975.1_3335,PF01925.22
NZ_LT907975.1_3566,PF16263.8
NZ_LT907975.1_3584,PF11171.11
NZ_LT907975.1_3587,PF18733.4
NZ_LT907975.1_3598,PF10761.12
NZ_LT907975.1_3604,PF18925.3
NZ_LT907975.1_3659,PF02559.19
NZ_LT907975.1_3789,PF02049.21
NZ_LT907975.1_3836,PF07876.15
NZ_LT907975.1_3868,PF01578.23
NZ_LT907975.1_3879,PF00902.21
NZ_LT907975.1_3883,PF00924.21
NZ_LT907975.1_3926,PF01627.26
NZ_LT907975.1_3946,PF00471.23
SLDX01000114.1_24,PF00496.25
SLDX01000065.1_10,PF00950.20
SLDX01000148.1_8,PF01976.20
SLDX01000089.1_10,PF13911.9
SLDX01000116.1_15,PF01894.20
SLDX01000116.1_24,PF13767.9
SLDX01000019.1_5,PF03740.16
SLDX01000086.1_20,PF04358.16
SLDX01000132.1_6,PF00216.24
SLDX01000129.1_29,PF01207.20
SLDX01000005.1_11,PF00692.22
SLDX01000020.1_5,PF01694.25
SLDX01000035.1_5,PF00294.27
SLDX01000001.1_12,PF05258.15
SLDX01000125.1_3,PF00155.24
SLDX01000036.1_23,PF02548.18
SLDX01000119.1_6,PF00027.32
SLDX01000041.1_5,PF01791.12
SLDX01000057.1_48,PF07885.19
SLDX01000066.1_2,PF00155.24
SLDX01000136.1_6,PF00528.25
SLDX01000104.1_4,PF10502.12
NIRF01000001.1_12,PF02424.18
NIRF01000001.1_103,PF03547.21
NIRF01000001.1_110,PF01268.22
NIRF01000001.1_158,PF01371.22
NIRF01000001.1_185,PF00528.25
NIRF01000001.1_202,PF05168.17
NIRF01000001.1_249,PF00815.23
NIRF01000001.1_251,PF13393.9
NIRF01000001.1_477,PF01250.20
NIRF01000002.1_2,PF01678.22
NIRF01000002.1_12,PF04493.17
NIRF01000002.1_123,PF02579.20
NIRF01000002.1_166,PF00440.26
NIRF01000002.1_180,PF01867.19
NIRF01000012.1_13,PF03793.22
NIRF01000013.1_32,PF01380.25
NIRF01000014.1_52,PF05137.16
NIRF01000016.1_4,PF01790.21
NIRF01000016.1_28,PF01048.23
NIRF01000019.1_1,PF01609.24
NIRF01000003.1_29,PF05168.17
NIRF01000003.1_131,PF06153.14
NIRF01000003.1_132,PF02223.20
NIRF01000023.1_3,PF01915.25
NIRF01000026.1_6,PF00528.25
NIRF01000029.1_5,PF01402.24
NIRF01000004.1_16,PF02603.19
NIRF01000004.1_27,PF08279.15
NIRF01000004.1_40,PF09723.13
NIRF01000004.1_47,PF17132.7
NIRF01000004.1_105,PF01116.23
NIRF01000005.1_67,PF01098.22
NIRF01000005.1_78,PF01168.23
NIRF01000006.1_43,PF01934.20
NIRF01000006.1_80,PF01969.20
NIRF01000007.1_16,PF00528.25
NIRF01000007.1_34,PF02687.24
NIRF01000007.1_86,PF01297.20
NIRF01000008.1_7,PF13482.9
NIRF01000009.1_20,PF04295.16
NIRF01000009.1_78,PF02579.20
NC_011661.1_84,PF00528.25
NC_011661.1_308,PF01699.27
NC_011661.1_310,PF01547.28
NC_011661.1_333,PF00877.22
NC_011661.1_345,PF00849.25
NC_011661.1_403,PF01557.21
NC_011661.1_471,PF07872.14
NC_011661.1_473,PF12801.10
NC_011661.1_648,PF01081.22
NC_011661.1_665,PF00496.25
NC_011661.1_822,PF03331.16
NC_011661.1_905,PF01895.22
NC_011661.1_917,PF02811.22
NC_011661.1_944,PF00698.24
NC_011661.1_953,PF01790.21
NC_011661.1_1025,PF03652.18
NC_011661.1_1060,PF00275.23
NC_011661.1_1098,PF02424.18
NC_011661.1_1132,PF00162.22
NC_011661.1_1177,PF05137.16
NC_011661.1_1369,PF00291.28
NC_011661.1_1387,PF00365.23
NC_011661.1_1417,PF02675.18
NC_011661.1_1533,PF10502.12
NC_011661.1_1546,PF00731.23
NC_011661.1_1622,PF00881.27
NC_011661.1_1624,PF02681.17
NC_011661.1_1626,PF09376.13
NC_011661.1_1702,PF13597.9
NC_011661.1_1706,PF02018.20
NC_011661.1_1728,PF00496.25
NC_011661.1_1746,PF00528.25
NC_011661.1_1749,PF01869.23
NC_011661.1_1750,PF06050.16
NC_011661.1_1778,PF03480.16
NC_011661.1_1803,PF00232.21
PLYD01000207.1_8,PF04343.16
PLYD01000207.1_9,PF02627.23
PLYD01000230.1_11,PF07311.15
PLYD01000090.1_6,PF06271.15
PLYD01000090.1_8,PF00924.21
PLYD01000158.1_14,PF12680.10
PLYD01000051.1_5,PF00730.28
PLYD01000080.1_3,PF00384.25
PLYD01000189.1_14,PF04205.17
PLYD01000197.1_9,PF00206.23
PLYD01000249.1_4,PF02776.21
PLYD01000118.1_2,PF00160.24
PLYD01000198.1_5,PF00528.25
PLYD01000215.1_5,PF00815.23
PLYD01000083.1_4,PF02645.19
PLYD01000223.1_4,PF03976.17
PLYD01000036.1_4,PF11950.11
PLYD01000028.1_4,PF20058.2
PLYD01000057.1_1,PF02811.22
PLYD01000287.1_6,PF06103.14
PLYD01000096.1_2,PF01882.21
PLYD01000067.1_2,PF13191.9
PLYD01000176.1_7,PF02653.19
PLYD01000246.1_1,PF06628.15
PLYD01000246.1_3,PF01258.20
PLYD01000135.1_17,PF00581.23
PLYD01000235.1_9,PF01037.24
PLYD01000109.1_3,PF00291.28
PLYD01000286.1_12,PF07883.14
PLYD01000280.1_70,PF01833.27
PLYD01000161.1_1,PF00296.23
PLYD01000257.1_9,PF04461.16
PLYD01000220.1_1,PF01551.25
PLYD01000292.1_2,PF12706.10
PLYD01000043.1_3,PF00587.28
PLYD01000248.1_2,PF03167.22
PLYD01000154.1_11,PF00041.24
PLYD01000094.1_2,PF00156.30
PLYD01000180.1_4,PF02811.22
PLYD01000074.1_3,PF01475.22
PLYD01000074.1_15,PF01878.21
PLYD01000075.1_4,PF12850.10
PLYD01000059.1_14,PF06480.18
PLYD01000128.1_2,PF00892.23
PLYD01000242.1_23,PF00496.25
PLYD01000132.1_4,PF04199.16
PLYD01000210.1_13,PF00550.28
PLYD01000201.1_1,PF02628.18
PLYD01000081.1_13,PF00215.27
PLYD01000070.1_27,PF00909.24
PLYD01000234.1_23,PF02581.20
PLYD01000140.1_3,PF07811.15
PLYD01000140.1_34,PF01746.24
PLYD01000269.1_17,PF02410.18
PLYD01000240.1_18,PF00413.27
PLOF01000096.1_2,PF00890.27
PLOF01000096.1_7,PF00248.24
PLOF01000085.1_9,PF01176.22
PLOF01000133.1_3,PF00291.28
PLOF01000133.1_38,PF01957.21
PLOF01000017.1_5,PF14386.9
PLOF01000078.1_37,PF00248.24
PLOF01000046.1_6,PF00248.24
PLOF01000069.1_55,PF01149.27
PLOF01000055.1_9,PF03652.18
PLOF01000055.1_20,PF01029.21
PLOF01000055.1_34,PF00590.23
PLOF01000077.1_10,PF02653.19
PLOF01000064.1_3,PF00146.24
PLOF01000064.1_6,PF01257.22
PLOF01000124.1_8,PF02660.18
PLOF01000107.1_6,PF00551.22
PLOF01000074.1_124,PF00202.24
PLOF01000072.1_4,PF01522.24
PLOF01000056.1_12,PF00276.23
PLOF01000056.1_46,PF02518.29
PLOF01000121.1_3,PF01904.21
PLOF01000121.1_9,PF00248.24
PLOF01000092.1_4,PF07690.19
PLOF01000070.1_3,PF01255.22
PLOF01000071.1_15,PF10502.12
PLOF01000142.1_15,PF01343.21
PLOF01000129.1_15,PF03009.20
PLOF01000123.1_9,PF01988.22
PLOF01000038.1_2,PF13520.9
PLOF01000084.1_2,PF01521.23
PLOF01000084.1_17,PF12732.10
PLOF01000030.1_6,PF12724.10
PLOF01000001.1_7,PF02397.19
PLOF01000008.1_5,PF03720.18
PLOF01000032.1_4,PF13560.9
PLOF01000043.1_50,PF02130.20
PLOF01000043.1_127,PF06723.16
PLOF01000043.1_131,PF07949.15
WSZW01000159.1_8,PF00266.22
WSZW01000164.1_5,PF04519.16
WSZW01000128.1_17,PF00428.22
WSZW01000115.1_7,PF01921.21
WSZW01000100.1_4,PF03382.17
WSZW01000035.1_3,PF01192.25
WSZW01000176.1_10,PF02643.18
WSZW01000176.1_14,PF03091.18
WSZW01000162.1_2,PF00483.26
WSZW01000008.1_5,PF00239.24
WSZW01000114.1_12,PF04123.16
WSZW01000143.1_9,PF00300.25
WSZW01000086.1_1,PF01026.24
WSZW01000086.1_15,PF00437.23
WSZW01000184.1_7,PF02597.23
WSZW01000001.1_2,PF00352.24
WSZW01000183.1_2,PF13620.9
WSZW01000151.1_2,PF07431.15
WSZW01000046.1_1,PF13385.9
WSZW01000016.1_2,PF08541.13
WSZW01000042.1_7,PF13620.9
WSZW01000174.1_8,PF01496.22
WSZW01000154.1_2,PF02386.19
WSZW01000027.1_6,PF01906.20
WSZW01000073.1_2,PF01066.24
WSZW01000081.1_1,PF01884.20
WSZW01000081.1_3,PF01326.22
WSZW01000158.1_1,PF00318.23
WSZW01000033.1_3,PF00266.22
WSZW01000049.1_1,PF00573.25
WSZW01000049.1_35,PF00380.22
WSZW01000049.1_46,PF01345.21
WSZW01000052.1_12,PF10884.11
WSZW01000003.1_9,PF04893.20
WSZW01000155.1_8,PF01588.23
WSZW01000044.1_4,PF00924.21
WSZW01000131.1_1,PF05833.14
WSZW01000111.1_8,PF08443.14
WSZW01000111.1_9,PF13650.9
WSZW01000118.1_1,PF02769.25
WSZW01000118.1_10,PF00571.31
WSZW01000118.1_14,PF00521.23
WSZW01000058.1_4,PF00145.20
WSZW01000013.1_14,PF17884.4
WSZW01000062.1_5,PF01479.28
WSZW01000062.1_9,PF03547.21
WSZW01000067.1_8,PF01246.23
WSZW01000171.1_4,PF00291.28
WSZW01000171.1_13,PF01139.20
WSZW01000082.1_6,PF01025.22
WTCB01000063.1_1,PF01041.20
WTCB01000048.1_17,PF01784.21
WTCB01000048.1_24,PF00252.21
WTCB01000025.1_7,PF01949.19
WTCB01000025.1_10,PF00352.24
WTCB01000066.1_33,PF12811.10
WTCB01000041.1_9,PF00482.26
WTCB01000041.1_10,PF00482.26
WTCB01000041.1_11,PF00437.23
WTCB01000071.1_1,PF17963.4
WTCB01000012.1_2,PF09721.13
WTCB01000028.1_14,PF01978.22
WTCB01000028.1_29,PF01920.23
WTCB01000062.1_5,PF01966.25
WTCB01000009.1_6,PF13412.9
WTCB01000006.1_2,PF00293.31
WTCB01000037.1_3,PF00482.26
WTCB01000064.1_2,PF01336.28
WTCB01000083.1_9,PF01870.21
WTCB01000038.1_4,PF00535.29
WTCB01000021.1_8,PF00437.23
WTCB01000021.1_16,PF08220.15
WTCB01000010.1_10,PF00579.28
WTCB01000036.1_9,PF00082.25
WTCB01000050.1_2,PF04055.24
WTCB01000004.1_2,PF01423.25
WTCB01000069.1_18,PF01931.21
WTCB01000059.1_5,PF02498.20
WTCB01000016.1_2,PF01841.22
WTCB01000098.1_4,PF01951.19
WTCB01000126.1_11,PF00297.25
WTCB01000126.1_19,PF01253.25
WTCB01000126.1_49,PF01194.20
WTCB01000127.1_1,PF02579.20
WTCB01000104.1_18,PF01381.25
WTCB01000023.1_3,PF01896.22
WTCB01000103.1_5,PF01455.21
WTCB01000113.1_4,PF10502.12
WTCB01000077.1_9,PF01871.20
WTCB01000077.1_13,PF01916.20
JAHJLF010000073.1_10,PF09723.13
JAHJLF010000073.1_30,PF01326.22
JAHJLF010000007.1_24,PF01205.22
JAHJLF010000074.1_8,PF00453.21
JAHJLF010000075.1_2,PF02566.22
JAHJLF010000075.1_68,PF08713.14
JAHJLF010000077.1_8,PF02775.24
JAHJLF010000077.1_43,PF01139.20
JAHJLF010000085.1_6,PF04079.19
JAHJLF010000088.1_2,PF02358.19
JAHJLF010000091.1_9,PF02073.18
JAHJLF010000016.1_85,PF04055.24
JAHJLF010000017.1_7,PF03486.17
JAHJLF010000017.1_17,PF01293.23
JAHJLF010000019.1_22,PF04341.15
JAHJLF010000002.1_10,PF00496.25
JAHJLF010000024.1_9,PF01297.20
JAHJLF010000034.1_4,PF03740.16
JAHJLF010000039.1_44,PF00436.28
JAHJLF010000039.1_62,PF02075.20
JAHJLF010000050.1_43,PF00221.22
JAHJLF010000052.1_35,PF00573.25
JAHJLF010000052.1_43,PF13338.9
JAHJLF010000057.1_6,PF01694.25
JAHJLF010000057.1_16,PF07494.14
JAHJLF010000057.1_44,PF01515.22
JAHJLF010000057.1_45,PF02502.21
JAHJLF010000059.1_9,PF00572.21
JAHJLF010000061.1_7,PF00793.23
JAHJLF010000062.1_6,PF08889.14
JAHJLF010000004.1_12,PF05239.19
JAHJLF010000005.1_8,PF01145.28
JAHJLF010000067.1_3,PF01797.19
JAHJLF010000067.1_36,PF02405.19
JAHJLF010000068.1_21,PF02666.18
JAHJLF010000068.1_27,PF02082.23
JAHJLF010000069.1_32,PF07238.17
JAHJLF010000069.1_39,PF00857.23
JAHJLF010000072.1_38,PF18962.3
JAHJLF010000072.1_61,PF01613.21
JAHJLF010000072.1_74,PF00535.29
DHHE01000057.1_7,PF04608.16
DHHE01000214.1_5,PF00753.30
DHHE01000214.1_10,PF00590.23
DHHE01000157.1_2,PF00209.21
DHHE01000191.1_4,PF18273.4
DHHE01000142.1_19,PF02223.20
DHHE01000226.1_9,PF02775.24
DHHE01000108.1_1,PF02073.18
DHHE01000199.1_7,PF01649.21
DHHE01000229.1_6,PF07494.14
DHHE01000231.1_3,PF01171.23
DHHE01000149.1_6,PF10502.12
DHHE01000141.1_1,PF00155.24
DHHE01000121.1_12,PF00496.25
DHHE01000119.1_6,PF13860.9
DHHE01000178.1_2,PF05258.15
DHHE01000120.1_10,PF03109.19
DHHE01000054.1_3,PF00301.23
DHHE01000092.1_9,PF00221.22
DHHE01000216.1_9,PF10431.12
DHHE01000137.1_10,PF01196.22
DHHE01000176.1_2,PF01934.20
DHHE01000059.1_5,PF13231.9
DHHE01000132.1_2,PF02518.29
DHHE01000076.1_9,PF00871.20
DHHE01000123.1_19,PF08486.13
DHHE01000145.1_6,PF04773.16
DHHE01000006.1_13,PF01416.23
DHHE01000006.1_15,PF03462.21
DHHE01000219.1_22,PF05635.14
DHHE01000106.1_16,PF00203.24
DHHE01000162.1_6,PF17982.4
DHHE01000217.1_10,PF07396.14
DHHE01000189.1_8,PF02261.19
DHHE01000008.1_1,PF03704.20
DHHE01000039.1_21,PF03631.18
DHHE01000039.1_23,PF12732.10
DHHE01000029.1_4,PF00202.24
DHHE01000175.1_7,PF01040.21
DHHE01000195.1_3,PF10719.12
DHHE01000195.1_16,PF00696.31
QJVW01000091.1_22,PF00149.31
QJVW01000090.1_8,PF04608.16
QJVW01000065.1_6,PF01791.12
QJVW01000045.1_1,PF01012.24
QJVW01000086.1_20,PF00202.24
QJVW01000002.1_10,PF02569.18
QJVW01000002.1_30,PF01746.24
QJVW01000115.1_24,PF00231.22
QJVW01000096.1_25,PF03793.22
QJVW01000139.1_9,PF18935.3
QJVW01000139.1_11,PF10502.12
QJVW01000024.1_10,PF03601.17
QJVW01000024.1_12,PF06718.14
QJVW01000137.1_23,PF03773.16
QJVW01000081.1_2,PF01790.21
QJVW01000094.1_37,PF00999.24
QJVW01000131.1_24,PF00115.23
QJVW01000129.1_25,PF13561.9
QJVW01000072.1_6,PF07920.14
QJVW01000135.1_6,PF12867.10
QJVW01000043.1_15,PF00579.28
QJVW01000012.1_5,PF04024.15
QJVW01000016.1_14,PF00327.23
QJVW01000016.1_25,PF00252.21
QJVW01000016.1_32,PF00297.25
QJVW01000058.1_6,PF08309.14
QJVW01000111.1_7,PF01966.25
QJVW01000085.1_5,PF10502.12
QJVW01000149.1_17,PF11821.11
QJVW01000149.1_27,PF01791.12
QJVW01000149.1_38,PF01814.26
QJVW01000149.1_39,PF01432.23
QJVW01000149.1_41,PF04945.16
QJVW01000073.1_2,PF02381.21
QJVW01000067.1_5,PF01618.19
QJVW01000067.1_11,PF01740.24
VBOW01000013.1_86,PF04239.15
VBOW01000013.1_159,PF01039.25
VBOW01000011.1_2,PF00180.23
VBOW01000014.1_55,PF02410.18
VBOW01000014.1_84,PF01257.22
VBOW01000014.1_93,PF00459.28
VBOW01000018.1_11,PF07676.15
VBOW01000018.1_58,PF04389.20
VBOW01000019.1_27,PF01259.21
VBOW01000019.1_28,PF00551.22
VBOW01000019.1_34,PF03687.16
VBOW01000020.1_50,PF00346.22
VBOW01000020.1_61,PF01208.20
VBOW01000070.1_2,PF00338.25
VBOW01000070.1_4,PF00573.25
VBOW01000070.1_8,PF00237.22
VBOW01000070.1_32,PF01196.22
VBOW01000021.1_12,PF04085.17
VBOW01000057.1_9,PF00873.22
VBOW01000022.1_91,PF02036.20
VBOW01000059.1_6,PF02915.20
VBOW01000023.1_44,PF00905.25
VBOW01000005.1_6,PF03702.17
VBOW01000005.1_9,PF00491.24
VBOW01000005.1_18,PF00579.28
VBOW01000024.1_18,PF10670.12
VBOW01000025.1_35,PF02616.17
VBOW01000026.1_31,PF01658.20
VBOW01000027.1_1,PF09459.13
VBOW01000030.1_7,PF02148.22
VBOW01000030.1_26,PF00709.24
VBOW01000036.1_6,PF02542.19
VBOW01000016.1_15,PF01433.23
VBOW01000016.1_27,PF02321.21
VBOW01000016.1_35,PF13298.9
VBOW01000040.1_36,PF00015.24
JAEEIL010000042.1_9,PF00482.26
JAEEIL010000042.1_21,PF08713.14
JAEEIL010000043.1_17,PF01809.21
JAEEIL010000007.1_14,PF14352.9
JAEEIL010000010.1_1,PF14057.9
JAEEIL010000010.1_8,PF01098.22
JAEEIL010000010.1_59,PF01121.23
JAEEIL010000010.1_86,PF02321.21
JAEEIL010000016.1_16,PF00575.26
JAEEIL010000017.1_5,PF01196.22
JAEEIL010000017.1_17,PF00861.25
JAEEIL010000019.1_17,PF00265.21
JAEEIL010000020.1_30,PF02661.21
JAEEIL010000025.1_63,PF08279.15
JAEEIL010000025.1_73,PF01255.22
JAEEIL010000026.1_12,PF00149.31
JAEEIL010000026.1_76,PF02470.23
JAEEIL010000031.1_3,PF01746.24
JAEEIL010000032.1_2,PF04586.20
JAEEIL010000032.1_6,PF03313.18
JAEEIL010000032.1_7,PF04002.18
JAEEIL010000032.1_31,PF11335.11
JAEEIL010000032.1_55,PF01678.22
JAEEIL010000032.1_59,PF00809.25
JAEEIL010000032.1_105,PF01515.22
JAEEIL010000032.1_123,PF02620.20
JAEEIL010000034.1_14,PF04026.15
JAEEIL010000034.1_36,PF01795.22
JAEEIL010000002.1_37,PF00156.30
JAEEIL010000002.1_55,PF05154.19
JAEEIL010000002.1_88,PF04055.24
JACQPJ010000007.1_1,PF14748.9
JACQPJ010000024.1_26,PF00005.30
JACQPJ010000023.1_12,PF00528.25
JACQPJ010000023.1_14,PF07396.14
JACQPJ010000023.1_32,PF01865.19
JACQPJ010000028.1_27,PF00263.24
JACQPJ010000035.1_7,PF00293.31
JACQPJ010000035.1_30,PF00999.24
JACQPJ010000035.1_41,PF00528.25
JACQPJ010000035.1_48,PF00210.27
JACQPJ010000035.1_59,PF07929.14
JACQPJ010000035.1_64,PF01863.20
JACQPJ010000035.1_70,PF18739.4
JACQPJ010000039.1_2,PF04238.15
JACQPJ010000039.1_6,PF00156.30
JACQPJ010000036.1_28,PF01257.22
JACQPJ010000036.1_38,PF03706.16
JACQPJ010000037.1_12,PF00082.25
JACQPJ010000041.1_40,PF04390.15
JACQPJ010000041.1_51,PF13517.9
JACQPJ010000041.1_81,PF00692.22
JACQPJ010000006.1_13,PF01632.22
JACQPJ010000042.1_33,PF13231.9
JACQPJ010000045.1_13,PF01642.25
JACQPJ010000051.1_5,PF02472.19
JACQPJ010000051.1_6,PF01618.19
JACQPJ010000051.1_20,PF01252.21
JACQPJ010000050.1_2,PF07690.19
JACQPJ010000050.1_17,PF08843.14
JACQPJ010000053.1_14,PF00507.22
JACQPJ010000054.1_7,PF01903.20
JACQPJ010000054.1_15,PF00474.20
JACQPJ010000054.1_17,PF00933.24
JACQPJ010000056.1_3,PF00584.23
JACQPJ010000056.1_4,PF02357.22
JACQPJ010000056.1_13,PF00850.22
JACQPJ010000059.1_20,PF01245.23
JACQPJ010000059.1_22,PF13083.9
JACQPJ010000059.1_25,PF03793.22
JACQPJ010000059.1_44,PF00496.25
JACQPJ010000057.1_27,PF03994.17
JACQPJ010000012.1_6,PF00355.29
JACQPJ010000012.1_7,PF01903.20
JACQPJ010000016.1_18,PF14360.9
JACQPJ010000014.1_1,PF04773.16
JACQPJ010000014.1_14,PF08327.14
JACQPJ010000014.1_17,PF14213.9
JACQPJ010000014.1_34,PF09836.12
JACQPJ010000003.1_20,PF00411.22
DTOT01000006.1_10,PF02662.19
DTOT01000006.1_59,PF13083.9
DTOT01000118.1_40,PF00118.27
DTOT01000008.1_34,PF04255.17
DTOT01000008.1_55,PF03787.18
DTOT01000084.1_10,PF00329.22
DTOT01000084.1_34,PF01464.23
DTOT01000009.1_28,PF01996.19
DTOT01000009.1_40,PF01250.20
DTOT01000033.1_19,PF14489.9
DTOT01000076.1_7,PF05137.16
DTOT01000040.1_26,PF01894.20
DTOT01000116.1_32,PF04909.17
DTOT01000086.1_33,PF01145.28
DTOT01000028.1_1,PF03143.20
DTOT01000016.1_10,PF01061.27
DTOT01000016.1_17,PF13810.9
DTOT01000024.1_25,PF00872.21
DTOT01000111.1_9,PF01791.12
DTOT01000111.1_17,PF00213.21
DTOT01000111.1_21,PF02823.19
DTOT01000073.1_17,PF02517.19
DTOT01000114.1_15,PF02542.19
DTOT01000032.1_20,PF13809.9
DTOT01000089.1_26,PF02620.20
DTOT01000002.1_18,PF04055.24
DTOT01000088.1_23,PF01784.21
DTOT01000019.1_5,PF13386.9
DTOT01000025.1_2,PF04055.24
DTOT01000004.1_8,PF01790.21
DTOT01000021.1_8,PF01364.21
DTOT01000083.1_5,PF02390.20
DTOT01000083.1_11,PF02673.21
DTOT01000042.1_11,PF00831.26
DTOT01000091.1_10,PF11392.11
DTOT01000117.1_5,PF00294.27
DTOT01000094.1_1,PF00291.28
DTOT01000082.1_4,PF04165.15
DTOT01000079.1_2,PF04079.19
DTOT01000079.1_4,PF00579.28
DTOT01000121.1_6,PF06545.14
DTOT01000105.1_4,PF12700.10
DTOT01000105.1_5,PF00437.23
DTOT01000113.1_2,PF02527.18
DTOT01000038.1_4,PF13377.9
JAFANK010000368.1_1,PF00408.23
JAFANK010000368.1_11,PF06271.15
JAFANK010000189.1_1,PF00528.25
JAFANK010000198.1_3,PF07963.15
JAFANK010000275.1_5,PF13360.9
JAFANK010000062.1_3,PF03682.16
JAFANK010000013.1_22,PF13401.9
JAFANK010000063.1_7,PF03739.17
JAFANK010000199.1_1,PF01925.22
JAFANK010000226.1_6,PF00501.31
JAFANK010000226.1_9,PF11899.11
JAFANK010000003.1_5,PF03544.17
JAFANK010000023.1_5,PF00156.30
JAFANK010000214.1_3,PF02861.23
JAFANK010000225.1_2,PF00582.29
JAFANK010000357.1_2,PF02470.23
JAFANK010000347.1_2,PF02609.19
JAFANK010000361.1_6,PF02653.19
JAFANK010000287.1_3,PF09587.13
JAFANK010000114.1_8,PF02566.22
JAFANK010000213.1_6,PF04998.20
JAFANK010000089.1_1,PF00288.29
JAFANK010000180.1_2,PF02012.23
JAFANK010000202.1_3,PF07736.14
JAFANK010000091.1_9,PF01435.21
JAFANK010000306.1_1,PF00829.24
JAFANK010000234.1_7,PF00196.22
JAFANK010000179.1_6,PF03061.25
JAFANK010000351.1_5,PF02033.21
JAFANK010000095.1_3,PF00817.23
JAFANK010000269.1_7,PF00694.22
JAFANK010000158.1_6,PF01061.27
JAFANK010000085.1_7,PF00328.25
JAFANK010000086.1_10,PF02621.17
JAFANK010000246.1_11,PF00072.27
JAFANK010000307.1_7,PF06411.14
JAFANK010000327.1_2,PF00221.22
JAFANK010000324.1_4,PF00496.25
JAFANK010000222.1_5,PF00687.24
PLFD01000055.1_31,PF13690.9
PLFD01000055.1_79,PF00041.24
PLFD01000060.1_13,PF10060.12
PLFD01000017.1_2,PF13860.9
PLFD01000017.1_16,PF14238.9
PLFD01000013.1_121,PF00085.23
PLFD01000042.1_94,PF01757.25
PLFD01000016.1_4,PF05015.16
PLFD01000039.1_6,PF14559.9
PLFD01000043.1_14,PF12728.10
PLFD01000043.1_108,PF01632.22
PLFD01000020.1_15,PF03830.18
PLFD01000020.1_40,PF01427.20
PLFD01000033.1_7,PF00237.22
PLFD01000033.1_44,PF00180.23
PLFD01000030.1_57,PF01625.24
PLFD01000030.1_68,PF00480.23
PLFD01000030.1_113,PF01654.20
PLFD01000030.1_146,PF09924.12
PLFD01000030.1_174,PF19363.2
PLFD01000030.1_188,PF09586.13
PLFD01000059.1_21,PF03358.18
PLFD01000010.1_1,PF00586.27
PLFD01000010.1_19,PF00698.24
PLFD01000038.1_92,PF02618.19
PLFD01000056.1_4,PF13399.9
PLFD01000054.1_26,PF13490.9
PLFD01000054.1_30,PF17815.4
PLFD01000057.1_79,PF03706.16
PLFD01000057.1_81,PF00535.29
PLFD01000057.1_152,PF00487.27
PLFD01000057.1_184,PF00857.23
PLFD01000025.1_159,PF02900.21
PLFD01000047.1_25,PF01436.24
PLFD01000052.1_20,PF04014.21
PLFD01000035.1_32,PF00856.31
PLFD01000035.1_36,PF09836.12
JAFGIQ010000245.1_5,PF00092.31
JAFGIQ010000248.1_20,PF01925.22
JAFGIQ010000252.1_12,PF03544.17
JAFGIQ010000252.1_13,PF02472.19
JAFGIQ010000287.1_1,PF03687.16
JAFGIQ010000289.1_3,PF01895.22
JAFGIQ010000308.1_2,PF12099.11
JAFGIQ010000314.1_5,PF01098.22
JAFGIQ010000324.1_6,PF02606.17
JAFGIQ010000324.1_12,PF01075.20
JAFGIQ010000051.1_5,PF00590.23
JAFGIQ010000053.1_11,PF13490.9
JAFGIQ010000006.1_8,PF01206.20
JAFGIQ010000091.1_10,PF08501.14
JAFGIQ010000099.1_8,PF02261.19
JAFGIQ010000099.1_9,PF02445.19
JAFGIQ010000099.1_19,PF04383.16
JAFGIQ010000008.1_1,PF01195.22
JAFGIQ010000106.1_3,PF02424.18
JAFGIQ010000116.1_11,PF02498.20
JAFGIQ010000121.1_1,PF02361.19
JAFGIQ010000137.1_8,PF02321.21
JAFGIQ010000140.1_2,PF01790.21
JAFGIQ010000148.1_14,PF03938.17
JAFGIQ010000151.1_6,PF03061.25
JAFGIQ010000157.1_5,PF09587.13
JAFGIQ010000012.1_2,PF11127.11
JAFGIQ010000185.1_23,PF13231.9
JAFGIQ010000202.1_21,PF01558.21
JAFGIQ010000202.1_25,PF00027.32
JAFGIQ010000226.1_3,PF04542.17
PMZC01000115.1_12,PF09136.13
PMZC01000198.1_4,PF00668.23
PMZC01000108.1_4,PF07690.19
PMZC01000355.1_18,PF01544.21
PMZC01000357.1_5,PF00881.27
PMZC01000112.1_1,PF00005.30
PMZC01000330.1_6,PF13231.9
PMZC01000184.1_2,PF02130.20
PMZC01000085.1_5,PF03781.19
PMZC01000298.1_5,PF00581.23
PMZC01000160.1_10,PF13692.9
PMZC01000362.1_13,PF02547.18
PMZC01000362.1_16,PF01957.21
PMZC01000075.1_6,PF05016.18
PMZC01000343.1_6,PF00584.23
PMZC01000287.1_3,PF02606.17
PMZC01000119.1_2,PF03692.18
PMZC01000147.1_12,PF00535.29
PMZC01000346.1_3,PF00232.21
PMZC01000174.1_4,PF02518.29
PMZC01000069.1_7,PF04932.18
PMZC01000055.1_26,PF01553.24
PMZC01000322.1_4,PF02511.18
PMZC01000137.1_6,PF00691.23
PMZC01000258.1_5,PF01025.22
PMZC01000132.1_5,PF13472.9
PMZC01000080.1_2,PF09194.13
PMZC01000235.1_10,PF00814.28
PMZC01000092.1_12,PF01934.20
PMZC01000359.1_5,PF13083.9
PMZC01000348.1_1,PF12850.10
PMZC01000042.1_31,PF13271.9
PMZC01000076.1_11,PF00990.24
PMZC01000307.1_21,PF02596.18
PMZC01000186.1_14,PF00485.21
PMZC01000012.1_1,PF08753.14
PMZC01000012.1_2,PF13472.9
PMZC01000214.1_1,PF05729.15
PMZC01000228.1_4,PF13619.9
JAAYVF010000093.1_4,PF00342.22
JAAYVF010000009.1_64,PF01261.27
JAAYVF010000106.1_17,PF00589.25
JAAYVF010000106.1_25,PF01300.21
JAAYVF010000108.1_1,PF19872.2
JAAYVF010000116.1_37,PF01882.21
JAAYVF010000121.1_25,PF00285.24
JAAYVF010000122.1_29,PF01564.20
JAAYVF010000122.1_41,PF13263.9
JAAYVF010000125.1_29,PF01041.20
JAAYVF010000011.1_37,PF00078.30
JAAYVF010000129.1_9,PF01041.20
JAAYVF010000132.1_50,PF02673.21
JAAYVF010000012.1_35,PF00881.27
JAAYVF010000015.1_15,PF13083.9
JAAYVF010000019.1_31,PF13472.9
JAAYVF010000022.1_5,PF00884.26
JAAYVF010000002.1_1,PF00246.27
JAAYVF010000036.1_17,PF04055.24
JAAYVF010000042.1_8,PF00857.23
JAAYVF010000004.1_10,PF03781.19
JAAYVF010000046.1_73,PF00276.23
JAAYVF010000046.1_77,PF03143.20
JAAYVF010000048.1_43,PF12680.10
JAAYVF010000048.1_76,PF04977.18
JAAYVF010000058.1_8,PF08002.14
JAAYVF010000059.1_14,PF03773.16
JAAYVF010000059.1_30,PF07603.14
JAAYVF010000060.1_23,PF13231.9
JAAYVF010000065.1_10,PF13810.9
JAAYVF010000073.1_78,PF18433.4
JAAYVF010000074.1_18,PF03992.19
JAAYVF010000074.1_43,PF07879.14
JAAYVF010000075.1_16,PF14332.9
JAAYVF010000075.1_17,PF01263.23
JAAYVF010000078.1_2,PF09604.13
JAAYVF010000079.1_6,PF13620.9
JAAYVF010000079.1_16,PF10974.11
JAAYVF010000079.1_26,PF01168.23
JAAYVF010000083.1_50,PF04389.20
JAAYVF010000083.1_80,PF05130.15
JAAYVF010000087.1_60,PF00293.31
JAAYVF010000087.1_78,PF03527.17
JAFGKQ010000241.1_1,PF04101.19
JAFGKQ010000245.1_9,PF00535.29
JAFGKQ010000003.1_3,PF01476.23
JAFGKQ010000277.1_3,PF04070.15
JAFGKQ010000017.1_3,PF02361.19
JAFGKQ010000291.1_1,PF00587.28
JAFGKQ010000292.1_3,PF00266.22
JAFGKQ010000295.1_1,PF19238.2
JAFGKQ010000303.1_10,PF03773.16
JAFGKQ010000315.1_3,PF01925.22
JAFGKQ010000323.1_3,PF02915.20
JAFGKQ010000331.1_8,PF01177.25
JAFGKQ010000050.1_3,PF10079.12
JAFGKQ010000055.1_4,PF02127.18
JAFGKQ010000061.1_6,PF12675.10
JAFGKQ010000062.1_9,PF00528.25
JAFGKQ010000065.1_1,PF03706.16
JAFGKQ010000066.1_8,PF00890.27
JAFGKQ010000067.1_1,PF12710.10
JAFGKQ010000072.1_2,PF00312.25
JAFGKQ010000085.1_7,PF01066.24
JAFGKQ010000085.1_13,PF00583.28
JAFGKQ010000001.1_2,PF00482.26
JAFGKQ010000106.1_2,PF13796.9
JAFGKQ010000117.1_5,PF00005.30
JAFGKQ010000119.1_2,PF00950.20
JAFGKQ010000119.1_6,PF05103.16
JAFGKQ010000128.1_11,PF02618.19
JAFGKQ010000136.1_13,PF01288.23
JAFGKQ010000139.1_17,PF00202.24
JAFGKQ010000159.1_7,PF03099.22
JAFGKQ010000193.1_1,PF06835.16
JAFGKQ010000194.1_5,PF05681.17
JAFGKQ010000012.1_5,PF03091.18
JAFGKQ010000212.1_1,PF03706.16
JAFGKQ010000230.1_4,PF00550.28
JAFGKQ010000233.1_2,PF03840.17
QNDR01000001.1_2,PF00909.24
QNDR01000003.1_17,PF01658.20
QNDR01000003.1_38,PF02472.19
QNDR01000006.1_28,PF02706.18
QNDR01000007.1_16,PF11104.11
QNDR01000007.1_40,PF01297.20
QNDR01000009.1_7,PF02616.17
QNDR01000010.1_29,PF01904.21
QNDR01000011.1_30,PF00346.22
QNDR01000012.1_3,PF01558.21
QNDR01000014.1_29,PF02639.17
QNDR01000016.1_26,PF19289.2
QNDR01000020.1_4,PF02445.19
QNDR01000021.1_18,PF08915.14
QNDR01000022.1_18,PF04055.24
QNDR01000022.1_32,PF02452.20
QNDR01000024.1_1,PF13231.9
QNDR01000024.1_16,PF09413.13
QNDR01000025.1_27,PF03840.17
QNDR01000026.1_16,PF07963.15
QNDR01000026.1_17,PF07963.15
QNDR01000027.1_20,PF03349.19
QNDR01000028.1_12,PF03977.16
QNDR01000029.1_3,PF00488.24
QNDR01000032.1_22,PF07690.19
QNDR01000034.1_18,PF00581.23
QNDR01000037.1_13,PF03781.19
QNDR01000038.1_1,PF13657.9
QNDR01000041.1_6,PF03479.18
QNDR01000050.1_8,PF00411.22
QNDR01000050.1_9,PF00416.25
QNDR01000050.1_17,PF00861.25
QNDR01000051.1_16,PF13580.9
QNDR01000054.1_4,PF04977.18
QNDR01000056.1_7,PF00202.24
QNDR01000057.1_13,PF10342.12
QNDR01000064.1_4,PF00924.21
QNDR01000069.1_9,PF05096.15
QNDR01000077.1_6,PF13657.9
QNDR01000081.1_1,PF00814.28
QNDR01000085.1_8,PF04288.16
QNDR01000086.1_7,PF00583.28
QNDR01000090.1_4,PF00359.25
QNDR01000091.1_7,PF00166.24
QNDR01000099.1_7,PF13173.9
QNDR01000119.1_4,PF02410.18
QNDR01000126.1_3,PF02321.21
QNDR01000127.1_3,PF12801.10
WQSZ01000001.1_8,PF00202.24
WQSZ01000001.1_15,PF00528.25
WQSZ01000001.1_46,PF04138.17
WQSZ01000002.1_45,PF09586.13
WQSZ01000003.1_14,PF14014.9
WQSZ01000004.1_27,PF04952.17
WQSZ01000006.1_23,PF07691.15
WQSZ01000009.1_2,PF10543.12
WQSZ01000011.1_11,PF00216.24
WQSZ01000016.1_12,PF16654.8
WQSZ01000017.1_4,PF00563.23
WQSZ01000019.1_10,PF00475.21
WQSZ01000019.1_12,PF00800.21
WQSZ01000021.1_5,PF01311.23
WQSZ01000022.1_8,PF13274.9
WQSZ01000029.1_10,PF00150.21
WQSZ01000032.1_8,PF04028.16
WQSZ01000034.1_10,PF04085.17
WQSZ01000037.1_4,PF07228.15
WQSZ01000042.1_5,PF13399.9
WQSZ01000046.1_6,PF01416.23
WQSZ01000048.1_4,PF00528.25
WQSZ01000053.1_6,PF13635.9
WQSZ01000063.1_5,PF09603.13
WQSZ01000064.1_11,PF01668.21
WQSZ01000068.1_8,PF02195.21
WQSZ01000072.1_2,PF13384.9
WQSZ01000079.1_5,PF19838.2
WQSZ01000082.1_3,PF08308.14
WQSZ01000085.1_4,PF13524.9
WQSZ01000086.1_6,PF04304.16
WQSZ01000089.1_7,PF02107.19
WQSZ01000105.1_3,PF00962.25
WQSZ01000121.1_10,PF00239.24
WQSZ01000166.1_2,PF09603.13
WQSZ01000169.1_2,PF00535.29
WQSZ01000178.1_3,PF00679.27
WQSZ01000189.1_2,PF00584.23
WQSZ01000203.1_2,PF14501.9
LIUI01000009.1_24,PF10543.12
LIUI01000009.1_35,PF00347.26
LIUI01000012.1_3,PF09603.13
LIUI01000013.1_1,PF00882.21
LIUI01000020.1_5,PF01555.21
LIUI01000021.1_1,PF13173.9
LIUI01000022.1_36,PF10096.12
LIUI01000022.1_56,PF13385.9
LIUI01000025.1_9,PF00759.22
LIUI01000035.1_28,PF13557.9
LIUI01000035.1_32,PF09603.13
LIUI01000037.1_2,PF13310.9
LIUI01000038.1_5,PF12668.10
LIUI01000038.1_45,PF01808.21
LIUI01000043.1_2,PF01396.22
LIUI01000044.1_6,PF07581.15
LIUI01000046.1_3,PF00472.23
LIUI01000056.1_16,PF01713.24
LIUI01000057.1_18,PF10672.12
LIUI01000060.1_5,PF02498.20
LIUI01000061.1_10,PF00155.24
LIUI01000062.1_3,PF18498.4
LIUI01000062.1_24,PF04255.17
LIUI01000062.1_45,PF01554.21
LIUI01000063.1_10,PF01850.24
LIUI01000066.1_22,PF08780.14
LIUI01000069.1_20,PF05936.15
LIUI01000074.1_5,PF00892.23
LIUI01000078.1_1,PF03706.16
LIUI01000091.1_11,PF14209.9
LIUI01000093.1_35,PF02452.20
LIUI01000099.1_2,PF09603.13
LIUI01000100.1_22,PF04952.17
LIUI01000102.1_1,PF00999.24
LIUI01000105.1_5,PF00361.23
LIUI01000117.1_2,PF00813.23
LIUI01000122.1_11,PF05065.16
LIUI01000126.1_1,PF09820.12
LIUI01000126.1_20,PF00889.22
LIUI01000128.1_9,PF00144.27
LIUI01000133.1_26,PF09603.13
LIUI01000134.1_23,PF14384.9
LIUI01000135.1_1,PF18812.4
LIUI01000135.1_8,PF00448.25
LIUI01000144.1_8,PF08757.14
LIUI01000149.1_27,PF10592.12
LIUI01000151.1_8,PF00656.25
LIUI01000154.1_4,PF00275.23
LIUI01000154.1_8,PF03006.23
LIUI01000154.1_18,PF07238.17
LIUI01000154.1_35,PF07963.15
LIUI01000155.1_15,PF07949.15
CAIWRR010000007.1_4,PF01016.22
CAIWRR010000020.1_15,PF00342.22
CAIWRR010000021.1_1,PF13683.9
CAIWRR010000024.1_7,PF08241.15
CAIWRR010000026.1_5,PF02502.21
CAIWRR010000028.1_2,PF01914.20
CAIWRR010000036.1_1,PF02256.20
CAIWRR010000049.1_19,PF03739.17
CAIWRR010000057.1_9,PF04951.16
CAIWRR010000061.1_3,PF08859.14
CAIWRR010000065.1_22,PF00990.24
CAIWRR010000065.1_28,PF01261.27
CAIWRR010000065.1_36,PF02321.21
CAIWRR010000065.1_42,PF01613.21
CAIWRR010000084.1_19,PF02633.17
CAIWRR010000116.1_5,PF03934.16
CAIWRR010000116.1_25,PF06245.14
CAIWRR010000120.1_4,PF03480.16
CAIWRR010000127.1_4,PF12225.11
CAIWRR010000127.1_9,PF07191.15
CAIWRR010000134.1_5,PF00486.31
CAIWRR010000145.1_2,PF02641.18
CAIWRR010000155.1_2,PF02654.18
CAIWRR010000156.1_4,PF00814.28
CAIWRR010000168.1_2,PF01725.19
CAIWRR010000196.1_5,PF01040.21
CAIWRR010000232.1_3,PF01855.22
CAIWRR010000248.1_23,PF01709.23
CAIWRR010000255.1_9,PF04151.18
CAIWRR010000265.1_8,PF01098.22
MFGS01000003.1_7,PF01075.20
MFGS01000003.1_8,PF14559.9
MFGS01000008.1_9,PF07661.16
MFGS01000010.1_15,PF00420.27
MFGS01000014.1_1,PF04041.16
MFGS01000016.1_20,PF01268.22
MFGS01000024.1_12,PF01597.22
MFGS01000028.1_12,PF01075.20
MFGS01000031.1_31,PF09407.13
MFGS01000033.1_10,PF13365.9
MFGS01000034.1_8,PF01259.21
MFGS01000039.1_37,PF01850.24
MFGS01000039.1_52,PF12686.10
MFGS01000039.1_56,PF01245.23
MFGS01000041.1_8,PF08002.14
MFGS01000049.1_6,PF00285.24
MFGS01000051.1_5,PF04932.18
MFGS01000053.1_10,PF00682.22
MFGS01000068.1_7,PF00072.27
MFGS01000073.1_20,PF00072.27
MFGS01000080.1_3,PF00892.23
MFGS01000087.1_3,PF10646.12
MFGS01000088.1_6,PF01965.27
MFGS01000088.1_8,PF04165.15
MFGS01000099.1_1,PF01264.24
MFGS01000102.1_19,PF14464.9
MFGS01000105.1_1,PF03739.17
MFGS01000109.1_9,PF00889.22
MFGS01000110.1_5,PF14209.9
MFGS01000112.1_15,PF00892.23
MFGS01000113.1_6,PF07584.14
MFGS01000113.1_9,PF01016.22
MFGS01000114.1_5,PF01618.19
MFGS01000124.1_4,PF13860.9
MFGS01000124.1_9,PF07661.16
MFGS01000127.1_1,PF01075.20
MFGS01000127.1_4,PF01261.27
MFGS01000128.1_9,PF01976.20
MFGS01000146.1_7,PF08713.14
MFGS01000156.1_2,PF00574.26
MFGS01000156.1_11,PF02687.24
MFGS01000162.1_1,PF02562.19
MFGS01000167.1_3,PF00590.23
MFGS01000173.1_4,PF00162.22
MFGS01000179.1_22,PF03687.16
MFGS01000180.1_11,PF00374.22
MFGS01000180.1_26,PF00472.23
MFGS01000183.1_22,PF00119.23
MFGS01000196.1_1,PF07396.14
MFGS01000196.1_13,PF07796.14
MFGS01000199.1_19,PF08533.13
MFGS01000200.1_8,PF02540.20
NZ_CP069127.1_1848,PF00496.25
NZ_CP069127.1_2209,PF00892.23
NZ_CP069127.1_2574,PF00474.20
NZ_CP069127.1_2593,PF01557.21
NZ_CP069127.1_2805,PF02195.21
NZ_CP069127.1_4007,PF00496.25
NZ_CP069127.1_4025,PF03746.19
NZ_CP069127.1_4037,PF00583.28
NZ_CP069127.1_5508,PF03668.18
NZ_CP069127.1_5563,PF00082.25
NZ_CP069127.1_5766,PF00856.31
URIY01000003.1_10,PF01594.19
URIY01000004.1_4,PF01420.22
URIY01000005.1_61,PF11638.11
URIY01000009.1_41,PF00584.23
URIY01000013.1_6,PF00155.24
URIY01000021.1_2,PF00005.30
URIY01000064.1_1,PF13811.9
NZ_CP015423.1_343,PF00849.25
NZ_CP015423.1_416,PF02142.25
NZ_CP015423.1_663,PF13031.9
NZ_CP015423.1_835,PF00082.25
NZ_CP015423.1_1458,PF12645.10
NZ_CP015423.1_1760,PF00528.25
NZ_CP015423.1_1796,PF00528.25
NZ_CP015423.1_2626,PF07873.14
NZ_CP015423.1_3059,PF00528.25
NZ_CP015423.1_3349,PF01032.21
NZ_CP015423.1_3396,PF14265.9
NZ_CP015423.1_3615,PF12705.10
NZ_CP015423.1_3978,PF02390.20
NZ_CP015423.1_4808,PF01261.27
NZ_JH815593.1_288,PF04551.17
NZ_JH815593.1_652,PF00550.28
NZ_JH815593.1_671,PF03773.16
NZ_JH815593.1_977,PF11256.11
NZ_JH815594.1_2,PF07690.19
NZ_JH815594.1_165,PF13303.9
NZ_WEZQ01000014.1_134,PF01261.27
NZ_WEZQ01000014.1_161,PF01420.22
NZ_WEZQ01000017.1_76,PF01451.24
NZ_WEZQ01000003.1_3,PF06458.15
NZ_WEZQ01000005.1_222,PF13460.9
NZ_WEZQ01000005.1_365,PF01029.21
NZ_AYYI01000013.1_3,PF14272.9
NZ_AYYI01000015.1_31,PF08006.14
NZ_AYYI01000023.1_10,PF03668.18
NZ_AYYI01000003.1_44,PF05979.15
NZ_AYYI01000030.1_19,PF06612.14
NZ_AYYI01000038.1_86,PF12705.10
NZ_KZ293963.1_226,PF00364.25
NZ_KZ293963.1_564,PF00144.27
NZ_KZ293963.1_731,PF00857.23
NZ_KZ293963.1_1549,PF04002.18
NZ_KZ293963.1_1877,PF08327.14
NZ_KZ293963.1_3011,PF13358.9
NZ_KZ293963.1_3605,PF00171.25
NZ_KZ293963.1_3747,PF00202.24
NZ_KZ293963.1_3854,PF05690.17
NZ_KZ293963.1_3880,PF02537.18
NZ_KZ293963.1_4104,PF02547.18
LSMY01000002.1_117,PF00232.21
NZ_AP014612.1_359,PF02163.25
NZ_AP014612.1_704,PF09827.12
NZ_AP014612.1_805,PF07997.14
NZ_AP014612.1_1801,PF06923.14
CAJUHL010000006.1_45,PF00590.23
CAJUHL010000020.1_18,PF02146.20
CAAEXI010000015.1_23,PF06541.14
CAAEXI010000015.1_115,PF01391.21
CAAEXI010000020.1_11,PF02811.22
NZ_JPST01000001.1_64,PF01507.22
NZ_JPST01000003.1_99,PF04093.15
NZ_JPST01000006.1_45,PF00574.26
NZ_JPST01000013.1_85,PF01258.20
NZ_JPST01000024.1_29,PF10676.12
NZ_JPST01000035.1_89,PF12127.11
NZ_JPST01000036.1_107,PF00676.23
NZ_JPST01000037.1_2,PF01869.23
NZ_JPST01000052.1_16,PF00814.28
NZ_PVNS01000001.1_7,PF00528.25
NZ_PVNS01000018.1_10,PF00825.21
NZ_PVNS01000002.1_292,PF05167.15
NZ_PVNS01000008.1_121,PF00496.25
NZ_PVNS01000008.1_165,PF13075.9
USIB01000024.1_14,PF00303.22
USIB01000073.1_8,PF00436.28
USIB01000076.1_2,PF00773.22
NZ_CP012328.1_21,PF01250.20
NZ_CP012328.1_109,PF02686.18
URWG01000072.1_8,PF13331.9
SVSB01000012.1_42,PF00849.25
SVSB01000025.1_2,PF00483.26
SVSB01000007.1_46,PF02588.18
NC_021031.1_126,PF06182.14
NC_021031.1_853,PF02952.20
NC_021031.1_2677,PF14667.9
NC_021031.1_3110,PF04203.16
JAFRSI010000065.1_5,PF07136.14
JAFRSI010000137.1_9,PF03547.21
JAFRSI010000141.1_36,PF01098.22
JAFRSI010000178.1_3,PF00572.21
JAFRSI010000027.1_1,PF06050.16
NZ_JAGI01000001.1_112,PF00831.26
NZ_JAGI01000002.1_201,PF00082.25
NZ_JAGI01000002.1_764,PF00849.25
NZ_JAGI01000002.1_1086,PF00528.25
NZ_JAGI01000002.1_1193,PF02654.18
NZ_JAGI01000002.1_1487,PF00171.25
NZ_JAGI01000002.1_2016,PF09393.13
NZ_JAGI01000002.1_2607,PF00936.22
CAAETL010000035.1_4,PF07009.14
CAAETL010000258.1_1,PF00885.22
CAAETL010000262.1_1,PF02592.18
CAAETL010000293.1_19,PF02550.18
NZ_JADEKP010000001.1_869,PF00485.21
NZ_JADEKP010000001.1_1242,PF00436.28
NZ_JADEKP010000002.1_406,PF00892.23
JAFSDM010000001.1_19,PF00550.28
JAFSDM010000010.1_11,PF02673.21
JAFSDM010000015.1_25,PF13350.9
JAFSDM010000026.1_23,PF18013.4
JAFSDM010000031.1_19,PF00528.25
JAFSWN010000135.1_1,PF02441.22
JAFSWN010000144.1_10,PF03845.16
JAFSWN010000155.1_21,PF00731.23
JAFSWN010000031.1_17,PF00849.25
JAFTKO010000012.1_58,PF12673.10
JAFTKO010000012.1_104,PF01042.24
JAFTKO010000012.1_137,PF06541.14
JAFTKO010000025.1_99,PF13412.9
CADBLV010000069.1_6,PF01070.21
CADBLV010000148.1_8,PF06949.14
CADBLV010000193.1_2,PF00884.26
CADBLV010000319.1_1,PF09224.14
CACYFZ010000002.1_74,PF09479.13
CACYFZ010000010.1_3,PF01261.27
CACYFZ010000015.1_14,PF12957.10
CACYFZ010000022.1_13,PF00924.21
NZ_CP014223.1_169,PF01814.26
NZ_CP014223.1_1150,PF00588.22
NZ_CP014223.1_1887,PF00877.22
SFNH01000074.1_4,PF08817.13
SFNH01000018.1_5,PF00849.25
SFNH01000023.1_10,PF01636.26
CACZFN010000007.1_77,PF00440.26
CACZFN010000016.1_31,PF08984.14
DFGE01000021.1_81,PF09992.12
DFGE01000022.1_153,PF02660.18
DFGE01000002.1_78,PF08281.15
WRBD01000015.1_34,PF01627.26
CAJUIP010000002.1_112,PF00535.29
CAJUIP010000004.1_92,PF03869.17
CAJUIP010000013.1_17,PF03466.23
CAJUIP010000013.1_59,PF00344.23
CAJUIP010000022.1_14,PF01784.21
CAJUIP010000026.1_26,PF03590.18
CAADSM010000047.1_50,PF00119.23
CAADSM010000059.1_29,PF09967.12
CAADSM010000096.1_35,PF12652.10
CAJMJN010000019.1_24,PF01098.22
CAJMJN010000021.1_11,PF02698.20
CACXDF010000174.1_3,PF01026.24
CAJFVT010000116.1_21,PF01261.27
CAJFVT010000132.1_29,PF14584.9
JAEEOX010000097.1_1,PF01855.22
JAEEOX010000181.1_5,PF03553.17
JAEEOX010000006.1_4,PF13556.9
CACZLA010000003.1_40,PF00343.23
CACZLA010000067.1_5,PF03861.17
CAJKKX010000016.1_10,PF01326.22
CAJKKX010000112.1_2,PF19642.2
JAAYEQ010000052.1_7,PF17989.4
JAAYEQ010000055.1_6,PF02730.18
JAAYEQ010000061.1_1,PF03787.18
JAAYEQ010000079.1_1,PF11369.11
JAAYEQ010000073.1_17,PF03862.16
JAAYEQ010000014.1_17,PF02515.20
JAAYEQ010000014.1_29,PF00501.31
JAAYEQ010000017.1_7,PF00471.23
JAAYEQ010000018.1_20,PF00753.30
JAAYEQ010000018.1_35,PF17209.6
JAAYEQ010000005.1_85,PF00809.25
JAAYEQ010000005.1_89,PF02569.18
JAAYEQ010000025.1_119,PF00829.24
JAAYEQ010000025.1_134,PF02596.18
JAAYEQ010000025.1_145,PF01551.25
JAAYEQ010000026.1_4,PF02397.19
JAAYEQ010000026.1_79,PF02586.17
JAAYEQ010000006.1_17,PF04020.16
JAAYEQ010000029.1_40,PF01584.22
JAAYEQ010000029.1_51,PF01255.22
JAAYEQ010000031.1_8,PF01867.19
JAAYEQ010000032.1_1,PF11794.11
JAAYEQ010000036.1_4,PF10086.12
JAAYEQ010000037.1_2,PF07872.14
JAAYEQ010000037.1_7,PF04023.17
JAAYEQ010000039.1_19,PF01493.22
JAAYEQ010000047.1_63,PF01783.26
JAAYEQ010000009.1_26,PF01155.22
JAAYEQ010000009.1_44,PF01039.25
JAAYEQ010000010.1_6,PF02082.23
JAAYEQ010000010.1_30,PF00528.25
JAAYEQ010000048.1_49,PF04079.19
JAAYEQ010000048.1_50,PF09350.13
JAAYEQ010000048.1_61,PF01420.22
NZ_BJKN01000001.1_3,PF02001.19
NZ_BJKN01000001.1_7,PF01475.22
NZ_BJKN01000001.1_28,PF04023.17
NZ_BJKN01000001.1_236,PF00015.24
NZ_BJKN01000001.1_248,PF03845.16
NZ_BJKN01000001.1_299,PF00226.34
NZ_BJKN01000001.1_301,PF01063.22
NZ_BJKN01000001.1_415,PF00381.22
NZ_BJKN01000001.1_423,PF08843.14
NZ_BJKN01000001.1_494,PF01850.24
NZ_BJKN01000001.1_539,PF02321.21
NZ_BJKN01000001.1_565,PF00213.21
NZ_BJKN01000001.1_568,PF00119.23
NZ_BJKN01000001.1_814,PF04657.16
NZ_BJKN01000001.1_1033,PF12846.10
NZ_BJKN01000001.1_1067,PF00041.24
NZ_BJKN01000001.1_1101,PF13840.9
NZ_BJKN01000001.1_1108,PF00148.22
NZ_BJKN01000001.1_1110,PF00148.22
NZ_BJKN01000001.1_1140,PF01850.24
NZ_BJKN01000001.1_1252,PF01930.20
NZ_BJKN01000002.1_29,PF18910.3
NZ_BJKN01000002.1_34,PF00849.25
NZ_BJKN01000002.1_271,PF02631.19
NZ_BJKN01000002.1_285,PF02571.17
NZ_BJKN01000002.1_305,PF17209.6
NZ_BJKN01000002.1_382,PF01934.20
NZ_BJKN01000002.1_417,PF07833.14
NZ_BJKN01000002.1_511,PF14386.9
NZ_BJKN01000002.1_608,PF00528.25
NZ_BJKN01000002.1_721,PF01420.22
NZ_BJKN01000002.1_858,PF01048.23
NZ_BJKN01000002.1_924,PF00293.31
NZ_BJKN01000002.1_1035,PF05140.17
NZ_BJKN01000002.1_1163,PF00453.21
NZ_BJKN01000003.1_6,PF00248.24
NZ_BJKN01000003.1_11,PF14358.9
NZ_BJKN01000003.1_73,PF00563.23
NZ_BJKN01000003.1_81,PF12965.10
NZ_BJKN01000003.1_95,PF01850.24
NZ_BJKN01000003.1_182,PF00076.25
NZ_BJKN01000003.1_188,PF02673.21
NZ_BJKN01000003.1_322,PF02350.22
NZ_BJKN01000003.1_401,PF02050.19
NZ_BJKN01000003.1_445,PF01699.27
NZ_BJKN01000005.1_2,PF01121.23
OMZR01000073.1_2,PF00375.21
OMZR01000069.1_3,PF20551.1
OMZR01000052.1_4,PF13597.9
OMZR01000052.1_9,PF05683.15
OMZR01000008.1_24,PF00700.24
OMZR01000038.1_3,PF09669.13
OMZR01000049.1_15,PF04392.15
OMZR01000019.1_23,PF03780.16
OMZR01000039.1_12,PF00700.24
OMZR01000016.1_20,PF08942.13
OMZR01000016.1_23,PF02585.20
OMZR01000023.1_9,PF01351.21
OMZR01000166.1_4,PF10844.11
OMZR01000024.1_19,PF01507.22
OMZR01000003.1_12,PF13560.9
OMZR01000093.1_6,PF00881.27
OMZR01000037.1_5,PF03975.16
OMZR01000007.1_15,PF09369.13
OMZR01000007.1_19,PF00149.31
OMZR01000007.1_30,PF07905.14
OMZR01000053.1_13,PF00381.22
OMZR01000079.1_4,PF03544.17
OMZR01000059.1_14,PF00448.25
OMZR01000084.1_6,PF10934.11
OMZR01000032.1_1,PF14681.9
OMZR01000070.1_13,PF01795.22
OMZR01000097.1_9,PF12672.10
OMZR01000150.1_1,PF02302.20
OMZR01000182.1_2,PF05050.15
OMZR01000067.1_9,PF02631.19
OMZR01000017.1_15,PF02152.21
OMZR01000134.1_10,PF00696.31
OMZR01000144.1_7,PF10719.12
OMZR01000162.1_5,PF05107.15
OMZR01000160.1_1,PF00990.24
NZ_CP027570.1_29,PF00144.27
NZ_CP027570.1_85,PF08821.14
NZ_CP027570.1_236,PF00814.28
NZ_CP027570.1_296,PF13332.9
NZ_CP027570.1_383,PF00575.26
NZ_CP027570.1_450,PF01522.24
NZ_CP027570.1_471,PF00155.24
NZ_CP027570.1_513,PF00909.24
NZ_CP027570.1_529,PF05076.16
NZ_CP027570.1_601,PF02001.19
NZ_CP027570.1_619,PF00395.23
NZ_CP027570.1_636,PF02632.17
NZ_CP027570.1_722,PF04138.17
NZ_CP027570.1_732,PF00180.23
NZ_CP027570.1_857,PF01967.24
NZ_CP027570.1_865,PF12804.10
NZ_CP027570.1_879,PF00230.23
NZ_CP027570.1_965,PF01297.20
NZ_CP027570.1_1019,PF00203.24
NZ_CP027570.1_1049,PF14052.9
NZ_CP027570.1_1057,PF00535.29
NZ_CP027570.1_1079,PF03600.19
NZ_CP027570.1_1104,PF02361.19
NZ_CP027570.1_1123,PF02082.23
NZ_CP027570.1_1173,PF13413.9
NZ_CP027570.1_1353,PF04865.17
NZ_CP027570.1_1359,PF00078.30
NZ_CP027570.1_1437,PF06949.14
NZ_CP027570.1_1489,PF11146.11
NZ_CP027570.1_1534,PF09820.12
NZ_CP027570.1_1568,PF03747.17
NZ_CP027570.1_1628,PF01797.19
NZ_CP027570.1_1696,PF01475.22
NZ_CP027570.1_1738,PF09704.13
NZ_CP027570.1_1759,PF00343.23
NZ_CP027570.1_1862,PF00490.24
NZ_CP027570.1_1879,PF00849.25
NZ_CP027570.1_1905,PF05525.16
JAAYKP010000071.1_3,PF03668.18
JAAYKP010000072.1_2,PF01244.24
JAAYKP010000077.1_42,PF01258.20
JAAYKP010000079.1_9,PF02653.19
JAAYKP010000083.1_5,PF02091.18
JAAYKP010000085.1_2,PF00753.30
JAAYKP010000086.1_5,PF01248.29
JAAYKP010000092.1_2,PF11104.11
JAAYKP010000099.1_12,PF09548.13
JAAYKP010000099.1_20,PF03780.16
JAAYKP010000105.1_26,PF00366.23
JAAYKP010000107.1_15,PF00126.30
JAAYKP010000107.1_23,PF01694.25
JAAYKP010000113.1_3,PF02163.25
JAAYKP010000116.1_2,PF00953.24
JAAYKP010000121.1_27,PF04551.17
JAAYKP010000012.1_41,PF01648.23
JAAYKP010000129.1_2,PF13643.9
JAAYKP010000129.1_10,PF01975.20
JAAYKP010000133.1_5,PF05343.17
JAAYKP010000020.1_35,PF01208.20
JAAYKP010000021.1_2,PF00912.25
JAAYKP010000145.1_24,PF02219.20
JAAYKP010000022.1_1,PF01545.24
JAAYKP010000155.1_11,PF06866.14
JAAYKP010000155.1_26,PF09648.13
JAAYKP010000155.1_34,PF04961.15
JAAYKP010000026.1_7,PF14879.9
JAAYKP010000026.1_12,PF01960.21
JAAYKP010000026.1_13,PF00696.31
JAAYKP010000166.1_2,PF04205.17
JAAYKP010000030.1_3,PF02643.18
JAAYKP010000032.1_3,PF00266.22
JAAYKP010000038.1_1,PF05833.14
JAAYKP010000040.1_23,PF02080.24
JAAYKP010000044.1_1,PF00892.23
JAAYKP010000003.1_21,PF11181.11
JAAYKP010000001.1_6,PF02687.24
JAAYKP010000057.1_4,PF00301.23
JAAYKP010000057.1_5,PF04892.15
JAGXTL010000114.1_14,PF01288.23
JAGXTL010000005.1_11,PF00590.23
JAGXTL010000067.1_16,PF01145.28
JAGXTL010000010.1_41,PF00496.25
JAGXTL010000029.1_25,PF04205.17
JAGXTL010000059.1_1,PF18982.3
JAGXTL010000064.1_20,PF09548.13
JAGXTL010000064.1_25,PF01220.22
JAGXTL010000060.1_33,PF06107.14
JAGXTL010000003.1_70,PF00437.23
JAGXTL010000007.1_37,PF01040.21
JAGXTL010000007.1_38,PF16963.8
JAGXTL010000007.1_40,PF04306.16
JAGXTL010000047.1_6,PF09709.13
JAGXTL010000047.1_12,PF12831.10
JAGXTL010000122.1_8,PF05437.15
JAGXTL010000077.1_13,PF02559.19
JAGXTL010000132.1_21,PF00237.22
JAGXTL010000103.1_9,PF00327.23
JAGXTL010000037.1_64,PF06245.14
JAGXTL010000037.1_88,PF00672.28
JAGXTL010000098.1_9,PF11385.11
JAGXTL010000043.1_20,PF01195.22
JAGXTL010000043.1_33,PF07873.14
JAGXTL010000043.1_49,PF01268.22
JAGXTL010000043.1_62,PF13244.9
JAGXTL010000044.1_3,PF04986.16
JAGXTL010000110.1_17,PF01558.21
JAGXTL010000016.1_42,PF07187.14
JAGXTL010000091.1_10,PF08984.14
JAGXTL010000041.1_11,PF00005.30
JAGXTL010000041.1_15,PF03100.18
JAGXTL010000015.1_2,PF00118.27
JAGXTL010000015.1_22,PF03419.16
JAGXTL010000056.1_1,PF00565.20
JAGXTL010000032.1_27,PF07751.14
JAGXTL010000032.1_41,PF01933.21
JAGXTL010000032.1_71,PF11148.11
JAGXTL010000115.1_4,PF03808.16
JAGXTL010000111.1_4,PF00535.29
JAGXTL010000042.1_11,PF00180.23
JAGXTL010000042.1_76,PF07454.14
QGUP01000146.1_2,PF01515.22
QGUP01000163.1_3,PF00202.24
QGUP01000180.1_1,PF03009.20
QGUP01000184.1_5,PF01551.25
QGUP01000189.1_5,PF01812.23
QGUP01000194.1_4,PF01676.21
QGUP01000199.1_2,PF01248.29
QGUP01000200.1_2,PF02575.19
QGUP01000210.1_4,PF05343.17
QGUP01000005.1_18,PF10776.12
QGUP01000239.1_4,PF00491.24
QGUP01000248.1_3,PF00528.25
QGUP01000254.1_1,PF04264.16
QGUP01000007.1_3,PF01966.25
QGUP01000257.1_1,PF07969.14
QGUP01000284.1_1,PF02811.22
QGUP01000318.1_1,PF00920.24
QGUP01000010.1_5,PF00085.23
QGUP01000328.1_3,PF06803.15
QGUP01000331.1_2,PF00480.23
QGUP01000339.1_3,PF00596.24
QGUP01000016.1_25,PF00557.27
QGUP01000016.1_28,PF00444.21
QGUP01000017.1_1,PF02687.24
QGUP01000018.1_20,PF13424.9
QGUP01000365.1_2,PF14464.9
QGUP01000366.1_4,PF19568.2
QGUP01000019.1_3,PF02653.19
QGUP01000374.1_2,PF08812.14
QGUP01000389.1_1,PF00696.31
QGUP01000398.1_1,PF00359.25
QGUP01000412.1_1,PF03447.19
QGUP01000033.1_6,PF00491.24
QGUP01000439.1_2,PF03167.22
QGUP01000442.1_3,PF09579.13
QGUP01000443.1_1,PF01266.27
QGUP01000450.1_3,PF00293.31
QGUP01000452.1_4,PF06605.14
QGUP01000048.1_7,PF10262.12
QGUP01000053.1_1,PF00486.31
QGUP01000053.1_6,PF07676.15
QGUP01000460.1_4,PF00359.25
QGUP01000074.1_5,PF00724.23
QGUP01000505.1_3,PF01618.19
QGUP01000507.1_2,PF05362.16
QGUP01000516.1_3,PF00702.29
QGUP01000082.1_8,PF00403.29
QGUP01000083.1_5,PF01292.23
QGUP01000099.1_6,PF10135.12
QGUP01000105.1_2,PF09587.13
QGUP01000547.1_1,PF00082.25
QGUP01000111.1_6,PF00625.24
QGUP01000113.1_6,PF03963.17
QGUP01000124.1_4,PF01227.25
QGUP01000129.1_9,PF00953.24
QGUP01000132.1_2,PF00892.23
QGUP01000134.1_1,PF01924.19
QGUP01000140.1_4,PF06182.14
QGUP01000583.1_2,PF07963.15
QGUP01000588.1_2,PF02653.19
JAGPNE010000004.1_19,PF20539.1
JAGPNE010000004.1_62,PF02561.17
JAGPNE010000004.1_73,PF04230.16
JAGPNE010000005.1_9,PF13186.9
JAGPNE010000005.1_12,PF13411.9
JAGPNE010000005.1_50,PF14221.9
JAGPNE010000005.1_51,PF04932.18
JAGPNE010000005.1_62,PF00156.30
JAGPNE010000001.1_3,PF07883.14
JAGPNE010000001.1_6,PF00881.27
JAGPNE010000001.1_31,PF01497.21
JAGPNE010000001.1_76,PF01642.25
JAGPNE010000001.1_90,PF05949.15
JAGPNE010000001.1_152,PF01255.22
JAGPNE010000001.1_199,PF13428.9
JAGPNE010000001.1_209,PF06135.15
JAGPNE010000001.1_248,PF00437.23
JAGPNE010000001.1_340,PF01182.23
JAGPNE010000001.1_347,PF00753.30
JAGPNE010000001.1_395,PF03572.21
JAGPNE010000014.1_8,PF02559.19
JAGPNE010000002.1_124,PF01169.22
JAGPNE010000002.1_172,PF00076.25
JAGPNE010000010.1_30,PF04977.18
JAGPNE010000003.1_29,PF01266.27
JAGPNE010000003.1_54,PF03061.25
JAGPNE010000003.1_60,PF18917.3
JAGPNE010000003.1_89,PF11167.11
NC_014654.1_26,PF01081.22
NC_014654.1_113,PF01554.21
NC_014654.1_129,PF00528.25
NC_014654.1_143,PF03611.17
NC_014654.1_265,PF13936.9
NC_014654.1_275,PF00300.25
NC_014654.1_297,PF09413.13
NC_014654.1_333,PF02245.19
NC_014654.1_401,PF00265.21
NC_014654.1_410,PF00137.24
NC_014654.1_439,PF06835.16
NC_014654.1_498,PF00496.25
NC_014654.1_753,PF00899.24
NC_014654.1_774,PF01869.23
NC_014654.1_832,PF12974.10
NC_014654.1_850,PF17099.8
NC_014654.1_912,PF02424.18
NC_014654.1_923,PF05167.15
NC_014654.1_1060,PF11417.11
NC_014654.1_1062,PF12841.10
NC_014654.1_1130,PF01967.24
NC_014654.1_1147,PF02508.17
NC_014654.1_1210,PF04199.16
NC_014654.1_1296,PF02472.19
NC_014654.1_1347,PF00692.22
NC_014654.1_1377,PF04361.16
NC_014654.1_1410,PF02073.18
NC_014654.1_1411,PF13263.9
NC_014654.1_1420,PF02609.19
NC_014654.1_1505,PF03816.17
NC_014654.1_1563,PF03699.16
NC_014654.1_1571,PF02660.18
NC_014654.1_1635,PF01098.22
NC_014654.1_1698,PF02091.18
NC_014654.1_1729,PF01734.25
NC_014654.1_1765,PF17253.5
NC_014654.1_1771,PF04392.15
NC_014654.1_1892,PF02367.20
NC_014654.1_1894,PF00171.25
NC_014654.1_2013,PF06953.14
NC_014654.1_2027,PF03819.20
NC_014654.1_2056,PF01026.24
NC_014654.1_2122,PF03553.17
NC_014654.1_2161,PF04932.18
NC_014654.1_2166,PF01075.20
NC_014654.1_2223,PF02654.18
NC_014654.1_2231,PF02571.17
NC_014654.1_2366,PF01894.20
PWFS01000024.1_3,PF01026.24
PWFS01000192.1_6,PF02575.19
PWFS01000214.1_4,PF06695.14
PWFS01000044.1_4,PF02915.20
PWFS01000044.1_16,PF03649.16
PWFS01000215.1_6,PF04011.15
PWFS01000035.1_14,PF00698.24
PWFS01000043.1_3,PF02687.24
PWFS01000011.1_3,PF02535.25
PWFS01000047.1_5,PF01934.20
PWFS01000036.1_10,PF02545.17
PWFS01000240.1_6,PF00275.23
PWFS01000029.1_10,PF00252.21
PWFS01000211.1_1,PF01408.25
PWFS01000064.1_3,PF01564.20
PWFS01000009.1_43,PF07690.19
PWFS01000009.1_45,PF02811.22
PWFS01000106.1_16,PF00015.24
PWFS01000109.1_4,PF03591.17
PWFS01000232.1_3,PF02580.19
PWFS01000022.1_12,PF00291.28
PWFS01000185.1_1,PF03448.20
PWFS01000169.1_3,PF02119.19
PWFS01000169.1_4,PF10135.12
PWFS01000100.1_18,PF00248.24
PWFS01000100.1_35,PF07287.14
PWFS01000100.1_40,PF04306.16
PWFS01000076.1_6,PF00687.24
PWFS01000087.1_7,PF06305.14
PWFS01000243.1_5,PF04079.19
PWFS01000190.1_8,PF13529.9
PWFS01000246.1_10,PF02775.24
PWFS01000148.1_10,PF13083.9
PWFS01000093.1_6,PF03781.19
JAAYRV010000153.1_12,PF04542.17
JAAYRV010000166.1_2,PF02653.19
JAAYRV010000167.1_3,PF03576.17
JAAYRV010000169.1_19,PF00347.26
JAAYRV010000173.1_9,PF00596.24
JAAYRV010000177.1_1,PF06130.15
JAAYRV010000028.1_6,PF06808.15
JAAYRV010000198.1_16,PF00300.25
JAAYRV010000004.1_36,PF07758.14
JAAYRV010000004.1_41,PF02660.18
JAAYRV010000004.1_76,PF00528.25
JAAYRV010000202.1_2,PF02597.23
JAAYRV010000212.1_1,PF12911.10
JAAYRV010000220.1_3,PF01588.23
JAAYRV010000222.1_2,PF04893.20
JAAYRV010000032.1_8,PF01977.19
JAAYRV010000033.1_3,PF05949.15
JAAYRV010000033.1_20,PF01192.25
JAAYRV010000246.1_11,PF04347.16
JAAYRV010000260.1_4,PF01862.19
JAAYRV010000037.1_2,PF00528.25
JAAYRV010000037.1_5,PF00578.24
JAAYRV010000292.1_1,PF00365.23
JAAYRV010000296.1_3,PF01551.25
JAAYRV010000298.1_3,PF00528.25
JAAYRV010000301.1_3,PF05168.17
JAAYRV010000046.1_18,PF00420.27
JAAYRV010000052.1_3,PF12673.10
JAAYRV010000054.1_4,PF02811.22
JAAYRV010000054.1_6,PF01546.31
JAAYRV010000062.1_4,PF01740.24
JAAYRV010000066.1_8,PF00528.25
JAAYRV010000076.1_14,PF01991.21
JAAYRV010000096.1_16,PF00813.23
JAAYRV010000099.1_2,PF00830.22
JAAYRV010000103.1_3,PF01039.25
JAAYRV010000104.1_18,PF09581.13
JAAYRV010000113.1_1,PF02739.19
JAAYRV010000113.1_12,PF02653.19
JAAYRV010000114.1_1,PF04468.15
JAAYRV010000020.1_10,PF00583.28
JAAYRV010000138.1_20,PF01257.22
JAAYRV010000141.1_25,PF04055.24
JAAYRV010000142.1_4,PF19557.2
JAAYRV010000145.1_10,PF01402.24
JAAYRV010000146.1_4,PF05107.15
JAAYRV010000021.1_7,PF00829.24
JAAYRV010000021.1_14,PF03776.17
JAAYXC010000085.1_6,PF06792.14
JAAYXC010000085.1_9,PF02502.21
JAAYXC010000089.1_7,PF00528.25
JAAYXC010000107.1_7,PF00924.21
JAAYXC010000114.1_8,PF03030.19
JAAYXC010000021.1_2,PF00764.22
JAAYXC010000124.1_2,PF00571.31
JAAYXC010000152.1_2,PF04962.15
JAAYXC010000161.1_3,PF01618.19
JAAYXC010000162.1_1,PF02811.22
JAAYXC010000171.1_1,PF06123.15
JAAYXC010000181.1_2,PF00491.24
JAAYXC010000194.1_2,PF02081.18
JAAYXC010000207.1_2,PF00483.26
JAAYXC010000208.1_3,PF05685.15
JAAYXC010000220.1_4,PF01850.24
JAAYXC010000237.1_12,PF00919.23
JAAYXC010000246.1_12,PF06949.14
JAAYXC010000253.1_2,PF02700.17
JAAYXC010000271.1_4,PF00528.25
JAAYXC010000283.1_5,PF00436.28
JAAYXC010000302.1_2,PF09546.13
JAAYXC010000307.1_4,PF00892.23
JAAYXC010000346.1_11,PF04025.15
JAAYXC010000354.1_3,PF01628.24
JAAYXC010000359.1_3,PF13280.9
JAAYXC010000370.1_5,PF02660.18
JAAYXC010000377.1_2,PF04011.15
JAAYXC010000388.1_6,PF01687.20
JAAYXC010000396.1_2,PF01882.21
JAAYXC010000400.1_12,PF13609.9
JAAYXC010000404.1_3,PF00579.28
JAAYXC010000419.1_3,PF08902.14
JAAYXC010000428.1_4,PF02281.19
JAAYXC010000440.1_1,PF08812.14
WSXW01000004.1_96,PF00252.21
WSXW01000004.1_105,PF03143.20
WSXW01000029.1_32,PF12671.10
WSXW01000029.1_55,PF00313.25
WSXW01000043.1_12,PF00275.23
WSXW01000005.1_8,PF08665.15
WSXW01000005.1_67,PF11148.11
WSXW01000005.1_90,PF02677.17
WSXW01000046.1_7,PF04346.15
WSXW01000046.1_16,PF03960.18
WSXW01000006.1_76,PF16552.8
WSXW01000052.1_10,PF00291.28
WSXW01000001.1_12,PF01245.23
WSXW01000001.1_27,PF01783.26
WSXW01000001.1_76,PF03419.16
WSXW01000001.1_156,PF04536.17
WSXW01000001.1_175,PF00300.25
WSXW01000001.1_199,PF01025.22
WSXW01000008.1_75,PF12762.10
WSXW01000008.1_122,PF01797.19
WSXW01000008.1_126,PF02887.19
WSXW01000002.1_126,PF01016.22
WSXW01000011.1_27,PF04347.16
WSXW01000011.1_28,PF03748.17
WSXW01000015.1_45,PF01255.22
WSXW01000003.1_40,PF09546.13
WSXW01000003.1_101,PF00156.30
WSXW01000016.1_10,PF03808.16
WSXW01000018.1_1,PF05685.15
WSXW01000018.1_20,PF03030.19
WSXW01000024.1_29,PF02386.19
DDWC01000013.1_10,PF02321.21
DDWC01000013.1_13,PF00440.26
DDWC01000034.1_24,PF04205.17
DDWC01000246.1_4,PF00939.22
DDWC01000180.1_5,PF05635.14
DDWC01000173.1_17,PF03737.18
DDWC01000173.1_21,PF14191.9
DDWC01000255.1_7,PF01966.25
DDWC01000118.1_1,PF19641.2
DDWC01000009.1_4,PF13941.9
DDWC01000009.1_8,PF03576.17
DDWC01000191.1_1,PF03956.16
DDWC01000116.1_5,PF07963.15
DDWC01000220.1_22,PF13510.9
DDWC01000128.1_8,PF06182.14
DDWC01000143.1_13,PF00590.23
DDWC01000148.1_5,PF08378.14
DDWC01000030.1_7,PF01467.29
DDWC01000133.1_10,PF04018.16
DDWC01000133.1_31,PF01171.23
DDWC01000223.1_12,PF02535.25
DDWC01000207.1_5,PF00468.20
DDWC01000150.1_8,PF02572.18
DDWC01000104.1_1,PF07969.14
DDWC01000080.1_10,PF12358.11
DDWC01000200.1_2,PF02683.18
DDWC01000215.1_6,PF01192.25
DDWC01000124.1_8,PF01244.24
DDWC01000158.1_1,PF00137.24
DDWC01000027.1_12,PF02595.18
DDWC01000008.1_10,PF01594.19
DDWC01000210.1_2,PF00899.24
DDWC01000210.1_10,PF00117.31
DDWC01000090.1_8,PF00361.23
DDWC01000185.1_7,PF09527.13
DDWC01000072.1_7,PF00450.25
DDWC01000108.1_2,PF18998.3
DDWC01000131.1_10,PF02682.19
DDWC01000026.1_6,PF07811.15
DDWC01000154.1_4,PF02504.18
DDWC01000241.1_2,PF01361.24
DDWC01000182.1_7,PF00072.27
DDWC01000135.1_1,PF01345.21
DDWC01000087.1_1,PF13451.9
DDWC01000024.1_3,PF01196.22
NZ_CP007062.1_22,PF09820.12
NZ_CP007062.1_67,PF01252.21
NZ_CP007062.1_192,PF04073.18
NZ_CP007062.1_265,PF01235.20
NZ_CP007062.1_334,PF00830.22
NZ_CP007062.1_355,PF00528.25
NZ_CP007062.1_433,PF03389.18
NZ_CP007062.1_451,PF01613.21
NZ_CP007062.1_702,PF14411.9
NZ_CP007062.1_712,PF01885.19
NZ_CP007062.1_739,PF01467.29
NZ_CP007062.1_797,PF19645.2
NZ_CP007062.1_1038,PF02367.20
NZ_CP007062.1_1115,PF12158.11
NZ_CP007062.1_1132,PF00860.23
NZ_CP007062.1_1190,PF02127.18
NZ_CP007062.1_1193,PF04055.24
NZ_CP007062.1_1208,PF02686.18
NZ_CP007062.1_1335,PF00291.28
NZ_CP007062.1_1363,PF10634.12
NZ_CP007062.1_1430,PF01784.21
NZ_CP007062.1_1454,PF14022.9
NZ_CP007062.1_1597,PF01039.25
NZ_CP007062.1_1702,PF02734.20
NZ_CP007062.1_1725,PF01810.21
NZ_CP007062.1_1937,PF06826.15
NZ_CP007062.1_1997,PF00366.23
NZ_CP007062.1_2013,PF00496.25
NZ_CP007062.1_2074,PF01957.21
NZ_CP007062.1_2159,PF09643.13
NZ_CP007062.1_2196,PF02592.18
NZ_CP007062.1_2217,PF18813.4
NZ_CP007062.1_2227,PF06414.15
NZ_CP007062.1_2280,PF02542.19
NZ_CP007062.1_2290,PF00528.25
NZ_CP007062.1_2315,PF01025.22
NZ_CP007062.1_2334,PF03030.19
NZ_CP007062.1_2336,PF01192.25
NZ_CP007062.1_2392,PF09827.12
NZ_CP007062.1_2395,PF01235.20
NZ_CP007062.1_2423,PF01424.25
NZ_CP007062.1_2427,PF00468.20
NZ_JH378900.1_1,PF00950.20
NZ_JH378903.1_11,PF01177.25
NZ_JH378910.1_6,PF00908.20
NZ_JH378910.1_10,PF02397.19
NZ_JH378917.1_13,PF00238.22
NZ_JH378918.1_4,PF00230.23
NZ_JH378918.1_24,PF01435.21
NZ_JH378927.1_1,PF02829.17
NZ_JH378927.1_2,PF13238.9
NZ_JH378933.1_18,PF09234.13
NZ_JH378940.1_7,PF08958.13
NZ_JH378953.1_18,PF01966.25
NZ_JH378957.1_3,PF01930.20
NZ_JH378959.1_7,PF01145.28
NZ_JH378965.1_15,PF00466.23
NZ_JH378965.1_48,PF00027.32
NZ_JH378971.1_11,PF04101.19
NZ_JH378980.1_22,PF01039.25
NZ_JH378980.1_31,PF13280.9
NZ_JH378980.1_86,PF13507.9
NZ_JH378986.1_9,PF20434.1
NZ_JH379000.1_2,PF04205.17
NZ_JH379003.1_16,PF00550.28
NZ_JH379003.1_30,PF00724.23
NZ_JH379004.1_76,PF02082.23
NZ_JH379006.1_4,PF03781.19
NZ_JH379006.1_14,PF00437.23
NZ_JH379006.1_17,PF03743.17
NZ_JH379006.1_20,PF04335.16
NZ_JH379013.1_13,PF09924.12
NZ_JH379013.1_26,PF00156.30
NZ_JH379016.1_8,PF00436.28
NZ_JH379016.1_11,PF00528.25
NZ_JH379016.1_19,PF09403.13
NZ_JH379019.1_30,PF06912.14
NZ_JH379019.1_33,PF01235.20
NZ_JH379022.1_40,PF19635.2
NZ_JH379024.1_8,PF03899.18
NZ_JH379024.1_32,PF02677.17
NZ_JH379025.1_17,PF01252.21
NZ_JH379026.1_11,PF07009.14
NZ_JH379026.1_25,PF00453.21
MDLB01000018.1_6,PF00902.21
MDLB01000023.1_5,PF12323.11
MDLB01000024.1_2,PF20039.2
MDLB01000027.1_1,PF12323.11
MDLB01000030.1_9,PF00115.23
MDLB01000031.1_1,PF12323.11
MDLB01000031.1_7,PF12323.11
MDLB01000036.1_4,PF01171.23
MDLB01000042.1_4,PF04002.18
MDLB01000048.1_2,PF00155.24
MDLB01000048.1_6,PF00343.23
MDLB01000049.1_7,PF12728.10
MDLB01000057.1_5,PF04055.24
MDLB01000062.1_1,PF00102.30
MDLB01000064.1_13,PF09723.13
MDLB01000067.1_10,PF00146.24
MDLB01000068.1_14,PF13276.9
MDLB01000073.1_1,PF00665.29
MDLB01000073.1_15,PF12811.10
MDLB01000076.1_2,PF07238.17
MDLB01000076.1_3,PF00248.24
MDLB01000076.1_15,PF00795.25
MDLB01000081.1_6,PF01722.21
MDLB01000083.1_11,PF18306.4
MDLB01000085.1_11,PF00146.24
MDLB01000085.1_13,PF00329.22
MDLB01000086.1_10,PF00146.24
MDLB01000086.1_12,PF00329.22
MDLB01000086.1_16,PF00177.24
MDLB01000087.1_3,PF07963.15
MDLB01000087.1_7,PF01467.29
MDLB01000088.1_10,PF00118.27
MDLB01000088.1_12,PF03309.17
MDLB01000091.1_1,PF12323.11
MDLB01000091.1_10,PF02151.22
MDLB01000092.1_19,PF02700.17
MDLB01000094.1_26,PF12323.11
MDLB01000096.1_3,PF01784.21
MDLB01000097.1_1,PF12323.11
MDLB01000098.1_17,PF01722.21
MDLB01000099.1_1,PF12323.11
MDLB01000099.1_8,PF00348.20
MDLB01000099.1_9,PF01878.21
MDLB01000100.1_12,PF02628.18
MDLB01000101.1_25,PF01425.24
MDLB01000103.1_14,PF01725.19
MDLB01000103.1_17,PF01063.22
MDLB01000103.1_22,PF00924.21
MDLB01000103.1_26,PF00365.23
MDLB01000106.1_30,PF07238.17
MDLB01000106.1_41,PF00171.25
MDLB01000106.1_43,PF02410.18
MDLB01000107.1_4,PF13372.9
MDLB01000107.1_20,PF01195.22
MDLB01000107.1_42,PF02823.19
MDLB01000107.1_52,PF09527.13
MDLB01000107.1_68,PF00266.22
MDLB01000108.1_8,PF02660.18
MDLB01000108.1_13,PF13177.9
MDLB01000108.1_16,PF01026.24
MDLB01000108.1_27,PF00584.23
MDLB01000108.1_31,PF00466.23
MDLB01000108.1_39,PF00338.25
MDLB01000108.1_44,PF00203.24
MDLB01000108.1_61,PF00557.27
MDLB01000108.1_71,PF13197.9
MDLB01000108.1_86,PF02321.21
QHUM01000039.1_27,PF09176.14
QHUM01000039.1_60,PF00468.20
QHUM01000072.1_5,PF02830.21
QHUM01000052.1_50,PF05154.19
QHUM01000017.1_2,PF01264.24
QHUM01000018.1_15,PF00248.24
QHUM01000053.1_5,PF07075.14
QHUM01000053.1_76,PF11821.11
QHUM01000041.1_24,PF00892.23
QHUM01000041.1_25,PF02567.19
QHUM01000041.1_63,PF00160.24
QHUM01000041.1_71,PF02361.19
QHUM01000041.1_77,PF09587.13
QHUM01000041.1_93,PF13785.9
QHUM01000041.1_94,PF13785.9
QHUM01000055.1_11,PF02621.17
QHUM01000055.1_16,PF00698.24
QHUM01000055.1_34,PF00146.24
QHUM01000055.1_48,PF01127.25
QHUM01000023.1_15,PF02633.17
QHUM01000042.1_6,PF06525.14
QHUM01000042.1_64,PF01551.25
QHUM01000042.1_66,PF04468.15
QHUM01000043.1_13,PF00892.23
QHUM01000043.1_23,PF02511.18
QHUM01000059.1_44,PF00155.24
QHUM01000003.1_2,PF00082.25
QHUM01000044.1_34,PF09991.12
QHUM01000044.1_58,PF03740.16
QHUM01000044.1_64,PF13709.9
QHUM01000037.1_19,PF04932.18
QHUM01000037.1_90,PF00221.22
QHUM01000061.1_10,PF13349.9
QHUM01000045.1_28,PF01144.26
QHUM01000045.1_37,PF00246.27
QHUM01000062.1_29,PF00365.23
QHUM01000065.1_3,PF00266.22
QHUM01000046.1_22,PF01507.22
QHUM01000046.1_111,PF03364.23
QHUM01000066.1_39,PF14255.9
QHUM01000038.1_139,PF02566.22
QHUM01000048.1_32,PF00682.22
QHUM01000048.1_46,PF00213.21
QHUM01000070.1_9,PF07963.15
QHUM01000070.1_14,PF07963.15
DCAZ01000105.1_19,PF05036.16
DCAZ01000099.1_12,PF00850.22
DCAZ01000050.1_5,PF14238.9
DCAZ01000059.1_14,PF04116.16
DCAZ01000086.1_8,PF00708.21
DCAZ01000021.1_12,PF19777.2
DCAZ01000141.1_19,PF09413.13
DCAZ01000082.1_1,PF11987.11
DCAZ01000081.1_27,PF02272.22
DCAZ01000137.1_20,PF00252.21
DCAZ01000083.1_3,PF03575.20
DCAZ01000067.1_8,PF07676.15
DCAZ01000145.1_7,PF01042.24
DCAZ01000145.1_14,PF04134.15
DCAZ01000009.1_1,PF00005.30
DCAZ01000042.1_8,PF00994.27
DCAZ01000060.1_14,PF01180.24
DCAZ01000039.1_13,PF01882.21
DCAZ01000138.1_3,PF12804.10
DCAZ01000078.1_1,PF00144.27
DCAZ01000073.1_5,PF00930.24
DCAZ01000038.1_26,PF00293.31
DCAZ01000038.1_74,PF02639.17
DCAZ01000071.1_8,PF00005.30
DCAZ01000015.1_2,PF01042.24
DCAZ01000079.1_2,PF14347.9
DCAZ01000079.1_6,PF02633.17
DCAZ01000041.1_13,PF01425.24
DCAZ01000002.1_13,PF00499.23
DCAZ01000019.1_5,PF00491.24
DCAZ01000117.1_4,PF06089.15
DCAZ01000129.1_13,PF01613.21
DCAZ01000003.1_3,PF00300.25
NYZA01000001.1_8,PF00571.31
NYZA01000004.1_12,PF13231.9
NYZA01000006.1_12,PF07593.15
NYZA01000008.1_25,PF00494.22
NYZA01000010.1_6,PF04093.15
NYZA01000012.1_14,PF02274.20
NYZA01000015.1_1,PF00574.26
NYZA01000017.1_6,PF00072.27
NYZA01000017.1_45,PF01804.21
NYZA01000020.1_9,PF13517.9
NYZA01000022.1_5,PF13231.9
NYZA01000029.1_4,PF01850.24
NYZA01000032.1_5,PF02604.22
NYZA01000037.1_10,PF01987.20
NYZA01000055.1_9,PF13472.9
NYZA01000057.1_5,PF00884.26
NYZA01000058.1_5,PF01636.26
NYZA01000068.1_14,PF00528.25
NYZA01000076.1_8,PF04443.15
NYZA01000080.1_11,PF01058.25
NYZA01000080.1_16,PF01455.21
NYZA01000081.1_4,PF03781.19
NYZA01000088.1_3,PF02223.20
NYZA01000093.1_15,PF00115.23
NYZA01000106.1_3,PF03480.16
NYZA01000109.1_5,PF00437.23
NYZA01000110.1_1,PF01297.20
NYZA01000110.1_6,PF07494.14
NYZA01000113.1_10,PF01066.24
NYZA01000120.1_56,PF00160.24
NYZA01000122.1_8,PF01627.26
NYZA01000122.1_9,PF00708.21
NYZA01000125.1_17,PF00885.22
NYZA01000126.1_7,PF00471.23
NYZA01000127.1_11,PF03319.16
NYZA01000130.1_3,PF02321.21
NYZA01000131.1_9,PF05048.16
NYZA01000134.1_10,PF13401.9
NYZA01000143.1_8,PF01636.26
NYZA01000143.1_10,PF07075.14
NYZA01000143.1_24,PF01989.19
NYZA01000143.1_58,PF01351.21
NYZA01000144.1_20,PF08309.14
NYZA01000144.1_23,PF00118.27
NYZA01000145.1_4,PF13385.9
NYZA01000162.1_21,PF00160.24
NYZA01000164.1_2,PF01613.21
NYZA01000164.1_10,PF00528.25
NYZA01000168.1_6,PF02310.22
NYZA01000170.1_12,PF00962.25
NYZA01000171.1_25,PF01145.28
NYZA01000176.1_30,PF00501.31
NYZA01000177.1_4,PF01258.20
NYZA01000177.1_10,PF00155.24
NYZA01000181.1_6,PF01618.19
NYZA01000181.1_10,PF03706.16
NYZA01000185.1_4,PF13229.9
NYZA01000187.1_8,PF13744.9
NYZA01000190.1_8,PF00924.21
NYZA01000192.1_7,PF06071.16
NYZA01000193.1_11,PF01702.21
NYZA01000193.1_16,PF01709.23
NYZA01000198.1_7,PF01145.28
NYZA01000201.1_11,PF00756.23
NYZA01000204.1_9,PF00366.23
NYZA01000205.1_22,PF09586.13
NYZA01000227.1_3,PF01035.23
NYZA01000228.1_2,PF02954.22
NYZA01000229.1_3,PF00202.24
NYZA01000233.1_3,PF01850.24
NYZA01000235.1_8,PF00499.23
NYZA01000241.1_2,PF19313.2
NYZA01000241.1_9,PF13231.9
NYZA01000243.1_11,PF00248.24
NYZA01000248.1_2,PF12315.11
NYZA01000249.1_4,PF02581.20
NYZA01000249.1_40,PF01663.25
NYZA01000252.1_10,PF00941.24
NYZA01000258.1_17,PF00082.25
NYZA01000258.1_33,PF01433.23
NYZA01000265.1_9,PF00380.22
CAILUR010000008.1_2,PF00365.23
CAILUR010000009.1_22,PF00873.22
CAILUR010000012.1_14,PF02545.17
CAILUR010000017.1_10,PF03687.16
CAILUR010000017.1_18,PF04079.19
CAILUR010000030.1_5,PF09852.12
CAILUR010000044.1_1,PF02678.19
CAILUR010000049.1_6,PF00012.23
CAILUR010000066.1_5,PF19572.2
CAILUR010000067.1_7,PF03799.18
CAILUR010000071.1_2,PF00482.26
CAILUR010000076.1_11,PF00977.24
CAILUR010000076.1_26,PF00275.23
CAILUR010000080.1_1,PF13167.9
CAILUR010000088.1_1,PF00694.22
CAILUR010000096.1_3,PF04085.17
CAILUR010000103.1_1,PF03734.17
CAILUR010000117.1_6,PF02229.19
CAILUR010000125.1_6,PF03717.18
CAILUR010000138.1_10,PF00550.28
CAILUR010000144.1_11,PF00828.22
CAILUR010000174.1_6,PF00005.30
CAILUR010000177.1_4,PF00318.23
CAILUR010000177.1_6,PF00696.31
CAILUR010000182.1_11,PF00076.25
CAILUR010000183.1_1,PF00460.23
CAILUR010000187.1_1,PF03065.18
CAILUR010000190.1_3,PF00275.23
CAILUR010000194.1_2,PF04748.16
CAILUR010000209.1_6,PF02367.20
CAILUR010000248.1_1,PF06165.14
CAILUR010000251.1_2,PF02874.26
CAILUR010000255.1_3,PF01925.22
PLPI01000041.1_43,PF05973.17
PLPI01000133.1_9,PF01475.22
PLPI01000032.1_3,PF18864.4
PLPI01000106.1_7,PF00468.20
PLPI01000008.1_10,PF02673.21
PLPI01000131.1_4,PF02581.20
PLPI01000113.1_18,PF00535.29
PLPI01000113.1_24,PF07661.16
PLPI01000145.1_48,PF03963.17
PLPI01000127.1_11,PF02511.18
PLPI01000107.1_6,PF01850.24
PLPI01000107.1_14,PF13505.9
PLPI01000103.1_11,PF07963.15
PLPI01000143.1_11,PF01075.20
PLPI01000088.1_3,PF03885.16
PLPI01000054.1_34,PF01740.24
PLPI01000054.1_52,PF01976.20
PLPI01000054.1_74,PF00482.26
PLPI01000139.1_16,PF00528.25
PLPI01000064.1_6,PF02620.20
PLPI01000084.1_21,PF01206.20
PLPI01000084.1_38,PF07661.16
PLPI01000014.1_5,PF07238.17
PLPI01000072.1_27,PF13490.9
PLPI01000031.1_20,PF11999.11
PLPI01000094.1_16,PF01966.25
PLPI01000048.1_18,PF00146.24
PLPI01000048.1_20,PF00361.23
PLPI01000048.1_24,PF09407.13
PLPI01000048.1_25,PF08843.14
PLPI01000048.1_36,PF01476.23
PLPI01000079.1_11,PF00294.27
PLPI01000078.1_15,PF01345.21
PLPI01000089.1_14,PF00361.23
PLPI01000116.1_1,PF13231.9
PLPI01000004.1_5,PF18929.3
PLPI01000091.1_7,PF01522.24
PLPI01000096.1_4,PF03600.19
PLPI01000062.1_2,PF18990.3
PLPI01000062.1_4,PF04127.18
PLPI01000062.1_24,PF00300.25
PLPI01000025.1_2,PF01032.21
PLPI01000025.1_12,PF03065.18
PLPI01000141.1_43,PF02661.21
PLPI01000109.1_2,PF10137.12
PLPI01000009.1_9,PF13814.9
PLPI01000063.1_7,PF02631.19
PLPI01000111.1_19,PF01075.20
PLPI01000055.1_12,PF00460.23
PLPI01000092.1_24,PF02347.19
PLPI01000020.1_12,PF00238.22
PLPI01000129.1_28,PF00551.22
PLPI01000057.1_27,PF00491.24
PLPI01000029.1_31,PF00290.23
PLPI01000110.1_2,PF01814.26
PLPI01000090.1_27,PF06725.14
PLPI01000087.1_13,PF00448.25
QLUP01000001.1_29,PF05105.15
QLUP01000109.1_1,PF02879.19
QLUP01000121.1_6,PF00578.24
QLUP01000128.1_2,PF09651.13
QLUP01000013.1_7,PF02075.20
QLUP01000152.1_2,PF01048.23
QLUP01000002.1_27,PF00410.22
QLUP01000002.1_31,PF00366.23
QLUP01000200.1_3,PF09851.12
QLUP01000201.1_2,PF01899.19
QLUP01000203.1_3,PF01520.21
QLUP01000021.1_5,PF06947.15
QLUP01000024.1_3,PF07977.16
QLUP01000028.1_3,PF01219.22
QLUP01000029.1_9,PF01765.22
QLUP01000003.1_2,PF08486.13
QLUP01000003.1_10,PF01649.21
QLUP01000030.1_6,PF01925.22
QLUP01000033.1_1,PF04542.17
QLUP01000033.1_8,PF01555.21
QLUP01000039.1_1,PF01555.21
QLUP01000004.1_13,PF01144.26
QLUP01000052.1_7,PF00795.25
QLUP01000053.1_7,PF08241.15
QLUP01000055.1_7,PF00550.28
QLUP01000058.1_3,PF10418.12
QLUP01000006.1_22,PF01497.21
QLUP01000060.1_2,PF20095.2
QLUP01000061.1_2,PF13580.9
QLUP01000062.1_1,PF00082.25
QLUP01000074.1_1,PF02367.20
QLUP01000008.1_17,PF11823.11
QLUP01000087.1_3,PF00892.23
QLUP01000009.1_11,PF00275.23
QLUP01000090.1_4,PF00872.21
QLUP01000094.1_2,PF02618.19
QLUP01000096.1_2,PF01910.20
QLTX01000001.1_42,PF00871.20
QLTX01000010.1_13,PF02699.18
QLTX01000010.1_26,PF13244.9
QLTX01000100.1_2,PF01882.21
QLTX01000112.1_7,PF00899.24
QLTX01000116.1_2,PF01934.20
QLTX01000012.1_14,PF03747.17
QLTX01000014.1_3,PF00164.28
QLTX01000015.1_13,PF00294.27
QLTX01000158.1_4,PF02142.25
QLTX01000180.1_2,PF02777.21
QLTX01000183.1_3,PF00291.28
QLTX01000019.1_6,PF14584.9
QLTX01000199.1_2,PF00528.25
QLTX01000199.1_3,PF12849.10
QLTX01000020.1_2,PF02381.21
QLTX01000214.1_2,PF04002.18
QLTX01000022.1_3,PF00892.23
QLTX01000221.1_3,PF08818.14
QLTX01000228.1_2,PF01895.22
QLTX01000023.1_8,PF00468.20
QLTX01000235.1_2,PF16320.8
QLTX01000247.1_3,PF12679.10
QLTX01000255.1_2,PF00202.24
QLTX01000026.1_2,PF02401.21
QLTX01000273.1_2,PF01055.29
QLTX01000028.1_6,PF01964.21
QLTX01000029.1_11,PF01327.24
QLTX01000003.1_21,PF01435.21
QLTX01000030.1_11,PF01925.22
QLTX01000030.1_14,PF00550.28
QLTX01000036.1_7,PF01156.22
QLTX01000036.1_13,PF01288.23
QLTX01000037.1_8,PF00857.23
QLTX01000037.1_11,PF00589.25
QLTX01000004.1_32,PF00696.31
QLTX01000043.1_8,PF00753.30
QLTX01000046.1_1,PF14343.9
QLTX01000005.1_5,PF00453.21
QLTX01000005.1_26,PF01996.19
QLTX01000053.1_2,PF14257.9
QLTX01000054.1_6,PF00528.25
QLTX01000059.1_8,PF05168.17
QLTX01000065.1_5,PF00814.28
QLTX01000066.1_3,PF13231.9
QLTX01000007.1_8,PF05223.14
QLTX01000007.1_26,PF00828.22
QLTX01000007.1_45,PF03143.20
QLTX01000071.1_10,PF12683.10
QLTX01000076.1_1,PF00289.25
QLTX01000008.1_4,PF00578.24
QLTX01000008.1_31,PF00625.24
QLTX01000087.1_5,PF04321.20
QLTX01000089.1_1,PF00186.22
QLTX01000094.1_4,PF01649.21
QNVD01000010.1_17,PF04104.17
QNVD01000105.1_2,PF02163.25
QNVD01000011.1_4,PF00293.31
QNVD01000118.1_3,PF01970.19
QNVD01000012.1_5,PF01199.21
QNVD01000123.1_2,PF06695.14
QNVD01000159.1_14,PF03947.21
QNVD01000159.1_15,PF00276.23
QNVD01000163.1_5,PF00920.24
QNVD01000191.1_2,PF01257.22
QNVD01000207.1_2,PF02036.20
QNVD01000208.1_1,PF00294.27
QNVD01000209.1_1,PF05199.16
QNVD01000216.1_1,PF00185.27
QNVD01000217.1_4,PF01269.20
QNVD01000218.1_5,PF02240.19
QNVD01000224.1_1,PF09890.12
QNVD01000024.1_2,PF01063.22
QNVD01000247.1_6,PF00296.23
QNVD01000252.1_6,PF00579.28
QNVD01000253.1_2,PF03551.17
QNVD01000255.1_3,PF03167.22
QNVD01000262.1_11,PF12706.10
QNVD01000264.1_4,PF05853.15
QNVD01000269.1_6,PF01184.22
QNVD01000275.1_7,PF00709.24
QNVD01000279.1_1,PF04055.24
QNVD01000285.1_1,PF00764.22
QNVD01000289.1_5,PF07754.14
QNVD01000289.1_6,PF02475.19
QNVD01000294.1_8,PF02086.18
QNVD01000296.1_5,PF13401.9
QNVD01000030.1_3,PF00571.31
QNVD01000033.1_3,PF05239.19
QNVD01000033.1_5,PF00352.24
QNVD01000034.1_4,PF01479.28
QNVD01000037.1_7,PF02615.17
QNVD01000004.1_6,PF00149.31
QNVD01000043.1_6,PF07745.16
QNVD01000051.1_2,PF01090.22
QNVD01000055.1_1,PF01026.24
QNVD01000055.1_3,PF01106.20
QNVD01000058.1_2,PF01565.26
QNVD01000059.1_4,PF01361.24
QNVD01000063.1_4,PF03685.16
QNVD01000068.1_2,PF02036.20
QNVD01000069.1_1,PF03703.17
QNVD01000071.1_1,PF13173.9
QNVD01000082.1_2,PF02361.19
QNVD01000092.1_2,PF01865.19
QNVD01000094.1_4,PF02514.19
QNVD01000094.1_15,PF02146.20
LQMQ01000003.1_5,PF02597.23
LQMQ01000005.1_5,PF01861.19
LQMQ01000005.1_11,PF20565.1
LQMQ01000005.1_66,PF00571.31
LQMQ01000005.1_68,PF00571.31
LQMQ01000007.1_46,PF00892.23
LQMQ01000007.1_50,PF00850.22
LQMQ01000008.1_5,PF02517.19
LQMQ01000014.1_2,PF04055.24
LQMQ01000014.1_30,PF01728.22
LQMQ01000021.1_7,PF03479.18
LQMQ01000021.1_23,PF01877.20
LQMQ01000021.1_27,PF09868.12
LQMQ01000025.1_5,PF00528.25
LQMQ01000025.1_8,PF06253.14
LQMQ01000025.1_23,PF03099.22
LQMQ01000026.1_10,PF01924.19
LQMQ01000026.1_11,PF01455.21
LQMQ01000028.1_4,PF01264.24
LQMQ01000028.1_5,PF00288.29
LQMQ01000028.1_8,PF01873.20
LQMQ01000030.1_11,PF01037.24
LQMQ01000032.1_8,PF01895.22
LQMQ01000034.1_1,PF01937.22
LQMQ01000035.1_10,PF00571.31
LQMQ01000037.1_4,PF02423.18
LQMQ01000044.1_9,PF02355.19
LQMQ01000046.1_11,PF01989.19
LQMQ01000049.1_3,PF00164.28
LQMQ01000049.1_5,PF01248.29
LQMQ01000049.1_20,PF01199.21
LQMQ01000049.1_47,PF00297.25
LQMQ01000050.1_24,PF04343.16
LQMQ01000057.1_5,PF01918.24
LQMQ01000057.1_6,PF13184.9
LQMQ01000060.1_3,PF00764.22
LQMQ01000065.1_20,PF00202.24
LQMQ01000067.1_2,PF00294.27
KI543185.1_15,PF19103.3
KI543185.1_21,PF03009.20
KI543186.1_2,PF00572.21
KI543196.1_64,PF01663.25
KI543196.1_65,PF19101.3
KI543196.1_93,PF00248.24
KI543197.1_239,PF19133.3
KI543199.1_126,PF00773.22
KI543203.1_45,PF01435.21
KI543213.1_25,PF02142.25
KI543214.1_33,PF04289.15
KI543214.1_42,PF02005.19
KI543214.1_108,PF01176.22
KI543214.1_126,PF01850.24
KI543216.1_25,PF02653.19
KI543216.1_115,PF02361.19
KI543216.1_169,PF09376.13
KI543217.1_60,PF00582.29
KI543218.1_119,PF00355.29
KI543219.1_47,PF01895.22
KI543219.1_57,PF01451.24
KI543219.1_125,PF19110.3
KI543219.1_192,PF04306.16
KI543219.1_283,PF02446.20
KI543219.1_289,PF19810.2
KI543219.1_337,PF01984.23
KI543219.1_340,PF00582.29
KI543219.1_362,PF00005.30
KI543220.1_97,PF02548.18
KI543221.1_2,PF17231.5
CP002988.1_134,PF00970.27
CP002988.1_165,PF01925.22
CP002988.1_410,PF00496.25
CP002988.1_588,PF02211.18
CP002988.1_835,PF04893.20
CP002988.1_841,PF01192.25
CP002988.1_891,PF00535.29
CP002988.1_900,PF13610.9
CP002988.1_1045,PF02653.19
CP002988.1_1073,PF01978.22
CP002988.1_1168,PF09999.12
CP002988.1_1170,PF00924.21
CP002988.1_1280,PF00288.29
CP002988.1_1284,PF01702.21
CP002988.1_1329,PF02926.20
CP002988.1_1335,PF02355.19
CP002988.1_1422,PF04967.15
CP002988.1_1515,PF04055.24
CP002988.1_1690,PF00420.27
CP002988.1_1725,PF01893.19
CP002988.1_1795,PF01798.21
CP002988.1_1873,PF01255.22
CP002988.1_1922,PF00155.24
CP002988.1_1949,PF00294.27
CP002988.1_1990,PF01984.23
CP002988.1_2076,PF00342.22
CP002988.1_2185,PF19792.2
CP002988.1_2189,PF00926.22
CP002988.1_2245,PF09846.12
CP002988.1_2303,PF02597.23
CP002988.1_2340,PF01877.20
CP002988.1_2354,PF01198.22
CP002988.1_2929,PF00032.20
CP002989.1_449,PF01844.26
CP002989.1_522,PF19590.2
CP002989.1_529,PF12762.10
CP002989.1_559,PF07705.14
CP002989.1_651,PF01609.24
WAQS01000006.1_1,PF01963.20
WAQS01000008.1_12,PF01092.22
WAQS01000022.1_5,PF01063.22
WAQS01000030.1_9,PF04008.17
WAQS01000044.1_1,PF04007.15
WAQS01000056.1_4,PF01881.19
WAQS01000068.1_8,PF00899.24
WAQS01000078.1_2,PF00293.31
WAQS01000086.1_17,PF00579.28
WAQS01000092.1_2,PF18446.4
WAQS01000109.1_6,PF04893.20
WAQS01000112.1_2,PF03063.23
WAQS01000125.1_1,PF02754.19
WAQS01000126.1_2,PF00237.22
WAQS01000127.1_3,PF00156.30
WAQS01000160.1_8,PF05239.19
WAQS01000177.1_3,PF02673.21
WAQS01000181.1_7,PF02663.17
WAQS01000186.1_1,PF00425.21
WAQS01000196.1_1,PF00374.22
WAQS01000200.1_3,PF04214.16
WAQS01000209.1_5,PF00579.28
WAQS01000211.1_10,PF03692.18
WAQS01000227.1_2,PF00590.23
WAQS01000240.1_2,PF00126.30
WAQS01000253.1_10,PF00291.28
WAQS01000255.1_2,PF12801.10
WAQS01000291.1_10,PF01070.21
WAQS01000296.1_8,PF01578.23
PFSX01000046.1_5,PF00557.27
PFSX01000046.1_10,PF01970.19
PFSX01000046.1_11,PF00924.21
PFSX01000046.1_14,PF00160.24
PFSX01000046.1_17,PF04724.16
PFSX01000046.1_21,PF02350.22
PFSX01000054.1_12,PF00327.23
PFSX01000054.1_15,PF01157.21
PFSX01000054.1_26,PF01092.22
PFSX01000058.1_5,PF00573.25
PFSX01000036.1_3,PF00437.23
PFSX01000017.1_6,PF01780.22
PFSX01000066.1_3,PF13803.9
PFSX01000065.1_1,PF01965.27
PFSX01000063.1_2,PF03439.16
PFSX01000063.1_6,PF04010.16
PFSX01000009.1_2,PF00575.26
PFSX01000009.1_3,PF01936.21
PFSX01000043.1_6,PF00935.22
PFSX01000043.1_8,PF02686.18
PFSX01000015.1_2,PF01345.21
PFSX01000015.1_5,PF05854.14
PFSX01000015.1_7,PF12961.10
PFSX01000029.1_8,PF01798.21
PFSX01000029.1_12,PF01336.28
PFSX01000026.1_3,PF00013.32
PFSX01000026.1_7,PF13476.9
PFSX01000026.1_11,PF03833.16
PFSX01000040.1_2,PF18894.3
PFSX01000040.1_10,PF01423.25
PFSX01000040.1_12,PF00293.31
PFSX01000013.1_3,PF00082.25
PFSX01000016.1_1,PF00932.22
PFSX01000016.1_2,PF01261.27
PFSX01000023.1_1,PF00076.25
PFSX01000014.1_1,PF01966.25
PFSX01000014.1_2,PF04055.24
PFSX01000014.1_8,PF01875.20
PFSX01000020.1_7,PF18917.3
PFSX01000022.1_3,PF00814.28
PFSX01000004.1_2,PF02934.18
PFSX01000004.1_7,PF01269.20
PFSX01000037.1_3,PF01866.20
PFSX01000037.1_9,PF07973.17
PFSX01000037.1_10,PF01902.20
PFSX01000074.1_5,PF17676.4
PFSX01000074.1_7,PF11617.11
PFSX01000028.1_6,PF00831.26
PFSX01000028.1_10,PF00579.28
PFSX01000028.1_16,PF00344.23
PFSX01000028.1_17,PF01870.21
PFSX01000028.1_20,PF00881.27
PFSX01000028.1_24,PF00164.28
PFSX01000028.1_34,PF00252.21
PFSX01000028.1_35,PF13091.9
PFSX01000049.1_1,PF01191.22
PFSX01000042.1_3,PF00571.31
PFSX01000072.1_3,PF01655.21
PFSX01000072.1_4,PF00347.26
PFSX01000072.1_6,PF00253.24
PFSX01000041.1_9,PF00832.23
PFSX01000069.1_3,PF01090.22
PFSX01000067.1_1,PF01194.20
PFSX01000067.1_2,PF18930.3
PFSX01000038.1_1,PF01588.23
PFSX01000038.1_2,PF01871.20
PFSX01000051.1_1,PF01978.22
PFSX01000051.1_2,PF00237.22
PFSX01000019.1_1,PF04472.15
PFSX01000019.1_4,PF01282.22
PFSX01000019.1_5,PF06093.16
PFSX01000019.1_6,PF01201.25
PFSX01000062.1_2,PF01261.27
PFSX01000007.1_2,PF01248.29
PFSX01000007.1_5,PF00572.21
PFSX01000007.1_9,PF09845.12
PFSX01000071.1_2,PF11614.11
PFSX01000011.1_4,PF01479.28
PFSX01000011.1_5,PF00416.25
PFSX01000011.1_11,PF09843.12
PFSX01000011.1_15,PF01944.20
PFSX01000011.1_16,PF01974.20
PFSX01000011.1_18,PF01900.22
PFSX01000001.1_4,PF04079.19
PFSX01000050.1_1,PF01889.20
JAFGTL010000592.1_11,PF02254.21
JAFGTL010000610.1_2,PF00701.25
JAFGTL010000627.1_3,PF13231.9
JAFGTL010000674.1_1,PF17389.5
JAFGTL010000694.1_2,PF02595.18
JAFGTL010000711.1_6,PF03551.17
JAFGTL010000728.1_11,PF07494.14
JAFGTL010000752.1_2,PF06283.14
JAFGTL010000753.1_1,PF01575.22
JAFGTL010000784.1_6,PF00528.25
JAFGTL010000784.1_7,PF00528.25
JAFGTL010000082.1_7,PF13517.9
JAFGTL010000010.1_1,PF04909.17
JAFGTL010000136.1_2,PF01882.21
JAFGTL010000139.1_3,PF00437.23
JAFGTL010000140.1_16,PF01436.24
JAFGTL010000176.1_17,PF01261.27
JAFGTL010000182.1_10,PF01261.27
JAFGTL010000012.1_8,PF04290.15
JAFGTL010000203.1_8,PF01313.22
JAFGTL010000211.1_1,PF13320.9
JAFGTL010000221.1_3,PF01969.20
JAFGTL010000260.1_1,PF00440.26
JAFGTL010000299.1_2,PF00004.32
JAFGTL010000300.1_7,PF02321.21
JAFGTL010000302.1_4,PF01075.20
JAFGTL010000019.1_5,PF00884.26
JAFGTL010000315.1_7,PF13088.9
JAFGTL010000321.1_12,PF04041.16
JAFGTL010000408.1_6,PF02223.20
JAFGTL010000422.1_5,PF02635.18
JAFGTL010000434.1_2,PF13229.9
JAFGTL010000469.1_2,PF11964.11
JAFGTL010000479.1_1,PF13347.9
JAFGTL010000481.1_2,PF01558.21
JAFGTL010000539.1_2,PF01120.20
JAFGTL010000549.1_5,PF00482.26
JAFGTL010000554.1_2,PF05448.15
JAFGTL010000564.1_7,PF00294.27
JABWCD010000002.1_42,PF00329.22
JABWCD010000002.1_62,PF02424.18
JABWCD010000002.1_181,PF01261.27
JABWCD010000017.1_22,PF16332.8
JABWCD010000018.1_51,PF03739.17
JABWCD010000018.1_53,PF02585.20
JABWCD010000018.1_70,PF09991.12
JABWCD010000018.1_92,PF01565.26
JABWCD010000019.1_26,PF00171.25
JABWCD010000019.1_32,PF10049.12
JABWCD010000021.1_19,PF00072.27
JABWCD010000021.1_50,PF13715.9
JABWCD010000021.1_70,PF03167.22
JABWCD010000022.1_59,PF00245.23
JABWCD010000022.1_78,PF00380.22
JABWCD010000022.1_86,PF03781.19
JABWCD010000004.1_127,PF02445.19
JABWCD010000004.1_330,PF12679.10
JABWCD010000005.1_186,PF07676.15
JABWCD010000006.1_15,PF04734.16
JABWCD010000006.1_236,PF00198.26
JABWCD010000026.1_14,PF19773.2
JABWCD010000026.1_47,PF01351.21
JABWCD010000027.1_41,PF00016.23
JABWCD010000007.1_21,PF03683.16
JABWCD010000007.1_39,PF00137.24
JABWCD010000007.1_99,PF16962.8
JABWCD010000007.1_106,PF05130.15
JABWCD010000009.1_110,PF08085.14
JABWCD010000030.1_91,PF00528.25
JABWCD010000030.1_131,PF01402.24
JABWCD010000031.1_32,PF04134.15
JABWCD010000032.1_6,PF00437.23
JABWCD010000010.1_63,PF07238.17
JABWCD010000033.1_13,PF00482.26
JABWCD010000033.1_66,PF04012.15
JABWCD010000034.1_17,PF00294.27
JABWCD010000012.1_3,PF13711.9
JABWCD010000012.1_20,PF02321.21
JABWCD010000012.1_61,PF01804.21
JABWCD010000012.1_101,PF03741.19
JABWCD010000035.1_70,PF09335.14
JABWCD010000036.1_36,PF01116.23
JABWCD010000001.1_42,PF00355.29
JABWCD010000001.1_57,PF07596.14
JABWCD010000001.1_88,PF05635.14
JABWCD010000001.1_114,PF00215.27
JABWCD010000037.1_32,PF13711.9
JABWCD010000037.1_36,PF00535.29
JABWCD010000013.1_17,PF00072.27
JABWCD010000013.1_91,PF01261.27
JABWCD010000015.1_18,PF01381.25
JAHJSX010000196.1_2,PF07690.19
JAHJSX010000021.1_6,PF00072.27
JAHJSX010000023.1_1,PF01169.22
JAHJSX010000004.1_3,PF01248.29
JAHJSX010000030.1_6,PF00146.24
JAHJSX010000034.1_7,PF00682.22
JAHJSX010000036.1_2,PF00174.22
JAHJSX010000040.1_1,PF04455.15
JAHJSX010000045.1_1,PF04945.16
JAHJSX010000054.1_2,PF00885.22
JAHJSX010000055.1_1,PF06745.16
JAHJSX010000056.1_3,PF01339.20
JAHJSX010000056.1_12,PF18490.4
JAHJSX010000102.1_7,PF13412.9
JAHJSX010000107.1_4,PF02597.23
JAHJSX010000109.1_11,PF04143.17
JAHJSX010000114.1_6,PF00571.31
JAHJSX010000114.1_16,PF02996.20
JAHJSX010000116.1_4,PF00731.23
JAHJSX010000117.1_6,PF03916.17
JAHJSX010000118.1_6,PF01956.19
JAHJSX010000130.1_17,PF00696.31
JAHJSX010000132.1_4,PF04254.16
JAHJSX010000142.1_1,PF01208.20
JAHJSX010000144.1_2,PF00571.31
JAHJSX010000200.1_3,PF11171.11
JAHJSX010000161.1_7,PF04079.19
JAHJSX010000177.1_3,PF01976.20
JAHJSX010000186.1_5,PF01989.19
JAHJSX010000016.1_6,PF01886.19
JAHJSX010000018.1_1,PF06745.16
JAHJSX010000018.1_7,PF00275.23
JAHJSX010000019.1_1,PF02386.19
WAQR01000002.1_2,PF01867.19
WAQR01000005.1_5,PF00380.22
WAQR01000006.1_5,PF06745.16
WAQR01000009.1_14,PF01594.19
WAQR01000015.1_9,PF10120.12
WAQR01000017.1_7,PF01020.20
WAQR01000019.1_4,PF08369.13
WAQR01000020.1_11,PF03063.23
WAQR01000022.1_3,PF01040.21
WAQR01000024.1_7,PF20393.1
WAQR01000028.1_1,PF01678.22
WAQR01000033.1_13,PF01139.20
WAQR01000035.1_6,PF03050.17
WAQR01000037.1_4,PF13173.9
WAQR01000037.1_7,PF01798.21
WAQR01000038.1_5,PF03029.20
WAQR01000043.1_1,PF04286.15
WAQR01000070.1_4,PF00543.25
WAQR01000075.1_1,PF14010.9
WAQR01000083.1_5,PF00891.21
WAQR01000096.1_13,PF01264.24
WAQR01000098.1_4,PF03819.20
WAQR01000103.1_2,PF01663.25
WAQR01000108.1_4,PF03686.16
WAQR01000117.1_1,PF10096.12
WAQR01000120.1_6,PF01901.19
WAQR01000126.1_8,PF01248.29
WAQR01000134.1_9,PF12804.10
WAQR01000143.1_1,PF00258.28
WAQR01000143.1_7,PF01599.22
WAQR01000148.1_3,PF01022.23
WAQR01000155.1_1,PF00072.27
WAQR01000158.1_4,PF05168.17
WAQR01000164.1_1,PF04406.17
WAQR01000165.1_6,PF03551.17
WAQR01000165.1_7,PF07381.14
WAQR01000165.1_9,PF00590.23
WAQR01000167.1_8,PF00953.24
WAQR01000178.1_1,PF00867.21
WAQR01000186.1_7,PF03379.16
WAQR01000192.1_3,PF00885.22
WAQR01000197.1_8,PF00528.25
WAQR01000200.1_6,PF00571.31
WAQR01000212.1_3,PF00291.28
WAQR01000213.1_2,PF00166.24
WAQR01000213.1_3,PF00118.27
WAQR01000216.1_3,PF02643.18
WAQR01000225.1_3,PF01917.19
WAQR01000227.1_6,PF03911.19
WAQR01000228.1_9,PF09754.12
WAQR01000230.1_4,PF00731.23
WAQR01000233.1_7,PF01261.27
WAQR01000235.1_4,PF04982.16
WAQR01000246.1_6,PF00416.25
WAQR01000249.1_2,PF17996.4
WAQR01000255.1_1,PF01872.20
WAQR01000257.1_12,PF00389.33
WAQR01000258.1_4,PF01951.19
WAQR01000259.1_2,PF07916.14
WAQR01000266.1_3,PF01992.19
WAQR01000272.1_2,PF04055.24
JAFCFP010000039.1_6,PF08617.13
JAFCFP010000039.1_10,PF03062.22
JAFCFP010000041.1_7,PF05016.18
JAFCFP010000043.1_3,PF01992.19
JAFCFP010000004.1_9,PF01894.20
JAFCFP010000004.1_12,PF00459.28
JAFCFP010000004.1_23,PF01798.21
JAFCFP010000004.1_28,PF01269.20
JAFCFP010000004.1_31,PF13597.9
JAFCFP010000005.1_8,PF00254.31
JAFCFP010000005.1_22,PF04412.16
JAFCFP010000051.1_2,PF04023.17
JAFCFP010000051.1_10,PF01455.21
JAFCFP010000052.1_1,PF02511.18
JAFCFP010000007.1_20,PF03630.17
JAFCFP010000007.1_23,PF01896.22
JAFCFP010000007.1_35,PF00953.24
JAFCFP010000007.1_36,PF01142.21
JAFCFP010000053.1_7,PF01914.20
JAFCFP010000008.1_12,PF03479.18
JAFCFP010000008.1_25,PF03030.19
JAFCFP010000008.1_28,PF04079.19
JAFCFP010000009.1_14,PF01699.27
JAFCFP010000009.1_21,PF00953.24
JAFCFP010000055.1_11,PF01980.19
JAFCFP010000011.1_7,PF13462.9
JAFCFP010000011.1_18,PF00579.28
JAFCFP010000012.1_5,PF02502.21
JAFCFP010000012.1_19,PF01253.25
JAFCFP010000013.1_11,PF01184.22
JAFCFP010000014.1_8,PF04406.17
JAFCFP010000014.1_13,PF04242.16
JAFCFP010000014.1_16,PF09335.14
JAFCFP010000014.1_18,PF01900.22
JAFCFP010000015.1_17,PF01282.22
JAFCFP010000016.1_15,PF00266.22
JAFCFP010000061.1_3,PF01813.20
JAFCFP010000017.1_8,PF00482.26
JAFCFP010000065.1_4,PF01048.23
JAFCFP010000019.1_13,PF13507.9
JAFCFP010000019.1_15,PF13522.9
JAFCFP010000073.1_3,PF07282.14
JAFCFP010000020.1_8,PF04039.16
JAFCFP010000020.1_10,PF00361.23
JAFCFP010000020.1_12,PF01058.25
JAFCFP010000020.1_20,PF19027.3
JAFCFP010000001.1_4,PF01935.20
JAFCFP010000001.1_34,PF01661.24
JAFCFP010000001.1_40,PF01423.25
JAFCFP010000002.1_19,PF00708.21
JAFCFP010000002.1_72,PF04073.18
JAFCFP010000023.1_24,PF00589.25
JAFCFP010000025.1_5,PF02643.18
JAFCFP010000026.1_4,PF02223.20
JAFCFP010000028.1_3,PF00491.24
JAFCFP010000083.1_2,PF01863.20
JAFCFP010000033.1_11,PF20095.2
JAFCFP010000035.1_5,PF01257.22
JAFCFP010000036.1_2,PF00162.22
JAGVWD010000003.1_6,PF00391.26
JAGVWD010000002.1_4,PF01866.20
JAGVWD010000004.1_7,PF18898.3
JAGVWD010000004.1_12,PF02656.18
JAGVWD010000006.1_7,PF00482.26
JAGVWD010000018.1_7,PF00352.24
JAGVWD010000018.1_8,PF01157.21
JAGVWD010000010.1_8,PF01041.20
JAGVWD010000013.1_5,PF01478.21
JAGVWD010000013.1_12,PF01912.21
JAGVWD010000021.1_5,PF03073.18
JAGVWD010000021.1_15,PF10869.11
JAGVWD010000021.1_18,PF13412.9
JAGVWD010000042.1_13,PF04021.15
JAGVWD010000024.1_2,PF00348.20
JAGVWD010000024.1_3,PF07705.14
JAGVWD010000025.1_5,PF02754.19
JAGVWD010000027.1_1,PF00374.22
JAGVWD010000008.1_7,PF01075.20
JAGVWD010000008.1_13,PF04343.16
JAGVWD010000008.1_20,PF00708.21
JAGVWD010000049.1_2,PF05016.18
JAGVWD010000054.1_7,PF17146.7
JAGVWD010000054.1_8,PF01409.23
JAGVWD010000053.1_3,PF00708.21
JAGVWD010000058.1_2,PF01063.22
JAGVWD010000039.1_12,PF20108.2
JAGVWD010000063.1_8,PF13646.9
JAGVWD010000065.1_1,PF04029.17
JAGVWD010000062.1_6,PF00482.26
JAGVWD010000023.1_13,PF00338.25
RFIY01000043.1_5,PF00857.23
RFIY01000309.1_6,PF00682.22
RFIY01000045.1_6,PF02107.19
RFIY01000314.1_14,PF00573.25
RFIY01000318.1_3,PF01923.21
RFIY01000320.1_2,PF08245.15
RFIY01000046.1_3,PF02086.18
RFIY01000331.1_4,PF01709.23
RFIY01000333.1_3,PF02622.18
RFIY01000336.1_5,PF01351.21
RFIY01000337.1_3,PF02690.18
RFIY01000338.1_4,PF02810.18
RFIY01000343.1_3,PF01243.23
RFIY01000050.1_5,PF00162.22
RFIY01000344.1_4,PF01066.24
RFIY01000344.1_13,PF01925.22
RFIY01000052.1_14,PF03099.22
RFIY01000354.1_3,PF01230.26
RFIY01000357.1_3,PF00015.24
RFIY01000360.1_2,PF03747.17
RFIY01000360.1_3,PF01850.24
RFIY01000056.1_5,PF00535.29
RFIY01000366.1_2,PF06291.14
RFIY01000058.1_8,PF00296.23
RFIY01000372.1_4,PF02604.22
RFIY01000380.1_2,PF01497.21
RFIY01000391.1_9,PF00150.21
RFIY01000068.1_5,PF11304.11
RFIY01000010.1_7,PF01899.19
RFIY01000071.1_4,PF02569.18
RFIY01000073.1_11,PF00912.25
RFIY01000075.1_1,PF04116.16
RFIY01000082.1_10,PF03649.16
RFIY01000086.1_1,PF01494.22
RFIY01000093.1_3,PF01520.21
RFIY01000099.1_7,PF00466.23
RFIY01000110.1_1,PF17963.4
RFIY01000111.1_10,PF07927.15
RFIY01000118.1_2,PF03600.19
RFIY01000119.1_3,PF02618.19
RFIY01000119.1_19,PF00072.27
RFIY01000119.1_37,PF01381.25
RFIY01000131.1_5,PF02322.18
RFIY01000133.1_3,PF01425.24
RFIY01000135.1_3,PF00355.29
RFIY01000002.1_13,PF03109.19
RFIY01000140.1_3,PF00581.23
RFIY01000142.1_6,PF08486.13
RFIY01000144.1_5,PF07963.15
RFIY01000161.1_5,PF00581.23
RFIY01000163.1_4,PF01297.20
RFIY01000016.1_2,PF11127.11
RFIY01000017.1_3,PF02576.20
RFIY01000167.1_2,PF00296.23
RFIY01000172.1_4,PF02452.20
RFIY01000177.1_4,PF05684.15
RFIY01000178.1_4,PF00067.25
RFIY01000185.1_9,PF16327.8
RFIY01000187.1_1,PF01738.21
RFIY01000188.1_2,PF03706.16
RFIY01000190.1_4,PF00312.25
RFIY01000003.1_1,PF04116.16
RFIY01000198.1_1,PF01066.24
RFIY01000198.1_5,PF04748.16
RFIY01000201.1_1,PF01578.23
RFIY01000201.1_3,PF01578.23
RFIY01000205.1_5,PF07238.17
RFIY01000208.1_10,PF03544.17
RFIY01000211.1_3,PF05430.14
RFIY01000211.1_6,PF04014.21
RFIY01000213.1_10,PF00814.28
RFIY01000023.1_1,PF00440.26
RFIY01000222.1_2,PF00027.32
RFIY01000223.1_1,PF00873.22
RFIY01000234.1_4,PF00132.27
RFIY01000234.1_5,PF12724.10
RFIY01000241.1_1,PF00589.25
RFIY01000249.1_6,PF00171.25
RFIY01000251.1_17,PF00288.29
RFIY01000256.1_1,PF05226.14
RFIY01000261.1_1,PF01168.23
RFIY01000261.1_5,PF00067.25
RFIY01000262.1_9,PF00565.20
RFIY01000030.1_8,PF13386.9
RFIY01000030.1_12,PF14376.9
RFIY01000030.1_14,PF13372.9
RFIY01000035.1_3,PF00440.26
RFIY01000036.1_6,PF10023.12
RFIY01000036.1_7,PF10502.12
RFIY01000291.1_13,PF01782.21
RFIY01000039.1_1,PF01177.25
RFIY01000296.1_13,PF01323.23
RFIY01000306.1_5,PF01804.21
VXWP01000109.1_9,PF02033.21
VXWP01000068.1_9,PF01872.20
VXWP01000065.1_19,PF03841.16
VXWP01000017.1_28,PF00156.30
VXWP01000064.1_4,PF00276.23
VXWP01000064.1_19,PF00327.23
VXWP01000070.1_64,PF04338.15
VXWP01000049.1_25,PF19572.2
VXWP01000106.1_2,PF06283.14
VXWP01000080.1_46,PF00496.25
VXWP01000013.1_17,PF08909.14
VXWP01000030.1_39,PF00231.22
VXWP01000030.1_47,PF09586.13
VXWP01000085.1_12,PF12367.11
VXWP01000071.1_7,PF00291.28
VXWP01000071.1_28,PF00496.25
VXWP01000016.1_1,PF13709.9
VXWP01000090.1_29,PF03069.18
VXWP01000074.1_4,PF04277.16
VXWP01000035.1_19,PF01746.24
VXWP01000027.1_19,PF01041.20
VXWP01000039.1_113,PF02452.20
VXWP01000039.1_114,PF04014.21
VXWP01000022.1_8,PF13406.9
VXWP01000083.1_72,PF03328.17
VXWP01000117.1_41,PF00581.23
VXWP01000117.1_55,PF00115.23
VXWP01000117.1_57,PF03626.17
VXWP01000117.1_60,PF07786.15
VXWP01000079.1_2,PF01261.27
VXWP01000084.1_25,PF06271.15
VXWP01000059.1_39,PF13177.9
VXWP01000059.1_66,PF03328.17
VXWP01000092.1_3,PF00293.31
VXWP01000087.1_49,PF01195.22
VXWP01000105.1_6,PF04191.16
VXWP01000019.1_6,PF01112.21
VXWP01000066.1_8,PF00294.27
VXWP01000111.1_11,PF00903.28
VXWP01000052.1_1,PF00676.23
VXMB01000001.1_80,PF13411.9
VXMB01000001.1_209,PF00557.27
VXMB01000009.1_47,PF04191.16
VXMB01000009.1_144,PF05721.16
VXMB01000009.1_177,PF20420.1
VXMB01000009.1_191,PF13378.9
VXMB01000009.1_231,PF00753.30
VXMB01000009.1_547,PF06439.14
VXMB01000009.1_652,PF05448.15
VXMB01000009.1_664,PF05103.16
VXMB01000009.1_720,PF08909.14
VXMB01000009.1_981,PF01075.20
VXMB01000009.1_1012,PF00313.25
VXMB01000009.1_1089,PF01148.23
VXMB01000009.1_1121,PF02618.19
VXMB01000009.1_1247,PF00701.25
VXMB01000009.1_1370,PF01370.24
VXMB01000009.1_1447,PF13795.9
VXMB01000009.1_1452,PF00471.23
VXMB01000014.1_21,PF05580.15
VXMB01000014.1_33,PF01551.25
VXMB01000014.1_233,PF19572.2
VXMB01000014.1_357,PF01206.20
VXMB01000014.1_533,PF00682.22
VXMB01000014.1_537,PF00521.23
VXMB01000014.1_624,PF11167.11
VXMB01000007.1_90,PF00496.25
VXMB01000007.1_145,PF11821.11
VXMB01000007.1_209,PF01522.24
VXMB01000007.1_256,PF17645.4
VXMB01000007.1_295,PF02826.22
VXMB01000007.1_303,PF07719.20
VXMB01000007.1_413,PF05721.16
VXMB01000007.1_607,PF01063.22
VGIW01000001.1_13,PF02445.19
VGIW01000001.1_39,PF19572.2
VGIW01000001.1_94,PF01663.25
VGIW01000001.1_119,PF14238.9
VGIW01000003.1_43,PF02321.21
VGIW01000005.1_21,PF01663.25
VGIW01000007.1_9,PF11392.11
VGIW01000008.1_12,PF04055.24
VGIW01000009.1_45,PF13483.9
VGIW01000010.1_40,PF13860.9
VGIW01000011.1_14,PF01551.25
VGIW01000011.1_21,PF00072.27
VGIW01000011.1_35,PF00275.23
VGIW01000012.1_15,PF00416.25
VGIW01000012.1_50,PF00584.23
VGIW01000012.1_56,PF02635.18
VGIW01000013.1_40,PF00499.23
VGIW01000016.1_32,PF00266.22
VGIW01000019.1_27,PF04138.17
VGIW01000021.1_10,PF00886.22
VGIW01000022.1_15,PF13683.9
VGIW01000026.1_17,PF02775.24
VGIW01000028.1_11,PF00248.24
VGIW01000031.1_2,PF01649.21
VGIW01000031.1_5,PF03319.16
VGIW01000031.1_11,PF13860.9
VGIW01000036.1_20,PF00297.25
VGIW01000041.1_11,PF00535.29
VGIW01000042.1_18,PF13860.9
VGIW01000048.1_2,PF04555.16
VGIW01000056.1_8,PF05761.17
VGIW01000059.1_17,PF13145.9
VGIW01000066.1_9,PF09827.12
VGIW01000068.1_8,PF04337.15
VGIW01000092.1_8,PF04055.24
VGIW01000094.1_5,PF14014.9
VGIW01000098.1_2,PF07929.14
VGIW01000106.1_11,PF01527.23
VGIW01000108.1_1,PF13570.9
VGIW01000120.1_1,PF00892.23
VGIW01000158.1_1,PF13231.9
JAFGGD010000046.1_43,PF02120.19
JAFGGD010000049.1_5,PF00293.31
JAFGGD010000053.1_2,PF00708.21
JAFGGD010000005.1_11,PF07085.15
JAFGGD010000054.1_20,PF07260.14
JAFGGD010000054.1_83,PF00425.21
JAFGGD010000055.1_46,PF19313.2
JAFGGD010000008.1_3,PF03975.16
JAFGGD010000008.1_30,PF01127.25
JAFGGD010000008.1_49,PF00892.23
JAFGGD010000008.1_92,PF01796.20
JAFGGD010000008.1_95,PF06545.14
JAFGGD010000008.1_106,PF04536.17
JAFGGD010000059.1_23,PF00366.23
JAFGGD010000059.1_65,PF01964.21
JAFGGD010000059.1_76,PF10990.11
JAFGGD010000012.1_5,PF00079.23
JAFGGD010000020.1_6,PF00881.27
JAFGGD010000020.1_72,PF03706.16
JAFGGD010000020.1_77,PF08309.14
JAFGGD010000028.1_10,PF01951.19
JAFGGD010000028.1_19,PF04298.15
JAFGGD010000030.1_3,PF01926.26
JAFGGD010000030.1_97,PF00227.29
JAFGGD010000030.1_171,PF00294.27
JAFGGD010000030.1_221,PF03938.17
JAFGGD010000030.1_240,PF01075.20
JAFGGD010000030.1_268,PF01663.25
JAFGGD010000031.1_22,PF00528.25
JAFGGD010000031.1_103,PF01066.24
JAFGGD010000034.1_97,PF01230.26
JAFGGD010000036.1_15,PF00342.22
JAFGGD010000037.1_5,PF00472.23
JAFGGD010000037.1_31,PF02632.17
JAFGGD010000041.1_19,PF04229.17
JAFGGD010000041.1_34,PF01663.25
JAFGGD010000043.1_5,PF14332.9
JAFGGD010000043.1_9,PF02472.19
JAFGGD010000045.1_16,PF01522.24
JAFGEW010000105.1_33,PF00294.27
JAFGEW010000105.1_53,PF00171.25
JAFGEW010000110.1_3,PF07691.15
JAFGEW010000112.1_61,PF05025.16
JAFGEW010000113.1_6,PF01016.22
JAFGEW010000115.1_7,PF00456.24
JAFGEW010000120.1_18,PF00886.22
JAFGEW010000132.1_109,PF00076.25
JAFGEW010000133.1_43,PF13402.9
JAFGEW010000020.1_2,PF01197.21
JAFGEW010000027.1_48,PF01925.22
JAFGEW010000028.1_18,PF02151.22
JAFGEW010000028.1_20,PF00005.30
JAFGEW010000029.1_40,PF14103.9
JAFGEW010000030.1_7,PF01261.27
JAFGEW010000031.1_24,PF03780.16
JAFGEW010000006.1_67,PF01066.24
JAFGEW010000040.1_28,PF00496.25
JAFGEW010000041.1_4,PF02811.22
JAFGEW010000055.1_8,PF01075.20
JAFGEW010000057.1_23,PF02579.20
JAFGEW010000060.1_10,PF03116.18
JAFGEW010000060.1_18,PF01268.22
JAFGEW010000061.1_61,PF00535.29
JAFGEW010000070.1_36,PF04134.15
JAFGEW010000076.1_45,PF07589.14
JAFGEW010000076.1_79,PF10137.12
JAFGEW010000081.1_48,PF01564.20
JAFGEW010000084.1_2,PF13437.9
JAFGEW010000084.1_8,PF05960.14
JAFGEW010000011.1_11,PF00164.28
JAFGEW010000092.1_43,PF03567.17
JAFGEW010000098.1_4,PF02384.19
JABMQX010000165.1_3,PF01408.25
JABMQX010000167.1_3,PF03747.17
JABMQX010000168.1_5,PF01869.23
JABMQX010000174.1_4,PF09721.13
JABMQX010000183.1_6,PF11376.11
JABMQX010000191.1_4,PF12966.10
JABMQX010000213.1_3,PF02597.23
JABMQX010000300.1_3,PF00330.23
JABMQX010000305.1_3,PF01098.22
JABMQX010000308.1_1,PF02653.19
JABMQX010000310.1_2,PF07963.15
JABMQX010000316.1_6,PF00717.26
JABMQX010000380.1_5,PF01699.27
JABMQX010000382.1_2,PF00092.31
JABMQX010000428.1_3,PF04338.15
JABMQX010000462.1_1,PF04015.15
JABMQX010000494.1_1,PF13186.9
JABMQX010000517.1_6,PF14100.9
JABMQX010000524.1_3,PF14367.9
JABMQX010000055.1_3,PF00574.26
JABMQX010000577.1_2,PF00263.24
JABMQX010000601.1_4,PF00672.28
JABMQX010000634.1_7,PF07589.14
JABMQX010000671.1_1,PF07596.14
JABMQX010000070.1_2,PF07394.15
JABMQX010000755.1_1,PF10518.12
JABMQX010000088.1_2,PF00474.20
JABMQX010000780.1_7,PF01169.22
JABMQX010000098.1_1,PF13884.9
JABMQX010000846.1_5,PF04307.17
JABMQX010000854.1_3,PF07927.15
JABMQX010000112.1_4,PF03050.17
JABMQX010000124.1_3,PF19501.2
JABMQX010000011.1_1,PF03091.18
JABMQX010000012.1_5,PF01791.12
JABMQX010000146.1_1,PF07934.15
JABMQX010000016.1_1,PF01261.27
JACIXQ010000001.1_72,PF13490.9
JACIXQ010000011.1_11,PF00291.28
JACIXQ010000115.1_6,PF00936.22
JACIXQ010000013.1_16,PF00453.21
JACIXQ010000139.1_2,PF02083.18
JACIXQ010000015.1_5,PF01208.20
JACIXQ010000015.1_28,PF02594.19
JACIXQ010000002.1_10,PF09376.13
JACIXQ010000021.1_14,PF04055.24
JACIXQ010000023.1_21,PF04007.15
JACIXQ010000025.1_6,PF14175.9
JACIXQ010000027.1_22,PF01208.20
JACIXQ010000028.1_11,PF01520.21
JACIXQ010000003.1_6,PF00572.21
JACIXQ010000003.1_11,PF00411.22
JACIXQ010000032.1_8,PF01058.25
JACIXQ010000034.1_21,PF00156.30
JACIXQ010000035.1_14,PF03888.17
JACIXQ010000036.1_13,PF13860.9
JACIXQ010000041.1_16,PF01058.25
JACIXQ010000044.1_2,PF03279.16
JACIXQ010000044.1_13,PF02018.20
JACIXQ010000005.1_3,PF01195.22
JACIXQ010000054.1_9,PF02826.22
JACIXQ010000055.1_5,PF01227.25
JACIXQ010000006.1_24,PF01261.27
JACIXQ010000061.1_1,PF13385.9
JACIXQ010000078.1_7,PF01934.20
JACIXQ010000078.1_9,PF01555.21
JACIXQ010000084.1_10,PF01435.21
JACIXQ010000086.1_3,PF12708.10
JACIXQ010000091.1_6,PF01361.24
JACIXQ010000093.1_6,PF02653.19
JACIXQ010000098.1_6,PF03331.16
JACIXR010000001.1_32,PF00005.30
JACIXR010000001.1_91,PF00579.28
JACIXR010000011.1_3,PF03739.17
JACIXR010000011.1_37,PF11068.11
JACIXR010000012.1_12,PF00202.24
JACIXR010000012.1_54,PF00253.24
JACIXR010000012.1_60,PF00831.26
JACIXR010000013.1_34,PF06195.16
JACIXR010000002.1_136,PF00180.23
JACIXR010000002.1_143,PF01208.20
JACIXR010000002.1_222,PF12555.11
JACIXR010000003.1_4,PF08281.15
JACIXR010000003.1_24,PF00248.24
JACIXR010000003.1_148,PF01515.22
JACIXR010000003.1_159,PF01208.20
JACIXR010000004.1_20,PF13860.9
JACIXR010000004.1_29,PF01649.21
JACIXR010000004.1_38,PF00817.23
JACIXR010000004.1_56,PF08889.14
JACIXR010000004.1_121,PF01960.21
JACIXR010000004.1_125,PF02416.19
JACIXR010000004.1_210,PF10092.12
JACIXR010000005.1_61,PF02811.22
JACIXR010000005.1_157,PF00491.24
JACIXR010000006.1_46,PF00146.24
JACIXR010000006.1_87,PF01139.20
JACIXR010000006.1_103,PF01881.19
JACIXR010000007.1_12,PF01121.23
JACIXR010000007.1_28,PF00156.30
JACIXR010000007.1_57,PF00574.26
JACIXR010000007.1_84,PF04932.18
JACIXR010000008.1_102,PF02350.22
JACIXR010000009.1_7,PF01040.21
JACPQY010000017.1_3,PF04945.16
JACPQY010000020.1_24,PF05130.15
JACPQY010000021.1_11,PF03480.16
JACPQY010000030.1_15,PF09861.12
JACPQY010000024.1_85,PF14522.9
JACPQY010000024.1_180,PF03918.17
JACPQY010000025.1_36,PF01934.20
JACPQY010000034.1_5,PF13768.9
JACPQY010000036.1_16,PF03668.18
JACPQY010000035.1_23,PF01797.19
JACPQY010000008.1_60,PF00501.31
JACPQY010000042.1_5,PF00440.26
JACPQY010000048.1_39,PF01144.26
JACPQY010000052.1_22,PF15919.8
JACPQY010000060.1_31,PF00366.23
JACPQY010000060.1_71,PF04773.16
JACPQY010000067.1_5,PF00814.28
JACPQY010000068.1_7,PF00909.24
JACPQY010000068.1_14,PF02033.21
JACPQY010000071.1_97,PF01507.22
JACPQY010000074.1_12,PF05050.15
JACPQY010000078.1_20,PF00361.23
JACPQY010000078.1_26,PF04342.15
JACPQY010000081.1_17,PF02120.19
JACPQY010000080.1_2,PF01694.25
JACPQY010000080.1_68,PF00873.22
JACPQY010000086.1_4,PF13717.9
JACPQY010000083.1_51,PF13280.9
JACPQY010000085.1_48,PF01809.21
JACPQY010000012.1_21,PF02075.20
JACPQY010000011.1_39,PF01954.19
JACPQY010000003.1_2,PF01242.22
JACPAV010000047.1_38,PF01678.22
JACPAV010000003.1_40,PF00149.31
JACPAV010000003.1_54,PF01883.22
JACPAV010000013.1_37,PF07995.14
JACPAV010000050.1_3,PF00582.29
JACPAV010000016.1_33,PF01052.23
JACPAV010000016.1_39,PF01165.23
JACPAV010000051.1_8,PF01312.22
JACPAV010000017.1_4,PF06386.14
JACPAV010000004.1_40,PF05036.16
JACPAV010000004.1_58,PF01103.26
JACPAV010000004.1_159,PF03477.19
JACPAV010000019.1_17,PF00764.22
JACPAV010000019.1_73,PF05635.14
JACPAV010000019.1_89,PF03190.18
JACPAV010000020.1_95,PF14454.9
JACPAV010000059.1_12,PF05168.17
JACPAV010000021.1_78,PF01960.21
JACPAV010000022.1_16,PF04015.15
JACPAV010000005.1_59,PF04952.17
JACPAV010000026.1_3,PF13084.9
JACPAV010000002.1_213,PF02036.20
JACPAV010000002.1_264,PF16277.8
JACPAV010000002.1_280,PF20553.1
JACPAV010000002.1_291,PF01957.21
JACPAV010000006.1_69,PF00437.23
JACPAV010000006.1_152,PF01850.24
JACPAV010000028.1_64,PF01451.24
JACPAV010000007.1_145,PF00583.28
JACPAV010000030.1_21,PF18765.4
JACPAV010000008.1_1,PF01436.24
JACPAV010000008.1_81,PF01553.24
JACPAV010000008.1_112,PF00543.25
JACPAV010000035.1_12,PF02470.23
JACPAV010000037.1_8,PF07813.15
JACPAV010000009.1_43,PF01638.20
JACPAV010000010.1_15,PF04350.16
JACPAV010000010.1_44,PF13231.9
JACPAV010000011.1_38,PF00027.32
JACPAV010000011.1_45,PF01259.21
JACPAV010000011.1_93,PF03480.16
JACPAV010000011.1_101,PF05690.17
JACPAV010000043.1_10,PF01973.21
JACPSX010000072.1_6,PF04542.17
JACPSX010000073.1_2,PF16861.8
JACPSX010000024.1_9,PF00990.24
JACPSX010000026.1_4,PF14281.9
JACPSX010000026.1_8,PF07927.15
JACPSX010000027.1_5,PF03320.16
JACPSX010000027.1_21,PF03477.19
JACPSX010000030.1_6,PF02325.20
JACPSX010000045.1_25,PF01977.19
JACPSX010000046.1_8,PF00346.22
JACPSX010000094.1_12,PF01493.22
JACPSX010000094.1_17,PF14384.9
JACPSX010000006.1_11,PF01970.19
JACPSX010000006.1_26,PF00215.27
JACPSX010000006.1_32,PF00266.22
JACPSX010000144.1_8,PF00764.22
JACPSX010000126.1_10,PF05552.15
JACPSX010000083.1_1,PF00072.27
JACPSX010000084.1_5,PF04055.24
JACPSX010000087.1_13,PF07927.15
JACPSX010000090.1_34,PF01850.24
JACPSX010000138.1_10,PF06277.14
JACPSX010000100.1_3,PF01255.22
JACPSX010000106.1_17,PF04073.18
JACPSX010000108.1_11,PF13709.9
JACPSX010000112.1_5,PF08463.13
JACPSX010000169.1_4,PF17820.4
JACPSX010000039.1_6,PF00300.25
JACPSX010000121.1_3,PF01497.21
JACPSX010000199.1_2,PF04367.16
JACPSX010000140.1_1,PF00459.28
JACPSX010000002.1_4,PF05226.14
JACPSX010000145.1_6,PF01116.23
JACPSX010000060.1_8,PF02223.20
JACPSX010000148.1_6,PF01243.23
JACPSX010000148.1_8,PF04264.16
JACPSX010000189.1_5,PF02951.17
JACPSX010000189.1_9,PF04085.17
JACPSX010000189.1_10,PF04093.15
JACPSX010000067.1_6,PF01925.22
JACPSX010000208.1_2,PF01850.24
JACPSX010000216.1_1,PF12728.10
JACPSX010000216.1_2,PF01850.24
JACPSX010000217.1_17,PF03065.18
JACPSX010000217.1_29,PF01790.21
JACPSX010000217.1_45,PF00034.24
JACPSX010000192.1_6,PF01292.23
JACPSX010000239.1_10,PF02452.20
JACPSX010000240.1_1,PF13193.9
JACPSX010000175.1_9,PF00543.25
JACPSX010000042.1_17,PF00994.27
JACPSX010000176.1_6,PF00005.30
JACPSX010000176.1_16,PF02915.20
JACPSX010000177.1_15,PF13386.9
JACPSX010000244.1_1,PF04480.15
JACPSX010000206.1_6,PF05016.18
JACPSX010000183.1_5,PF13511.9
JACPSX010000219.1_2,PF00528.25
JACPSX010000219.1_9,PF00296.23
JACPSX010000229.1_6,PF01618.19
JACPSX010000230.1_5,PF12804.10
JACPSX010000261.1_4,PF00072.27
JACPSX010000211.1_4,PF01259.21
JACPSX010000233.1_2,PF09851.12
JACPSX010000221.1_8,PF05015.16
JACPSX010000225.1_1,PF13189.9
JACPSX010000064.1_2,PF00355.29
JACPSX010000267.1_7,PF00381.22
JACPSX010000015.1_3,PF00857.23
JACPSX010000015.1_5,PF01871.20
JACPSX010000289.1_3,PF14102.9
JACPSX010000292.1_1,PF00152.23
JACPSX010000262.1_1,PF00857.23
JACPSX010000069.1_6,PF05534.15
JACPSX010000054.1_17,PF02699.18
JACPSX010000054.1_25,PF09991.12
JACPSX010000284.1_4,PF02613.18
JACPSX010000010.1_2,PF00005.30
JACPSX010000010.1_17,PF00347.26
JACPSX010000010.1_27,PF00237.22
JACPSX010000276.1_2,PF00698.24
JACPSX010000280.1_4,PF03916.17
JACPSX010000280.1_17,PF03916.17
JACPSX010000104.1_18,PF09424.13
JACPSX010000161.1_20,PF02578.18
JACPSX010000007.1_1,PF01642.25
JACPUC010000003.1_21,PF00301.23
JACPUC010000003.1_36,PF01969.20
JACPUC010000003.1_55,PF01977.19
JACPUC010000003.1_174,PF01557.21
JACPUC010000003.1_208,PF02754.19
JACPUC010000006.1_127,PF07690.19
JACPUC010000006.1_187,PF02811.22
JACPUC010000006.1_218,PF00924.21
JACPUC010000007.1_109,PF02638.18
JACPUC010000007.1_112,PF04909.17
JACPUC010000007.1_215,PF03448.20
JACPUC010000004.1_45,PF04909.17
JACPUC010000002.1_34,PF00990.24
JACPUC010000002.1_67,PF11290.11
JACPUC010000011.1_63,PF00501.31
JACPUC010000011.1_153,PF08241.15
JACPUC010000008.1_1,PF01061.27
JACPUC010000008.1_45,PF09586.13
JACPUC010000008.1_46,PF01663.25
JACPUC010000008.1_55,PF13717.9
JACPUC010000008.1_65,PF02653.19
JACPUC010000008.1_191,PF05036.16
JACPUC010000008.1_255,PF02515.20
JACPUC010000008.1_259,PF01145.28
JACPUC010000009.1_51,PF01977.19
JACPUC010000009.1_88,PF00005.30
JACPUC010000010.1_20,PF03916.17
JACPUC010000010.1_69,PF02538.17
JACPUC010000010.1_75,PF05052.15
JACPUC010000010.1_87,PF01613.21
JACPUC010000010.1_112,PF00589.25
JACPUC010000014.1_67,PF01642.25
JACPUC010000012.1_29,PF01702.21
JACPUC010000012.1_50,PF00171.25
JACPUC010000012.1_79,PF00162.22
JACPUC010000012.1_97,PF00571.31
JACPUC010000015.1_19,PF00528.25
JACPUC010000015.1_59,PF00384.25
JACPUC010000015.1_74,PF00266.22
JACPUC010000018.1_16,PF05362.16
JACPUC010000018.1_70,PF00724.23
JACPUC010000018.1_72,PF02776.21
JACPUC010000017.1_35,PF01351.21
JACPUC010000017.1_56,PF00155.24
JACPUC010000021.1_4,PF01381.25
JACPUC010000019.1_37,PF00355.29
JACPUC010000019.1_88,PF01975.20
JACPUC010000019.1_100,PF01977.19
JACPUC010000019.1_185,PF07311.15
JACPUC010000019.1_214,PF02634.18
JACPUC010000019.1_251,PF00202.24
JACPUC010000019.1_255,PF18563.4
JACPUC010000029.1_61,PF01435.21
JACPUC010000029.1_98,PF01042.24
JACPUC010000029.1_175,PF01717.21
JACPUC010000029.1_188,PF00132.27
JACPUC010000001.1_15,PF00578.24
JACPUC010000001.1_57,PF01032.21
JACPUC010000001.1_61,PF00346.22
JACPUC010000001.1_64,PF01042.24
JACPUC010000001.1_65,PF07876.15
JACPUC010000001.1_109,PF01618.19
JACPUC010000001.1_128,PF00348.20
JACPUC010000027.1_2,PF12728.10
JACPUC010000005.1_14,PF18735.4
JACPUC010000023.1_19,PF01709.23
JACPUC010000030.1_68,PF01258.20
JACPUC010000030.1_133,PF13490.9
JACPUC010000025.1_19,PF00361.23
JACPUC010000025.1_41,PF00005.30
JACPUC010000028.1_41,PF00216.24
JACPUC010000026.1_60,PF12850.10
JACPUC010000026.1_94,PF01361.24
JACPUC010000026.1_143,PF03061.25
JACPUC010000026.1_174,PF03739.17
JACPUC010000026.1_190,PF04909.17
JACPUC010000026.1_215,PF03916.17
JACPWU010000053.1_23,PF11750.11
JACPWU010000053.1_32,PF05016.18
JACPWU010000057.1_11,PF02566.22
JACPWU010000054.1_6,PF02535.25
JACPWU010000004.1_39,PF12804.10
JACPWU010000056.1_6,PF02075.20
JACPWU010000060.1_5,PF01264.24
JACPWU010000060.1_8,PF00903.28
JACPWU010000063.1_8,PF00346.22
JACPWU010000003.1_10,PF05168.17
JACPWU010000020.1_52,PF06245.14
JACPWU010000021.1_14,PF03938.17
JACPWU010000019.1_11,PF01245.23
JACPWU010000019.1_13,PF00886.22
JACPWU010000024.1_2,PF00338.25
JACPWU010000024.1_5,PF00276.23
JACPWU010000034.1_15,PF07963.15
JACPWU010000034.1_19,PF11104.11
JACPWU010000034.1_20,PF04350.16
JACPWU010000032.1_20,PF01850.24
JACPWU010000038.1_68,PF00708.21
JACPWU010000038.1_78,PF00830.22
JACPWU010000039.1_16,PF01040.21
JACPWU010000039.1_38,PF01569.24
JACPWU010000039.1_40,PF04958.15
JACPWU010000046.1_38,PF00291.28
JACPWU010000050.1_32,PF08245.15
JACPWU010000002.1_95,PF02321.21
JACPWU010000049.1_35,PF00528.25
JACOUC010000017.1_30,PF03065.18
JACOUC010000017.1_38,PF01584.22
JACOUC010000001.1_54,PF02638.18
JACOUC010000025.1_30,PF00348.20
JACOUC010000003.1_12,PF10091.12
JACOUC010000003.1_53,PF01678.22
JACOUC010000039.1_42,PF10387.12
JACOUC010000039.1_47,PF00462.27
JACOUC010000048.1_65,PF04028.16
JACOUC010000046.1_59,PF01641.21
JACOUC010000047.1_31,PF01048.23
JACOUC010000047.1_36,PF00398.23
JACOUC010000047.1_50,PF04402.17
JACOUC010000043.1_14,PF00908.20
JACOUC010000044.1_28,PF05168.17
JACOUC010000044.1_37,PF00032.20
JACOUC010000045.1_19,PF00588.22
JACOUC010000028.1_3,PF01066.24
JACOUC010000028.1_9,PF00180.23
JACOUC010000029.1_7,PF13231.9
JACOUC010000040.1_1,PF07238.17
JACOUC010000064.1_17,PF00347.26
JACOUC010000071.1_24,PF07478.16
JACOUC010000071.1_53,PF03349.19
JACOUC010000053.1_6,PF03091.18
JACOUC010000058.1_8,PF00156.30
JACOUC010000058.1_22,PF01075.20
JACOUC010000058.1_35,PF06386.14
JACOUC010000058.1_39,PF00011.24
JACOUC010000015.1_12,PF00312.25
JACOUC010000073.1_12,PF02591.18
JACOUC010000011.1_27,PF13470.9
JACOUC010000011.1_49,PF00579.28
JACOUC010000078.1_8,PF00202.24
JACOUC010000078.1_27,PF00496.25
JACOUC010000035.1_81,PF05050.15
JACOUC010000009.1_17,PF01476.23
JACQOV010000027.1_7,PF00484.22
JACQOV010000027.1_15,PF00346.22
JACQOV010000032.1_5,PF01075.20
JACQOV010000033.1_22,PF04166.15
JACQOV010000034.1_4,PF01261.27
JACQOV010000040.1_9,PF01127.25
JACQOV010000040.1_15,PF00892.23
JACQOV010000038.1_17,PF02367.20
JACQOV010000038.1_21,PF07949.15
JACQOV010000038.1_32,PF02169.19
JACQOV010000035.1_7,PF12769.10
JACQOV010000002.1_1,PF00781.27
JACQOV010000039.1_2,PF02609.19
JACQOV010000043.1_3,PF01220.22
JACQOV010000044.1_3,PF06245.14
JACQOV010000046.1_5,PF01075.20
JACQOV010000049.1_9,PF00920.24
JACQOV010000049.1_10,PF00285.24
JACQOV010000049.1_23,PF02604.22
JACQOV010000048.1_12,PF01008.20
JACQOV010000055.1_7,PF02604.22
JACQOV010000055.1_11,PF05016.18
JACQOV010000062.1_11,PF02577.17
JACQOV010000068.1_4,PF01098.22
JACQOV010000064.1_16,PF02581.20
JACQOV010000071.1_14,PF01850.24
JACQOV010000070.1_1,PF02754.19
JACQOV010000070.1_3,PF02589.18
JACQOV010000070.1_11,PF02410.18
JACQOV010000070.1_41,PF03009.20
JACQOV010000081.1_5,PF00834.22
JACQOV010000081.1_10,PF12441.11
JACQOV010000073.1_6,PF02082.23
JACQOV010000074.1_4,PF12679.10
JACQOV010000075.1_21,PF00815.23
JACQOV010000076.1_1,PF13635.9
JACQOV010000076.1_17,PF13083.9
JACQOV010000093.1_7,PF00696.31
JACQOV010000093.1_11,PF08291.14
JACQOV010000093.1_20,PF01476.23
JACQOV010000084.1_3,PF00171.25
JACQOV010000089.1_16,PF00501.31
JACQOV010000090.1_2,PF05015.16
JACQOV010000090.1_5,PF05016.18
JACQOV010000096.1_9,PF00825.21
JACQOV010000096.1_18,PF06769.17
JACQOV010000091.1_8,PF03061.25
JACQOV010000092.1_4,PF09956.12
JACQOV010000099.1_8,PF01242.22
JACQOV010000095.1_14,PF01725.19
JACQOV010000095.1_33,PF04255.17
JACQOV010000095.1_39,PF05686.15
JACQOV010000095.1_51,PF00005.30
JACQOV010000100.1_3,PF00297.25
JACQOV010000100.1_7,PF00203.24
JACQOV010000100.1_11,PF00831.26
JACQOV010000100.1_17,PF00347.26
JACQOV010000100.1_18,PF00861.25
JACQOV010000100.1_21,PF00344.23
JACQOV010000097.1_8,PF03609.17
JACQOV010000097.1_12,PF00359.25
JACQOV010000098.1_13,PF13500.9
JACQOV010000104.1_2,PF02502.21
JACQOV010000104.1_22,PF04011.15
JACQOV010000104.1_24,PF00723.24
JACQOV010000106.1_5,PF02604.22
JACQOV010000103.1_12,PF16930.8
JACQOV010000103.1_28,PF08334.14
JACQOV010000108.1_6,PF13248.9
JACQOV010000010.1_32,PF04055.24
JACQOV010000009.1_10,PF12441.11
JACQOV010000009.1_22,PF01850.24
JACQOV010000009.1_36,PF18423.4
JACQOV010000013.1_5,PF05593.17
JACQOV010000011.1_8,PF05762.17
JACQOV010000011.1_12,PF02542.19
JACQOV010000015.1_11,PF13490.9
JACQOV010000015.1_12,PF04493.17
JACQOV010000019.1_6,PF00155.24
JACQOV010000022.1_17,PF01734.25
JACQOV010000022.1_36,PF02416.19
JACQOV010000022.1_40,PF01951.19
JACQOV010000022.1_49,PF00550.28
JACQOV010000020.1_15,PF06778.15
JACQOV010000026.1_23,PF03480.16
JACQOV010000025.1_3,PF04070.15
JACQWU010000028.1_7,PF09721.13
JACQWU010000017.1_2,PF00696.31
JACQWU010000042.1_8,PF00472.23
JACQWU010000043.1_3,PF13635.9
JACQWU010000098.1_2,PF02806.21
JACQWU010000104.1_2,PF00420.27
JACQWU010000054.1_9,PF18320.4
JACQWU010000087.1_5,PF11028.11
JACQWU010000087.1_6,PF01790.21
JACQWU010000140.1_2,PF05069.16
JACQWU010000022.1_25,PF04255.17
JACQWU010000106.1_12,PF00557.27
JACQWU010000023.1_13,PF02201.21
JACQWU010000143.1_9,PF13229.9
JACQWU010000148.1_1,PF20085.2
JACQWU010000214.1_8,PF02810.18
JACQWU010000214.1_12,PF02321.21
JACQWU010000166.1_11,PF02518.29
JACQWU010000164.1_7,PF01797.19
JACQWU010000206.1_14,PF01934.20
JACQWU010000238.1_2,PF01869.23
JACQWU010000211.1_3,PF09903.12
JACQWU010000240.1_9,PF07995.14
JACQWU010000109.1_6,PF01502.21
JACQWU010000118.1_14,PF01039.25
JACQWU010000122.1_16,PF05016.18
JACQWU010000267.1_3,PF09424.13
JACQWU010000076.1_19,PF19266.2
JACQWU010000307.1_2,PF00857.23
JACQWU010000313.1_3,PF01863.20
JACQWU010000305.1_2,PF03783.17
JACQWU010000335.1_8,PF00923.22
JACQWU010000338.1_1,PF00313.25
JACQWU010000340.1_5,PF07494.14
JACQWU010000083.1_3,PF13749.9
JACQWU010000083.1_4,PF13271.9
JACQWU010000037.1_7,PF09723.13
JACQWU010000334.1_10,PF00909.24
JACQWU010000038.1_3,PF00162.22
JACQWU010000153.1_1,PF00180.23
JACQWU010000114.1_4,PF13657.9
JACQWU010000010.1_2,PF01012.24
JACQWU010000095.1_8,PF01261.27
JACQWU010000130.1_1,PF02498.20
JACQWU010000131.1_1,PF00072.27
JACQWU010000133.1_5,PF01797.19
JACRDZ010000088.1_2,PF00892.23
JACRDZ010000099.1_1,PF06739.14
JACRDZ010000099.1_2,PF12674.10
JACRDZ010000109.1_7,PF00453.21
JACRDZ010000117.1_2,PF01991.21
JACRDZ010000122.1_11,PF01066.24
JACRDZ010000121.1_5,PF01934.20
JACRDZ010000133.1_2,PF01075.20
JACRDZ010000137.1_4,PF00275.23
JACRDZ010000140.1_1,PF13749.9
JACRDZ010000147.1_5,PF00011.24
JACRDZ010000160.1_10,PF02597.23
JACRDZ010000161.1_8,PF01040.21
JACRDZ010000166.1_2,PF04025.15
JACRDZ010000174.1_2,PF07021.15
JACRDZ010000193.1_8,PF01551.25
JACRDZ010000195.1_3,PF05685.15
JACRDZ010000199.1_6,PF09459.13
JACRDZ010000021.1_5,PF02049.21
JACRDZ010000211.1_2,PF00361.23
JACRDZ010000221.1_6,PF13451.9
JACRDZ010000223.1_6,PF11141.11
JACRDZ010000233.1_3,PF01288.23
JACRDZ010000233.1_6,PF01850.24
JACRDZ010000243.1_12,PF09136.13
JACRDZ010000263.1_4,PF03379.16
JACRDZ010000269.1_5,PF00535.29
JACRDZ010000274.1_2,PF07927.15
JACRDZ010000277.1_8,PF00027.32
JACRDZ010000277.1_13,PF00239.24
JACRDZ010000036.1_5,PF00814.28
JACRDZ010000289.1_5,PF00731.23
JACRDZ010000289.1_6,PF01969.20
JACRDZ010000298.1_2,PF01899.19
JACRDZ010000013.1_1,PF07715.18
JACRDZ010000040.1_4,PF02120.19
JACRDZ010000056.1_17,PF00347.26
JACRDZ010000057.1_8,PF00571.31
JACRDZ010000053.1_1,PF12671.10
JACRDZ010000051.1_11,PF00571.31
JACRDZ010000006.1_2,PF00137.24
JACRDZ010000004.1_18,PF05168.17
JADJOY010000001.1_80,PF00487.27
JADJOY010000001.1_210,PF04932.18
JADJOY010000001.1_214,PF04055.24
JADJOY010000001.1_226,PF03739.17
JADJOY010000001.1_257,PF01040.21
JADJOY010000001.1_390,PF03321.16
JADJOY010000001.1_402,PF12705.10
JADJOY010000001.1_459,PF01765.22
JADJOY010000003.1_386,PF00669.23
JADJOY010000003.1_387,PF06429.16
JADJOY010000003.1_427,PF06127.14
JADJOY010000003.1_459,PF04445.16
JADJOY010000004.1_37,PF07396.14
JADJOY010000004.1_203,PF01750.21
JADJOY010000004.1_259,PF00072.27
JADJOY010000007.1_3,PF01797.19
JADJOY010000007.1_55,PF00990.24
JADJOY010000008.1_97,PF01663.25
JADJOY010000008.1_134,PF00034.24
JADJOY010000008.1_199,PF13452.9
JADJOY010000008.1_203,PF13452.9
JADJOY010000008.1_315,PF00150.21
JADJOY010000009.1_113,PF00884.26
JADJOY010000009.1_114,PF13557.9
JADJOY010000009.1_189,PF05597.14
JADJOY010000010.1_100,PF02604.22
JADJOY010000010.1_179,PF01592.19
JADJOY010000010.1_214,PF09970.12
JADJOY010000010.1_224,PF00230.23
JADJOY010000010.1_330,PF01594.19
JADJOY010000011.1_15,PF13205.9
JADJOY010000011.1_17,PF12281.11
JADJOY010000013.1_10,PF03169.18
JADJOY010000013.1_38,PF00067.25
JADJOY010000014.1_92,PF13472.9
JADJOY010000016.1_89,PF06202.17
JADJOY010000017.1_28,PF07238.17
JADJOY010000017.1_86,PF00227.29
JADJOY010000017.1_158,PF00535.29
JADJOY010000017.1_162,PF00579.28
JADJOY010000017.1_181,PF00932.22
JADJOY010000018.1_23,PF02585.20
JADJOY010000018.1_93,PF05534.15
JADJOY010000018.1_146,PF06114.16
JADJOY010000018.1_196,PF04338.15
JADJOY010000020.1_17,PF00490.24
JADJOY010000020.1_75,PF20510.1
JADJOY010000021.1_12,PF02665.17
JADJOY010000021.1_44,PF13472.9
JADJOY010000021.1_119,PF07238.17
JADJOY010000021.1_152,PF11907.11
JADJOY010000021.1_190,PF08818.14
JADJOY010000022.1_156,PF04909.17
JADJOY010000023.1_71,PF13103.9
JADJOY010000023.1_92,PF08241.15
JADJOY010000023.1_159,PF13190.9
JADJOY010000025.1_110,PF05717.16
JADJOY010000027.1_71,PF06283.14
JADJOY010000027.1_112,PF04960.18
JADJOY010000027.1_157,PF00892.23
JADJOY010000029.1_64,PF00044.27
JADJOY010000030.1_65,PF01243.23
JADJOY010000030.1_123,PF01810.21
JADJOY010000032.1_96,PF16670.8
JADJOY010000033.1_66,PF02163.25
JADJOY010000033.1_94,PF00266.22
JADJOY010000033.1_97,PF07027.15
JADJOY010000033.1_107,PF01850.24
JADJOY010000034.1_67,PF01425.24
JADJOY010000037.1_81,PF00892.23
JADJOY010000038.1_81,PF01850.24
JADJOY010000039.1_36,PF00291.28
JADJOY010000040.1_49,PF11737.11
JADJOY010000041.1_13,PF00082.25
JADJOY010000042.1_62,PF01042.24
JADJOY010000043.1_6,PF00903.28
JADJOY010000043.1_37,PF11617.11
JADJOY010000043.1_52,PF02525.20
JADJOY010000048.1_8,PF02515.20
JADJOY010000051.1_3,PF04255.17
JADJOY010000053.1_1,PF04172.19
JADJOY010000054.1_2,PF00224.24
JADJOY010000060.1_24,PF01136.22
JADJOY010000060.1_36,PF04909.17
JADJOY010000062.1_15,PF13469.9
JADJOY010000063.1_25,PF02368.21
JAFGBW010000027.1_2,PF01075.20
JAFGBW010000227.1_6,PF03349.19
JAFGBW010000233.1_19,PF00202.24
JAFGBW010000242.1_6,PF00588.22
JAFGBW010000242.1_7,PF13231.9
JAFGBW010000249.1_9,PF14385.9
JAFGBW010000252.1_9,PF19676.2
JAFGBW010000252.1_12,PF00072.27
JAFGBW010000255.1_16,PF00430.21
JAFGBW010000256.1_1,PF01142.21
JAFGBW010000257.1_23,PF02283.19
JAFGBW010000263.1_8,PF04290.15
JAFGBW010000265.1_1,PF00206.23
JAFGBW010000265.1_15,PF08780.14
JAFGBW010000032.1_3,PF00072.27
JAFGBW010000033.1_9,PF05402.15
JAFGBW010000279.1_2,PF03646.18
JAFGBW010000039.1_27,PF00380.22
JAFGBW010000051.1_2,PF00717.26
JAFGBW010000055.1_12,PF02416.19
JAFGBW010000061.1_12,PF07238.17
JAFGBW010000065.1_12,PF00849.25
JAFGBW010000074.1_6,PF01312.22
JAFGBW010000077.1_2,PF04392.15
JAFGBW010000079.1_1,PF00185.27
JAFGBW010000085.1_6,PF01300.21
JAFGBW010000086.1_5,PF01235.20
JAFGBW010000091.1_16,PF13091.9
JAFGBW010000095.1_6,PF09986.12
JAFGBW010000103.1_18,PF01264.24
JAFGBW010000112.1_17,PF01257.22
JAFGBW010000121.1_5,PF00483.26
JAFGBW010000132.1_8,PF00291.28
JAFGBW010000134.1_2,PF03646.18
JAFGBW010000137.1_4,PF05656.17
JAFGBW010000152.1_6,PF00950.20
JAFGBW010000154.1_12,PF00909.24
JAFGBW010000169.1_5,PF05494.15
JAFGBW010000022.1_15,PF01960.21
JAFGBW010000178.1_5,PF00573.25
JAFGBW010000023.1_5,PF07963.15
JAFGBW010000202.1_2,PF04055.24
JAFGBW010000202.1_6,PF14907.9
JAFGBW010000024.1_3,PF00512.28
JAFGBW010000210.1_7,PF01478.21
JAFGJP010000290.1_1,PF00117.31
JAFGJP010000298.1_5,PF01551.25
JAFGJP010000303.1_1,PF00346.22
JAFGJP010000060.1_2,PF01258.20
JAFGJP010000313.1_4,PF02673.21
JAFGJP010000320.1_5,PF02261.19
JAFGJP010000008.1_14,PF10502.12
JAFGJP010000091.1_8,PF01196.22
JAFGJP010000095.1_3,PF01278.23
JAFGJP010000132.1_4,PF00276.23
JAFGJP010000150.1_4,PF01128.22
JAFGJP010000153.1_6,PF10034.12
JAFGJP010000163.1_2,PF03755.16
JAFGJP010000177.1_5,PF00313.25
JAFGJP010000186.1_2,PF00696.31
JAFGJP010000191.1_3,PF02653.19
JAFGJP010000022.1_3,PF01648.23
JAFGJP010000204.1_2,PF03631.18
JAFGJP010000033.1_6,PF07610.14
JAFGJP010000251.1_1,PF00300.25
JAFGJP010000256.1_4,PF01168.23
JAFGJP010000256.1_15,PF00085.23
JAFGJP010000268.1_6,PF00132.27
JAFGJP010000275.1_1,PF13231.9
JAFGJP010000277.1_10,PF02472.19
JAFGND010000071.1_55,PF00436.28
JAFGND010000071.1_74,PF03279.16
JAFGND010000073.1_13,PF00795.25
JAFGND010000080.1_4,PF03706.16
JAFGND010000081.1_6,PF00359.25
JAFGND010000081.1_21,PF02655.17
JAFGND010000084.1_20,PF13570.9
JAFGND010000088.1_6,PF04471.15
JAFGND010000090.1_6,PF09335.14
JAFGND010000091.1_24,PF18962.3
JAFGND010000096.1_13,PF18962.3
JAFGND010000099.1_1,PF00936.22
JAFGND010000099.1_10,PF02943.18
JAFGND010000101.1_5,PF17957.4
JAFGND010000101.1_12,PF00672.28
JAFGND010000101.1_33,PF00005.30
JAFGND010000101.1_39,PF00359.25
JAFGND010000106.1_21,PF02401.21
JAFGND010000106.1_26,PF01220.22
JAFGND010000106.1_57,PF01176.22
JAFGND010000107.1_30,PF01725.19
JAFGND010000016.1_3,PF05168.17
JAFGND010000108.1_29,PF00795.25
JAFGND010000109.1_7,PF00027.32
JAFGND010000017.1_20,PF01035.23
JAFGND010000022.1_7,PF02581.20
JAFGND010000023.1_19,PF01145.28
JAFGND010000026.1_19,PF19289.2
JAFGND010000029.1_4,PF00892.23
JAFGND010000030.1_26,PF00535.29
JAFGND010000004.1_7,PF01242.22
JAFGND010000032.1_4,PF20244.1
JAFGND010000032.1_15,PF00398.23
JAFGND010000034.1_21,PF18962.3
JAFGND010000034.1_24,PF00155.24
JAFGND010000034.1_30,PF05593.17
JAFGND010000035.1_45,PF01040.21
JAFGND010000035.1_56,PF01040.21
JAFGND010000035.1_59,PF01632.22
JAFGND010000036.1_4,PF01668.21
JAFGND010000036.1_8,PF01592.19
JAFGND010000036.1_14,PF02579.20
JAFGND010000006.1_15,PF01496.22
JAFGND010000006.1_19,PF10962.11
JAFGND010000007.1_7,PF04191.16
JAFGND010000041.1_6,PF01012.24
JAFGND010000041.1_15,PF01035.23
JAFGND010000008.1_17,PF01783.26
JAFGND010000008.1_31,PF00149.31
JAFGND010000043.1_1,PF07510.14
JAFGND010000043.1_5,PF07508.16
JAFGND010000044.1_58,PF06305.14
JAFGND010000044.1_60,PF02397.19
JAFGND010000044.1_61,PF01790.21
JAFGND010000047.1_36,PF00889.22
JAFGND010000049.1_9,PF10342.12
JAFGND010000010.1_3,PF02416.19
JAFGND010000050.1_9,PF00583.28
JAFGND010000050.1_18,PF12804.10
JAFGND010000052.1_1,PF00717.26
JAFGND010000055.1_12,PF02540.20
JAFGND010000055.1_38,PF14907.9
JAFGND010000055.1_58,PF20539.1
JAFGND010000057.1_40,PF01553.24
JAFGND010000057.1_55,PF05343.17
JAFGND010000058.1_8,PF00275.23
JAFGND010000060.1_6,PF03734.17
JAFGND010000060.1_80,PF00271.34
JAFGND010000062.1_19,PF01936.21
JAFGND010000065.1_31,PF01075.20
JAFGND010000069.1_5,PF02683.18
JAFGOL010000201.1_4,PF00072.27
JAFGOL010000202.1_3,PF18765.4
JAFGOL010000203.1_10,PF07238.17
JAFGOL010000204.1_1,PF14076.9
JAFGOL010000034.1_2,PF00682.22
JAFGOL010000216.1_1,PF00374.22
JAFGOL010000216.1_2,PF01058.25
JAFGOL010000216.1_4,PF17179.7
JAFGOL010000220.1_1,PF02119.19
JAFGOL010000222.1_4,PF00291.28
JAFGOL010000223.1_11,PF13400.9
JAFGOL010000225.1_5,PF00206.23
JAFGOL010000037.1_4,PF01988.22
JAFGOL010000242.1_5,PF01895.22
JAFGOL010000244.1_2,PF05157.18
JAFGOL010000251.1_16,PF00366.23
JAFGOL010000252.1_1,PF01594.19
JAFGOL010000257.1_2,PF07075.14
JAFGOL010000274.1_1,PF03717.18
JAFGOL010000042.1_10,PF03480.16
JAFGOL010000285.1_8,PF00753.30
JAFGOL010000285.1_10,PF01957.21
JAFGOL010000285.1_11,PF01145.28
JAFGOL010000289.1_4,PF00709.24
JAFGOL010000044.1_3,PF01066.24
JAFGOL010000292.1_5,PF08543.15
JAFGOL010000006.1_3,PF00834.22
JAFGOL010000050.1_5,PF00462.27
JAFGOL010000051.1_13,PF02643.18
JAFGOL010000051.1_16,PF01810.21
JAFGOL010000055.1_4,PF01520.21
JAFGOL010000056.1_4,PF00072.27
JAFGOL010000056.1_6,PF00072.27
JAFGOL010000009.1_4,PF00275.23
JAFGOL010000011.1_2,PF00294.27
JAFGOL010000080.1_1,PF02386.19
JAFGOL010000012.1_6,PF04545.19
JAFGOL010000087.1_4,PF01467.29
JAFGOL010000088.1_2,PF04542.17
JAFGOL010000093.1_2,PF01257.22
JAFGOL010000094.1_2,PF02470.23
JAFGOL010000096.1_5,PF00550.28
JAFGOL010000099.1_2,PF05690.17
JAFGOL010000099.1_4,PF08543.15
JAFGOL010000101.1_8,PF01551.25
JAFGOL010000016.1_1,PF00535.29
JAFGOL010000105.1_5,PF02472.19
JAFGOL010000108.1_4,PF04023.17
JAFGOL010000001.1_2,PF00027.32
JAFGOL010000115.1_9,PF01663.25
JAFGOL010000116.1_8,PF00436.28
JAFGOL010000116.1_10,PF06356.14
JAFGOL010000118.1_5,PF04413.19
JAFGOL010000122.1_1,PF05103.16
JAFGOL010000124.1_7,PF04017.15
JAFGOL010000125.1_9,PF01244.24
JAFGOL010000131.1_5,PF02690.18
JAFGOL010000133.1_4,PF00346.22
JAFGOL010000134.1_5,PF00962.25
JAFGOL010000138.1_4,PF01455.21
JAFGOL010000138.1_5,PF01924.19
JAFGOL010000141.1_2,PF01255.22
JAFGOL010000146.1_3,PF00919.23
JAFGOL010000160.1_6,PF04456.15
JAFGOL010000164.1_1,PF02875.24
JAFGOL010000164.1_2,PF00953.24
JAFGOL010000023.1_4,PF01937.22
JAFGOL010000024.1_1,PF05170.17
JAFGOL010000169.1_4,PF08668.15
JAFGOL010000170.1_6,PF03977.16
JAFGOL010000171.1_2,PF01042.24
JAFGOL010000174.1_2,PF08899.14
JAFGOL010000174.1_5,PF02357.22
JAFGOL010000026.1_1,PF01381.25
JAFGOL010000003.1_1,PF00132.27
JAFGOL010000177.1_2,PF14237.9
JAFGOL010000027.1_5,PF00072.27
JAFGOL010000181.1_1,PF02589.18
JAFGOL010000181.1_4,PF05015.16
JAFGOL010000182.1_4,PF06445.18
JAFGOL010000190.1_2,PF01648.23
JAGOBX010000436.1_1,PF09828.12
JAGOBX010000019.1_5,PF00072.27
JAGOBX010000457.1_1,PF01300.21
JAGOBX010000024.1_12,PF00953.24
JAGOBX010000029.1_10,PF03062.22
JAGOBX010000029.1_12,PF12770.10
JAGOBX010000032.1_6,PF13529.9
JAGOBX010000035.1_5,PF02424.18
JAGOBX010000486.1_3,PF03938.17
JAGOBX010000487.1_1,PF09586.13
JAGOBX010000488.1_2,PF08378.14
JAGOBX010000490.1_4,PF02518.29
JAGOBX010000502.1_1,PF00437.23
JAGOBX010000502.1_4,PF01653.21
JAGOBX010000504.1_3,PF01435.21
JAGOBX010000039.1_4,PF02347.19
JAGOBX010000514.1_1,PF04851.18
JAGOBX010000040.1_3,PF00574.26
JAGOBX010000525.1_1,PF07244.18
JAGOBX010000527.1_5,PF04014.21
JAGOBX010000527.1_6,PF02452.20
JAGOBX010000045.1_7,PF05103.16
JAGOBX010000046.1_2,PF00754.28
JAGOBX010000048.1_3,PF00491.24
JAGOBX010000048.1_12,PF05597.14
JAGOBX010000548.1_1,PF13242.9
JAGOBX010000052.1_11,PF13411.9
JAGOBX010000055.1_2,PF07195.15
JAGOBX010000558.1_2,PF06941.15
JAGOBX010000064.1_7,PF07690.19
JAGOBX010000580.1_2,PF19335.2
JAGOBX010000582.1_2,PF01625.24
JAGOBX010000067.1_6,PF01790.21
JAGOBX010000072.1_8,PF00589.25
JAGOBX010000073.1_10,PF00497.23
JAGOBX010000080.1_9,PF01242.22
JAGOBX010000083.1_6,PF12804.10
JAGOBX010000084.1_8,PF02559.19
JAGOBX010000085.1_2,PF01584.22
JAGOBX010000088.1_2,PF02518.29
JAGOBX010000096.1_6,PF02357.22
JAGOBX010000105.1_1,PF00696.31
JAGOBX010000107.1_2,PF00892.23
JAGOBX010000111.1_5,PF02686.18
JAGOBX010000112.1_7,PF01937.22
JAGOBX010000118.1_1,PF00575.26
JAGOBX010000120.1_4,PF01553.24
JAGOBX010000133.1_7,PF01990.20
JAGOBX010000142.1_8,PF03840.17
JAGOBX010000144.1_4,PF07388.14
JAGOBX010000162.1_2,PF13749.9
JAGOBX010000167.1_4,PF02684.18
JAGOBX010000178.1_1,PF01520.21
JAGOBX010000231.1_3,PF13366.9
JAGOBX010000237.1_3,PF04011.15
JAGOBX010000251.1_2,PF02321.21
JAGOBX010000254.1_4,PF01061.27
JAGOBX010000285.1_5,PF12836.10
JAGOBX010000292.1_3,PF03668.18
JAGOBX010000004.1_7,PF13144.9
JAGOBX010000005.1_14,PF03793.22
JAGOBX010000315.1_3,PF02582.17
JAGOBX010000329.1_1,PF00403.29
JAGOBX010000336.1_2,PF06182.14
JAGOBX010000008.1_4,PF00990.24
JAGOBX010000353.1_2,PF00975.23
JAGOBX010000353.1_5,PF04338.15
JAGOBX010000359.1_2,PF13937.9
JAGOBX010000359.1_3,PF00474.20
JAGOBX010000009.1_12,PF00861.25
JAGOBX010000395.1_5,PF00005.30
JAGOBX010000398.1_3,PF00171.25
JAGOBX010000414.1_3,PF03773.16
JAGOBX010000427.1_1,PF03309.17
JAGOBX010000431.1_3,PF00882.21
JAGOBX010000431.1_4,PF00027.32
JAGOBX010000434.1_5,PF00072.27
JAGOEH010000063.1_3,PF00291.28
JAGOEH010000063.1_9,PF00015.24
JAGOEH010000065.1_4,PF12118.11
JAGOEH010000297.1_1,PF00207.25
JAGOEH010000066.1_2,PF18990.3
JAGOEH010000307.1_2,PF13490.9
JAGOEH010000069.1_13,PF13643.9
JAGOEH010000071.1_14,PF01632.22
JAGOEH010000073.1_8,PF02579.20
JAGOEH010000074.1_3,PF03099.22
JAGOEH010000075.1_11,PF19451.2
JAGOEH010000077.1_10,PF02606.17
JAGOEH010000080.1_5,PF01783.26
JAGOEH010000345.1_2,PF07676.15
JAGOEH010000346.1_1,PF04893.20
JAGOEH010000089.1_1,PF01235.20
JAGOEH010000094.1_5,PF04794.15
JAGOEH010000095.1_15,PF00111.30
JAGOEH010000096.1_5,PF00687.24
JAGOEH010000096.1_9,PF00471.23
JAGOEH010000004.1_9,PF01145.28
JAGOEH010000099.1_8,PF00155.24
JAGOEH010000100.1_1,PF00343.23
JAGOEH010000100.1_4,PF01740.24
JAGOEH010000100.1_7,PF00164.28
JAGOEH010000103.1_4,PF01649.21
JAGOEH010000007.1_2,PF05258.15
JAGOEH010000007.1_32,PF00535.29
JAGOEH010000007.1_33,PF00884.26
JAGOEH010000129.1_4,PF03547.21
JAGOEH010000130.1_4,PF01063.22
JAGOEH010000132.1_2,PF07075.14
JAGOEH010000138.1_6,PF01740.24
JAGOEH010000155.1_9,PF00828.22
JAGOEH010000157.1_6,PF04277.16
JAGOEH010000159.1_3,PF02518.29
JAGOEH010000011.1_14,PF09723.13
JAGOEH010000162.1_16,PF00347.26
JAGOEH010000012.1_23,PF00873.22
JAGOEH010000013.1_13,PF01515.22
JAGOEH010000013.1_24,PF14103.9
JAGOEH010000173.1_3,PF02163.25
JAGOEH010000016.1_10,PF00588.22
JAGOEH010000016.1_12,PF05683.15
JAGOEH010000186.1_5,PF17963.4
JAGOEH010000189.1_1,PF07504.16
JAGOEH010000193.1_1,PF04055.24
JAGOEH010000199.1_1,PF01261.27
JAGOEH010000019.1_12,PF02609.19
JAGOEH010000202.1_2,PF19572.2
JAGOEH010000206.1_1,PF02518.29
JAGOEH010000023.1_15,PF01066.24
JAGOEH010000023.1_17,PF01259.21
JAGOEH010000024.1_23,PF04055.24
JAGOEH010000209.1_4,PF19572.2
JAGOEH010000027.1_5,PF07715.18
JAGOEH010000031.1_15,PF13472.9
JAGOEH010000222.1_3,PF01063.22
JAGOEH010000225.1_4,PF02508.17
JAGOEH010000232.1_6,PF03544.17
JAGOEH010000038.1_8,PF00144.27
JAGOEH010000043.1_6,PF13083.9
JAGOEH010000043.1_15,PF01259.21
JAGOEH010000045.1_10,PF00753.30
JAGOEH010000045.1_17,PF19762.2
JAGOEH010000047.1_11,PF05228.16
JAGOEH010000270.1_4,PF01012.24
JAGOEH010000054.1_10,PF05015.16
JAGOEH010000056.1_6,PF09335.14
JAGOEH010000061.1_1,PF13860.9
JAGOEH010000287.1_2,PF01165.23
JAGOEH010000062.1_5,PF01451.24
JAHJDO010000153.1_4,PF17676.4
JAHJDO010000067.1_9,PF17132.7
JAHJDO010000068.1_7,PF00226.34
JAHJDO010000071.1_19,PF00861.25
JAHJDO010000072.1_7,PF13365.9
JAHJDO010000075.1_26,PF02386.19
JAHJDO010000076.1_6,PF13385.9
JAHJDO010000076.1_10,PF04909.17
JAHJDO010000076.1_18,PF02674.19
JAHJDO010000085.1_1,PF13620.9
JAHJDO010000089.1_39,PF11680.11
JAHJDO010000096.1_9,PF01522.24
JAHJDO010000096.1_11,PF01791.12
JAHJDO010000005.1_6,PF01261.27
JAHJDO010000005.1_38,PF01207.20
JAHJDO010000005.1_46,PF13338.9
JAHJDO010000098.1_9,PF12228.11
JAHJDO010000099.1_11,PF00482.26
JAHJDO010000100.1_3,PF01496.22
JAHJDO010000101.1_28,PF01075.20
JAHJDO010000101.1_53,PF01208.20
JAHJDO010000102.1_3,PF00682.22
JAHJDO010000103.1_25,PF00551.22
JAHJDO010000103.1_36,PF01408.25
JAHJDO010000103.1_37,PF01208.20
JAHJDO010000103.1_48,PF06144.16
JAHJDO010000106.1_10,PF09411.13
JAHJDO010000108.1_8,PF09723.13
JAHJDO010000109.1_10,PF00829.24
JAHJDO010000109.1_32,PF01300.21
JAHJDO010000109.1_33,PF01208.20
JAHJDO010000109.1_39,PF01261.27
JAHJDO010000009.1_2,PF01475.22
JAHJDO010000009.1_5,PF04023.17
JAHJDO010000119.1_22,PF04055.24
JAHJDO010000119.1_34,PF00155.24
JAHJDO010000119.1_58,PF00677.20
JAHJDO010000121.1_2,PF00348.20
JAHJDO010000123.1_6,PF01361.24
JAHJDO010000126.1_19,PF01425.24
JAHJDO010000127.1_23,PF01184.22
JAHJDO010000127.1_62,PF01487.18
JAHJDO010000130.1_29,PF04973.15
JAHJDO010000132.1_7,PF02915.20
JAHJDO010000134.1_3,PF04962.15
JAHJDO010000134.1_32,PF12728.10
JAHJDO010000134.1_46,PF01165.23
JAHJDO010000011.1_23,PF04350.16
JAHJDO010000011.1_29,PF10034.12
JAHJDO010000135.1_2,PF07238.17
JAHJDO010000135.1_5,PF13411.9
JAHJDO010000136.1_8,PF02675.18
JAHJDO010000136.1_12,PF03279.16
JAHJDO010000167.1_4,PF13481.9
JAHJDO010000139.1_6,PF00227.29
JAHJDO010000140.1_37,PF06386.14
JAHJDO010000140.1_44,PF00121.21
JAHJDO010000025.1_13,PF08334.14
JAHJDO010000026.1_3,PF00596.24
JAHJDO010000026.1_15,PF01850.24
JAHJDO010000029.1_3,PF08899.14
JAHJDO010000031.1_5,PF00589.25
JAHJDO010000032.1_19,PF02913.22
JAHJDO010000033.1_31,PF01408.25
JAHJDO010000033.1_56,PF01522.24
JAHJDO010000033.1_72,PF00697.25
JAHJDO010000043.1_7,PF13472.9
JAHJDO010000044.1_8,PF02775.24
JAHJDO010000045.1_6,PF01402.24
JAHJDO010000045.1_13,PF11663.11
JAHJDO010000049.1_9,PF03030.19
JAHJDO010000052.1_4,PF01618.19
JAHJDO010000052.1_19,PF01632.22
JAHJDO010000150.1_4,PF00589.25
JAHJDO010000058.1_1,PF13709.9
JAHJDO010000062.1_9,PF00398.23
JAHJDO010000062.1_11,PF05164.16
BDTM01000015.1_36,PF03793.22
BDTM01000016.1_87,PF00459.28
BDTM01000016.1_100,PF00118.27
BDTM01000017.1_11,PF04773.16
BDTM01000018.1_15,PF00149.31
BDTM01000030.1_4,PF06114.16
BDTM01000031.1_28,PF13711.9
BDTM01000035.1_20,PF00121.21
BDTM01000035.1_25,PF04015.15
BDTM01000035.1_55,PF07949.15
BDTM01000036.1_24,PF07690.19
BDTM01000037.1_1,PF10459.12
BDTM01000039.1_18,PF02350.22
BDTM01000040.1_47,PF03130.19
BDTM01000041.1_19,PF00764.22
BDTM01000042.1_13,PF01643.20
BDTM01000048.1_54,PF00625.24
BDTM01000051.1_11,PF00217.22
BDTM01000051.1_33,PF04358.16
BDTM01000052.1_34,PF18882.3
BDTM01000053.1_5,PF00589.25
BDTM01000055.1_4,PF02073.18
BDTM01000067.1_4,PF07075.14
BDTM01000073.1_2,PF01597.22
BDTM01000073.1_7,PF07998.14
BDTM01000080.1_2,PF13424.9
BDTM01000080.1_3,PF08867.14
BDTM01000085.1_10,PF07676.15
BDTM01000087.1_6,PF18917.3
BDTM01000089.1_5,PF09851.12
BDTM01000107.1_1,PF13335.9
BDTM01000113.1_5,PF01121.23
BDTM01000114.1_16,PF00936.22
BDTM01000119.1_1,PF00871.20
BDTM01000128.1_14,PF01594.19
BDTM01000128.1_80,PF04166.15
BDTM01000128.1_142,PF02631.19
BDTM01000128.1_156,PF00436.28
BDTM01000139.1_15,PF02591.18
BDTM01000141.1_8,PF03748.17
BDTM01000142.1_25,PF00886.22
DREG01000002.1_9,PF06177.14
DREG01000020.1_5,PF20094.2
DREG01000021.1_4,PF02405.19
DREG01000042.1_13,PF00861.25
DREG01000080.1_4,PF00420.27
DREG01000082.1_4,PF01841.22
DREG01000085.1_3,PF02666.18
DREG01000085.1_10,PF01425.24
DREG01000094.1_1,PF07705.14
DREG01000177.1_8,PF00474.20
DREG01000206.1_7,PF00753.30
DREG01000209.1_2,PF04773.16
DREG01000222.1_11,PF00814.28
DREG01000232.1_4,PF13419.9
DREG01000254.1_4,PF01208.20
DREG01000268.1_1,PF03060.18
DREG01000273.1_9,PF04008.17
DREG01000291.1_1,PF01464.23
DREG01000341.1_12,PF00691.23
DREG01000353.1_3,PF01075.20
DREG01000360.1_4,PF01814.26
DREG01000367.1_3,PF08902.14
DREG01000391.1_2,PF19620.2
DREG01000393.1_5,PF01928.24
DREG01000397.1_9,PF07947.17
DREG01000402.1_1,PF02954.22
DREG01000422.1_5,PF02472.19
DREG01000444.1_2,PF00543.25
DREG01000451.1_2,PF04893.20
DREG01000458.1_5,PF02660.18
DREG01000462.1_6,PF04794.15
DREG01000464.1_1,PF00474.20
DREG01000466.1_6,PF19313.2
DCUM01000209.1_12,PF01741.21
DCUM01000100.1_2,PF01040.21
DCUM01000100.1_3,PF14249.9
DCUM01000089.1_7,PF00474.20
DCUM01000015.1_2,PF03706.16
DCUM01000151.1_8,PF00027.32
DCUM01000087.1_12,PF04039.16
DCUM01000122.1_5,PF04143.17
DCUM01000030.1_2,PF00535.29
DCUM01000053.1_1,PF07944.15
DCUM01000076.1_23,PF04951.16
DCUM01000092.1_4,PF02518.29
DCUM01000007.1_1,PF02515.20
DCUM01000207.1_12,PF00550.28
DCUM01000176.1_14,PF01594.19
DCUM01000157.1_3,PF00072.27
DCUM01000011.1_4,PF10011.12
DCUM01000235.1_6,PF02901.18
DCUM01000054.1_6,PF07670.17
DCUM01000066.1_14,PF00005.30
DCUM01000219.1_24,PF01699.27
DCUM01000069.1_47,PF02445.19
DCUM01000014.1_11,PF00246.27
DCUM01000008.1_22,PF01628.24
DCUM01000008.1_23,PF01025.22
DCUM01000174.1_23,PF04015.15
DCUM01000090.1_23,PF01515.22
DCUM01000090.1_40,PF01257.22
DCUM01000204.1_47,PF00815.23
DCUM01000020.1_17,PF07690.19
DCUM01000020.1_33,PF00809.25
DCUM01000203.1_24,PF00828.22
DCUM01000203.1_33,PF00238.22
DCUM01000102.1_12,PF01075.20
DCUM01000126.1_2,PF01066.24
DCUM01000198.1_1,PF03372.26
DCUM01000042.1_2,PF00246.27
DCUM01000173.1_1,PF18962.3
DCUM01000252.1_4,PF00294.27
DCUM01000252.1_18,PF01066.24
DCUM01000232.1_20,PF07676.15
DCUM01000062.1_2,PF14371.9
WFTM01000007.1_6,PF00488.24
WFTM01000015.1_3,PF07238.17
WFTM01000021.1_1,PF18962.3
WFTM01000023.1_17,PF00344.23
WFTM01000027.1_2,PF01627.26
WFTM01000034.1_2,PF01702.21
WFTM01000046.1_18,PF03477.19
WFTM01000078.1_2,PF01229.20
WFTM01000080.1_1,PF01177.25
WFTM01000081.1_4,PF01553.24
WFTM01000100.1_5,PF04892.15
WFTM01000108.1_14,PF10825.11
WFTM01000110.1_3,PF02623.18
WFTM01000117.1_7,PF00584.23
WFTM01000117.1_12,PF02542.19
WFTM01000125.1_7,PF05721.16
WFTM01000151.1_7,PF08811.14
WFTM01000176.1_5,PF01951.19
WFTM01000176.1_10,PF01554.21
WFTM01000181.1_4,PF09424.13
WFTM01000186.1_9,PF07980.14
WFTM01000188.1_1,PF01520.21
WFTM01000188.1_11,PF02616.17
WFTM01000190.1_3,PF12770.10
WFTM01000194.1_2,PF04350.16
WFTM01000223.1_3,PF13231.9
WFTM01000243.1_5,PF02082.23
WFTM01000266.1_1,PF01012.24
WFTM01000267.1_5,PF13490.9
WFTM01000294.1_8,PF07638.14
WFTM01000305.1_4,PF00551.22
WFTM01000311.1_2,PF08308.14
WFTM01000339.1_6,PF05597.14
WFTM01000339.1_12,PF11141.11
WFTM01000345.1_1,PF02411.18
WFTM01000357.1_4,PF00581.23
WFTM01000359.1_3,PF13795.9
WFTM01000365.1_5,PF01300.21
WFTM01000374.1_5,PF00962.25
WFTM01000379.1_1,PF02163.25
WFTM01000413.1_2,PF03781.19
WFTM01000433.1_4,PF01618.19
WFTM01000433.1_35,PF01063.22
WFTM01000444.1_11,PF04028.16
WFTM01000452.1_16,PF01553.24
WFTM01000455.1_11,PF00574.26
WFTM01000464.1_1,PF01769.19
WFTM01000486.1_2,PF01040.21
JADJYS010000001.1_105,PF00156.30
JADJYS010000001.1_311,PF01554.21
JADJYS010000001.1_315,PF06182.14
JADJYS010000001.1_319,PF02073.18
JADJYS010000001.1_322,PF01039.25
JADJYS010000001.1_391,PF01250.20
JADJYS010000001.1_399,PF05036.16
JADJYS010000001.1_503,PF01202.25
JADJYS010000002.1_112,PF00596.24
JADJYS010000002.1_185,PF00294.27
JADJYS010000002.1_396,PF02606.17
JADJYS010000004.1_194,PF02492.22
JADJYS010000005.1_19,PF02915.20
JADJYS010000006.1_14,PF07940.16
JADJYS010000006.1_142,PF00814.28
JADJYS010000007.1_6,PF07638.14
JADJYS010000008.1_17,PF19863.2
JADJYS010000009.1_13,PF02669.18
JADJYS010000009.1_66,PF02082.23
JADJYS010000010.1_97,PF00912.25
JADJYS010000010.1_110,PF19313.2
JADJYS010000012.1_60,PF00710.23
JADJYS010000013.1_2,PF13401.9
JADJYS010000016.1_30,PF08002.14
JADJYS010000023.1_13,PF03781.19
JADJYS010000028.1_87,PF00754.28
JADJYS010000030.1_16,PF00202.24
JADJYS010000030.1_29,PF04264.16
JADJYS010000032.1_2,PF07690.19
JADJYS010000033.1_32,PF01257.22
JADJYS010000033.1_109,PF04224.15
JADJYS010000034.1_9,PF01844.26
JADJYS010000035.1_9,PF04357.16
JADJYS010000036.1_59,PF08212.15
JADJYS010000036.1_73,PF05681.17
JADJYS010000037.1_101,PF13860.9
PDQT01000159.1_3,PF00932.22
PDQT01000159.1_14,PF00902.21
PDQT01000130.1_2,PF00216.24
PDQT01000362.1_3,PF07885.19
PDQT01000296.1_12,PF04026.15
PDQT01000182.1_9,PF02681.17
PDQT01000098.1_1,PF02720.20
PDQT01000251.1_4,PF00496.25
PDQT01000132.1_6,PF04151.18
PDQT01000132.1_10,PF13386.9
PDQT01000269.1_1,PF13701.9
PDQT01000283.1_8,PF00119.23
PDQT01000283.1_11,PF09527.13
PDQT01000283.1_23,PF00468.20
PDQT01000253.1_3,PF00082.25
PDQT01000164.1_4,PF03975.16
PDQT01000120.1_2,PF00156.30
PDQT01000360.1_1,PF13801.9
PDQT01000038.1_2,PF00291.28
PDQT01000078.1_9,PF02082.23
PDQT01000291.1_1,PF18962.3
PDQT01000291.1_4,PF01436.24
PDQT01000180.1_7,PF13490.9
PDQT01000222.1_8,PF03773.16
PDQT01000121.1_3,PF03483.20
PDQT01000267.1_1,PF00474.20
PDQT01000290.1_2,PF01979.23
PDQT01000204.1_8,PF13860.9
PDQT01000140.1_5,PF01027.23
PDQT01000156.1_4,PF02119.19
PDQT01000179.1_7,PF00440.26
PDQT01000057.1_6,PF13690.9
PDQT01000315.1_5,PF00535.29
PDQT01000312.1_3,PF00857.23
PDQT01000127.1_2,PF01654.20
PDQT01000292.1_5,PF00344.23
PDQT01000273.1_19,PF00293.31
PDQT01000152.1_3,PF02472.19
PDQT01000152.1_21,PF02631.19
PDQT01000216.1_27,PF01052.23
PDQT01000047.1_9,PF01008.20
PDQT01000226.1_12,PF02699.18
PDQT01000226.1_13,PF01327.24
PDQT01000051.1_2,PF01642.25
PDQT01000036.1_2,PF01545.24
PDQT01000036.1_8,PF01928.24
PDQT01000257.1_1,PF13779.9
PDQT01000257.1_2,PF13709.9
PDQT01000081.1_11,PF01632.22
PDQT01000258.1_3,PF06305.14
PDQT01000197.1_8,PF13562.9
PDQT01000197.1_18,PF13391.9
PDQT01000042.1_5,PF10722.12
PDQT01000303.1_14,PF13581.9
PBWH01000025.1_25,PF07676.15
PBWH01000027.1_97,PF01557.21
PBWH01000027.1_109,PF05721.16
PBWH01000027.1_136,PF00884.26
PBWH01000006.1_325,PF01648.23
PBWH01000006.1_414,PF12904.10
PBWH01000006.1_497,PF00924.21
PBWH01000006.1_512,PF06803.15
PBWH01000006.1_556,PF03956.16
PBWH01000006.1_659,PF13369.9
PBWH01000006.1_669,PF01597.22
PBWH01000028.1_41,PF00313.25
PBWH01000028.1_70,PF02621.17
PBWH01000031.1_13,PF00248.24
PBWH01000032.1_12,PF04932.18
PBWH01000007.1_36,PF13088.9
PBWH01000007.1_181,PF00884.26
PBWH01000001.1_42,PF03745.17
PBWH01000008.1_81,PF09832.12
PBWH01000008.1_146,PF05721.16
PBWH01000008.1_149,PF16347.8
PBWH01000008.1_161,PF00886.22
PBWH01000009.1_16,PF06283.14
PBWH01000009.1_131,PF15892.8
PBWH01000009.1_136,PF09492.13
PBWH01000011.1_45,PF04338.15
PBWH01000002.1_55,PF03626.17
PBWH01000013.1_9,PF01261.27
PBWH01000014.1_93,PF06262.14
PBWH01000014.1_156,PF00885.22
PBWH01000014.1_262,PF01244.24
PBWH01000014.1_274,PF00571.31
PBWH01000015.1_27,PF03100.18
PBWH01000015.1_36,PF00701.25
PBWH01000015.1_70,PF04748.16
PBWH01000015.1_94,PF05426.15
PBWH01000016.1_65,PF14238.9
PBWH01000016.1_100,PF00831.26
PBWH01000003.1_23,PF00496.25
PBWH01000003.1_200,PF05721.16
PBWH01000003.1_208,PF00581.23
PBWH01000019.1_29,PF01985.24
PBWH01000019.1_36,PF08544.16
PBWH01000020.1_162,PF01899.19
PBWH01000020.1_166,PF20501.1
PBWH01000020.1_176,PF04542.17
PBWH01000021.1_22,PF01288.23
PBWH01000021.1_139,PF03692.18
PBWH01000005.1_14,PF05721.16
PBWH01000005.1_82,PF00293.31
PBWH01000005.1_269,PF01035.23
PBWH01000005.1_287,PF13302.10
PBWH01000005.1_457,PF02615.17
PBWH01000005.1_529,PF00884.26
PBWH01000005.1_553,PF00149.31
PBWH01000005.1_581,PF02811.22
PBWH01000023.1_77,PF00496.25
PBWH01000023.1_160,PF13505.9
PBWH01000023.1_181,PF00709.24
PBWH01000035.1_24,PF20580.1
MWCZ01000005.1_2,PF03956.16
MWCZ01000011.1_15,PF10502.12
MWCZ01000012.1_12,PF00528.25
MWCZ01000013.1_2,PF09694.13
MWCZ01000015.1_8,PF02675.18
MWCZ01000019.1_8,PF13810.9
MWCZ01000019.1_18,PF01370.24
MWCZ01000047.1_10,PF00557.27
MWCZ01000048.1_16,PF04085.17
MWCZ01000052.1_4,PF01261.27
MWCZ01000082.1_6,PF01261.27
MWCZ01000090.1_6,PF02542.19
MWCZ01000092.1_10,PF01208.20
MWCZ01000094.1_2,PF14667.9
MWCZ01000096.1_1,PF00999.24
MWCZ01000110.1_10,PF01208.20
MWCZ01000123.1_8,PF02223.20
MWCZ01000127.1_3,PF00149.31
MWCZ01000145.1_4,PF01026.24
MWCZ01000151.1_2,PF02655.17
MWCZ01000153.1_4,PF13517.9
MWCZ01000153.1_5,PF03781.19
MWCZ01000174.1_9,PF01451.24
MWCZ01000175.1_1,PF00701.25
MWCZ01000179.1_8,PF19077.3
MWCZ01000203.1_5,PF18884.3
MWCZ01000218.1_7,PF01914.20
MWCZ01000239.1_2,PF09835.12
MWCZ01000265.1_1,PF16198.8
MWCZ01000294.1_1,PF00155.24
MWCZ01000296.1_5,PF07021.15
MWCZ01000319.1_1,PF01268.22
MWCZ01000457.1_3,PF05016.18
MWCZ01000520.1_1,PF02080.24
MWCZ01000548.1_1,PF04055.24
MWCZ01000568.1_1,PF01208.20
MWCZ01000601.1_1,PF18998.3
JACQOF010000039.1_8,PF07556.14
JACQOF010000036.1_5,PF01313.22
JACQOF010000002.1_6,PF00202.24
JACQOF010000050.1_25,PF01435.21
JACQOF010000054.1_1,PF20586.1
JACQOF010000054.1_2,PF05717.16
JACQOF010000057.1_8,PF00297.25
JACQOF010000057.1_22,PF00410.22
JACQOF010000064.1_23,PF07690.19
JACQOF010000067.1_1,PF02518.29
JACQOF010000085.1_14,PF09827.12
JACQOF010000076.1_5,PF03417.19
JACQOF010000086.1_10,PF00929.27
JACQOF010000092.1_7,PF00902.21
JACQOF010000087.1_3,PF01288.23
JACQOF010000087.1_7,PF00701.25
JACQOF010000087.1_11,PF00764.22
JACQOF010000093.1_4,PF00589.25
JACQOF010000093.1_28,PF01925.22
JACQOF010000100.1_3,PF00936.22
JACQOF010000097.1_31,PF13186.9
JACQOF010000097.1_40,PF04055.24
JACQOF010000097.1_84,PF13711.9
JACQOF010000098.1_13,PF01791.12
JACQOF010000098.1_34,PF03551.17
JACQOF010000106.1_12,PF02653.19
JACQOF010000107.1_9,PF01743.23
JACQOF010000117.1_14,PF00494.22
JACQOF010000112.1_13,PF00027.32
JACQOF010000112.1_18,PF00160.24
JACQOF010000120.1_6,PF00355.29
JACQOF010000119.1_13,PF00005.30
JACQOF010000138.1_1,PF00759.22
JACQOF010000126.1_21,PF00437.23
JACQOF010000126.1_24,PF07811.15
JACQOF010000127.1_11,PF00817.23
JACQOF010000127.1_74,PF01625.24
JACQOF010000127.1_164,PF00625.24
JACQOF010000133.1_13,PF00313.25
JACQOF010000010.1_5,PF13744.9
JACQOF010000134.1_16,PF01384.23
JACQOF010000145.1_15,PF03741.19
JACQOF010000146.1_2,PF03687.16
JACQOF010000012.1_26,PF00155.24
JACQOF010000001.1_11,PF00871.20
JACQOF010000017.1_26,PF01264.24
JACQOF010000021.1_1,PF01936.21
JACQOF010000026.1_12,PF02572.18
MFPR01000001.1_79,PF00936.22
MFPR01000001.1_118,PF00771.23
MFPR01000001.1_131,PF01467.29
MFPR01000001.1_193,PF01977.19
MFPR01000001.1_226,PF00437.23
MFPR01000001.1_265,PF04371.18
MFPR01000004.1_6,PF19502.2
MFPR01000004.1_114,PF01521.23
MFPR01000004.1_115,PF01592.19
MFPR01000004.1_187,PF04932.18
MFPR01000004.1_249,PF01951.19
MFPR01000004.1_283,PF13231.9
MFPR01000004.1_379,PF02033.21
MFPR01000005.1_1,PF07935.14
MFPR01000006.1_6,PF00437.23
MFPR01000008.1_4,PF00571.31
MFPR01000009.1_8,PF02082.23
MFPR01000011.1_52,PF01177.25
MFPR01000011.1_62,PF04241.18
MFPR01000012.1_54,PF00692.22
MFPR01000013.1_18,PF00293.31
MFPR01000014.1_36,PF00510.21
MFPR01000014.1_50,PF02325.20
MFPR01000017.1_175,PF00361.23
MFPR01000018.1_4,PF04773.16
MFPR01000020.1_160,PF00078.30
MFPR01000020.1_240,PF05016.18
MFPR01000020.1_242,PF01609.24
MFPR01000026.1_6,PF01257.22
MFPR01000026.1_14,PF01938.23
MFPR01000037.1_59,PF00294.27
MFPR01000037.1_106,PF01960.21
MFPR01000038.1_5,PF09837.12
MFPR01000041.1_7,PF00160.24
MFPR01000041.1_86,PF10543.12
MFPR01000043.1_19,PF02517.19
MFPR01000043.1_142,PF01008.20
MFPR01000043.1_160,PF00929.27
MFPR01000043.1_172,PF04932.18
JAHIZU010000129.1_1,PF02082.23
JAHIZU010000129.1_5,PF02445.19
JAHIZU010000140.1_5,PF02367.20
JAHIZU010000141.1_5,PF09394.13
JAHIZU010000142.1_10,PF12728.10
JAHIZU010000013.1_3,PF09586.13
JAHIZU010000160.1_1,PF05635.14
JAHIZU010000019.1_3,PF00528.25
JAHIZU010000001.1_1,PF00290.23
JAHIZU010000176.1_1,PF05635.14
JAHIZU010000180.1_2,PF00072.27
JAHIZU010000192.1_5,PF01016.22
JAHIZU010000195.1_1,PF00871.20
JAHIZU010000201.1_3,PF04127.18
JAHIZU010000205.1_1,PF01661.24
JAHIZU010000206.1_7,PF09924.12
JAHIZU010000206.1_20,PF01545.24
JAHIZU010000210.1_3,PF05036.16
JAHIZU010000211.1_3,PF20108.2
JAHIZU010000212.1_4,PF02646.19
JAHIZU010000212.1_5,PF00044.27
JAHIZU010000221.1_6,PF01925.22
JAHIZU010000033.1_7,PF00411.22
JAHIZU010000229.1_3,PF05635.14
JAHIZU010000237.1_1,PF19077.3
JAHIZU010000239.1_3,PF18893.3
JAHIZU010000241.1_2,PF01636.26
JAHIZU010000242.1_2,PF03793.22
JAHIZU010000035.1_3,PF01797.19
JAHIZU010000036.1_4,PF07963.15
JAHIZU010000261.1_3,PF01052.23
JAHIZU010000263.1_1,PF18135.4
JAHIZU010000281.1_2,PF04066.16
JAHIZU010000039.1_1,PF02687.24
JAHIZU010000287.1_2,PF00722.24
JAHIZU010000287.1_5,PF01250.20
JAHIZU010000002.1_9,PF00920.24
JAHIZU010000048.1_5,PF00475.21
JAHIZU010000054.1_3,PF03030.19
JAHIZU010000058.1_9,PF07736.14
JAHIZU010000003.1_5,PF02787.22
JAHIZU010000068.1_2,PF01032.21
JAHIZU010000074.1_4,PF01558.21
JAHIZU010000076.1_2,PF00291.28
JAHIZU010000097.1_2,PF01527.23
JAHIZU010000011.1_4,PF02405.19
JAHIZU010000110.1_8,PF01844.26
JAHIZU010000119.1_2,PF01597.22
SICP01000004.1_71,PF01075.20
SICP01000024.1_5,PF01019.24
SICP01000005.1_26,PF00203.24
SICP01000029.1_14,PF01509.21
SICP01000030.1_3,PF01264.24
SICP01000006.1_36,PF03167.22
SICP01000007.1_31,PF00041.24
SICP01000007.1_47,PF02498.20
SICP01000008.1_8,PF00588.22
SICP01000010.1_19,PF01458.20
SICP01000010.1_32,PF02416.19
SICP01000033.1_8,PF02558.19
SICP01000034.1_10,PF00696.31
SICP01000034.1_12,PF01255.22
SICP01000012.1_25,PF00490.24
SICP01000012.1_27,PF05973.17
SICP01000001.1_15,PF00395.23
SICP01000001.1_52,PF02660.18
SICP01000001.1_53,PF04055.24
SICP01000001.1_110,PF18306.4
SICP01000002.1_74,PF00698.24
SICP01000015.1_30,PF00375.21
SICP01000017.1_11,PF00156.30
SICP01000017.1_34,PF20367.1
SICP01000003.1_21,PF00709.24
SICP01000003.1_65,PF03099.22
SICP01000003.1_77,PF00825.21
SICP01000003.1_84,PF00588.22
SICP01000003.1_89,PF02661.21
SICP01000019.1_2,PF01797.19
SICP01000021.1_5,PF02091.18
SICP01000021.1_29,PF05090.17
JAERTH010000005.1_28,PF03795.17
JAERTH010000005.1_30,PF13598.9
JAERTH010000005.1_33,PF04205.17
JAERTH010000020.1_1,PF01058.25
JAERTH010000023.1_23,PF03781.19
JAERTH010000026.1_62,PF19289.2
JAERTH010000027.1_13,PF00211.23
JAERTH010000029.1_17,PF02872.21
JAERTH010000031.1_50,PF03544.17
JAERTH010000032.1_93,PF01098.22
JAERTH010000032.1_98,PF20094.2
JAERTH010000039.1_53,PF13581.9
JAERTH010000039.1_56,PF01288.23
JAERTH010000042.1_34,PF02348.22
JAERTH010000042.1_52,PF00903.28
JAERTH010000042.1_88,PF05635.14
JAERTH010000042.1_112,PF01980.19
JAERTH010000043.1_16,PF03976.17
JAERTH010000043.1_31,PF02082.23
JAERTH010000046.1_7,PF03747.17
JAERTH010000046.1_12,PF02638.18
JAERTH010000050.1_43,PF07238.17
JAERTH010000053.1_28,PF03918.17
JAERTH010000055.1_7,PF14378.9
JAERTH010000056.1_14,PF13527.10
JAERTH010000059.1_6,PF07494.14
JAERTH010000060.1_57,PF00753.30
JAERTH010000067.1_22,PF01566.21
JAERTH010000075.1_5,PF01433.23
JAERTH010000075.1_26,PF00285.24
JAERTH010000075.1_47,PF03783.17
JAERTH010000080.1_28,PF16949.8
JAERTH010000083.1_27,PF00005.30
JAERTH010000083.1_62,PF02666.18
JAERTH010000086.1_3,PF03544.17
JAERTH010000092.1_4,PF00583.28
JAERTH010000103.1_10,PF08545.13
JAERTH010000107.1_20,PF02604.22
JAERTH010000114.1_11,PF00075.27
JAERTH010000115.1_5,PF07670.17
JAERTH010000122.1_16,PF09055.14
JAERTH010000128.1_1,PF00696.31
JAERTH010000133.1_14,PF00482.26
JAERTH010000133.1_17,PF07963.15
JAERTH010000136.1_1,PF01527.23
JAERTH010000142.1_10,PF00528.25
JAERTH010000142.1_13,PF01797.19
JAERTH010000149.1_3,PF13729.9
JAERTH010000160.1_30,PF17164.7
JAERTH010000173.1_20,PF06429.16
JAERTH010000175.1_12,PF03319.16
JAERTH010000177.1_6,PF13230.9
JAERTH010000180.1_1,PF01048.23
JAERTH010000180.1_10,PF13562.9
NZWP01000022.1_40,PF01722.21
NZWP01000022.1_62,PF01025.22
NZWP01000023.1_8,PF03167.22
NZWP01000001.1_7,PF01433.23
NZWP01000001.1_9,PF01790.21
NZWP01000003.1_18,PF06144.16
NZWP01000007.1_21,PF13442.9
NZWP01000008.1_6,PF01625.24
NZWP01000010.1_9,PF01795.22
NZWP01000011.1_5,PF00291.28
NZWP01000012.1_9,PF11297.11
NZWP01000013.1_14,PF03030.19
NZWP01000013.1_29,PF03331.16
NZWP01000013.1_45,PF09424.13
NZWP01000013.1_72,PF00534.23
NZWP01000014.1_20,PF00903.28
NZWP01000020.1_11,PF00410.22
DSCS01000018.1_26,PF04474.15
DSCS01000018.1_33,PF13557.9
DSCS01000018.1_99,PF02470.23
DSCS01000018.1_111,PF16256.8
DSCS01000018.1_154,PF00215.27
DSCS01000029.1_98,PF01327.24
DSCS01000029.1_110,PF02508.17
DSCS01000026.1_3,PF00717.26
DSCS01000026.1_43,PF01075.20
DSCS01000058.1_26,PF03473.20
DSCS01000058.1_37,PF02699.18
DSCS01000057.1_24,PF00128.27
DSCS01000057.1_32,PF00795.25
DSCS01000057.1_70,PF08902.14
DSCS01000064.1_15,PF01975.20
DSCS01000064.1_16,PF04773.16
DSCS01000064.1_56,PF00885.22
DSCS01000025.1_16,PF03610.19
DSCS01000025.1_29,PF07963.15
DSCS01000044.1_15,PF00216.24
DSCS01000044.1_16,PF00551.22
DSCS01000044.1_19,PF00326.24
DSCS01000005.1_25,PF05635.14
DSCS01000048.1_6,PF01656.26
DSCS01000012.1_22,PF00696.31
DSCS01000012.1_36,PF03548.18
DSCS01000053.1_2,PF13367.9
DSCS01000053.1_8,PF20408.1
DSCS01000053.1_16,PF00873.22
DSCS01000052.1_6,PF01098.22
DSCS01000052.1_9,PF08478.13
DSCS01000052.1_17,PF00156.30
DSCS01000052.1_35,PF01039.25
DSCS01000021.1_25,PF07963.15
DSCS01000032.1_17,PF00410.22
DSCS01000032.1_31,PF01196.22
DSCS01000032.1_38,PF00383.26
DSCS01000060.1_15,PF17253.5
DSCS01000002.1_6,PF00701.25
DSCS01000030.1_2,PF01863.20
DSCS01000016.1_10,PF00196.22
DSCS01000017.1_14,PF14397.9
DSCS01000022.1_6,PF00687.24
DSCS01000028.1_3,PF14771.9
DSCS01000036.1_12,PF03787.18
DSCS01000068.1_4,PF03352.16
DSCS01000054.1_4,PF02417.18
DSCS01000066.1_3,PF04255.17
DSCS01000066.1_8,PF05015.16
DSCS01000011.1_4,PF00202.24
DSCS01000055.1_1,PF03992.19
JAFGWL010000054.1_18,PF02502.21
JAFGWL010000056.1_8,PF01554.21
JAFGWL010000056.1_59,PF01642.25
JAFGWL010000056.1_67,PF07949.15
JAFGWL010000056.1_102,PF07228.15
JAFGWL010000056.1_169,PF00950.20
JAFGWL010000056.1_205,PF02537.18
JAFGWL010000056.1_212,PF01841.22
JAFGWL010000057.1_3,PF10150.12
JAFGWL010000014.1_10,PF00210.27
JAFGWL010000067.1_2,PF09862.12
JAFGWL010000069.1_3,PF04389.20
JAFGWL010000003.1_1,PF02620.20
JAFGWL010000003.1_21,PF13440.9
JAFGWL010000071.1_1,PF00012.23
JAFGWL010000071.1_15,PF01551.25
JAFGWL010000071.1_33,PF03781.19
JAFGWL010000017.1_7,PF02775.24
JAFGWL010000017.1_13,PF05681.17
JAFGWL010000017.1_20,PF01649.21
JAFGWL010000018.1_57,PF00334.22
JAFGWL010000022.1_2,PF04389.20
JAFGWL010000023.1_21,PF09424.13
JAFGWL010000024.1_13,PF14397.9
JAFGWL010000025.1_4,PF04205.17
JAFGWL010000026.1_24,PF04079.19
JAFGWL010000029.1_21,PF01058.25
JAFGWL010000005.1_32,PF00293.31
JAFGWL010000033.1_14,PF01268.22
JAFGWL010000033.1_16,PF00381.22
JAFGWL010000036.1_12,PF01063.22
JAFGWL010000036.1_30,PF00596.24
JAFGWL010000011.1_61,PF00692.22
JAFGWL010000049.1_4,PF00440.26
PMWA01000113.1_1,PF01855.22
PMWA01000083.1_6,PF12900.10
PMWA01000091.1_7,PF00384.25
PMWA01000075.1_18,PF09335.14
PMWA01000025.1_27,PF01280.23
PMWA01000089.1_9,PF06500.14
PMWA01000076.1_1,PF01963.20
PMWA01000001.1_2,PF13692.9
PMWA01000026.1_1,PF02679.18
PMWA01000026.1_2,PF13528.9
PMWA01000021.1_40,PF00999.24
PMWA01000021.1_66,PF08937.14
PMWA01000077.1_15,PF09887.12
PMWA01000082.1_34,PF00571.31
PMWA01000014.1_5,PF01048.23
PMWA01000014.1_8,PF05559.14
PMWA01000034.1_3,PF10967.11
PMWA01000124.1_20,PF01841.22
PMWA01000094.1_14,PF00588.22
PMWA01000101.1_6,PF13714.9
PMWA01000101.1_7,PF01451.24
PMWA01000003.1_2,PF05239.19
PMWA01000092.1_61,PF08489.14
PMWA01000092.1_62,PF00885.22
PMWA01000050.1_48,PF04412.16
PMWA01000067.1_26,PF02272.22
PMWA01000067.1_55,PF01920.23
PMWA01000028.1_44,PF01380.25
PMWA01000042.1_21,PF01092.22
PMWA01000042.1_25,PF01200.21
PMWA01000042.1_42,PF01988.22
PMWA01000042.1_48,PF09335.14
PMWA01000099.1_4,PF00696.31
PMWA01000031.1_22,PF01206.20
PMWA01000031.1_72,PF04015.15
PMWA01000037.1_14,PF02666.18
PMWA01000078.1_12,PF03729.16
PMWA01000039.1_12,PF01888.20
PMWA01000017.1_5,PF04055.24
PMWA01000103.1_9,PF00072.27
PMWA01000104.1_1,PF01969.20
PMWA01000104.1_21,PF00440.26
PMWA01000104.1_65,PF00696.31
PMWA01000104.1_73,PF02624.19
PMWA01000029.1_10,PF00011.24
PMWA01000088.1_6,PF06197.16
PMWA01000058.1_23,PF10049.12
JAFUHT010000003.1_39,PF00596.24
JAFUHT010000030.1_52,PF01872.20
JAFUHT010000031.1_9,PF02687.24
JAFUHT010000031.1_10,PF02687.24
JAFUHT010000031.1_24,PF01871.20
JAFUHT010000034.1_70,PF04007.15
JAFUHT010000040.1_25,PF00145.20
JAFUHT010000040.1_49,PF04865.17
JAFUHT010000041.1_1,PF00118.27
JAFUHT010000041.1_12,PF17146.7
JAFUHT010000004.1_13,PF01618.19
JAFUHT010000049.1_7,PF00475.21
JAFUHT010000050.1_8,PF00037.30
JAFUHT010000050.1_15,PF07754.14
JAFUHT010000050.1_21,PF02475.19
JAFUHT010000050.1_34,PF00440.26
JAFUHT010000006.1_10,PF04991.16
JAFUHT010000052.1_6,PF01969.20
JAFUHT010000054.1_52,PF02700.17
JAFUHT010000054.1_61,PF08541.13
JAFUHT010000054.1_82,PF01638.20
JAFUHT010000007.1_16,PF01976.20
JAFUHT010000059.1_5,PF03033.23
JAFUHT010000060.1_7,PF09341.13
JAFUHT010000063.1_5,PF03747.17
JAFUHT010000063.1_12,PF00318.23
JAFUHT010000009.1_35,PF01939.19
JAFUHT010000071.1_7,PF09885.12
JAFUHT010000071.1_12,PF00935.22
JAFUHT010000071.1_15,PF00290.23
JAFUHT010000071.1_38,PF09719.13
JAFUHT010000073.1_2,PF07179.15
JAFUHT010000011.1_14,PF00694.22
JAFUHT010000077.1_65,PF03167.22
JAFUHT010000012.1_36,PF00682.22
JAFUHT010000013.1_30,PF13197.9
JAFUHT010000080.1_26,PF01026.24
JAFUHT010000080.1_40,PF00474.20
JAFUHT010000081.1_4,PF00815.23
JAFUHT010000083.1_13,PF18933.3
JAFUHT010000083.1_48,PF02146.20
JAFUHT010000014.1_3,PF01944.20
JAFUHT010000084.1_10,PF03059.19
JAFUHT010000085.1_7,PF02581.20
JAFUHT010000090.1_5,PF04609.15
JAFUHT010000090.1_20,PF02475.19
NZ_AGJL01000100.1_2,PF13358.9
NZ_AGJL01000093.1_2,PF01554.21
NZ_AGJL01000077.1_2,PF07282.14
NZ_AGJL01000076.1_2,PF01261.27
NZ_AGJL01000072.1_5,PF00361.23
NZ_AGJL01000060.1_2,PF00543.25
NZ_AGJL01000053.1_4,PF02552.19
NZ_AGJL01000051.1_6,PF00596.24
NZ_AGJL01000050.1_18,PF09881.12
NZ_AGJL01000035.1_5,PF01269.20
NZ_AGJL01000034.1_14,PF01336.28
NZ_AGJL01000033.1_21,PF01035.23
NZ_AGJL01000033.1_23,PF04055.24
NZ_AGJL01000030.1_2,PF07719.20
NZ_AGJL01000030.1_10,PF01996.19
NZ_AGJL01000030.1_27,PF00072.27
NZ_AGJL01000029.1_9,PF01163.25
NZ_AGJL01000026.1_6,PF13244.9
NZ_AGJL01000025.1_8,PF05165.15
NZ_AGJL01000023.1_6,PF00288.29
NZ_AGJL01000023.1_16,PF02686.18
NZ_AGJL01000022.1_1,PF04021.15
NZ_AGJL01000022.1_38,PF01775.20
NZ_AGJL01000020.1_32,PF03750.16
NZ_AGJL01000018.1_4,PF01980.19
NZ_AGJL01000018.1_11,PF01872.20
NZ_AGJL01000018.1_15,PF01922.20
NZ_AGJL01000017.1_10,PF02445.19
NZ_AGJL01000015.1_2,PF03600.19
NZ_AGJL01000015.1_6,PF01873.20
NZ_AGJL01000014.1_33,PF14343.9
NZ_AGJL01000014.1_37,PF02006.19
NZ_AGJL01000010.1_26,PF03807.20
NZ_AGJL01000004.1_3,PF09754.12
NZ_AGJL01000004.1_16,PF01629.19
NZ_AGJL01000004.1_20,PF09890.12
NZ_AGJL01000003.1_18,PF01381.25
NZ_AGJL01000002.1_33,PF09001.14
NZ_AGJL01000002.1_57,PF02350.22
NZ_AGJL01000001.1_82,PF04135.15
DQUI01000022.1_3,PF01964.21
DQUI01000089.1_10,PF01976.20
DQUI01000007.1_2,PF02006.19
DQUI01000016.1_3,PF04412.16
DQUI01000045.1_10,PF04021.15
DQUI01000041.1_9,PF02635.18
DQUI01000041.1_14,PF09335.14
DQUI01000030.1_10,PF10125.12
DQUI01000030.1_11,PF09878.12
DQUI01000026.1_3,PF01040.21
DQUI01000066.1_24,PF01163.25
DQUI01000077.1_16,PF00215.27
DQUI01000090.1_8,PF01264.24
DQUI01000017.1_14,PF01912.21
DQUI01000017.1_15,PF01198.22
DQUI01000017.1_23,PF01907.22
DQUI01000015.1_2,PF01914.20
DQUI01000015.1_14,PF02615.17
DQUI01000006.1_1,PF01949.19
DQUI01000025.1_47,PF01979.23
DQUI01000087.1_13,PF00482.26
DQUI01000086.1_4,PF00126.30
DQUI01000086.1_7,PF09987.12
DQUI01000046.1_6,PF03201.19
DQUI01000084.1_17,PF01145.28
DQUI01000084.1_20,PF01269.20
DQUI01000068.1_2,PF02391.20
DQUI01000068.1_5,PF02654.18
DQUI01000033.1_3,PF00953.24
DQUI01000063.1_7,PF04458.15
DQUI01000075.1_1,PF04123.16
DQUI01000020.1_10,PF09858.12
DQUI01000024.1_1,PF04104.17
DQUI01000014.1_5,PF09888.12
DQUI01000074.1_9,PF02686.18
DQUI01000064.1_3,PF13379.9
DQUI01000064.1_16,PF01967.24
DQUI01000029.1_10,PF03201.19
DQUI01000051.1_3,PF01893.19
NZ_CP015520.1_49,PF01918.24
NZ_CP015520.1_52,PF01008.20
NZ_CP015520.1_72,PF01026.24
NZ_CP015520.1_103,PF01699.27
NZ_CP015520.1_150,PF00881.27
NZ_CP015520.1_204,PF02310.22
NZ_CP015520.1_206,PF02545.17
NZ_CP015520.1_361,PF13660.9
NZ_CP015520.1_376,PF00293.31
NZ_CP015520.1_388,PF01467.29
NZ_CP015520.1_428,PF06508.16
NZ_CP015520.1_538,PF10418.12
NZ_CP015520.1_557,PF00953.24
NZ_CP015520.1_563,PF04055.24
NZ_CP015520.1_579,PF07758.14
NZ_CP015520.1_615,PF01894.20
NZ_CP015520.1_648,PF07760.14
NZ_CP015520.1_649,PF12389.11
NZ_CP015520.1_697,PF00079.23
NZ_CP015520.1_763,PF01914.20
NZ_CP015520.1_767,PF00999.24
NZ_CP015520.1_898,PF01725.19
NZ_CP015520.1_1070,PF01558.21
NZ_CP015520.1_1092,PF01507.22
NZ_CP015520.1_1167,PF02445.19
NZ_CP015520.1_1255,PF03911.19
NZ_CP015520.1_1322,PF03367.16
NZ_CP015520.1_1372,PF00410.22
NZ_CP015520.1_1382,PF01956.19
NZ_CP015520.1_1395,PF00572.21
NZ_CP015520.1_1494,PF00440.26
NZ_CP015520.1_1527,PF07650.20
NZ_CP015520.1_1681,PF01255.22
NZ_CP015520.1_1689,PF11469.11
NZ_CP015520.1_1693,PF01594.19
NZ_CP015520.1_1696,PF08544.16
NZ_CP015520.1_1783,PF10050.12
NZ_CP015520.1_1878,PF05239.19
NZ_CP015520.1_2036,PF14088.9
NZ_CP015520.1_2074,PF00892.23
NZ_CP015520.1_2174,PF01177.25
NZ_CP015520.1_2206,PF00005.30
NZ_CP015520.1_2251,PF02915.20
NZ_JXCG01000001.1_53,PF02933.20
NZ_JXCG01000001.1_64,PF01894.20
NZ_JXCG01000001.1_86,PF01297.20
NZ_JXCG01000001.1_103,PF03477.19
NZ_JXCG01000001.1_182,PF03551.17
NZ_JXCG01000001.1_188,PF00924.21
NZ_JXCG01000001.1_249,PF04007.15
NZ_JXCG01000001.1_264,PF00359.25
NZ_JXCG01000001.1_325,PF02680.17
NZ_JXCG01000001.1_339,PF00437.23
NZ_JXCG01000001.1_355,PF02163.25
NZ_JXCG01000011.1_19,PF01910.20
NZ_JXCG01000011.1_20,PF04123.16
NZ_JXCG01000012.1_26,PF01936.21
NZ_JXCG01000013.1_40,PF01906.20
NZ_JXCG01000014.1_12,PF00005.30
NZ_JXCG01000014.1_13,PF02386.19
NZ_JXCG01000015.1_19,PF02086.18
NZ_JXCG01000018.1_14,PF11419.11
NZ_JXCG01000002.1_6,PF03169.18
NZ_JXCG01000003.1_17,PF04066.16
NZ_JXCG01000003.1_39,PF01881.19
NZ_JXCG01000003.1_91,PF04587.18
NZ_JXCG01000003.1_237,PF00291.28
NZ_JXCG01000003.1_297,PF01997.19
NZ_JXCG01000004.1_142,PF00692.22
NZ_JXCG01000004.1_171,PF00294.27
NZ_JXCG01000004.1_173,PF00291.28
NZ_JXCG01000004.1_204,PF01655.21
NZ_JXCG01000004.1_224,PF01750.21
NZ_JXCG01000006.1_20,PF06745.16
NZ_JXCG01000006.1_51,PF03479.18
NZ_JXCG01000006.1_78,PF03773.16
NZ_JXCG01000006.1_102,PF02579.20
NZ_JXCG01000006.1_114,PF01986.19
NZ_JXCG01000006.1_122,PF00730.28
NZ_JXCG01000006.1_149,PF01775.20
NZ_JXCG01000007.1_17,PF00210.27
NZ_JXCG01000007.1_67,PF02915.20
QHSL01000005.1_4,PF02374.18
QHSL01000005.1_6,PF01717.21
QHSL01000142.1_5,PF12833.10
QHSL01000008.1_32,PF07331.14
QHSL01000055.1_7,PF03069.18
QHSL01000014.1_24,PF00459.28
QHSL01000067.1_56,PF02608.17
QHSL01000015.1_34,PF00528.25
QHSL01000016.1_35,PF02211.18
QHSL01000017.1_32,PF01195.22
QHSL01000041.1_4,PF03061.25
QHSL01000068.1_21,PF00528.25
QHSL01000069.1_47,PF12973.10
QHSL01000059.1_129,PF00496.25
QHSL01000072.1_54,PF06181.14
QHSL01000073.1_79,PF02608.17
QHSL01000031.1_2,PF14535.9
QHSL01000060.1_106,PF00923.22
QHSL01000060.1_129,PF00005.30
QHSL01000074.1_49,PF00698.24
QHSL01000074.1_60,PF03239.17
QHSL01000035.1_14,PF01075.20
QHSL01000076.1_26,PF00814.28
QHSL01000077.1_53,PF02348.22
QHSL01000030.1_35,PF02653.19
QHSL01000081.1_8,PF08238.15
QHSL01000083.1_14,PF04055.24
QHSL01000084.1_29,PF14238.9
QHSL01000085.1_113,PF01553.24
QHSL01000100.1_7,PF04909.17
QHSL01000088.1_31,PF01144.26
QHSL01000089.1_34,PF04909.17
QHSL01000092.1_8,PF00005.30
QHSL01000092.1_66,PF04392.15
QHSL01000092.1_67,PF04392.15
QHSL01000093.1_3,PF04392.15
QHSL01000135.1_2,PF02575.19
JACPHL010000202.1_8,PF03243.18
JACPHL010000020.1_13,PF00528.25
JACPHL010000015.1_8,PF02978.22
JACPHL010000041.1_6,PF00076.25
JACPHL010000255.1_5,PF00037.30
JACPHL010000007.1_7,PF04909.17
JACPHL010000264.1_12,PF00384.25
JACPHL010000265.1_16,PF01145.28
JACPHL010000274.1_1,PF01182.23
JACPHL010000271.1_8,PF13525.9
JACPHL010000280.1_7,PF02894.20
JACPHL010000082.1_10,PF13344.9
JACPHL010000083.1_5,PF01970.19
JACPHL010000301.1_8,PF00510.21
JACPHL010000303.1_5,PF07690.19
JACPHL010000035.1_10,PF01977.19
JACPHL010000310.1_1,PF01351.21
JACPHL010000325.1_2,PF00291.28
JACPHL010000322.1_3,PF00496.25
JACPHL010000050.1_3,PF03091.18
JACPHL010000077.1_3,PF00694.22
JACPHL010000098.1_7,PF00126.30
JACPHL010000116.1_10,PF04551.17
JACPHL010000114.1_2,PF20332.1
JACPHL010000131.1_4,PF00072.27
JACPHL010000148.1_11,PF00005.30
JACPHL010000146.1_1,PF00120.27
JACPHL010000171.1_7,PF00294.27
JACPHL010000006.1_3,PF00291.28
JACPHL010000212.1_9,PF01809.21
JACPHL010000196.1_2,PF01258.20
JACPHL010000199.1_2,PF00809.25
JACCLG010000013.1_22,PF01282.22
JACCLG010000052.1_10,PF01868.19
JACCLG010000052.1_37,PF00572.21
JACCLG010000003.1_3,PF04014.21
JACCLG010000003.1_12,PF01964.21
JACCLG010000003.1_25,PF13231.9
JACCLG010000020.1_11,PF05123.15
JACCLG010000024.1_29,PF14464.9
JACCLG010000035.1_11,PF01941.22
JACCLG010000035.1_18,PF00482.26
JACCLG010000035.1_21,PF13298.9
JACCLG010000035.1_34,PF11611.11
JACCLG010000035.1_43,PF00334.22
JACCLG010000031.1_4,PF01569.24
JACCLG010000026.1_1,PF06739.14
JACCLG010000055.1_9,PF01558.21
JACCLG010000055.1_12,PF01841.22
JACCLG010000055.1_14,PF03703.17
JACCLG010000006.1_8,PF13231.9
JACCLG010000042.1_14,PF01916.20
JACCLG010000010.1_7,PF00482.26
JACCLG010000010.1_10,PF03073.18
JACCLG010000045.1_4,PF00293.31
JACCLG010000045.1_37,PF01994.19
JACCLG010000045.1_43,PF01040.21
JACCLG010000045.1_44,PF06745.16
JACCLG010000045.1_45,PF00291.28
JACCLG010000036.1_9,PF03685.16
JACCLG010000046.1_14,PF00482.26
JACCLG010000046.1_40,PF00005.30
JACCLG010000046.1_41,PF19232.2
JACCLG010000046.1_44,PF05016.18
JACCLG010000002.1_2,PF01862.19
JACCLG010000002.1_3,PF01988.22
JACCLG010000025.1_11,PF04406.17
JACCLG010000044.1_8,PF01569.24
JACCLG010000007.1_7,PF00571.31
JACCLG010000017.1_7,PF01976.20
JACCLG010000017.1_11,PF00338.25
JACCLG010000017.1_25,PF06745.16
JACCLG010000039.1_2,PF01875.20
JACCLG010000039.1_6,PF04412.16
JACCLG010000039.1_26,PF00132.27
JACCLG010000049.1_1,PF00227.29
JACCLG010000012.1_1,PF00709.24
JACCLG010000012.1_33,PF00188.29
JACCLG010000012.1_40,PF04123.16
JACCLG010000012.1_45,PF01949.19
JACCLG010000012.1_49,PF01896.22
JACCLG010000012.1_54,PF04135.15
JACCLG010000012.1_61,PF01969.20
JACCLG010000012.1_63,PF04587.18
JACCLG010000050.1_109,PF13192.9
JACCLG010000018.1_16,PF00339.32
JACCLG010000009.1_19,PF04011.15
DRXT01000010.1_35,PF13263.9
DRXT01000010.1_46,PF00297.25
DRXT01000010.1_55,PF00828.22
DRXT01000010.1_56,PF00327.23
DRXT01000010.1_58,PF17144.7
DRXT01000010.1_59,PF01280.23
DRXT01000010.1_61,PF00347.26
DRXT01000018.1_36,PF01191.22
DRXT01000018.1_41,PF00587.28
DRXT01000018.1_45,PF00164.28
DRXT01000014.1_9,PF02996.20
DRXT01000014.1_14,PF00696.31
DRXT01000046.1_1,PF00999.24
DRXT01000046.1_5,PF00111.30
DRXT01000046.1_17,PF01435.21
DRXT01000042.1_11,PF00572.21
DRXT01000042.1_19,PF09754.12
DRXT01000024.1_17,PF05343.17
DRXT01000027.1_8,PF01423.25
DRXT01000027.1_24,PF05343.17
DRXT01000009.1_3,PF01798.21
DRXT01000048.1_14,PF01189.20
DRXT01000050.1_12,PF02697.17
DRXT01000032.1_6,PF00338.25
DRXT01000039.1_13,PF03547.21
DRXT01000002.1_7,PF13189.9
DRXT01000037.1_2,PF00398.23
DRXT01000023.1_3,PF01145.28
DRXT01000023.1_5,PF18916.3
DRXT01000029.1_4,PF04123.16
DSSU01000335.1_54,PF04909.17
DSSU01000080.1_24,PF02653.19
DSSU01000080.1_31,PF13231.9
DSSU01000058.1_9,PF00982.24
DSSU01000277.1_23,PF00296.23
DSSU01000041.1_5,PF02472.19
DSSU01000041.1_8,PF02694.18
DSSU01000216.1_2,PF01522.24
DSSU01000165.1_23,PF00171.25
DSSU01000393.1_19,PF13231.9
DSSU01000161.1_15,PF01960.21
DSSU01000341.1_17,PF00989.28
DSSU01000233.1_3,PF20091.2
DSSU01000106.1_15,PF01075.20
DSSU01000114.1_8,PF02310.22
DSSU01000114.1_10,PF01796.20
DSSU01000137.1_18,PF01557.21
DSSU01000299.1_19,PF04079.19
DSSU01000016.1_16,PF00030.22
DSSU01000276.1_17,PF04073.18
DSSU01000090.1_8,PF07693.17
DSSU01000337.1_6,PF02668.19
DSSU01000428.1_2,PF00950.20
DSSU01000110.1_14,PF08487.13
DSSU01000121.1_1,PF06170.15
DSSU01000048.1_6,PF01557.21
DSSU01000048.1_7,PF00754.28
DSSU01000420.1_12,PF13533.9
DSSU01000425.1_3,PF03437.18
DSSU01000284.1_6,PF00437.23
DSSU01000330.1_1,PF00115.23
DSSU01000282.1_5,PF07589.14
DSSU01000255.1_3,PF04020.16
DSSU01000135.1_4,PF00355.29
DSSU01000001.1_2,PF01145.28
DF820462.1_78,PF00551.22
DF820462.1_88,PF02563.19
DF820462.1_174,PF02592.18
DF820460.1_126,PF03480.16
DF820460.1_251,PF02608.17
DF820460.1_296,PF00892.23
DF820460.1_509,PF00300.25
DF820459.1_104,PF10079.12
DF820459.1_406,PF00814.28
DF820459.1_617,PF04072.17
DF820459.1_883,PF00528.25
DF820458.1_58,PF01790.21
DF820458.1_83,PF02653.19
DF820458.1_372,PF03932.17
DF820458.1_456,PF02653.19
DF820458.1_489,PF00248.24
DF820458.1_574,PF07610.14
DF820457.1_22,PF13280.9
DF820457.1_162,PF00528.25
DF820457.1_186,PF04055.24
DF820456.1_114,PF00334.22
DF820456.1_180,PF00849.25
DF820456.1_318,PF00171.25
DF820456.1_466,PF02811.22
DF820456.1_640,PF01613.21
DF820456.1_771,PF00027.32
DF820456.1_786,PF03747.17
DF820456.1_974,PF11026.11
DF820455.1_1,PF00375.21
DF820455.1_213,PF00408.23
DF820455.1_414,PF19961.2
DF820455.1_528,PF06271.15
DF820455.1_602,PF02653.19
DF820455.1_731,PF01063.22
DF820455.1_944,PF00691.23
DF820455.1_1070,PF00528.25
PKTG01000041.1_16,PF08241.15
PKTG01000059.1_5,PF01782.21
PKTG01000059.1_8,PF13174.9
PKTG01000083.1_30,PF13244.9
PKTG01000083.1_35,PF04055.24
PKTG01000083.1_142,PF00528.25
PKTG01000074.1_24,PF02569.18
PKTG01000085.1_31,PF02597.23
PKTG01000085.1_63,PF01220.22
PKTG01000085.1_74,PF00359.25
PKTG01000058.1_13,PF12640.10
PKTG01000039.1_9,PF00873.22
PKTG01000050.1_12,PF00366.23
PKTG01000050.1_21,PF00327.23
PKTG01000107.1_7,PF00037.30
PKTG01000107.1_37,PF19027.3
PKTG01000107.1_70,PF02049.21
PKTG01000011.1_6,PF00496.25
PKTG01000032.1_2,PF01871.20
PKTG01000146.1_6,PF00132.27
PKTG01000146.1_8,PF04011.15
PKTG01000146.1_9,PF09972.12
PKTG01000146.1_19,PF01963.20
PKTG01000042.1_36,PF10135.12
PKTG01000042.1_40,PF03415.17
PKTG01000045.1_1,PF02660.18
PKTG01000045.1_3,PF04459.15
PKTG01000045.1_11,PF00953.24
PKTG01000120.1_11,PF01980.19
PKTG01000132.1_2,PF01740.24
PKTG01000125.1_4,PF01740.24
PKTG01000125.1_7,PF01136.22
PKTG01000054.1_7,PF03054.19
PKTG01000136.1_7,PF13472.9
PKTG01000015.1_2,PF10150.12
PKTG01000013.1_8,PF01351.21
PKTG01000013.1_17,PF07796.14
PKTG01000064.1_44,PF02120.19
PKTG01000064.1_55,PF00348.20
PKTG01000064.1_63,PF03734.17
PKTG01000069.1_2,PF00535.29
PKTG01000069.1_3,PF02543.18
PKTG01000130.1_30,PF01632.22
PKTG01000130.1_32,PF01678.22
PKTG01000130.1_52,PF04608.16
PKTG01000139.1_25,PF05159.17
PKTG01000105.1_9,PF04055.24
PKTG01000010.1_10,PF02397.19
PKTG01000090.1_9,PF00535.29
PKTG01000137.1_3,PF01475.22
PKTG01000076.1_3,PF13412.9
PKTG01000123.1_47,PF03319.16
PKTG01000053.1_11,PF05130.15
PKTG01000053.1_31,PF04509.15
PKTG01000143.1_1,PF01384.23
PKTG01000127.1_4,PF06226.16
PKTG01000127.1_5,PF03824.19
PKTG01000127.1_10,PF06262.14
PKTG01000127.1_14,PF16258.8
PKTG01000071.1_13,PF04932.18
PKTG01000116.1_2,PF02321.21
PKTG01000116.1_22,PF02675.18
PKTG01000140.1_10,PF13186.9
PKTG01000140.1_12,PF04055.24
PKTG01000087.1_27,PF03415.17
PKTG01000087.1_38,PF00258.28
PKTG01000087.1_60,PF09835.12
PKTG01000097.1_35,PF00156.30
PKTG01000095.1_14,PF05137.16
PKTG01000095.1_15,PF04350.16
PKTG01000114.1_7,PF13387.9
PKTG01000100.1_14,PF01497.21
PKTG01000102.1_20,PF02401.21
PKTG01000102.1_21,PF02401.21
PKTG01000012.1_22,PF00994.27
PKTG01000133.1_3,PF04187.16
PKTG01000115.1_6,PF04055.24
PKTG01000122.1_5,PF07690.19
PKTG01000122.1_34,PF04028.16
PKTG01000122.1_58,PF14907.9
PKTG01000122.1_79,PF04773.16
PKTG01000122.1_157,PF00692.22
PKTG01000129.1_17,PF00128.27
PKTG01000129.1_18,PF01937.22
PKTG01000129.1_22,PF01613.21
PKTG01000091.1_28,PF14667.9
PKTG01000060.1_5,PF01569.24
JAGACY010000136.1_4,PF01345.21
JAGACY010000167.1_9,PF02261.19
JAGACY010000181.1_4,PF01464.23
JAGACY010000027.1_4,PF00294.27
JAGACY010000208.1_1,PF00696.31
JAGACY010000209.1_6,PF01746.24
JAGACY010000236.1_6,PF14907.9
JAGACY010000260.1_3,PF00557.27
JAGACY010000358.1_4,PF09424.13
JAGACY010000047.1_2,PF01966.25
JAGACY010000428.1_3,PF00293.31
JAGACY010000430.1_1,PF00521.23
JAGACY010000438.1_2,PF00152.23
JAGACY010000470.1_4,PF07963.15
JAGACY010000477.1_4,PF00254.31
JAGACY010000479.1_1,PF01523.19
CAIVGN010000002.1_6,PF00072.27
CAIVGN010000006.1_33,PF00293.31
CAIVGN010000008.1_7,PF19451.2
CAIVGN010000009.1_15,PF00565.20
CAIVGN010000017.1_13,PF08308.14
CAIVGN010000017.1_87,PF08668.15
CAIVGN010000018.1_25,PF03319.16
CAIVGN010000019.1_11,PF00994.27
CAIVGN010000021.1_40,PF07728.17
CAIVGN010000022.1_19,PF07811.15
CAIVGN010000024.1_4,PF01809.21
CAIVGN010000029.1_65,PF13174.9
CAIVGN010000030.1_3,PF01139.20
CAIVGN010000030.1_18,PF00561.23
CAIVGN010000031.1_8,PF00814.28
CAIVGN010000045.1_41,PF00072.27
CAIVGN010000045.1_53,PF07586.14
CAIVGN010000046.1_65,PF04519.16
CAIVGN010000050.1_4,PF01852.22
CAIVGN010000050.1_23,PF03030.19
CAIVGN010000055.1_16,PF01941.22
CAIVGN010000067.1_10,PF01882.21
CAIVGN010000067.1_49,PF12705.10
CAIVGN010000075.1_49,PF11141.11
CAIVGN010000075.1_59,PF00574.26
CAIVGN010000077.1_28,PF03349.19
CAIVGN010000077.1_69,PF10974.11
CAIVGN010000097.1_45,PF05201.18
CAIVGN010000097.1_111,PF03279.16
CAIVGN010000097.1_127,PF16789.8
CAIVGN010000098.1_50,PF03934.16
CAIVGN010000099.1_8,PF01163.25
CAIVGN010000103.1_55,PF02075.20
CAIVGN010000106.1_6,PF01250.20
CAIVGN010000106.1_23,PF10077.12
CAIVGN010000106.1_26,PF01553.24
CAIVGN010000107.1_7,PF13511.9
CAIVGN010000115.1_72,PF01464.23
CAIVGN010000119.1_9,PF01551.25
CAIVGN010000120.1_1,PF10101.12
CAIVGN010000120.1_21,PF01475.22
CAIVGN010000127.1_69,PF03692.18
CAIVGN010000130.1_25,PF00355.29
CAIVGN010000130.1_73,PF13480.10
CAIVGN010000144.1_29,PF03682.16
CAIVGN010000144.1_44,PF00892.23
CAIVGN010000144.1_45,PF08308.14
CAIVGN010000166.1_11,PF02381.21
CAIVGN010000167.1_53,PF09043.14
CAIVGN010000167.1_93,PF00448.25
CAIVGN010000182.1_34,PF05685.15
CAIVGN010000186.1_8,PF00581.23
CAIVGN010000189.1_5,PF00482.26
CAIVGN010000189.1_104,PF01313.22
CAIVGN010000189.1_105,PF01311.23
CAIVGN010000189.1_137,PF00892.23
CAIVGN010000197.1_10,PF01327.24
CAIVGN010000197.1_45,PF01694.25
CAIVGN010000197.1_62,PF01551.25
CAIVGN010000206.1_10,PF13795.9
CAIVGN010000207.1_17,PF00990.24
CAIVGN010000211.1_24,PF07238.17
CAIVGN010000224.1_57,PF02091.18
CAIVGN010000225.1_34,PF13679.9
CAIVGN010000240.1_2,PF13620.9
CAIVGN010000240.1_19,PF00990.24
CAIQVJ010000006.1_4,PF01165.23
CAIQVJ010000006.1_49,PF00814.28
CAIQVJ010000006.1_81,PF01814.26
CAIQVJ010000007.1_71,PF03411.16
CAIQVJ010000008.1_61,PF01323.23
CAIQVJ010000008.1_65,PF05593.17
CAIQVJ010000010.1_3,PF00171.25
CAIQVJ010000015.1_23,PF02091.18
CAIQVJ010000019.1_109,PF03706.16
CAIQVJ010000024.1_95,PF00300.25
CAIQVJ010000026.1_9,PF07690.19
CAIQVJ010000031.1_13,PF10593.12
CAIQVJ010000038.1_19,PF01613.21
CAIQVJ010000039.1_8,PF01379.23
CAIQVJ010000042.1_8,PF06037.14
CAIQVJ010000048.1_27,PF01008.20
CAIQVJ010000048.1_81,PF13145.9
CAIQVJ010000052.1_39,PF06532.14
CAIQVJ010000054.1_89,PF00583.28
CAIQVJ010000058.1_44,PF13386.9
CAIQVJ010000058.1_75,PF01118.27
CAIQVJ010000059.1_16,PF01967.24
CAIQVJ010000061.1_43,PF00596.24
CAIQVJ010000064.1_91,PF13186.9
CAIQVJ010000067.1_23,PF01869.23
CAIQVJ010000069.1_20,PF00754.28
CAIQVJ010000069.1_32,PF00550.28
CAIQVJ010000077.1_4,PF02412.21
CAIQVJ010000085.1_3,PF04241.18
CAIQVJ010000085.1_76,PF01618.19
CAIQVJ010000088.1_116,PF03544.17
CAIQVJ010000088.1_128,PF00932.22
CAIQVJ010000093.1_5,PF05717.16
CAIQVJ010000094.1_14,PF00211.23
CAIQVJ010000107.1_3,PF01553.24
CAIQVJ010000111.1_4,PF00150.21
CAIQVJ010000118.1_80,PF03649.16
CAIQVJ010000120.1_2,PF01553.24
CAIQVJ010000124.1_67,PF16155.8
CAIQVJ010000128.1_47,PF00221.22
CAIQVJ010000128.1_65,PF13472.9
CAIQVJ010000131.1_10,PF00496.25
CAIQVJ010000132.1_30,PF01168.23
CAIQVJ010000135.1_97,PF13271.9
SHYX01000003.1_1,PF00155.24
SHYX01000003.1_84,PF07963.15
SHYX01000065.1_2,PF00849.25
SHYX01000005.1_39,PF01551.25
SHYX01000006.1_95,PF01268.22
SHYX01000028.1_26,PF00462.27
SHYX01000029.1_24,PF00849.25
SHYX01000070.1_14,PF02621.17
SHYX01000079.1_2,PF00221.22
SHYX01000083.1_6,PF04041.16
SHYX01000037.1_14,PF02518.29
SHYX01000008.1_101,PF04296.16
SHYX01000038.1_34,PF00814.28
SHYX01000041.1_31,PF00171.25
SHYX01000011.1_33,PF02698.20
SHYX01000045.1_17,PF10077.12
SHYX01000013.1_10,PF00507.22
SHYX01000047.1_18,PF12705.10
SHYX01000015.1_29,PF01196.22
SHYX01000016.1_2,PF00171.25
SHYX01000052.1_6,PF01510.28
SHYX01000052.1_16,PF03629.21
SHYX01000017.1_53,PF00202.24
SHYX01000002.1_28,PF09538.13
SHYX01000002.1_164,PF02581.20
SHYX01000019.1_12,PF00849.25
SHYX01000019.1_21,PF05598.14
SHYX01000021.1_39,PF00206.23
SHYX01000021.1_69,PF06916.16
SHYX01000055.1_4,PF04264.16
SHYX01000057.1_23,PF01041.20
SHYX01000061.1_16,PF09822.12
JAADIA010000062.1_6,PF02620.20
JAADIA010000062.1_41,PF00300.25
JAADIA010000097.1_15,PF07963.15
JAADIA010000064.1_11,PF06397.15
JAADIA010000076.1_9,PF03091.18
JAADIA010000073.1_10,PF01493.22
JAADIA010000032.1_2,PF00436.28
JAADIA010000091.1_7,PF01507.22
JAADIA010000091.1_18,PF00889.22
JAADIA010000091.1_26,PF04551.17
JAADIA010000070.1_3,PF13248.9
JAADIA010000083.1_10,PF01813.20
JAADIA010000083.1_17,PF01496.22
JAADIA010000009.1_4,PF01035.23
JAADIA010000009.1_10,PF02452.20
JAADIA010000010.1_21,PF03425.16
JAADIA010000002.1_4,PF01750.21
JAADIA010000002.1_31,PF14385.9
JAADIA010000002.1_32,PF03309.17
JAADIA010000080.1_22,PF00146.24
JAADIA010000046.1_1,PF00232.21
JAADIA010000086.1_23,PF00253.24
JAADIA010000086.1_31,PF00237.22
JAADIA010000086.1_37,PF00297.25
JAADIA010000034.1_4,PF00528.25
JAADIA010000036.1_18,PF02245.19
JAADIA010000015.1_19,PF00330.23
JAADIA010000069.1_2,PF02410.18
JAADIA010000041.1_2,PF00072.27
JAADIA010000049.1_22,PF12680.10
JAADIA010000049.1_27,PF01522.24
JAADIA010000018.1_7,PF00682.22
JAADIA010000018.1_25,PF00515.31
JAADIA010000088.1_1,PF00171.25
JAADIA010000095.1_1,PF08843.14
JAADIA010000044.1_17,PF04390.15
JAADIA010000044.1_34,PF01790.21
JAADIA010000044.1_35,PF02583.20
JAADIA010000093.1_16,PF02502.21
JAADIA010000037.1_19,PF02754.19
JAADIA010000016.1_9,PF01066.24
JAADIA010000013.1_7,PF00148.22
JAADIA010000094.1_4,PF04893.20
JAADIA010000089.1_9,PF02686.18
JAADIA010000019.1_11,PF05635.14
JAADIA010000035.1_6,PF04055.24
JAADIA010000008.1_16,PF13490.9
JAADIA010000084.1_2,PF01098.22
JAADIA010000084.1_18,PF07589.14
NDHY01000001.1_12,PF00579.28
NDHY01000001.1_45,PF01012.24
NDHY01000001.1_51,PF00491.24
NDHY01000001.1_64,PF01541.27
NDHY01000001.1_69,PF05016.18
NDHY01000001.1_73,PF10105.12
NDHY01000001.1_78,PF02577.17
NDHY01000001.1_100,PF01862.19
NDHY01000001.1_114,PF00694.22
NDHY01000001.1_143,PF04390.15
NDHY01000001.1_144,PF06144.16
NDHY01000001.1_177,PF00166.24
NDHY01000012.1_9,PF01813.20
NDHY01000014.1_3,PF00528.25
NDHY01000019.1_3,PF01702.21
NDHY01000002.1_33,PF01257.22
NDHY01000002.1_39,PF01257.22
NDHY01000002.1_97,PF01555.21
NDHY01000021.1_2,PF00290.23
NDHY01000003.1_16,PF03477.19
NDHY01000003.1_30,PF02508.17
NDHY01000003.1_74,PF01197.21
NDHY01000003.1_78,PF02606.17
NDHY01000005.1_11,PF00453.21
NDHY01000005.1_59,PF00366.23
NDHY01000005.1_66,PF00276.23
NDHY01000005.1_69,PF00338.25
NDHY01000006.1_37,PF20501.1
NDHY01000006.1_56,PF00215.27
NDHY01000007.1_32,PF00436.28
NDHY01000007.1_35,PF04055.24
JAHITZ010000041.1_7,PF00437.23
JAHITZ010000041.1_17,PF00933.24
JAHITZ010000041.1_26,PF10107.12
JAHITZ010000041.1_32,PF03947.21
JAHITZ010000041.1_42,PF00238.22
JAHITZ010000041.1_66,PF01172.21
JAHITZ010000042.1_55,PF01047.25
JAHITZ010000042.1_61,PF00403.29
JAHITZ010000009.1_16,PF00004.32
JAHITZ010000009.1_17,PF01553.24
JAHITZ010000044.1_1,PF00112.26
JAHITZ010000044.1_3,PF03833.16
JAHITZ010000044.1_37,PF01325.22
JAHITZ010000045.1_3,PF01192.25
JAHITZ010000046.1_17,PF03911.19
JAHITZ010000046.1_18,PF01849.21
JAHITZ010000047.1_13,PF01155.22
JAHITZ010000047.1_20,PF01058.25
JAHITZ010000051.1_8,PF00227.29
JAHITZ010000051.1_28,PF07091.14
JAHITZ010000052.1_6,PF06941.15
JAHITZ010000052.1_7,PF01139.20
JAHITZ010000054.1_2,PF03091.18
JAHITZ010000054.1_7,PF02163.25
JAHITZ010000055.1_2,PF01478.21
JAHITZ010000057.1_3,PF09622.13
JAHITZ010000061.1_3,PF01894.20
JAHITZ010000064.1_5,PF12705.10
JAHITZ010000012.1_17,PF01163.25
JAHITZ010000014.1_8,PF07719.20
JAHITZ010000017.1_20,PF01909.26
JAHITZ010000023.1_21,PF01075.20
JAHITZ010000023.1_22,PF01636.26
JAHITZ010000025.1_3,PF00480.23
JAHITZ010000025.1_24,PF06093.16
JAHITZ010000025.1_50,PF07760.14
JAHITZ010000027.1_6,PF00005.30
JAHITZ010000030.1_1,PF01248.29
JAHITZ010000031.1_6,PF01699.27
JAHITZ010000032.1_6,PF05016.18
JAHITZ010000032.1_49,PF01479.28
JAHITZ010000032.1_74,PF00828.22
JAHITZ010000035.1_18,PF02934.18
JAHITZ010000037.1_6,PF13537.9
JAHITZ010000004.1_3,PF01916.20
JAHITZ010000038.1_19,PF01329.22
JAHITZ010000039.1_7,PF05239.19
JAFCDI010000007.1_3,PF00557.27
JAFCDI010000008.1_28,PF00590.23
JAFCDI010000009.1_3,PF01194.20
JAFCDI010000009.1_9,PF03874.19
JAFCDI010000009.1_10,PF04919.15
JAFCDI010000023.1_4,PF19451.2
JAFCDI010000010.1_3,PF01464.23
JAFCDI010000010.1_10,PF01435.21
JAFCDI010000010.1_11,PF04011.15
JAFCDI010000002.1_13,PF01015.21
JAFCDI010000002.1_27,PF00334.22
JAFCDI010000002.1_58,PF00491.24
JAFCDI010000011.1_4,PF09992.12
JAFCDI010000012.1_18,PF00076.25
JAFCDI010000014.1_20,PF00692.22
JAFCDI010000014.1_21,PF03412.18
JAFCDI010000016.1_9,PF00749.24
JAFCDI010000003.1_2,PF09845.12
JAFCDI010000003.1_11,PF06550.14
JAFCDI010000004.1_26,PF00881.27
JAFCDI010000004.1_35,PF00338.25
JAFCDI010000004.1_43,PF02579.20
JAFCDI010000004.1_49,PF04402.17
JAFCDI010000005.1_14,PF01920.23
JAFCDI010000005.1_38,PF00428.22
JAFCDI010000005.1_53,PF00276.23
JAFCDI010000005.1_60,PF00366.23
JAFCDI010000005.1_67,PF00347.26
JAFCDI010000005.1_81,PF01944.20
JAFCDI010000017.1_3,PF04013.15
JAFCDI010000018.1_10,PF10026.12
JAFCDI010000001.1_15,PF13656.9
JAFCDI010000001.1_26,PF01849.21
JAFCDI010000001.1_34,PF13240.9
JAFCDI010000001.1_54,PF02676.17
JAFCDI010000001.1_74,PF01944.20
JAFCDI010000006.1_20,PF02775.24
JAFCDI010000006.1_26,PF05239.19
PXPD01000001.1_5,PF01982.19
PXPD01000002.1_23,PF00253.24
PXPD01000003.1_22,PF13811.9
PXPD01000007.1_9,PF04919.15
PXPD01000007.1_23,PF03781.19
PXPD01000010.1_1,PF00828.22
PXPD01000010.1_2,PF00572.21
PXPD01000010.1_3,PF00380.22
PXPD01000012.1_14,PF00808.26
PXPD01000014.1_2,PF01092.22
PXPD01000014.1_3,PF02386.19
PXPD01000014.1_12,PF07690.19
PXPD01000014.1_24,PF00924.21
PXPD01000015.1_3,PF04138.17
PXPD01000015.1_38,PF11614.11
PXPD01000018.1_4,PF01282.22
PXPD01000019.1_1,PF02878.19
PXPD01000019.1_10,PF00254.31
PXPD01000019.1_15,PF00687.24
PXPD01000020.1_4,PF06202.17
PXPD01000024.1_2,PF01458.20
PXPD01000025.1_4,PF00248.24
PXPD01000027.1_2,PF01990.20
PXPD01000027.1_3,PF01992.19
PXPD01000029.1_18,PF01641.21
PXPD01000029.1_25,PF01949.19
PXPD01000030.1_3,PF07431.15
PXPD01000034.1_12,PF09721.13
PXPD01000034.1_20,PF01963.20
PXPD01000034.1_24,PF00293.31
PXPD01000037.1_1,PF00400.35
PXPD01000037.1_7,PF01850.24
PXPD01000038.1_4,PF00334.22
PXPD01000038.1_9,PF13231.9
PXPD01000039.1_9,PF04981.16
PXPD01000040.1_9,PF01663.25
PXPD01000041.1_9,PF02627.23
PXPD01000041.1_21,PF03604.16
PXPD01000042.1_2,PF00491.24
PXPD01000043.1_8,PF08264.16
PXPD01000043.1_10,PF03073.18
PXPD01000043.1_17,PF01725.19
PXPD01000043.1_22,PF00833.21
PXPD01000044.1_1,PF00006.28
PXPD01000044.1_3,PF01813.20
PXPD01000044.1_4,PF01909.26
PXPD01000045.1_8,PF01329.22
PXPD01000050.1_29,PF00482.26
PXPD01000050.1_30,PF00482.26
PXPD01000051.1_2,PF00265.21
LKMX01000029.1_6,PF01870.21
LKMX01000005.1_18,PF01425.24
LKMX01000034.1_4,PF01876.19
LKMX01000034.1_6,PF04423.17
LKMX01000034.1_9,PF01978.22
LKMX01000006.1_16,PF00571.31
LKMX01000006.1_19,PF01261.27
LKMX01000007.1_9,PF00303.22
LKMX01000007.1_14,PF19146.3
LKMX01000008.1_18,PF00254.31
LKMX01000010.1_5,PF01882.21
LKMX01000050.1_9,PF00136.24
LKMX01000051.1_4,PF13656.9
LKMX01000011.1_12,PF00482.26
LKMX01000052.1_8,PF00814.28
LKMX01000012.1_4,PF04367.16
LKMX01000014.1_3,PF00252.21
LKMX01000014.1_18,PF01956.19
LKMX01000014.1_19,PF13463.9
LKMX01000016.1_9,PF00227.29
LKMX01000017.1_11,PF02926.20
LKMX01000001.1_6,PF00491.24
LKMX01000001.1_9,PF01916.20
LKMX01000001.1_22,PF09835.12
LKMX01000018.1_4,PF00437.23
LKMX01000019.1_7,PF02600.19
LKMX01000021.1_3,PF13263.9
LKMX01000002.1_20,PF00344.23
LKMX01000002.1_22,PF00327.23
LKMX01000002.1_33,PF00238.22
LKMX01000002.1_39,PF00237.22
LKMX01000023.1_2,PF07584.14
LKMX01000024.1_1,PF07549.17
LKMX01000024.1_2,PF02355.19
LKMX01000025.1_8,PF05239.19
LKMX01000003.1_16,PF01248.29
LKMX01000003.1_20,PF02577.17
LKMX01000027.1_1,PF06745.16
JACRLM010000014.1_13,PF05016.18
JACRLM010000005.1_3,PF07927.15
JACRLM010000005.1_49,PF04191.16
JACRLM010000003.1_9,PF04011.15
JACRLM010000003.1_22,PF02965.20
JACRLM010000031.1_25,PF06988.14
JACRLM010000031.1_35,PF02091.18
JACRLM010000029.1_20,PF00347.26
JACRLM010000029.1_24,PF00344.23
JACRLM010000028.1_8,PF02542.19
JACRLM010000038.1_29,PF01975.20
JACRLM010000039.1_19,PF12441.11
JACRLM010000048.1_12,PF02604.22
JACRLM010000046.1_22,PF00196.22
JACRLM010000040.1_25,PF01292.23
JACRLM010000044.1_10,PF02424.18
JACRLM010000063.1_26,PF01668.21
JACRLM010000063.1_47,PF03692.18
JACRLM010000063.1_52,PF02321.21
JACRLM010000067.1_21,PF04077.15
JACRLM010000066.1_20,PF13527.10
JACRLM010000066.1_59,PF15919.8
JACRLM010000016.1_17,PF06144.16
JACRLM010000070.1_2,PF02146.20
JACRLM010000070.1_7,PF00364.25
JACRLM010000072.1_28,PF00499.23
JACRLM010000086.1_2,PF03961.16
JACRLM010000109.1_8,PF15919.8
JACRLM010000077.1_20,PF13432.9
JACRLM010000012.1_3,PF01063.22
JACRLM010000084.1_6,PF00118.27
JACRLM010000108.1_12,PF01381.25
JACRLM010000023.1_7,PF07022.16
JACRLM010000095.1_14,PF02548.18
JACRLM010000008.1_34,PF13424.9
JABIXH010000044.1_8,PF04028.16
JABIXH010000022.1_8,PF01425.24
JABIXH010000066.1_3,PF02348.22
JABIXH010000149.1_5,PF01555.21
JABIXH010000110.1_3,PF08668.15
JABIXH010000009.1_4,PF02915.20
JABIXH010000021.1_13,PF01746.24
JABIXH010000185.1_1,PF02896.21
JABIXH010000081.1_12,PF02381.21
JABIXH010000296.1_27,PF01435.21
JABIXH010000221.1_3,PF01632.22
JABIXH010000253.1_16,PF03009.20
JABIXH010000164.1_13,PF02446.20
JABIXH010000252.1_17,PF02163.25
JABIXH010000254.1_3,PF14358.9
JABIXH010000233.1_4,PF01116.23
JABIXH010000266.1_3,PF01258.20
JABIXH010000075.1_3,PF01266.27
JABIXH010000277.1_15,PF16538.8
JABIXH010000282.1_3,PF14518.9
JABIXH010000278.1_1,PF00266.22
JABIXH010000255.1_8,PF07963.15
JABIXH010000227.1_3,PF00155.24
JABIXH010000283.1_3,PF05494.15
JABIXH010000284.1_11,PF01202.25
JABIXH010000261.1_9,PF03186.16
JABIXH010000288.1_8,PF01965.27
JABIXH010000074.1_8,PF01145.28
JABIXH010000232.1_9,PF07432.16
JABIXH010000101.1_5,PF10881.11
JABIXH010000308.1_7,PF03923.16
JABIXH010000139.1_5,PF01258.20
JABIXH010000102.1_7,PF08369.13
JABIXH010000134.1_12,PF14255.9
JABIXH010000163.1_2,PF10861.11
JABIXH010000043.1_2,PF02424.18
JABIXH010000043.1_12,PF00072.27
JABIXH010000036.1_15,PF00550.28
JABIXH010000031.1_19,PF07963.15
MHDQ01000001.1_21,PF10634.12
MHDQ01000009.1_4,PF05552.15
MHDQ01000017.1_6,PF01029.21
MHDQ01000044.1_1,PF01450.22
MHDQ01000048.1_7,PF01435.21
MHDQ01000049.1_3,PF01797.19
MHDQ01000051.1_5,PF00041.24
MHDQ01000052.1_8,PF01314.21
MHDQ01000066.1_2,PF00364.25
MHDQ01000076.1_4,PF01144.26
MHDQ01000077.1_8,PF00696.31
MHDQ01000083.1_6,PF02464.20
MHDQ01000083.1_8,PF06397.15
MHDQ01000095.1_8,PF09233.14
MHDQ01000095.1_11,PF05016.18
MHDQ01000100.1_1,PF02571.17
MHDQ01000103.1_2,PF13186.9
MHDQ01000107.1_7,PF07927.15
MHDQ01000108.1_3,PF02754.19
MHDQ01000115.1_13,PF08780.14
MHDQ01000122.1_2,PF02163.25
MHDQ01000125.1_10,PF05168.17
MHDQ01000130.1_7,PF01039.25
MHDQ01000130.1_30,PF04255.17
MHDQ01000142.1_5,PF02401.21
MHDQ01000150.1_9,PF00483.26
MHDQ01000154.1_3,PF04015.15
MHDQ01000164.1_7,PF00211.23
MHDQ01000167.1_6,PF13366.9
MHDQ01000175.1_1,PF01478.21
MHDQ01000188.1_6,PF03787.18
MHDQ01000190.1_7,PF00293.31
MHDQ01000196.1_6,PF01208.20
MHDQ01000200.1_5,PF06050.16
MHDQ01000204.1_6,PF03918.17
MHDQ01000207.1_15,PF01938.23
MHDQ01000207.1_27,PF00177.24
MHDQ01000207.1_58,PF01196.22
MHDQ01000213.1_4,PF09723.13
MHDQ01000213.1_6,PF02623.18
MHDQ01000221.1_1,PF02535.25
MHDQ01000229.1_16,PF02515.20
MHDQ01000241.1_2,PF00005.30
MHDQ01000249.1_1,PF02424.18
MHDQ01000250.1_3,PF00180.23
MHDQ01000251.1_4,PF00072.27
MHDQ01000258.1_9,PF04015.15
MHDQ01000269.1_5,PF00121.21
MHDQ01000270.1_7,PF01597.22
MHDQ01000282.1_13,PF02775.24
MHDQ01000295.1_6,PF18498.4
MHDQ01000300.1_12,PF03309.17
MHDQ01000307.1_5,PF01270.20
MHDQ01000317.1_4,PF10418.12
JACOWJ010000002.1_14,PF00293.31
JACOWJ010000003.1_33,PF00092.31
JACOWJ010000003.1_37,PF03781.19
JACOWJ010000005.1_3,PF01966.25
JACOWJ010000005.1_7,PF09827.12
JACOWJ010000061.1_2,PF00004.32
JACOWJ010000011.1_17,PF03918.17
JACOWJ010000020.1_16,PF02547.18
JACOWJ010000026.1_2,PF02357.22
JACOWJ010000026.1_29,PF00238.22
JACOWJ010000044.1_10,PF01288.23
JACOWJ010000029.1_40,PF08915.14
JACOWJ010000046.1_18,PF01934.20
JACOWJ010000050.1_16,PF01988.22
JACOWJ010000048.1_3,PF12770.10
JACOWJ010000041.1_9,PF03100.18
JACOWJ010000032.1_15,PF13231.9
JACOWJ010000033.1_10,PF03167.22
JACOWJ010000034.1_17,PF07396.14
JACOWJ010000034.1_18,PF00126.30
JACOWJ010000024.1_40,PF01850.24
JACOWJ010000024.1_56,PF00156.30
JACOWJ010000025.1_60,PF10050.12
JACRGW010000053.1_1,PF09972.12
JACRGW010000052.1_4,PF07313.15
JACRGW010000058.1_17,PF04773.16
JACRGW010000062.1_6,PF00697.25
JACRGW010000005.1_2,PF00202.24
JACRGW010000002.1_2,PF03668.18
JACRGW010000012.1_5,PF02627.23
JACRGW010000006.1_3,PF01618.19
JACRGW010000006.1_4,PF00072.27
JACRGW010000006.1_10,PF01676.21
JACRGW010000077.1_12,PF10411.12
JACRGW010000085.1_9,PF00691.23
JACRGW010000084.1_11,PF00005.30
JACRGW010000083.1_2,PF02405.19
JACRGW010000087.1_5,PF02441.22
JACRGW010000088.1_8,PF10150.12
JACRGW010000086.1_4,PF00155.24
JACRGW010000097.1_9,PF02699.18
JACRGW010000105.1_3,PF01963.20
JACRGW010000113.1_1,PF01975.20
JACRGW010000110.1_15,PF01934.20
JACRGW010000118.1_19,PF02163.25
JACRGW010000123.1_15,PF01351.21
JACRGW010000121.1_3,PF01195.22
JACRGW010000124.1_1,PF10049.12
JACRGW010000141.1_8,PF01467.29
JACRGW010000021.1_8,PF01168.23
JACRGW010000021.1_25,PF01795.22
JACRGW010000020.1_2,PF01409.23
JACRGW010000148.1_4,PF01192.25
JACRGW010000154.1_19,PF00528.25
JACRGW010000154.1_25,PF01545.24
JACRGW010000154.1_30,PF02621.17
JACRGW010000170.1_2,PF02417.18
JACRGW010000176.1_2,PF01227.25
JACRGW010000187.1_1,PF00118.27
JACRGW010000029.1_4,PF16258.8
JACRGW010000030.1_12,PF02635.18
JACRGW010000003.1_4,PF09970.12
JACRGW010000037.1_2,PF01048.23
JACRGW010000007.1_1,PF04060.16
JACRGW010000043.1_5,PF00543.25
JACRGW010000039.1_6,PF00582.29
JACRGW010000047.1_1,PF01261.27
JACRGW010000051.1_1,PF01850.24
PNNP01000001.1_9,PF03683.16
PNNP01000003.1_5,PF01139.20
PNNP01000003.1_24,PF02367.20
PNNP01000003.1_39,PF01564.20
PNNP01000004.1_19,PF12804.10
PNNP01000007.1_24,PF00005.30
PNNP01000008.1_3,PF00180.23
PNNP01000008.1_8,PF01894.20
PNNP01000009.1_23,PF00701.25
PNNP01000011.1_1,PF01636.26
PNNP01000013.1_3,PF02502.21
PNNP01000013.1_21,PF04468.15
PNNP01000014.1_15,PF03843.16
PNNP01000018.1_4,PF01475.22
PNNP01000019.1_2,PF02775.24
PNNP01000019.1_20,PF01106.20
PNNP01000021.1_27,PF00582.29
PNNP01000022.1_11,PF09527.13
PNNP01000023.1_5,PF18480.4
PNNP01000023.1_11,PF02405.19
PNNP01000024.1_7,PF05168.17
PNNP01000024.1_13,PF14371.9
PNNP01000026.1_4,PF02684.18
PNNP01000026.1_5,PF01041.20
PNNP01000026.1_6,PF01408.25
PNNP01000027.1_5,PF01098.22
PNNP01000027.1_8,PF04085.17
PNNP01000028.1_6,PF04055.24
PNNP01000033.1_17,PF06050.16
PNNP01000039.1_10,PF00909.24
PNNP01000043.1_6,PF01850.24
PNNP01000044.1_7,PF13115.9
PNNP01000051.1_7,PF01850.24
PNNP01000054.1_5,PF03706.16
PNNP01000056.1_3,PF03102.17
PNNP01000064.1_2,PF04909.17
NC_018649.1_100,PF01409.23
NC_018649.1_112,PF01467.29
NC_018649.1_167,PF03843.16
NC_018649.1_243,PF00155.24
NC_018649.1_312,PF02075.20
NC_018649.1_483,PF00872.21
NC_018649.1_490,PF02322.18
NC_018649.1_493,PF04055.24
NC_018649.1_589,PF00753.30
NC_018649.1_646,PF05866.14
NC_018649.1_658,PF05037.16
NC_018649.1_704,PF10282.12
NC_018649.1_789,PF05103.16
NC_018649.1_864,PF01058.25
NC_018649.1_1146,PF00535.29
NC_018649.1_1210,PF01029.21
NC_018649.1_1344,PF01227.25
NC_018649.1_1441,PF01196.22
NC_018649.1_1448,PF00344.23
NC_018649.1_1473,PF00687.24
NC_018649.1_1613,PF05685.15
NC_018649.1_1671,PF00920.24
NC_018649.1_1707,PF02900.21
NC_018649.1_1801,PF00218.24
NC_018649.1_1806,PF00293.31
NC_018649.1_1852,PF00999.24
NC_018649.1_1870,PF03544.17
NC_018649.1_1910,PF02261.19
NC_018649.1_1974,PF04551.17
NC_018649.1_1977,PF01148.23
NC_018649.1_1978,PF01255.22
NC_018649.1_2060,PF00475.21
NC_018649.1_2079,PF02511.18
NC_018649.1_2090,PF06335.15
NC_018649.1_2121,PF13524.9
NC_018649.1_2286,PF01451.24
NC_018649.1_2300,PF00459.28
NC_018649.1_2355,PF02666.18
DGKK01000066.1_7,PF01872.20
DGKK01000066.1_14,PF02518.29
DGKK01000066.1_18,PF00990.24
DGKK01000066.1_25,PF02656.18
DGKK01000031.1_3,PF02639.17
DGKK01000031.1_64,PF00034.24
DGKK01000058.1_16,PF02660.18
DGKK01000058.1_29,PF00723.24
DGKK01000058.1_30,PF04362.17
DGKK01000044.1_5,PF04956.16
DGKK01000026.1_31,PF02541.19
DGKK01000061.1_5,PF02321.21
DGKK01000039.1_3,PF00731.23
DGKK01000051.1_36,PF00213.21
DGKK01000069.1_7,PF00211.23
DGKK01000073.1_18,PF04316.16
DGKK01000074.1_8,PF01161.23
DGKK01000074.1_21,PF01557.21
DGKK01000074.1_26,PF14870.9
DGKK01000074.1_43,PF01553.24
DGKK01000074.1_52,PF06296.15
DGKK01000041.1_31,PF01522.24
DGKK01000041.1_33,PF04932.18
DGKK01000025.1_31,PF00929.27
DGKK01000025.1_48,PF02572.18
DGKK01000025.1_95,PF02775.24
DGKK01000001.1_3,PF00300.25
DGKK01000052.1_56,PF01343.21
DGKK01000052.1_72,PF00291.28
DGKK01000013.1_3,PF00459.28
DGKK01000017.1_2,PF00266.22
DGKK01000062.1_8,PF00149.31
DGKK01000062.1_16,PF14464.9
DGKK01000020.1_18,PF01148.23
DGKK01000020.1_29,PF00590.23
DGKK01000034.1_4,PF03548.18
DGKK01000033.1_13,PF01548.20
DGKK01000068.1_22,PF12710.10
DGKK01000068.1_37,PF00724.23
DGKK01000021.1_11,PF00072.27
DGKK01000021.1_21,PF00850.22
DGKK01000027.1_4,PF02347.19
DGKK01000027.1_31,PF01313.22
DGKK01000056.1_6,PF02277.20
DGKK01000070.1_9,PF03975.16
DGKK01000005.1_16,PF00563.23
DGKK01000035.1_35,PF05947.15
JAFGTC010000215.1_7,PF00950.20
JAFGTC010000217.1_3,PF00909.24
JAFGTC010000220.1_31,PF08279.15
JAFGTC010000226.1_18,PF02653.19
JAFGTC010000227.1_5,PF00072.27
JAFGTC010000244.1_23,PF00175.24
JAFGTC010000249.1_10,PF13646.9
JAFGTC010000255.1_18,PF07927.15
JAFGTC010000261.1_49,PF00793.23
JAFGTC010000262.1_8,PF00263.24
JAFGTC010000267.1_50,PF18582.4
JAFGTC010000301.1_1,PF13517.9
JAFGTC010000311.1_8,PF01960.21
JAFGTC010000037.1_45,PF11756.11
JAFGTC010000001.1_18,PF13412.9
JAFGTC010000040.1_19,PF00701.25
JAFGTC010000044.1_6,PF01261.27
JAFGTC010000046.1_18,PF13924.9
JAFGTC010000051.1_21,PF00248.24
JAFGTC010000054.1_25,PF06114.16
JAFGTC010000056.1_18,PF01650.21
JAFGTC010000087.1_8,PF00392.24
JAFGTC010000095.1_5,PF02811.22
JAFGTC010000096.1_3,PF07963.15
JAFGTC010000096.1_16,PF02119.19
JAFGTC010000104.1_25,PF14103.9
JAFGTC010000010.1_16,PF02261.19
JAFGTC010000115.1_1,PF00005.30
JAFGTC010000119.1_1,PF02562.19
JAFGTC010000119.1_5,PF04367.16
JAFGTC010000124.1_6,PF00144.27
JAFGTC010000127.1_8,PF07963.15
JAFGTC010000129.1_2,PF01507.22
JAFGTC010000017.1_19,PF08334.14
JAFGTC010000146.1_10,PF13744.9
JAFGTC010000151.1_21,PF02641.18
JAFGTC010000152.1_17,PF01416.23
JAFGTC010000153.1_9,PF07940.16
JAFGTC010000153.1_37,PF13385.9
JAFGTC010000160.1_4,PF01327.24
JAFGTC010000161.1_7,PF00701.25
JAFGTC010000162.1_4,PF13646.9
JAFGTC010000165.1_3,PF13524.9
JAFGTC010000169.1_7,PF00347.26
JAFGTC010000173.1_2,PF00814.28
JAFGTC010000177.1_2,PF13400.9
JAFGTC010000188.1_9,PF04055.24
JAFGTC010000189.1_7,PF07796.14
JAFGTC010000205.1_20,PF01261.27
JAFGTC010000208.1_10,PF00137.24
JAFGTC010000210.1_7,PF04026.15
LMZT01000003.1_31,PF05580.15
LMZT01000005.1_4,PF13088.9
LMZT01000009.1_14,PF00171.25
LMZT01000011.1_32,PF03780.16
LMZT01000044.1_7,PF02142.25
LMZT01000047.1_12,PF00908.20
LMZT01000052.1_39,PF18884.3
LMZT01000059.1_14,PF05721.16
LMZT01000060.1_14,PF02065.21
LMZT01000066.1_3,PF00834.22
LMZT01000066.1_13,PF01156.22
LMZT01000067.1_21,PF01861.19
LMZT01000070.1_9,PF00701.25
LMZT01000079.1_9,PF00528.25
LMZT01000082.1_4,PF00561.23
LMZT01000083.1_1,PF04055.24
LMZT01000094.1_10,PF00977.24
LMZT01000095.1_4,PF00754.28
LMZT01000104.1_11,PF06283.14
LMZT01000105.1_1,PF03916.17
LMZT01000109.1_24,PF02119.19
LMZT01000115.1_17,PF16980.8
LMZT01000116.1_18,PF02424.18
LMZT01000139.1_30,PF04026.15
LMZT01000143.1_4,PF02518.29
LMZT01000143.1_12,PF12715.10
LMZT01000147.1_81,PF04932.18
LMZT01000159.1_5,PF03652.18
LMZT01000163.1_19,PF01075.20
LMZT01000163.1_21,PF08984.14
LMZT01000165.1_16,PF02358.19
LMZT01000169.1_23,PF01663.25
LMZT01000178.1_46,PF03928.17
CAIVOB010000020.1_3,PF01264.24
CAIVOB010000022.1_7,PF04350.16
CAIVOB010000024.1_2,PF00149.31
CAIVOB010000043.1_5,PF01145.28
CAIVOB010000047.1_9,PF01966.25
CAIVOB010000053.1_3,PF05226.14
CAIVOB010000054.1_3,PF00861.25
CAIVOB010000056.1_5,PF02542.19
CAIVOB010000058.1_8,PF02321.21
CAIVOB010000059.1_6,PF00112.26
CAIVOB010000067.1_11,PF01852.22
CAIVOB010000083.1_5,PF02405.19
CAIVOB010000085.1_7,PF02823.19
CAIVOB010000086.1_9,PF00672.28
CAIVOB010000087.1_2,PF00294.27
CAIVOB010000087.1_16,PF00691.23
CAIVOB010000101.1_2,PF01551.25
CAIVOB010000123.1_19,PF00156.30
CAIVOB010000124.1_13,PF01558.21
CAIVOB010000125.1_10,PF09924.12
CAIVOB010000127.1_6,PF02361.19
CAIVOB010000127.1_7,PF02511.18
CAIVOB010000137.1_2,PF00291.28
CAIVOB010000138.1_1,PF05239.19
CAIVOB010000146.1_17,PF01964.21
CAIVOB010000146.1_19,PF17792.4
CAIVOB010000147.1_3,PF09407.13
CAIVOB010000148.1_2,PF01063.22
CAIVOB010000155.1_15,PF13277.9
CAIVOB010000158.1_7,PF07238.17
CAIVOB010000170.1_9,PF02537.18
CAIVOB010000186.1_4,PF01709.23
CAIVOB010000192.1_1,PF00137.24
WJKZ01000058.1_2,PF00156.30
WJKZ01000006.1_1,PF04367.16
WJKZ01000063.1_5,PF07045.14
WJKZ01000007.1_7,PF02768.18
WJKZ01000081.1_2,PF12092.11
WJKZ01000084.1_1,PF00118.27
WJKZ01000011.1_7,PF05681.17
WJKZ01000090.1_1,PF04055.24
WJKZ01000097.1_2,PF02321.21
WJKZ01000102.1_1,PF01075.20
WJKZ01000108.1_2,PF01075.20
WJKZ01000131.1_7,PF01618.19
WJKZ01000131.1_15,PF00771.23
WJKZ01000138.1_2,PF07238.17
WJKZ01000142.1_1,PF01336.28
WJKZ01000154.1_5,PF09397.13
WJKZ01000015.1_5,PF00697.25
WJKZ01000155.1_9,PF03118.18
WJKZ01000156.1_2,PF01136.22
WJKZ01000159.1_6,PF04055.24
WJKZ01000163.1_5,PF00731.23
WJKZ01000001.1_6,PF00795.25
WJKZ01000182.1_7,PF13828.9
WJKZ01000185.1_3,PF17253.5
WJKZ01000192.1_7,PF07238.17
WJKZ01000195.1_5,PF01048.23
WJKZ01000195.1_13,PF03364.23
WJKZ01000195.1_16,PF02310.22
WJKZ01000204.1_2,PF01564.20
WJKZ01000209.1_1,PF00293.31
WJKZ01000214.1_1,PF02574.19
WJKZ01000219.1_3,PF00793.23
WJKZ01000019.1_4,PF02261.19
WJKZ01000228.1_8,PF02424.18
WJKZ01000020.1_2,PF17792.4
WJKZ01000020.1_3,PF01467.29
WJKZ01000002.1_6,PF00238.22
WJKZ01000237.1_5,PF01875.20
WJKZ01000240.1_4,PF13411.9
WJKZ01000244.1_4,PF01075.20
WJKZ01000248.1_1,PF00999.24
WJKZ01000252.1_4,PF02579.20
WJKZ01000255.1_10,PF01458.20
WJKZ01000262.1_5,PF01259.21
WJKZ01000275.1_8,PF00584.23
WJKZ01000275.1_11,PF00687.24
WJKZ01000279.1_4,PF02163.25
WJKZ01000003.1_1,PF01161.23
WJKZ01000026.1_7,PF01812.23
WJKZ01000031.1_8,PF16930.8
WJKZ01000035.1_6,PF01588.23
WJKZ01000036.1_2,PF00359.25
WJKZ01000042.1_3,PF01925.22
WJKZ01000044.1_4,PF00398.23
WJKZ01000051.1_12,PF00557.27
PUNC01000112.1_1,PF01791.12
PUNC01000093.1_21,PF04350.16
PUNC01000093.1_27,PF07963.15
PUNC01000118.1_4,PF01862.19
PUNC01000055.1_20,PF00994.27
PUNC01000152.1_24,PF00850.22
PUNC01000229.1_1,PF03947.21
PUNC01000229.1_8,PF00238.22
PUNC01000229.1_9,PF17136.7
PUNC01000229.1_12,PF00410.22
PUNC01000229.1_19,PF00557.27
PUNC01000161.1_1,PF09586.13
PUNC01000243.1_11,PF06691.14
PUNC01000243.1_17,PF01257.22
PUNC01000243.1_38,PF01812.23
PUNC01000113.1_12,PF01075.20
PUNC01000113.1_46,PF00581.23
PUNC01000142.1_4,PF04023.17
PUNC01000133.1_82,PF03412.18
PUNC01000029.1_1,PF02397.19
PUNC01000211.1_29,PF00324.24
PUNC01000164.1_3,PF00753.30
PUNC01000011.1_2,PF01743.23
PUNC01000011.1_23,PF01784.21
PUNC01000139.1_13,PF02452.20
PUNC01000163.1_7,PF00528.25
PUNC01000197.1_4,PF01850.24
PUNC01000109.1_1,PF01408.25
PUNC01000175.1_10,PF03886.16
PUNC01000214.1_1,PF17815.4
PUNC01000106.1_3,PF00528.25
PUNC01000106.1_30,PF02245.19
PUNC01000201.1_13,PF00005.30
PUNC01000051.1_2,PF00535.29
PUNC01000220.1_19,PF00107.29
PUNC01000173.1_2,PF19027.3
PUNC01000190.1_5,PF09754.12
PUNC01000204.1_20,PF02620.20
PUNC01000193.1_6,PF05105.15
PUNC01000191.1_16,PF00080.23
PUNC01000105.1_3,PF02508.17
PUNC01000001.1_9,PF04221.15
PWXJ01000231.1_5,PF07963.15
PWXJ01000164.1_3,PF01425.24
PWXJ01000122.1_2,PF13298.9
PWXJ01000061.1_1,PF00485.21
PWXJ01000243.1_6,PF08843.14
PWXJ01000230.1_6,PF00485.21
PWXJ01000319.1_2,PF02033.21
PWXJ01000046.1_1,PF01797.19
PWXJ01000029.1_3,PF00496.25
PWXJ01000253.1_5,PF00941.24
PWXJ01000272.1_6,PF00411.22
PWXJ01000011.1_4,PF00953.24
PWXJ01000131.1_6,PF01522.24
PWXJ01000303.1_6,PF01165.23
PWXJ01000134.1_4,PF00753.30
PWXJ01000135.1_14,PF00962.25
PWXJ01000310.1_2,PF09952.12
PWXJ01000168.1_8,PF13036.9
PWXJ01000317.1_45,PF08899.14
PWXJ01000123.1_22,PF00899.24
PWXJ01000123.1_30,PF03349.19
PWXJ01000220.1_2,PF12705.10
PWXJ01000202.1_4,PF01618.19
PWXJ01000194.1_11,PF02548.18
PWXJ01000233.1_4,PF01058.25
PWXJ01000233.1_20,PF00936.22
PWXJ01000233.1_26,PF12728.10
PWXJ01000035.1_10,PF00528.25
PWXJ01000035.1_12,PF00126.30
PWXJ01000090.1_12,PF00118.27
PWXJ01000031.1_9,PF00301.23
PWXJ01000222.1_1,PF04932.18
PWXJ01000030.1_4,PF00072.27
PWXJ01000138.1_1,PF13231.9
PWXJ01000167.1_2,PF01850.24
PWXJ01000288.1_6,PF00144.27
PWXJ01000070.1_1,PF01402.24
PWXJ01000033.1_15,PF00132.27
PWXJ01000184.1_2,PF07681.15
PWXJ01000001.1_4,PF03063.23
PWXJ01000047.1_1,PF01595.23
PWXJ01000228.1_2,PF18927.3
PWXJ01000178.1_4,PF01087.25
LCRX01000001.1_36,PF13196.9
LCRX01000003.1_26,PF14528.9
LCRX01000004.1_28,PF01978.22
LCRX01000006.1_58,PF00231.22
LCRX01000009.1_9,PF09335.14
LCRX01000010.1_22,PF01048.23
LCRX01000011.1_52,PF01026.24
LCRX01000011.1_64,PF02661.21
LCRX01000011.1_84,PF00254.31
LCRX01000013.1_27,PF00453.21
LCRX01000014.1_68,PF01996.19
JAFRZH010000015.1_28,PF00571.31
JAFRZH010000016.1_3,PF00717.26
JAFRZH010000018.1_40,PF02535.25
JAFRZH010000022.1_14,PF01098.22
JAFRZH010000022.1_42,PF13173.9
JAFRZH010000022.1_58,PF09876.12
JAFRZH010000028.1_22,PF01741.21
JAFRZH010000029.1_87,PF03275.16
JAFRZH010000030.1_36,PF04294.16
JAFRZH010000031.1_15,PF00293.31
JAFRZH010000031.1_39,PF11325.11
JAFRZH010000031.1_45,PF01380.25
JAFRZH010000032.1_32,PF05016.18
JAFRZH010000007.1_46,PF00395.23
JAHJSD010000013.1_12,PF01594.19
JAHJSD010000018.1_1,PF00293.31
JAHJSD010000018.1_8,PF13231.9
JAHJSD010000024.1_33,PF13632.9
JAHJSD010000067.1_29,PF07676.15
JAHJSD010000083.1_4,PF01841.22
JAHJSD010000086.1_1,PF13196.9
JAHJSD010000089.1_26,PF00741.21
JAHJSD010000095.1_1,PF00535.29
JAHKBB010000089.1_2,PF07963.15
JAHKBB010000089.1_7,PF02082.23
JAHKBB010000016.1_5,PF01699.27
JAHKBB010000037.1_1,PF00155.24
JAHKBB010000049.1_13,PF01817.24
JAHKBB010000070.1_9,PF00027.32
JAGORV010000001.1_35,PF09966.12
JAGORV010000008.1_5,PF01467.29
JAGORV010000036.1_5,PF00571.31
JAGORV010000041.1_3,PF10502.12
JAGORV010000004.1_33,PF09594.13
JAGORV010000006.1_4,PF02661.21
JAFQXV010000006.1_43,PF13177.9
JAFQXV010000008.1_30,PF02575.19
JAFQXV010000001.1_15,PF05239.19
JAFQXV010000002.1_7,PF00953.24
JAFQXV010000012.1_6,PF04229.17
JAFQXV010000014.1_6,PF01832.23
JAFQXV010000014.1_126,PF09603.13
JAGYNK010000001.1_5,PF00579.28
JAGYNK010000014.1_13,PF05635.14
JAGYNK010000025.1_2,PF08478.13
JAGYNK010000043.1_7,PF02686.18
JAGYNK010000070.1_3,PF01541.27
JAGYNK010000084.1_8,PF01250.20
JAGYNK010000086.1_1,PF04932.18
JAGYNK010000086.1_15,PF01435.21
JAGYNK010000091.1_3,PF02811.22
JAGOUY010000001.1_117,PF00137.24
JAGOUY010000003.1_30,PF02482.22
JAGOUY010000003.1_38,PF02021.20
JAGOUY010000003.1_74,PF00535.29
JAGOUY010000004.1_58,PF00156.30
JAGOUY010000008.1_93,PF00557.27
JAGOUY010000009.1_6,PF03840.17
JAGOUY010000011.1_3,PF09250.14
JAGOUY010000011.1_23,PF01746.24
JAGOUY010000011.1_44,PF00294.27
JAGOUY010000012.1_55,PF00953.24
DBRQ01000006.1_91,PF04350.16
DBRQ01000006.1_178,PF04085.17
DBRQ01000006.1_203,PF03808.16
DBRQ01000009.1_8,PF06541.14
DBRQ01000009.1_123,PF00535.29
DBRQ01000003.1_3,PF01592.19
DBRQ01000003.1_7,PF00709.24
DBRQ01000002.1_68,PF13482.9
DBRQ01000002.1_143,PF13231.9
DBRQ01000008.1_19,PF19044.3
VMFZ01000013.1_6,PF00252.21
VMFZ01000013.1_22,PF00297.25
VMFZ01000013.1_27,PF00338.25
VMFZ01000004.1_42,PF12686.10
VMFZ01000006.1_23,PF05016.18
VMFZ01000007.1_28,PF00953.24
CP036261.1_504,PF07610.14
CP036261.1_819,PF13488.9
CP036261.1_829,PF00795.25
CP036261.1_867,PF06182.14
CP036261.1_1052,PF03417.19
CP036261.1_1224,PF00528.25
CP036261.1_1568,PF03884.17
CP036261.1_1777,PF13454.9
CP036261.1_1863,PF00162.22
CP036261.1_1991,PF00005.30
CP036261.1_2190,PF00884.26
CP036261.1_2231,PF02635.18
CP036261.1_3300,PF02687.24
CP036261.1_3786,PF05016.18
CP036261.1_3849,PF00474.20
CP036261.1_4293,PF01261.27
CP036261.1_4317,PF02535.25
CP036261.1_4490,PF01797.19
CP036261.1_4663,PF00701.25
CP036261.1_4927,PF01594.19
CP036261.1_4970,PF05016.18
CP036261.1_5335,PF00873.22
JACTNB010000019.1_53,PF02482.22
JACTNB010000008.1_113,PF00990.24
JACTNB010000018.1_11,PF04230.16
JACTNB010000007.1_81,PF01261.27
JACTNB010000013.1_53,PF02223.20
JACTNB010000013.1_68,PF01925.22
JACTNB010000013.1_418,PF03968.17
JACTNB010000022.1_122,PF00701.25
JACTNB010000033.1_67,PF03601.17
JACTNB010000033.1_106,PF02602.18
JACTNB010000033.1_163,PF00583.28
JACTNB010000005.1_1,PF15640.9
JACTNB010000036.1_278,PF01261.27
JACTNB010000021.1_100,PF01261.27
JACTNB010000015.1_11,PF00253.24
JACTNB010000025.1_16,PF07556.14
WYBT01000017.1_61,PF00589.25
WYBT01000020.1_17,PF11070.11
WYBT01000002.1_71,PF02653.19
WYBT01000021.1_308,PF13365.9
WYBT01000023.1_29,PF02597.23
WYBT01000024.1_71,PF10099.12
WYBT01000026.1_163,PF00115.23
WYBT01000026.1_185,PF02417.18
WYBT01000026.1_218,PF13620.9
WYBT01000032.1_78,PF02321.21
WYBT01000038.1_8,PF06439.14
WYBT01000039.1_67,PF14376.9
WYBT01000004.1_156,PF07040.14
WYBT01000048.1_8,PF04244.16
WYBT01000049.1_54,PF02541.19
WYBT01000050.1_11,PF00709.24
WYBT01000052.1_59,PF01943.20
WYBT01000057.1_5,PF05167.15
WYBT01000057.1_11,PF00936.22
WYBT01000060.1_35,PF04403.16
WYBT01000062.1_1,PF02633.17
WYBT01000063.1_54,PF08334.14
DEYK01000004.1_88,PF03477.19
DEYK01000013.1_14,PF02190.19
DEYK01000026.1_6,PF01553.24
DEYK01000026.1_25,PF07610.14
DEYK01000019.1_4,PF07586.14
DEYK01000041.1_26,PF00005.30
DEYK01000033.1_32,PF02472.19
DEYK01000035.1_2,PF03372.26
DEYK01000035.1_9,PF00303.22
DEYK01000059.1_8,PF00404.21
DEYK01000054.1_73,PF03030.19
DEYK01000025.1_32,PF00861.25
DEYK01000052.1_38,PF02565.18
DEYK01000069.1_20,PF00202.24
DEYK01000057.1_76,PF03631.18
NZUQ01000002.1_5,PF01966.25
NZUQ01000002.1_18,PF11376.11
NZUQ01000003.1_3,PF00107.29
NZUQ01000003.1_10,PF03576.17
NZUQ01000010.1_5,PF00574.26
NZUQ01000013.1_12,PF13231.9
NZUQ01000013.1_35,PF00528.25
NZUQ01000013.1_43,PF00248.24
NZUQ01000016.1_16,PF00828.22
NZUQ01000025.1_18,PF02674.19
NZUQ01000025.1_32,PF01709.23
NZUQ01000029.1_40,PF06803.15
NZUQ01000035.1_10,PF00528.25
NZUQ01000036.1_1,PF00248.24
NZUQ01000039.1_18,PF00903.28
NZUQ01000043.1_25,PF01208.20
NZUQ01000064.1_19,PF04413.19
NZUQ01000069.1_8,PF00248.24
NZUQ01000072.1_19,PF04055.24
NZUQ01000085.1_3,PF03321.16
NZUQ01000088.1_9,PF02687.24
NZUQ01000088.1_18,PF00884.26
NZUQ01000090.1_9,PF00837.20
NZUQ01000090.1_12,PF05721.16
NZUQ01000090.1_25,PF00583.28
NZUQ01000100.1_13,PF13620.9
NZUQ01000106.1_3,PF03030.19
NZUQ01000108.1_4,PF00936.22
NZUQ01000115.1_10,PF06283.14
NZUQ01000124.1_7,PF20434.1
NZUQ01000125.1_11,PF01252.21
NZUQ01000137.1_15,PF01297.20
NZUQ01000137.1_20,PF01261.27
NZUQ01000149.1_13,PF09861.12
NZUQ01000153.1_1,PF00211.23
NZUQ01000158.1_11,PF02401.21
NZUQ01000158.1_24,PF13527.10
NZUQ01000163.1_18,PF13541.9
NZUQ01000164.1_8,PF05721.16
PAYP01000001.1_20,PF00072.27
PAYP01000002.1_33,PF01765.22
PAYP01000006.1_59,PF02223.20
PAYP01000007.1_3,PF01250.20
PAYP01000007.1_34,PF03932.17
PAYP01000007.1_36,PF05721.16
PAYP01000010.1_22,PF19676.2
PAYP01000018.1_25,PF02577.17
PAYP01000019.1_19,PF12127.11
PAYP01000021.1_32,PF03136.18
PAYP01000025.1_17,PF13229.9
PAYP01000027.1_5,PF01565.26
PAYP01000029.1_14,PF03992.19
PAYP01000030.1_36,PF00300.25
PAYP01000030.1_38,PF06283.14
PAYP01000033.1_17,PF00754.28
PAYP01000039.1_34,PF01925.22
PAYP01000039.1_41,PF03781.19
PAYP01000041.1_13,PF00162.22
PAYP01000044.1_61,PF00310.24
PAYP01000050.1_46,PF00936.22
PAYP01000050.1_51,PF04277.16
PAYP01000050.1_87,PF04151.18
PAYP01000052.1_2,PF18935.3
PAYP01000052.1_46,PF01435.21
PAYP01000052.1_54,PF07876.15
PAYP01000056.1_15,PF00578.24
PAYP01000056.1_28,PF07683.17
PAYP01000069.1_14,PF12831.10
PAYP01000070.1_69,PF02628.18
PAYP01000071.1_22,PF20581.1
PAYP01000071.1_31,PF07719.20
PAYP01000074.1_51,PF00266.22
PAYP01000085.1_14,PF14903.9
PAYP01000087.1_2,PF05721.16
PAYP01000090.1_8,PF01312.22
PAYP01000094.1_13,PF00275.23
PAYP01000094.1_36,PF05721.16
PAYP01000102.1_21,PF00578.24
PAYP01000104.1_8,PF00188.29
PAYP01000104.1_93,PF13378.9
PAYP01000105.1_4,PF02597.23
PAYP01000105.1_12,PF03706.16
PAYP01000111.1_16,PF05721.16
PAYP01000112.1_13,PF05721.16
PAYP01000113.1_15,PF10646.12
NZ_PQVH01000001.1_65,PF01636.26
NZ_PQVH01000010.1_29,PF05494.15
NZ_PQVH01000014.1_74,PF10636.12
NZ_LMGK01000001.1_72,PF00528.25
NZ_LMGK01000001.1_84,PF04262.17
NZ_LMGK01000001.1_158,PF05106.15
NZ_LMGK01000012.1_304,PF14486.9
NZ_LMGK01000012.1_552,PF01895.22
NZ_LMGK01000020.1_402,PF01244.24
NZ_LMGK01000021.1_265,PF03176.18
NZ_LMGK01000023.1_101,PF01741.21
NZ_LMGK01000024.1_333,PF01258.20
NZ_LMGK01000026.1_164,PF00497.23
JADGDI010000021.1_14,PF01979.23
JADGDI010000030.1_21,PF00892.23
JADGDI010000004.1_61,PF01632.22
JADGDI010000052.1_13,PF00753.30
JADGDI010000066.1_8,PF09343.13
CAISUK010000139.1_8,PF07103.14
CAISUK010000246.1_1,PF00148.22
CAISUK010000344.1_7,PF01381.25
CAISUK010000389.1_10,PF07592.14
CAISUK010000586.1_5,PF02152.21
CAISUK010000622.1_13,PF11154.11
CAISUK010000666.1_3,PF07690.19
CAISUK010000704.1_6,PF01551.25
NZ_SGXC01000002.1_177,PF00528.25
NZ_SGXC01000002.1_396,PF13730.9
NZ_SGXC01000003.1_421,PF03401.17
NZ_SGXC01000003.1_949,PF03401.17
NZ_SGXC01000004.1_101,PF05433.18
DDGC01000004.1_276,PF02974.17
DDGC01000007.1_37,PF03591.17
DDGC01000019.1_157,PF02626.18
NZ_JOOE01000003.1_507,PF03831.17
NZ_JOOE01000004.1_62,PF03551.17
NZ_JOOE01000006.1_35,PF09990.12
NZ_JAGGOF010000048.1_1,PF03061.25
NZ_JAGGOF010000072.1_1,PF19029.3
NZ_JAGGOF010000092.1_11,PF06516.14
NZ_JAFCMM010000001.1_260,PF00892.23
NZ_JAFCMM010000001.1_1495,PF07883.14
NZ_JAFCMM010000001.1_2436,PF01909.26
NZ_JAFCMM010000005.1_367,PF13505.9
CP061275.1_17,PF01687.20
CP061275.1_279,PF01116.23
JABXHY010000032.1_67,PF00797.20
JABXHY010000088.1_10,PF00313.25
JABXHY010000095.1_3,PF01389.20
JABXHY010000019.1_54,PF00682.22
JABXHY010000031.1_8,PF00691.23
JABXHY010000011.1_55,PF04952.17
NZ_UTHA01000029.1_57,PF00528.25
NZ_UTHA01000019.1_26,PF12680.10
NZ_UTHA01000188.1_51,PF04012.15
NZ_UTHA01000001.1_271,PF00293.31
NZ_UTHA01000301.1_1,PF02367.20
NZ_UTHA01000078.1_219,PF07947.17
NZ_UTHA01000087.1_90,PF04233.17
NZ_UTHA01000125.1_32,PF10082.12
NZ_UTHA01000129.1_9,PF13472.9
NZ_UTHA01000135.1_6,PF10617.12
NZ_BAEO01000049.1_26,PF16242.8
NZ_BAEO01000041.1_40,PF13511.9
NZ_BAEO01000025.1_28,PF02321.21
NZ_BAEO01000024.1_26,PF01312.22
NZ_BAEO01000012.1_39,PF00482.26
JWIH01000016.1_196,PF08013.14
JWIH01000025.1_654,PF03971.17
DHZH01000007.1_206,PF03551.17
DHZH01000002.1_213,PF00137.24
DHZH01000002.1_551,PF04234.15
JAFTSJ010000038.1_7,PF02502.21
NZ_JABASS010000012.1_54,PF00574.26
NZ_JABASS010000004.1_22,PF01661.24
CP054183.1_172,PF03968.17
CP054183.1_2171,PF00291.28
CP054183.1_2568,PF00290.23
WGBT01000229.1_3,PF01694.25
WGBT01000294.1_2,PF03741.19
JAADIC010000093.1_6,PF00294.27
NZ_JAFVMG010000001.1_193,PF05257.19
NZ_JAFVMG010000016.1_55,PF17358.5
NZ_JAFVMG010000009.1_97,PF01035.23
SBHG01000159.1_11,PF04379.17
NZ_JADAQY010000003.1_99,PF01165.23
NZ_LMIV01000001.1_1276,PF02321.21
NZ_LMIV01000001.1_1754,PF19883.2
NZ_LMIV01000002.1_829,PF06580.16
NZ_LMIV01000003.1_122,PF09935.12
NZ_LMIV01000004.1_159,PF05336.16
JAFGEX010000275.1_6,PF00266.22
JAFGEX010000285.1_5,PF03734.17
JAFGEX010000292.1_16,PF04341.15
JAFGEX010000294.1_1,PF00150.21
JAFGEX010000309.1_4,PF00248.24
JAFGEX010000313.1_2,PF01180.24
JAFGEX010000003.1_2,PF00923.22
JAFGEX010000335.1_2,PF01833.27
JAFGEX010000343.1_4,PF13192.9
JAFGEX010000347.1_8,PF03631.18
JAFGEX010000348.1_2,PF00656.25
JAFGEX010000349.1_3,PF13472.9
JAFGEX010000360.1_20,PF02649.17
JAFGEX010000036.1_8,PF00691.23
JAFGEX010000382.1_3,PF00171.25
JAFGEX010000388.1_4,PF00694.22
JAFGEX010000391.1_11,PF12831.10
JAFGEX010000052.1_1,PF01855.22
JAFGEX010000061.1_24,PF02616.17
JAFGEX010000065.1_13,PF01208.20
JAFGEX010000070.1_5,PF04015.15
JAFGEX010000095.1_5,PF01180.24
JAFGEX010000117.1_2,PF00276.23
JAFGEX010000117.1_5,PF00237.22
JAFGEX010000118.1_4,PF14885.9
JAFGEX010000137.1_2,PF00829.24
JAFGEX010000153.1_7,PF00072.27
JAFGEX010000169.1_5,PF07681.15
JAFGEX010000172.1_12,PF03009.20
JAFGEX010000177.1_8,PF01261.27
JAFGEX010000179.1_8,PF00156.30
JAFGEX010000188.1_2,PF02508.17
JAFGEX010000190.1_1,PF00886.22
JAFGEX010000019.1_9,PF11790.11
JAFGEX010000220.1_7,PF03349.19
JAFGEX010000243.1_9,PF00171.25
JAFGEX010000244.1_2,PF01263.23
JAFGEX010000244.1_4,PF03169.18
JABMRT010000034.1_8,PF04748.16
JABMRT010000040.1_8,PF02405.19
JABMRT010000042.1_3,PF02169.19
JABMRT010000059.1_4,PF01250.20
JABMRT010000064.1_8,PF01345.21
JABMRT010000069.1_3,PF00155.24
JABMRT010000076.1_26,PF09424.13
JABMRT010000089.1_9,PF00692.22
JABMRT010000092.1_32,PF02361.19
JABMRT010000093.1_5,PF00174.22
JABMRT010000098.1_6,PF01206.20
JABMRT010000101.1_49,PF19572.2
JABMRT010000106.1_22,PF02508.17
JABMRT010000107.1_52,PF00403.29
JABMRT010000135.1_30,PF02627.23
JABMRT010000138.1_12,PF00697.25
JABMRT010000144.1_4,PF04480.15
JABMRT010000174.1_16,PF00453.21
JABMRT010000188.1_1,PF12708.10
JABMRT010000189.1_1,PF19572.2
JABMRT010000191.1_22,PF00728.25
JABMRT010000192.1_7,PF16490.8
JABMRT010000204.1_1,PF01797.19
JABMRT010000021.1_4,PF04389.20
JABMRT010000212.1_1,PF01464.23
JABMRT010000215.1_7,PF01041.20
JABMRT010000234.1_3,PF00903.28
JABMRT010000236.1_11,PF00365.23
JABMRT010000246.1_3,PF07470.16
JABMRT010000248.1_17,PF04246.15
JABMRT010000252.1_10,PF07676.15
JABMRT010000025.1_7,PF01012.24
JABMRT010000268.1_14,PF02449.18
JABMRT010000278.1_4,PF02397.19
JABMRT010000285.1_3,PF13517.9
JABMRT010000288.1_33,PF11950.11
JABMRT010000289.1_1,PF18962.3
JABMRT010000290.1_12,PF04909.17
JABMRT010000293.1_1,PF01940.19
JABMRT010000293.1_18,PF01522.24
JABMRT010000303.1_15,PF01522.24
JABMRT010000027.1_18,PF13472.9
JABMRT010000028.1_4,PF04616.17
MGQK01000002.1_2,PF00474.20
MGQK01000004.1_14,PF01176.22
MGQK01000011.1_36,PF04015.15
MGQK01000012.1_20,PF11617.11
MGQK01000021.1_8,PF01597.22
MGQK01000022.1_19,PF03167.22
MGQK01000029.1_5,PF01558.21
MGQK01000033.1_28,PF02633.17
MGQK01000034.1_22,PF06293.17
MGQK01000042.1_13,PF07238.17
MGQK01000044.1_21,PF07396.14
MGQK01000055.1_8,PF02775.24
MGQK01000056.1_26,PF16670.8
MGQK01000060.1_26,PF01882.21
MGQK01000063.1_60,PF15919.8
MGQK01000068.1_42,PF01694.25
MGQK01000070.1_8,PF00908.20
MGQK01000070.1_25,PF04026.15
MGQK01000071.1_13,PF07238.17
MGQK01000071.1_63,PF00291.28
MGQK01000073.1_7,PF03598.18
MGQK01000076.1_49,PF00072.27
MGQK01000081.1_66,PF01120.20
MGQK01000081.1_105,PF13471.9
MGQK01000081.1_169,PF00237.22
MGQK01000084.1_10,PF04015.15
MGQK01000099.1_47,PF00474.20
MGQK01000113.1_12,PF14361.9
MGQK01000113.1_53,PF02452.20
MGQK01000113.1_63,PF01098.22
MGQK01000125.1_11,PF00072.27
MGQK01000125.1_42,PF02361.19
MGQK01000125.1_74,PF14072.9
MGQK01000129.1_19,PF06348.14
MGQK01000130.1_28,PF01797.19
MGQK01000132.1_18,PF00571.31
DRUE01000208.1_5,PF01063.22
DRUE01000219.1_4,PF14072.9
DRUE01000006.1_14,PF01554.21
DRUE01000334.1_15,PF00528.25
DRUE01000370.1_4,PF02492.22
DRUE01000128.1_3,PF04055.24
DRUE01000142.1_12,PF00238.22
DRUE01000047.1_14,PF16927.8
DRUE01000042.1_6,PF04015.15
DRUE01000092.1_10,PF00825.21
DRUE01000366.1_2,PF00226.34
DRUE01000013.1_2,PF05258.15
DRUE01000165.1_7,PF00004.32
DRUE01000110.1_5,PF01208.20
DRUE01000296.1_6,PF01058.25
DRUE01000197.1_3,PF01555.21
DRUE01000015.1_2,PF00293.31
DRUE01000354.1_3,PF00108.26
DRUE01000222.1_4,PF04085.17
DRUE01000282.1_4,PF09822.12
DRUE01000061.1_4,PF01584.22
DRUE01000365.1_6,PF05050.15
DRUE01000241.1_1,PF05157.18
DRUE01000052.1_6,PF02616.17
DRUE01000017.1_4,PF20332.1
DRUE01000403.1_1,PF13292.9
DRUE01000333.1_4,PF09019.14
DRUE01000035.1_4,PF07238.17
DRUE01000157.1_4,PF01750.21
DRUE01000157.1_5,PF00374.22
DRUE01000214.1_1,PF01663.25
DRUE01000164.1_2,PF00890.27
DRUE01000134.1_4,PF00480.23
DRUE01000255.1_2,PF05168.17
DRUE01000317.1_3,PF13231.9
WJMB01000014.1_4,PF01212.24
WJMB01000138.1_10,PF01632.22
WJMB01000163.1_12,PF01558.21
WJMB01000175.1_7,PF01783.26
WJMB01000176.1_6,PF19647.2
WJMB01000182.1_5,PF00814.28
WJMB01000205.1_5,PF01081.22
WJMB01000205.1_19,PF01551.25
WJMB01000213.1_6,PF00596.24
WJMB01000027.1_12,PF00297.25
WJMB01000027.1_38,PF00411.22
WJMB01000217.1_1,PF00480.23
WJMB01000221.1_8,PF08478.13
WJMB01000237.1_5,PF00565.20
WJMB01000239.1_2,PF02577.17
WJMB01000243.1_1,PF04205.17
WJMB01000031.1_2,PF01676.21
WJMB01000246.1_2,PF01242.22
WJMB01000247.1_2,PF01739.21
WJMB01000253.1_2,PF01425.24
WJMB01000255.1_8,PF13620.9
WJMB01000257.1_1,PF02913.22
WJMB01000259.1_4,PF00291.28
WJMB01000263.1_5,PF05164.16
WJMB01000278.1_1,PF07676.15
WJMB01000290.1_5,PF06445.18
WJMB01000295.1_6,PF01578.23
WJMB01000311.1_1,PF07396.14
WJMB01000329.1_3,PF01012.24
WJMB01000050.1_3,PF00027.32
WJMB01000050.1_4,PF00027.32
WJMB01000051.1_7,PF04493.17
WJMB01000054.1_2,PF01594.19
WJMB01000059.1_5,PF04343.16
WJMB01000366.1_2,PF01694.25
WJMB01000375.1_5,PF03259.20
WJMB01000377.1_13,PF14076.9
WJMB01000391.1_4,PF00318.23
WJMB01000394.1_4,PF00398.23
WJMB01000073.1_5,PF01648.23
WJMB01000081.1_14,PF01497.21
WJMB01000081.1_16,PF13277.9
WJMB01000108.1_2,PF02548.18
WJMB01000111.1_1,PF04166.15
WJMB01000125.1_4,PF04932.18
WJMB01000127.1_2,PF01555.21
MFAF01000001.1_1,PF09723.13
MFAF01000014.1_1,PF00155.24
MFAF01000018.1_2,PF13399.9
MFAF01000018.1_18,PF01195.22
MFAF01000019.1_15,PF01075.20
MFAF01000019.1_16,PF11306.11
MFAF01000034.1_19,PF07456.14
MFAF01000040.1_6,PF02563.19
MFAF01000056.1_1,PF05683.15
MFAF01000062.1_3,PF03631.18
MFAF01000066.1_22,PF04932.18
MFAF01000072.1_3,PF00892.23
MFAF01000076.1_5,PF00825.21
MFAF01000080.1_2,PF13205.9
MFAF01000087.1_1,PF02684.18
MFAF01000099.1_2,PF02662.19
MFAF01000102.1_3,PF01813.20
MFAF01000102.1_31,PF03687.16
MFAF01000109.1_12,PF00892.23
MFAF01000116.1_1,PF01351.21
MFAF01000118.1_19,PF13205.9
MFAF01000119.1_3,PF00152.23
MFAF01000129.1_1,PF04015.15
MFAF01000148.1_10,PF13517.9
MFAF01000150.1_11,PF13231.9
ONXP01000087.1_11,PF01116.23
ONXP01000084.1_6,PF02915.20
ONXP01000074.1_7,PF05164.16
ONXP01000074.1_10,PF00291.28
ONXP01000074.1_23,PF01025.22
ONXP01000071.1_4,PF12682.10
ONXP01000068.1_4,PF00871.20
ONXP01000065.1_5,PF00815.23
ONXP01000065.1_7,PF06695.14
ONXP01000065.1_10,PF03793.22
ONXP01000065.1_11,PF00834.22
ONXP01000065.1_23,PF04015.15
ONXP01000065.1_31,PF02367.20
ONXP01000065.1_42,PF03706.16
ONXP01000065.1_48,PF03668.18
ONXP01000065.1_49,PF08713.14
ONXP01000061.1_3,PF13399.9
ONXP01000057.1_5,PF06245.14
ONXP01000079.1_7,PF03853.18
ONXP01000055.1_2,PF02547.18
ONXP01000053.1_6,PF01075.20
ONXP01000053.1_9,PF14281.9
ONXP01000083.1_3,PF01250.20
ONXP01000072.1_10,PF02594.19
ONXP01000052.1_10,PF01066.24
ONXP01000052.1_17,PF02033.21
ONXP01000050.1_1,PF02527.18
ONXP01000050.1_15,PF01467.29
ONXP01000050.1_24,PF01300.21
ONXP01000049.1_1,PF00579.28
ONXP01000049.1_8,PF00359.25
ONXP01000048.1_2,PF01259.21
ONXP01000018.1_1,PF00248.24
ONXP01000018.1_4,PF01106.20
ONXP01000056.1_2,PF01258.20
ONXP01000056.1_3,PF00180.23
ONXP01000011.1_5,PF13651.9
ONXP01000011.1_9,PF02446.20
ONXP01000014.1_12,PF01497.21
ONXP01000012.1_8,PF02872.21
ONXP01000002.1_3,PF02673.21
ONXP01000002.1_14,PF02502.21
ONXP01000009.1_7,PF02606.17
ONXP01000009.1_20,PF02223.20
ONXP01000001.1_2,PF03279.16
ONXP01000041.1_6,PF00730.28
ONXP01000041.1_12,PF02482.22
ONXP01000041.1_16,PF00694.22
ONXP01000041.1_32,PF01075.20
ONXP01000003.1_14,PF01765.22
ONXP01000003.1_18,PF00550.28
ONXP01000003.1_41,PF04468.15
ONXP01000003.1_43,PF13200.9
ONXP01000015.1_3,PF09719.13
ONXP01000008.1_3,PF18144.4
ONXP01000008.1_4,PF01148.23
ONXP01000008.1_10,PF00275.23
ONXP01000040.1_6,PF00293.31
ONXP01000044.1_1,PF00109.29
ONXP01000044.1_4,PF00698.24
ONXP01000044.1_5,PF02504.18
ONXP01000044.1_7,PF02620.20
ONXP01000044.1_11,PF00145.20
ONXP01000020.1_30,PF00453.21
ONXP01000020.1_31,PF01632.22
ONXP01000020.1_51,PF19528.2
ONXP01000005.1_1,PF04321.20
ONXP01000005.1_8,PF00381.22
ONXP01000005.1_9,PF03613.17
ONXP01000027.1_4,PF04055.24
ONXP01000013.1_7,PF01220.22
ONXP01000086.1_9,PF00430.21
ONXP01000075.1_4,PF01027.23
ONXP01000031.1_12,PF00483.26
ONXP01000031.1_32,PF00557.27
ONXP01000034.1_15,PF01256.20
ONXP01000036.1_4,PF01475.22
ONXP01000037.1_4,PF01128.22
ONXP01000085.1_3,PF01264.24
ONXP01000022.1_3,PF01075.20
ONXP01000022.1_5,PF00899.24
ONXP01000038.1_3,PF01502.21
ONXP01000038.1_6,PF02321.21
ONXP01000058.1_1,PF00521.23
ONXP01000058.1_2,PF03352.16
ONXP01000045.1_1,PF01420.22
ONXP01000046.1_7,PF02445.19
JAFGKM010000075.1_5,PF05193.24
JAFGKM010000077.1_1,PF00535.29
JAFGKM010000012.1_24,PF00444.21
JAFGKM010000012.1_42,PF00237.22
JAFGKM010000080.1_1,PF07394.15
JAFGKM010000080.1_9,PF01208.20
JAFGKM010000083.1_3,PF01245.23
JAFGKM010000083.1_29,PF04355.16
JAFGKM010000083.1_30,PF02614.17
JAFGKM010000086.1_13,PF04909.17
JAFGKM010000087.1_2,PF01408.25
JAFGKM010000087.1_4,PF04909.17
JAFGKM010000014.1_8,PF06935.14
JAFGKM010000090.1_5,PF07927.15
JAFGKM010000015.1_16,PF13394.9
JAFGKM010000094.1_21,PF01261.27
JAFGKM010000023.1_14,PF01259.21
JAFGKM010000024.1_2,PF01208.20
JAFGKM010000025.1_13,PF04015.15
JAFGKM010000026.1_10,PF01135.22
JAFGKM010000027.1_14,PF00795.25
JAFGKM010000027.1_20,PF08450.15
JAFGKM010000027.1_28,PF01784.21
JAFGKM010000027.1_29,PF00005.30
JAFGKM010000028.1_5,PF19543.2
JAFGKM010000031.1_10,PF02130.20
JAFGKM010000001.1_16,PF00313.25
JAFGKM010000033.1_36,PF00459.28
JAFGKM010000033.1_38,PF01588.23
JAFGKM010000034.1_14,PF11211.11
JAFGKM010000038.1_45,PF02572.18
JAFGKM010000044.1_8,PF00692.22
JAFGKM010000003.1_9,PF17253.5
JAFGKM010000003.1_55,PF07963.15
JAFGKM010000045.1_5,PF01553.24
JAFGKM010000047.1_28,PF01208.20
JAFGKM010000047.1_31,PF09723.13
JAFGKM010000049.1_1,PF19543.2
JAFGKM010000049.1_2,PF02449.18
JAFGKM010000050.1_10,PF01609.24
JAFGKM010000058.1_3,PF01813.20
JAFGKM010000059.1_5,PF02449.18
JAFGKM010000061.1_11,PF18135.4
JAFGKM010000061.1_55,PF02633.17
JAFGKM010000008.1_13,PF01261.27
JAFGKM010000009.1_12,PF01029.21
JAFGKM010000009.1_16,PF01165.23
JAFGKM010000009.1_17,PF01048.23
JAFGKM010000065.1_25,PF02367.20
JAFGKM010000072.1_28,PF00365.23
JAFGKM010000074.1_7,PF01025.22
JAAYXZ010000037.1_8,PF01475.22
JAAYXZ010000039.1_9,PF02381.21
JAAYXZ010000004.1_28,PF00330.23
JAAYXZ010000004.1_29,PF00682.22
JAAYXZ010000005.1_2,PF00218.24
JAAYXZ010000045.1_1,PF00920.24
JAAYXZ010000045.1_3,PF01116.23
JAAYXZ010000049.1_8,PF03706.16
JAAYXZ010000053.1_16,PF02535.25
JAAYXZ010000056.1_4,PF00696.31
JAAYXZ010000061.1_9,PF04945.16
JAAYXZ010000064.1_6,PF01075.20
JAAYXZ010000068.1_4,PF13490.9
JAAYXZ010000070.1_5,PF00359.25
JAAYXZ010000072.1_14,PF12679.10
JAAYXZ010000073.1_10,PF01408.25
JAAYXZ010000073.1_18,PF02075.20
JAAYXZ010000079.1_5,PF00453.21
JAAYXZ010000083.1_5,PF00825.21
JAAYXZ010000087.1_3,PF01965.27
JAAYXZ010000096.1_7,PF02229.19
JAAYXZ010000099.1_1,PF00120.27
JAAYXZ010000105.1_7,PF02130.20
JAAYXZ010000108.1_8,PF01558.21
JAAYXZ010000110.1_6,PF01264.24
JAAYXZ010000016.1_2,PF00590.23
JAAYXZ010000139.1_4,PF03739.17
JAAYXZ010000141.1_8,PF07027.15
JAAYXZ010000141.1_11,PF02223.20
JAAYXZ010000142.1_11,PF07479.17
JAAYXZ010000147.1_5,PF04055.24
JAAYXZ010000149.1_7,PF02410.18
JAAYXZ010000019.1_36,PF03334.17
JAAYXZ010000155.1_5,PF13197.9
JAAYXZ010000160.1_3,PF01618.19
JAAYXZ010000166.1_1,PF02776.21
JAAYXZ010000025.1_5,PF00814.28
JAAYXZ010000027.1_3,PF02609.19
JAAYXZ010000028.1_2,PF10418.12
JAAYNI010000043.1_26,PF10502.12
JAAYNI010000043.1_27,PF09986.12
JAAYNI010000044.1_15,PF02310.22
JAAYNI010000046.1_43,PF06144.16
JAAYNI010000048.1_7,PF07963.15
JAAYNI010000067.1_13,PF00121.21
JAAYNI010000067.1_57,PF01554.21
JAAYNI010000067.1_66,PF00137.24
JAAYNI010000067.1_82,PF00381.22
JAAYNI010000075.1_2,PF01139.20
JAAYNI010000080.1_6,PF03840.17
JAAYNI010000008.1_9,PF00164.28
JAAYNI010000001.1_12,PF02872.21
JAAYNI010000089.1_6,PF04205.17
JAAYNI010000089.1_12,PF09723.13
JAAYNI010000090.1_15,PF03483.20
JAAYNI010000010.1_37,PF00437.23
JAAYNI010000096.1_7,PF04072.17
JAAYNI010000096.1_25,PF07949.15
JAAYNI010000097.1_12,PF12469.11
JAAYNI010000013.1_21,PF02321.21
JAAYNI010000013.1_85,PF00753.30
JAAYNI010000013.1_88,PF04016.15
JAAYNI010000014.1_6,PF02441.22
JAAYNI010000014.1_23,PF00121.21
JAAYNI010000014.1_32,PF13620.9
JAAYNI010000003.1_29,PF00533.29
JAAYNI010000003.1_47,PF00829.24
JAAYNI010000029.1_5,PF02163.25
JAAYNI010000030.1_11,PF01220.22
JAAYNI010000033.1_46,PF01300.21
JAAYNI010000033.1_55,PF01957.21
JAAYNI010000033.1_106,PF02350.22
JAAYNI010000037.1_1,PF00496.25
JACPTH010000057.1_2,PF00574.26
JACPTH010000057.1_3,PF06689.16
JACPTH010000064.1_7,PF01765.22
JACPTH010000068.1_5,PF02621.17
JACPTH010000173.1_5,PF07963.15
JACPTH010000389.1_2,PF04014.21
JACPTH010000389.1_6,PF02604.22
JACPTH010000389.1_7,PF01934.20
JACPTH010000014.1_1,PF00342.22
JACPTH010000083.1_6,PF00828.22
JACPTH010000087.1_6,PF01740.24
JACPTH010000091.1_2,PF07963.15
JACPTH010000092.1_2,PF01476.23
JACPTH010000096.1_3,PF00528.25
JACPTH010000114.1_1,PF01551.25
JACPTH010000256.1_11,PF13405.9
JACPTH010000293.1_4,PF06262.14
JACPTH010000313.1_1,PF00883.24
JACPTH010000191.1_8,PF04293.16
JACPTH010000249.1_3,PF00437.23
JACPTH010000221.1_4,PF00675.23
JACPTH010000276.1_3,PF02576.20
JACPTH010000178.1_2,PF00006.28
JACPTH010000344.1_4,PF00482.26
JACPTH010000181.1_16,PF04055.24
JACPTH010000006.1_3,PF06508.16
JACPTH010000270.1_7,PF13248.9
JACPTH010000271.1_6,PF02348.22
JACPTH010000394.1_2,PF00682.22
JACPTH010000283.1_2,PF00009.30
JACPTH010000288.1_3,PF07963.15
JACPTH010000018.1_4,PF04055.24
JACPTH010000377.1_1,PF07690.19
JACPTH010000020.1_6,PF16286.8
JACPTH010000314.1_3,PF00636.29
JACPTH010000316.1_4,PF13581.9
JACPTH010000328.1_5,PF11028.11
JACPTH010000409.1_1,PF00294.27
JACPTH010000412.1_2,PF08239.14
JACPTH010000415.1_1,PF02801.25
JACPTH010000415.1_3,PF07977.16
JACPTH010000206.1_8,PF01934.20
JACPTH010000501.1_6,PF02872.21
JACPTH010000427.1_1,PF00672.28
JACPTH010000539.1_1,PF05137.16
JACPTH010000493.1_4,PF02405.19
JACPTH010000404.1_2,PF01207.20
JACPTH010000002.1_3,PF01966.25
JACPTH010000462.1_1,PF00108.26
JACPTH010000553.1_6,PF16916.8
JACPTH010000004.1_3,PF00528.25
JACPTH010000569.1_2,PF02606.17
JACPTH010000167.1_2,PF12974.10
JACPTH010000476.1_1,PF14890.9
JACPTH010000478.1_4,PF00953.24
JACPTH010000515.1_1,PF12801.10
JACPTH010000104.1_14,PF17930.4
JACPTH010000560.1_1,PF03219.17
JACPTH010000564.1_6,PF00589.25
JACPTH010000527.1_2,PF00485.21
JADGAT010000103.1_7,PF00294.27
JADGAT010000111.1_1,PF01740.24
JADGAT010000011.1_13,PF10816.11
JADGAT010000011.1_45,PF04186.16
JADGAT010000011.1_66,PF00238.22
JADGAT010000011.1_71,PF00237.22
JADGAT010000011.1_72,PF00203.24
JADGAT010000121.1_3,PF09345.13
JADGAT010000123.1_3,PF13458.9
JADGAT010000012.1_11,PF00144.27
JADGAT010000131.1_6,PF01515.22
JADGAT010000132.1_4,PF02348.22
JADGAT010000136.1_3,PF02661.21
JADGAT010000013.1_42,PF02482.22
JADGAT010000141.1_1,PF00011.24
JADGAT010000142.1_2,PF07876.15
JADGAT010000144.1_5,PF01078.24
JADGAT010000015.1_21,PF01578.23
JADGAT010000015.1_49,PF04347.16
JADGAT010000016.1_2,PF06808.15
JADGAT010000016.1_14,PF01850.24
JADGAT010000017.1_7,PF00528.25
JADGAT010000180.1_1,PF05685.15
JADGAT010000182.1_4,PF05717.16
JADGAT010000018.1_52,PF06071.16
JADGAT010000001.1_48,PF00510.21
JADGAT010000001.1_93,PF01168.23
JADGAT010000001.1_157,PF00710.23
JADGAT010000001.1_191,PF01924.19
JADGAT010000001.1_196,PF00156.30
JADGAT010000021.1_19,PF00005.30
JADGAT010000021.1_25,PF02575.19
JADGAT010000226.1_1,PF01738.21
JADGAT010000022.1_33,PF01569.24
JADGAT010000023.1_4,PF00682.22
JADGAT010000024.1_5,PF00313.25
JADGAT010000024.1_35,PF10502.12
JADGAT010000025.1_6,PF01977.19
JADGAT010000025.1_7,PF04186.16
JADGAT010000026.1_44,PF00348.20
JADGAT010000002.1_37,PF01934.20
JADGAT010000002.1_39,PF07927.15
JADGAT010000002.1_113,PF03061.25
JADGAT010000030.1_19,PF03976.17
JADGAT010000030.1_37,PF00497.23
JADGAT010000034.1_14,PF00953.24
JADGAT010000037.1_37,PF14385.9
JADGAT010000039.1_36,PF04069.15
JADGAT010000003.1_30,PF00687.24
JADGAT010000003.1_36,PF00571.31
JADGAT010000043.1_8,PF00005.30
JADGAT010000045.1_30,PF03160.17
JADGAT010000046.1_33,PF01116.23
JADGAT010000048.1_21,PF01699.27
JADGAT010000053.1_19,PF00072.27
JADGAT010000054.1_22,PF01165.23
JADGAT010000064.1_21,PF01814.26
JADGAT010000066.1_2,PF01381.25
JADGAT010000006.1_37,PF00005.30
JADGAT010000006.1_65,PF02653.19
JADGAT010000006.1_83,PF00581.23
JADGAT010000073.1_12,PF00254.31
JADGAT010000076.1_2,PF07103.14
JADGAT010000089.1_4,PF00248.24
JADGAT010000008.1_51,PF02754.19
JADGAT010000008.1_53,PF00334.22
JADGAT010000009.1_58,PF00501.31
CACGSI010000003.1_16,PF01872.20
CACGSI010000004.1_27,PF01808.21
CACGSI010000007.1_5,PF01245.23
CACGSI010000013.1_13,PF01699.27
CACGSI010000015.1_18,PF13103.9
CACGSI010000033.1_1,PF00691.23
CACGSI010000036.1_8,PF02518.29
CACGSI010000039.1_7,PF02590.20
CACGSI010000046.1_1,PF02410.18
CACGSI010000048.1_1,PF01594.19
CACGSI010000048.1_2,PF00155.24
CACGSI010000061.1_6,PF01300.21
CACGSI010000063.1_4,PF00361.23
CACGSI010000066.1_4,PF01075.20
CACGSI010000086.1_1,PF00365.23
SLNR01000147.1_7,PF01558.21
SLNR01000147.1_11,PF01276.23
SLNR01000105.1_1,PF01314.21
SLNR01000105.1_3,PF07969.14
SLNR01000159.1_36,PF14039.9
SLNR01000020.1_47,PF01746.24
SLNR01000020.1_70,PF00227.29
SLNR01000083.1_1,PF00815.23
SLNR01000083.1_4,PF13349.9
SLNR01000083.1_9,PF01235.20
SLNR01000092.1_5,PF00875.21
SLNR01000046.1_5,PF00892.23
SLNR01000168.1_3,PF01869.23
SLNR01000113.1_1,PF00872.21
SLNR01000113.1_3,PF01195.22
SLNR01000004.1_9,PF03069.18
SLNR01000148.1_12,PF00361.23
SLNR01000005.1_11,PF03061.25
SLNR01000106.1_8,PF00361.23
SLNR01000106.1_26,PF02417.18
SLNR01000106.1_31,PF00174.22
SLNR01000106.1_35,PF03205.17
SLNR01000106.1_36,PF00126.30
SLNR01000167.1_4,PF02616.17
SLNR01000167.1_28,PF10079.12
SLNR01000134.1_2,PF02608.17
SLNR01000014.1_2,PF02120.19
SLNR01000014.1_15,PF00669.23
SLNR01000095.1_5,PF13244.9
SLNR01000095.1_8,PF00420.27
SLNR01000095.1_9,PF00361.23
SLNR01000086.1_6,PF00857.23
SLNR01000086.1_8,PF00903.28
SLNR01000086.1_10,PF08903.14
SLNR01000060.1_6,PF00162.22
SLNR01000060.1_14,PF03061.25
SLNR01000060.1_27,PF05681.17
SLNR01000060.1_33,PF00574.26
SLNR01000060.1_53,PF14209.9
SLNR01000122.1_2,PF00344.23
SLNR01000122.1_13,PF00366.23
SLNR01000122.1_24,PF03143.20
SLNR01000156.1_7,PF06368.14
SLNR01000156.1_8,PF13941.9
SLNR01000094.1_3,PF00239.24
SLNR01000028.1_1,PF01467.29
SLNR01000031.1_2,PF00082.25
SLNR01000065.1_11,PF02618.19
SLNR01000065.1_12,PF06949.14
SLNR01000013.1_5,PF10967.11
SLNR01000160.1_2,PF00155.24
SLNR01000080.1_10,PF02686.18
SLNR01000080.1_25,PF01522.24
SLNR01000033.1_51,PF00300.25
SLNR01000006.1_4,PF04389.20
SLNR01000110.1_4,PF00701.25
SLNR01000110.1_11,PF13482.9
SLNR01000084.1_18,PF00156.30
SLNR01000104.1_5,PF00582.29
SLNR01000074.1_3,PF12791.10
SLNR01000108.1_4,PF06144.16
SLNR01000024.1_2,PF00717.26
SLNR01000152.1_4,PF02417.18
SLNR01000152.1_5,PF07260.14
SLNR01000035.1_1,PF09587.13
SLNR01000023.1_2,PF13486.9
SLNR01000079.1_27,PF01584.22
SLNR01000141.1_34,PF10646.12
SLNR01000073.1_20,PF00496.25
SLNR01000045.1_2,PF03176.18
SLNR01000085.1_9,PF00636.29
SLNR01000085.1_18,PF01546.31
SLNR01000153.1_5,PF01297.20
SLNR01000138.1_5,PF00491.24
SLNR01000118.1_1,PF01235.20
SLNR01000036.1_1,PF01008.20
SLNR01000016.1_4,PF01966.25
SLNR01000016.1_13,PF00753.30
SLNR01000072.1_8,PF04041.16
SLNR01000124.1_1,PF07690.19
SLNR01000099.1_8,PF00005.30
SLNR01000137.1_5,PF01248.29
QNDJ01000001.1_18,PF00550.28
QNDJ01000006.1_26,PF00237.22
QNDJ01000006.1_31,PF00297.25
QNDJ01000008.1_5,PF00072.27
QNDJ01000012.1_5,PF00072.27
QNDJ01000015.1_9,PF01584.22
QNDJ01000025.1_2,PF01035.23
QNDJ01000029.1_7,PF00436.28
QNDJ01000031.1_3,PF00528.25
QNDJ01000034.1_6,PF13490.9
QNDJ01000039.1_5,PF11950.11
QNDJ01000048.1_3,PF02653.19
QNDJ01000048.1_11,PF12728.10
QNDJ01000049.1_4,PF00246.27
QNDJ01000052.1_1,PF13414.9
QNDJ01000056.1_6,PF00213.21
QNDJ01000056.1_7,PF00430.21
QNDJ01000056.1_9,PF00119.23
QNDJ01000153.1_4,PF01180.24
QNDJ01000157.1_5,PF05258.15
QNDJ01000161.1_5,PF02472.19
QNDJ01000173.1_1,PF02686.18
QNDJ01000177.1_1,PF02049.21
QNDJ01000179.1_3,PF08309.14
QNDJ01000190.1_3,PF00850.22
QNDJ01000192.1_3,PF00923.22
QNDJ01000208.1_1,PF19289.2
QNDJ01000211.1_6,PF01058.25
QNDJ01000219.1_1,PF01972.19
QNDJ01000220.1_3,PF00583.28
QNDJ01000244.1_2,PF13277.9
QNDJ01000301.1_3,PF01252.21
QNDJ01000330.1_2,PF14870.9
QNDJ01000340.1_2,PF01627.26
QNDJ01000341.1_1,PF08902.14
QNDJ01000367.1_2,PF04015.15
QNDJ01000374.1_1,PF00291.28
QNDJ01000384.1_3,PF01408.25
QNDJ01000385.1_1,PF02386.19
QNDJ01000405.1_3,PF00584.23
QNDJ01000437.1_2,PF01408.25
QNDJ01000467.1_2,PF00809.25
LJUD01000055.1_3,PF01012.24
LJUD01000058.1_3,PF03577.18
LJUD01000058.1_4,PF19823.2
LJUD01000061.1_8,PF02620.20
LJUD01000071.1_4,PF01969.20
LJUD01000075.1_2,PF00692.22
LJUD01000075.1_4,PF13490.9
LJUD01000087.1_9,PF01075.20
LJUD01000094.1_9,PF00221.22
LJUD01000095.1_8,PF01850.24
LJUD01000099.1_9,PF00246.27
LJUD01000100.1_8,PF09360.13
LJUD01000104.1_8,PF03279.16
LJUD01000124.1_4,PF01408.25
LJUD01000125.1_4,PF03065.18
LJUD01000128.1_4,PF00246.27
LJUD01000132.1_5,PF02518.29
LJUD01000132.1_9,PF03739.17
LJUD01000135.1_5,PF09335.14
LJUD01000138.1_4,PF00557.27
LJUD01000157.1_9,PF14280.9
LJUD01000160.1_10,PF02934.18
LJUD01000171.1_4,PF00873.22
LJUD01000175.1_8,PF02517.19
LJUD01000007.1_19,PF02660.18
LJUD01000205.1_1,PF00266.22
LJUD01000250.1_3,PF01649.21
LJUD01000251.1_2,PF03610.19
LJUD01000276.1_4,PF04365.16
LJUD01000016.1_4,PF15515.9
LJUD01000016.1_17,PF01314.21
LJUD01000018.1_14,PF13437.9
LJUD01000020.1_7,PF01627.26
LJUD01000022.1_10,PF05168.17
LJUD01000023.1_11,PF04347.16
LJUD01000024.1_5,PF02754.19
LJUD01000025.1_3,PF13411.9
LJUD01000031.1_5,PF04932.18
LJUD01000031.1_13,PF00535.29
LJUD01000294.1_3,PF02719.18
JACRJN010000054.1_26,PF01121.23
JACRJN010000059.1_11,PF13186.9
JACRJN010000062.1_2,PF04390.15
JACRJN010000067.1_7,PF00924.21
JACRJN010000070.1_2,PF03781.19
JACRJN010000012.1_22,PF02606.17
JACRJN010000075.1_26,PF02585.20
JACRJN010000076.1_2,PF00543.25
JACRJN010000091.1_32,PF09923.12
JACRJN010000089.1_17,PF03706.16
JACRJN010000094.1_7,PF05635.14
JACRJN010000093.1_13,PF01551.25
JACRJN010000098.1_15,PF01663.25
JACRJN010000098.1_22,PF13807.9
JACRJN010000105.1_15,PF00155.24
JACRJN010000107.1_7,PF05635.14
JACRJN010000109.1_13,PF15919.8
JACRJN010000014.1_1,PF09720.13
JACRJN010000014.1_4,PF00171.25
JACRJN010000118.1_2,PF00338.25
JACRJN010000129.1_3,PF15919.8
JACRJN010000137.1_6,PF02277.20
JACRJN010000141.1_17,PF01954.19
JACRJN010000141.1_25,PF07589.14
JACRJN010000141.1_26,PF00171.25
JACRJN010000020.1_1,PF03030.19
JACRJN010000020.1_21,PF00528.25
JACRJN010000146.1_14,PF00436.28
JACRJN010000154.1_6,PF07592.14
JACRJN010000148.1_1,PF01863.20
JACRJN010000153.1_2,PF00582.29
JACRJN010000150.1_11,PF13471.9
JACRJN010000161.1_2,PF01040.21
JACRJN010000161.1_11,PF00850.22
JACRJN010000174.1_3,PF05168.17
JACRJN010000177.1_1,PF13231.9
JACRJN010000176.1_6,PF04851.18
JACRJN010000180.1_10,PF03063.23
JACRJN010000182.1_1,PF03781.19
JACRJN010000023.1_2,PF05635.14
JACRJN010000023.1_6,PF03065.18
JACRJN010000026.1_7,PF01850.24
JACRJN010000025.1_1,PF01063.22
JACRJN010000032.1_16,PF04461.16
JACRJN010000032.1_35,PF01965.27
JACRJN010000034.1_9,PF01042.24
JACRJN010000002.1_30,PF04041.16
JACRJN010000045.1_14,PF06695.14
QIFF01000045.1_15,PF16468.8
QIFF01000045.1_36,PF01850.24
QIFF01000045.1_45,PF05973.17
QIFF01000310.1_2,PF04307.17
QIFF01000310.1_5,PF01578.23
QIFF01000050.1_12,PF00990.24
QIFF01000340.1_4,PF00535.29
QIFF01000032.1_3,PF01750.21
QIFF01000244.1_9,PF00072.27
QIFF01000083.1_4,PF13231.9
QIFF01000083.1_8,PF00535.29
QIFF01000083.1_9,PF01522.24
QIFF01000018.1_2,PF01891.19
QIFF01000258.1_2,PF01628.24
QIFF01000258.1_3,PF01025.22
QIFF01000017.1_6,PF02569.18
QIFF01000165.1_1,PF00005.30
QIFF01000180.1_9,PF18765.4
QIFF01000271.1_4,PF02653.19
QIFF01000106.1_7,PF00814.28
QIFF01000166.1_4,PF04456.15
QIFF01000128.1_1,PF12850.10
QIFF01000073.1_3,PF15919.8
QIFF01000103.1_3,PF00027.32
QIFF01000029.1_3,PF01609.24
QIFF01000065.1_1,PF11104.11
QIFF01000312.1_3,PF09195.14
QIFF01000239.1_3,PF08899.14
QIFF01000303.1_3,PF01558.21
QIFF01000193.1_1,PF00072.27
QIFF01000068.1_3,PF01195.22
QIFF01000144.1_2,PF00731.23
QIFF01000363.1_1,PF09957.12
QIFF01000093.1_1,PF02616.17
QIFF01000327.1_3,PF04015.15
QIFF01000308.1_2,PF01075.20
QIFF01000171.1_1,PF02277.20
QIFF01000291.1_2,PF00472.23
QIJE01000028.1_15,PF00253.24
QIJE01000028.1_53,PF00482.26
QIJE01000028.1_154,PF02660.18
QIJE01000028.1_175,PF02635.18
QIJE01000028.1_195,PF00285.24
QIJE01000006.1_43,PF00528.25
QIJE01000006.1_68,PF00005.30
QIJE01000006.1_89,PF08334.14
QIJE01000006.1_99,PF01618.19
QIJE01000001.1_17,PF00156.30
QIJE01000001.1_51,PF00753.30
QIJE01000001.1_130,PF01545.24
QIJE01000001.1_138,PF01558.21
QIJE01000007.1_6,PF03706.16
QIJE01000007.1_21,PF00909.24
QIJE01000040.1_22,PF01258.20
QIJE01000040.1_63,PF01311.23
QIJE01000022.1_23,PF01058.25
QIJE01000022.1_41,PF00990.24
QIJE01000037.1_9,PF02635.18
QIJE01000037.1_41,PF04055.24
QIJE01000029.1_6,PF02597.23
QIJE01000024.1_30,PF01292.23
QIJE01000017.1_1,PF02548.18
QIJE01000017.1_49,PF02673.21
QIJE01000033.1_4,PF13597.9
QIJE01000033.1_53,PF02401.21
QIJE01000020.1_20,PF00582.29
QIJE01000020.1_24,PF01327.24
QIJE01000036.1_28,PF01261.27
QIJE01000036.1_44,PF04945.16
QIJE01000026.1_15,PF13192.9
QIJE01000039.1_1,PF09484.13
QIJE01000039.1_16,PF05573.15
QIJE01000018.1_14,PF09851.12
QIJE01000002.1_11,PF04350.16
QIJE01000025.1_8,PF00696.31
QIJE01000023.1_1,PF01048.23
QIJE01000014.1_4,PF06508.16
DTND01000324.1_8,PF00448.25
DTND01000158.1_8,PF00355.29
DTND01000256.1_11,PF07949.15
DTND01000133.1_11,PF04461.16
DTND01000054.1_5,PF02518.29
DTND01000185.1_8,PF02618.19
DTND01000043.1_2,PF00037.30
DTND01000204.1_5,PF12225.11
DTND01000300.1_6,PF00344.23
DTND01000300.1_11,PF00411.22
DTND01000050.1_4,PF07685.17
DTND01000295.1_5,PF02518.29
DTND01000156.1_7,PF00999.24
DTND01000120.1_6,PF00474.20
DTND01000078.1_8,PF01467.29
DTND01000026.1_1,PF19044.3
DTND01000313.1_1,PF01061.27
DTND01000313.1_2,PF00692.22
DTND01000100.1_6,PF03618.17
DTND01000331.1_2,PF00814.28
DTND01000331.1_4,PF00920.24
DTND01000177.1_3,PF00574.26
DTND01000244.1_6,PF01649.21
DTND01000326.1_1,PF08282.15
DTND01000317.1_3,PF02321.21
DTND01000209.1_2,PF03646.18
DTND01000271.1_2,PF02754.19
DTND01000138.1_2,PF01632.22
DTND01000142.1_3,PF01522.24
DTND01000082.1_5,PF00146.24
DTND01000145.1_4,PF01614.21
DTND01000061.1_3,PF04551.17
DTND01000266.1_2,PF01148.23
DTND01000238.1_1,PF00483.26
DTND01000098.1_2,PF00216.24
DTND01000231.1_1,PF02775.24
DTND01000303.1_3,PF00380.22
DTND01000259.1_4,PF09723.13
DTND01000234.1_4,PF01103.26
DTND01000002.1_1,PF02348.22
DTND01000249.1_3,PF00348.20
DTND01000269.1_3,PF00625.24
DTND01000269.1_4,PF04025.15
DTND01000152.1_3,PF00571.31
DTND01000013.1_3,PF04981.16
DTND01000312.1_1,PF07963.15
DTND01000036.1_1,PF13500.9
DTND01000320.1_1,PF00990.24
DTND01000112.1_2,PF04055.24
DTND01000085.1_1,PF03824.19
DTND01000056.1_2,PF00871.20
DTND01000007.1_1,PF00749.24
DTND01000007.1_3,PF02527.18
DTND01000258.1_1,PF02277.20
DTND01000127.1_2,PF00582.29
RFHX01000234.1_5,PF02666.18
RFHX01000245.1_8,PF02635.18
RFHX01000035.1_7,PF06005.15
RFHX01000035.1_10,PF00453.21
RFHX01000279.1_2,PF01136.22
RFHX01000284.1_2,PF04055.24
RFHX01000038.1_15,PF00828.22
RFHX01000038.1_36,PF03143.20
RFHX01000307.1_2,PF04028.16
RFHX01000320.1_5,PF01039.25
RFHX01000042.1_8,PF01040.21
RFHX01000372.1_9,PF02811.22
RFHX01000007.1_8,PF05996.15
RFHX01000073.1_1,PF14246.9
RFHX01000079.1_2,PF13350.9
RFHX01000082.1_1,PF01145.28
RFHX01000085.1_4,PF01243.23
RFHX01000011.1_5,PF01493.22
RFHX01000093.1_3,PF01258.20
RFHX01000093.1_5,PF04551.17
RFHX01000099.1_8,PF02482.22
RFHX01000099.1_14,PF03613.17
RFHX01000104.1_1,PF00361.23
RFHX01000013.1_10,PF00953.24
RFHX01000113.1_12,PF01061.27
RFHX01000118.1_5,PF00753.30
RFHX01000121.1_2,PF00072.27
RFHX01000123.1_2,PF02091.18
RFHX01000130.1_16,PF00860.23
RFHX01000136.1_1,PF13426.10
RFHX01000145.1_2,PF07589.14
RFHX01000020.1_1,PF13231.9
RFHX01000168.1_13,PF00198.26
RFHX01000173.1_1,PF07589.14
RFHX01000173.1_7,PF01565.26
RFHX01000183.1_2,PF07589.14
RFHX01000203.1_21,PF01116.23
RFHX01000216.1_3,PF04932.18
RFHX01000225.1_2,PF01106.20
MGDH01000001.1_32,PF03966.19
MGDH01000001.1_76,PF05402.15
MGDH01000002.1_6,PF00582.29
MGDH01000004.1_38,PF00072.27
MGDH01000004.1_50,PF01314.21
MGDH01000004.1_73,PF00198.26
MGDH01000004.1_75,PF00364.25
MGDH01000005.1_10,PF00692.22
MGDH01000008.1_35,PF13231.9
MGDH01000008.1_63,PF00795.25
MGDH01000009.1_29,PF04471.15
MGDH01000009.1_65,PF11356.11
MGDH01000010.1_95,PF01243.23
MGDH01000011.1_51,PF00551.22
MGDH01000011.1_66,PF00877.22
MGDH01000011.1_158,PF04055.24
MGDH01000011.1_198,PF00574.26
MGDH01000011.1_201,PF01161.23
MGDH01000011.1_206,PF01648.23
MGDH01000011.1_215,PF12281.11
MGDH01000011.1_226,PF00202.24
MGDH01000015.1_54,PF01957.21
MGDH01000015.1_65,PF19027.3
MGDH01000015.1_75,PF04255.17
MGDH01000019.1_7,PF00203.24
MGDH01000019.1_12,PF00366.23
MGDH01000019.1_64,PF06150.15
MGDH01000021.1_2,PF01016.22
MGDH01000021.1_36,PF09594.13
MGDH01000021.1_40,PF09335.14
MGDH01000021.1_48,PF09594.13
MGDH01000022.1_11,PF01663.25
MGDH01000023.1_1,PF01790.21
MGDH01000024.1_9,PF13577.9
MGDH01000024.1_41,PF00885.22
MGDH01000025.1_5,PF01663.25
MGDH01000026.1_6,PF01098.22
MGDH01000027.1_2,PF09827.12
MGDH01000028.1_4,PF03781.19
MGDH01000029.1_42,PF02321.21
MGDH01000032.1_17,PF01381.25
MGDH01000036.1_75,PF05402.15
MGDH01000042.1_80,PF12441.11
JAAOXX010000017.1_9,PF00327.23
JAAOXX010000017.1_15,PF00410.22
JAAOXX010000017.1_16,PF00253.24
JAAOXX010000017.1_23,PF01868.19
JAAOXX010000001.1_20,PF04024.15
JAAOXX010000001.1_37,PF01282.22
JAAOXX010000001.1_43,PF00189.23
JAAOXX010000019.1_4,PF02350.22
JAAOXX010000021.1_5,PF03833.16
JAAOXX010000022.1_10,PF02163.25
JAAOXX010000022.1_11,PF00188.29
JAAOXX010000023.1_14,PF00254.31
JAAOXX010000023.1_17,PF04079.19
JAAOXX010000026.1_5,PF08378.14
JAAOXX010000030.1_2,PF00293.31
JAAOXX010000030.1_5,PF01008.20
JAAOXX010000031.1_3,PF01725.19
JAAOXX010000031.1_15,PF05362.16
JAAOXX010000035.1_11,PF01040.21
JAAOXX010000041.1_6,PF09341.13
JAAOXX010000041.1_16,PF01850.24
JAAOXX010000041.1_17,PF02697.17
JAAOXX010000042.1_3,PF00899.24
JAAOXX010000046.1_8,PF09754.12
JAAOXX010000046.1_12,PF01667.20
JAAOXX010000047.1_1,PF01191.22
JAAOXX010000049.1_6,PF02516.17
JAAOXX010000049.1_20,PF00696.31
JAAOXX010000058.1_5,PF00082.25
JAAOXX010000059.1_1,PF00227.29
JAAOXX010000062.1_12,PF01479.28
JAAOXX010000063.1_4,PF02643.18
JAAOXX010000002.1_3,PF01978.22
JAAOXX010000066.1_6,PF01992.19
JAAOXX010000072.1_3,PF01096.21
JAAOXX010000075.1_4,PF01145.28
JAAOXX010000007.1_4,PF01883.22
JAAOXX010000007.1_15,PF00237.22
JAAOXX010000009.1_1,PF00346.22
JAAOXX010000009.1_10,PF00361.23
JAAOXX010000009.1_14,PF09055.14
JAAOXX010000011.1_7,PF02355.19
JAAOXX010000003.1_6,PF00248.24
JAAOXX010000015.1_2,PF02572.18
JAAOXU010000020.1_5,PF09754.12
JAAOXU010000021.1_23,PF01941.22
JAAOXU010000021.1_29,PF01725.19
JAAOXU010000022.1_13,PF00254.31
JAAOXU010000027.1_2,PF13385.9
JAAOXU010000028.1_2,PF04414.15
JAAOXU010000030.1_14,PF04055.24
JAAOXU010000031.1_4,PF02680.17
JAAOXU010000032.1_19,PF04070.15
JAAOXU010000033.1_18,PF04055.24
JAAOXU010000033.1_37,PF00276.23
JAAOXU010000005.1_56,PF00160.24
JAAOXU010000005.1_69,PF02411.18
JAAOXU010000001.1_9,PF00293.31
JAAOXU010000001.1_12,PF18931.3
JAAOXU010000006.1_27,PF00709.24
JAAOXU010000006.1_37,PF01037.24
JAAOXU010000034.1_21,PF00013.32
JAAOXU010000034.1_29,PF01176.22
JAAOXU010000034.1_30,PF13207.9
JAAOXU010000009.1_3,PF02594.19
JAAOXU010000009.1_30,PF00293.31
JAAOXU010000009.1_39,PF02590.20
JAAOXU010000009.1_53,PF01336.28
JAAOXU010000010.1_23,PF01841.22
JAAOXU010000010.1_35,PF01904.21
JAAOXU010000012.1_25,PF04023.17
JAAOXU010000014.1_8,PF04032.19
JAAOXU010000015.1_26,PF03372.26
JAAOXU010000015.1_32,PF00348.20
JAAOXU010000015.1_33,PF04024.15
JAAOXU010000015.1_44,PF03167.22
JAAOXU010000016.1_7,PF02597.23
JAAOXU010000016.1_8,PF01171.23
JAAOXU010000017.1_6,PF00924.21
JAAOXU010000002.1_40,PF00411.22
JAAOXU010000002.1_49,PF00202.24
JAAOXU010000002.1_69,PF00831.26
JAAOXU010000002.1_79,PF00410.22
JAAOXU010000018.1_13,PF01416.23
JAAOXU010000018.1_18,PF02350.22
DSNN01000205.1_3,PF02310.22
DSNN01000205.1_31,PF06050.16
DSNN01000205.1_33,PF00501.31
DSNN01000174.1_7,PF05140.17
DSNN01000041.1_6,PF01134.25
DSNN01000242.1_8,PF02390.20
DSNN01000283.1_2,PF02754.19
DSNN01000265.1_6,PF00924.21
DSNN01000265.1_11,PF17874.4
DSNN01000137.1_2,PF00173.31
DSNN01000090.1_1,PF00990.24
DSNN01000087.1_2,PF00873.22
DSNN01000087.1_12,PF13517.9
DSNN01000052.1_9,PF04316.16
DSNN01000134.1_11,PF00398.23
DSNN01000084.1_1,PF19288.2
DSNN01000084.1_9,PF00587.28
DSNN01000247.1_1,PF19289.2
DSNN01000214.1_4,PF00327.23
DSNN01000214.1_18,PF00203.24
DSNN01000053.1_4,PF01783.26
DSNN01000096.1_3,PF00557.27
DSNN01000106.1_5,PF00330.23
DSNN01000179.1_5,PF03965.19
DSNN01000185.1_8,PF04296.16
DSNN01000310.1_3,PF01841.22
DSNN01000310.1_6,PF00395.23
DSNN01000062.1_4,PF01558.21
DSNN01000156.1_3,PF02646.19
DSNN01000338.1_3,PF00899.24
DSNN01000338.1_9,PF01035.23
DSNN01000076.1_4,PF03030.19
DSNN01000191.1_6,PF00294.27
DSNN01000285.1_1,PF02867.18
DSNN01000015.1_4,PF08984.14
DSNN01000083.1_2,PF18079.4
DSNN01000235.1_2,PF03690.16
DSNN01000199.1_2,PF01648.23
DSNN01000199.1_3,PF03740.16
DSNN01000334.1_3,PF00015.24
DSNN01000334.1_5,PF02410.18
DSNN01000165.1_7,PF01464.23
DSNN01000061.1_3,PF01850.24
DSNN01000016.1_7,PF00499.23
DSNN01000202.1_3,PF05140.17
DSNN01000098.1_3,PF01264.24
DSNN01000195.1_2,PF00677.20
DSNN01000065.1_4,PF04461.16
DSNN01000141.1_2,PF00459.28
DSNN01000148.1_1,PF17147.7
DSNN01000148.1_7,PF01066.24
DSNN01000144.1_2,PF03927.16
DSNN01000110.1_2,PF06508.16
DSNN01000262.1_4,PF00961.22
DSNN01000040.1_3,PF02472.19
DSNN01000189.1_2,PF04079.19
DSNN01000011.1_1,PF01867.19
DSNN01000055.1_2,PF02581.20
DSNN01000243.1_2,PF09098.13
DSNN01000324.1_8,PF00156.30
DSNN01000259.1_3,PF02416.19
DSNN01000180.1_5,PF15919.8
DSNN01000074.1_4,PF00919.23
DSNN01000301.1_3,PF13624.9
DSNN01000269.1_3,PF01553.24
DSNN01000240.1_4,PF00850.22
DSNN01000309.1_4,PF00501.31
DSNN01000162.1_2,PF00881.27
DSNN01000159.1_5,PF03773.16
DSNN01000196.1_2,PF00121.21
DSNN01000196.1_4,PF12654.10
DSNN01000042.1_2,PF01139.20
DSNN01000060.1_4,PF00346.22
DSNN01000213.1_4,PF07963.15
DSNN01000322.1_5,PF02653.19
DSNN01000257.1_6,PF00892.23
DSNN01000267.1_2,PF13387.9
DSNN01000044.1_1,PF02401.21
DSNN01000155.1_1,PF00561.23
DSNN01000330.1_3,PF00072.27
DSNN01000245.1_5,PF00977.24
DSNN01000063.1_1,PF00275.23
DSNN01000272.1_3,PF00072.27
DSNN01000323.1_4,PF09620.13
SKQU01000412.1_5,PF01063.22
SKQU01000240.1_8,PF07238.17
SKQU01000157.1_3,PF06439.14
SKQU01000035.1_12,PF00579.28
SKQU01000323.1_1,PF01120.20
SKQU01000253.1_4,PF02126.21
SKQU01000090.1_14,PF03977.16
SKQU01000423.1_4,PF01156.22
SKQU01000390.1_3,PF19576.2
SKQU01000142.1_3,PF00528.25
SKQU01000213.1_1,PF01547.28
SKQU01000043.1_8,PF02163.25
SKQU01000015.1_7,PF01553.24
SKQU01000015.1_12,PF01297.20
SKQU01000009.1_4,PF12695.10
SKQU01000115.1_2,PF02561.17
SKQU01000282.1_8,PF01116.23
SKQU01000408.1_4,PF02608.17
SKQU01000243.1_6,PF10962.11
SKQU01000251.1_3,PF00291.28
SKQU01000017.1_2,PF01257.22
SKQU01000199.1_5,PF06966.15
SKQU01000336.1_9,PF13358.9
SKQU01000403.1_2,PF01042.24
SKQU01000146.1_19,PF13244.9
SKQU01000122.1_44,PF02623.18
SKQU01000378.1_6,PF00294.27
SKQU01000058.1_4,PF08309.14
SKQU01000162.1_3,PF01970.19
SKQU01000042.1_27,PF01554.21
SKQU01000140.1_38,PF00999.24
SKQU01000140.1_59,PF00687.24
SKQU01000089.1_2,PF04255.17
SKQU01000012.1_9,PF00293.31
JADIMU010000020.1_25,PF02687.24
JADIMU010000030.1_46,PF01297.20
JADIMU010000031.1_16,PF02673.21
JADIMU010000039.1_5,PF00953.24
JADIMU010000039.1_18,PF03591.17
JADIMU010000046.1_26,PF08241.15
JADIMU010000047.1_4,PF02368.21
JADIMU010000051.1_22,PF01204.21
JADIMU010000055.1_13,PF00528.25
JADIMU010000057.1_7,PF01497.21
JADIMU010000057.1_30,PF00873.22
JADIMU010000061.1_17,PF00266.22
JADIMU010000064.1_8,PF04166.15
JADIMU010000064.1_27,PF02153.20
JADIMU010000064.1_38,PF07009.14
JADIMU010000009.1_7,PF07228.15
JADIMU010000012.1_6,PF03547.21
JADIMU010000012.1_11,PF00584.23
JADIMU010000012.1_60,PF13277.9
JADIMU010000016.1_48,PF01430.22
NZ_PTQW01000010.1_42,PF00528.25
NZ_PTQW01000012.1_21,PF02592.18
NZ_PTQW01000012.1_90,PF01409.23
NZ_PTQW01000012.1_126,PF00294.27
NZ_PTQW01000013.1_35,PF00266.22
NZ_PTQW01000013.1_181,PF01930.20
NZ_PTQW01000016.1_10,PF01180.24
NZ_PTQW01000017.1_30,PF01509.21
NZ_PTQW01000018.1_7,PF13416.9
NZ_PTQW01000020.1_19,PF00528.25
NZ_PTQW01000026.1_3,PF01095.22
NZ_PTQW01000029.1_17,PF01527.23
NZ_PTQW01000029.1_74,PF02604.22
NZ_PTQW01000032.1_3,PF01645.20
NZ_PTQW01000032.1_60,PF01527.23
NZ_PTQW01000033.1_44,PF00155.24
NZ_PTQW01000033.1_50,PF00773.22
NZ_PTQW01000034.1_34,PF00860.23
NZ_PTQW01000034.1_45,PF00781.27
NZ_PTQW01000005.1_46,PF00829.24
NZ_PTQW01000051.1_11,PF00908.20
NZ_PTQW01000006.1_26,PF00398.23
NZ_PTQW01000006.1_43,PF01594.19
NZ_PTQW01000006.1_113,PF00480.23
NZ_PTQW01000061.1_2,PF03389.18
NZ_PTQW01000009.1_3,PF09709.13
SLOM01000171.1_12,PF00474.20
SLOM01000069.1_16,PF02445.19
SLOM01000292.1_11,PF12694.10
SLOM01000234.1_8,PF07963.15
SLOM01000203.1_4,PF12679.10
SLOM01000248.1_10,PF20382.1
SLOM01000300.1_16,PF07691.15
SLOM01000209.1_3,PF08774.14
SLOM01000014.1_6,PF11175.11
SLOM01000211.1_14,PF02537.18
SLOM01000285.1_4,PF13598.9
SLOM01000168.1_2,PF01197.21
SLOM01000232.1_3,PF03852.18
SLOM01000294.1_4,PF00072.27
SLOM01000010.1_8,PF02838.18
SLOM01000030.1_3,PF10816.11
SLOM01000030.1_5,PF12974.10
SLOM01000191.1_10,PF04079.19
SLOM01000190.1_14,PF02581.20
SLOM01000098.1_15,PF00528.25
SLOM01000098.1_41,PF04384.16
SLOM01000080.1_4,PF13366.9
SLOM01000075.1_12,PF09594.13
SLOM01000197.1_10,PF07929.14
SLOM01000197.1_12,PF17167.7
SLOM01000091.1_3,PF07963.15
SLOM01000050.1_5,PF01553.24
SLOM01000126.1_2,PF04055.24
SLOM01000143.1_6,PF00248.24
SLOM01000095.1_3,PF03703.17
SLOM01000092.1_7,PF00149.31
SLOM01000064.1_40,PF00276.23
SLOM01000064.1_48,PF09992.12
SLOM01000032.1_1,PF02357.22
SLOM01000214.1_4,PF00582.29
SLOM01000214.1_5,PF00512.28
SLOM01000025.1_16,PF00275.23
SLOM01000002.1_5,PF02405.19
SLOM01000088.1_3,PF00482.26
SLOM01000047.1_10,PF03631.18
SLOM01000287.1_11,PF00356.24
MVZB01000002.1_3,PF02308.19
MVZB01000007.1_6,PF13419.9
MVZB01000011.1_1,PF00831.26
MVZB01000011.1_5,PF00203.24
MVZB01000014.1_8,PF01966.25
MVZB01000020.1_17,PF16256.8
MVZB01000022.1_2,PF02405.19
MVZB01000022.1_15,PF00909.24
MVZB01000026.1_11,PF01797.19
MVZB01000026.1_17,PF00361.23
MVZB01000031.1_14,PF00440.26
MVZB01000036.1_13,PF03741.19
MVZB01000039.1_13,PF01597.22
MVZB01000044.1_11,PF03352.16
MVZB01000050.1_10,PF07883.14
MVZB01000058.1_4,PF11009.11
MVZB01000061.1_3,PF00589.25
MVZB01000064.1_7,PF13385.9
MVZB01000094.1_6,PF02321.21
MVZB01000098.1_5,PF03176.18
MVZB01000104.1_6,PF02511.18
MVZB01000105.1_12,PF03916.17
MVZB01000107.1_5,PF01061.27
MVZB01000110.1_5,PF00795.25
MVZB01000112.1_6,PF02557.20
MVZB01000132.1_8,PF00691.23
MVZB01000138.1_3,PF09822.12
MVZB01000152.1_10,PF00480.23
MVZB01000173.1_3,PF07498.15
MVZB01000237.1_4,PF02586.17
MVZB01000243.1_4,PF01040.21
MVZB01000244.1_1,PF02321.21
MVZB01000249.1_4,PF00873.22
MVZB01000260.1_4,PF00754.28
MVZB01000281.1_3,PF02660.18
MVZB01000291.1_4,PF00334.22
MVZB01000292.1_3,PF03748.17
MVZB01000301.1_2,PF04055.24
MVZB01000325.1_2,PF00588.22
MVZB01000397.1_3,PF00072.27
MVZB01000416.1_1,PF00136.24
MVZB01000417.1_1,PF05036.16
MVZB01000422.1_3,PF02405.19
MVZB01000435.1_1,PF00579.28
MVZB01000440.1_1,PF06283.14
MVZB01000457.1_1,PF01612.23
CAJOEW010000001.1_7,PF01048.23
CAJOEW010000001.1_19,PF01327.24
CAJOEW010000001.1_23,PF03060.18
CAJOEW010000001.1_83,PF00977.24
CAJOEW010000001.1_90,PF02570.18
CAJOEW010000002.1_6,PF02677.17
CAJOEW010000003.1_4,PF07685.17
CAJOEW010000003.1_47,PF01118.27
CAJOEW010000003.1_61,PF04991.16
CAJOEW010000004.1_5,PF00160.24
CAJOEW010000005.1_5,PF01268.22
CAJOEW010000005.1_35,PF00155.24
CAJOEW010000005.1_37,PF02683.18
CAJOEW010000005.1_38,PF01515.22
CAJOEW010000006.1_7,PF13539.9
CAJOEW010000009.1_73,PF01427.20
CAJOEW010000010.1_52,PF03977.16
CAJOEW010000013.1_10,PF01553.24
CAJOEW010000017.1_15,PF06180.14
CAJOEW010000019.1_7,PF00121.21
CAJOEW010000020.1_8,PF00437.23
CAJOEW010000022.1_15,PF00724.23
CAJOEW010000022.1_27,PF09335.14
CAJOEW010000022.1_45,PF07690.19
CAJOEW010000022.1_51,PF00849.25
CAJOEW010000023.1_15,PF02915.20
CAJOEW010000025.1_26,PF13350.9
CAJOEW010000027.1_11,PF07007.15
CAJOEW010000029.1_19,PF00682.22
CAJOEW010000030.1_12,PF08666.15
CAJOEW010000034.1_10,PF00815.23
CAJOEW010000035.1_19,PF01312.22
CAJOEW010000035.1_24,PF02086.18
CAJOEW010000036.1_13,PF00237.22
CAJOEW010000036.1_28,PF00344.23
CAJOEW010000037.1_11,PF01293.23
CAJOEW010000043.1_13,PF00830.22
CAJOEW010000044.1_8,PF08544.16
CAJOEW010000057.1_4,PF01809.21
CAJOEW010000058.1_7,PF04060.16
JAFUYQ010000012.1_8,PF20434.1
JAFUYQ010000012.1_83,PF02525.20
JAFUYQ010000013.1_19,PF01025.22
JAFUYQ010000013.1_41,PF04303.16
JAFUYQ010000013.1_59,PF01435.21
JAFUYQ010000013.1_104,PF00203.24
JAFUYQ010000013.1_130,PF02342.21
JAFUYQ010000013.1_134,PF04366.15
JAFUYQ010000013.1_158,PF05345.15
JAFUYQ010000013.1_169,PF01252.21
JAFUYQ010000013.1_182,PF00072.27
JAFUYQ010000014.1_22,PF03480.16
JAFUYQ010000014.1_61,PF00128.27
JAFUYQ010000014.1_189,PF00226.34
JAFUYQ010000032.1_18,PF00361.23
JAFUYQ010000015.1_35,PF02367.20
JAFUYQ010000016.1_9,PF03783.17
JAFUYQ010000016.1_25,PF05036.16
JAFUYQ010000016.1_42,PF01790.21
JAFUYQ010000016.1_100,PF02416.19
JAFUYQ010000016.1_130,PF01558.21
JAFUYQ010000016.1_158,PF00180.23
JAFUYQ010000017.1_2,PF06857.14
JAFUYQ010000017.1_37,PF13712.9
JAFUYQ010000018.1_8,PF01970.19
JAFUYQ010000019.1_4,PF05016.18
JAFUYQ010000019.1_18,PF13730.9
JAFUYQ010000019.1_80,PF04316.16
JAFUYQ010000019.1_81,PF05130.15
JAFUYQ010000019.1_119,PF07963.15
JAFUYQ010000019.1_133,PF00132.27
JAFUYQ010000019.1_134,PF03331.16
JAFUYQ010000020.1_23,PF01250.20
JAFUYQ010000020.1_31,PF00155.24
JAFUYQ010000020.1_32,PF03186.16
JAFUYQ010000020.1_36,PF00480.23
JAFUYQ010000024.1_23,PF07963.15
JAFUYQ010000029.1_7,PF00216.24
JAFUYQ010000029.1_8,PF09924.12
JAFUYQ010000004.1_11,PF12784.10
JAFUYQ010000030.1_49,PF00005.30
JAFUYQ010000030.1_75,PF01970.19
JAFUYQ010000030.1_96,PF00871.20
JAFUYQ010000005.1_32,PF02683.18
JAFUYQ010000005.1_55,PF09719.13
JAFUYQ010000005.1_74,PF03309.17
JAFUYQ010000006.1_6,PF16548.8
JAFUYQ010000007.1_10,PF00155.24
JAFUYQ010000009.1_5,PF00575.26
JAFUYQ010000011.1_2,PF00005.30
JAFUYQ010000011.1_31,PF04471.15
PWGE01000294.1_10,PF18906.3
PWGE01000294.1_12,PF10145.12
PWGE01000207.1_6,PF13854.9
PWGE01000401.1_1,PF00162.22
PWGE01000234.1_2,PF03547.21
PWGE01000365.1_2,PF03808.16
PWGE01000160.1_5,PF01255.22
PWGE01000071.1_5,PF06695.14
PWGE01000020.1_6,PF13263.9
PWGE01000009.1_20,PF00830.22
PWGE01000023.1_2,PF03319.16
PWGE01000270.1_4,PF00338.25
PWGE01000103.1_5,PF00291.28
PWGE01000413.1_2,PF00572.21
PWGE01000131.1_3,PF20045.2
PWGE01000139.1_1,PF12831.10
PWGE01000255.1_5,PF01791.12
PWGE01000441.1_3,PF13531.9
PWGE01000320.1_13,PF02887.19
PWGE01000191.1_2,PF04350.16
PWGE01000193.1_2,PF03781.19
PWGE01000036.1_4,PF05025.16
PWGE01000287.1_3,PF04166.15
PWGE01000335.1_4,PF13727.9
PWGE01000142.1_3,PF01985.24
PWGE01000396.1_2,PF08486.13
PWGE01000140.1_2,PF04389.20
PWGE01000136.1_4,PF07995.14
PWGE01000109.1_4,PF02589.18
PWGE01000042.1_1,PF00535.29
PWGE01000078.1_4,PF00009.30
PWGE01000367.1_5,PF01145.28
PWGE01000432.1_2,PF07075.14
PWGE01000232.1_2,PF04055.24
PWGE01000284.1_2,PF02522.17
PWGE01000381.1_2,PF01343.21
PWGE01000190.1_5,PF03899.18
PWGE01000406.1_1,PF14488.9
PWGE01000089.1_6,PF01678.22
PWGE01000250.1_3,PF07963.15
PWGE01000162.1_6,PF02542.19
PWGE01000162.1_14,PF13584.9
PWGE01000215.1_3,PF00072.27
PWGE01000192.1_1,PF12710.10
PWGE01000002.1_7,PF01966.25
PWGE01000307.1_9,PF00459.28
PWGE01000044.1_1,PF00378.23
PWGE01000069.1_5,PF06325.16
PWGE01000415.1_1,PF00899.24
PWGE01000285.1_1,PF03309.17
PWGE01000368.1_2,PF00365.23
PWGE01000150.1_7,PF02417.18
PWGE01000286.1_1,PF05690.17
PWGE01000252.1_2,PF13580.9
PWGE01000204.1_4,PF09704.13
PWGE01000279.1_1,PF00012.23
PWGE01000166.1_1,PF01960.21
PWGE01000166.1_7,PF07690.19
PWGE01000052.1_3,PF09851.12
PWGE01000165.1_4,PF04463.15
PWGE01000437.1_3,PF08899.14
PWGE01000402.1_2,PF07963.15
PWGE01000116.1_1,PF02502.21
PWGE01000040.1_4,PF00849.25
PWGE01000409.1_2,PF01025.22
PWGE01000195.1_1,PF06421.15
PWGE01000345.1_5,PF00156.30
PWGE01000345.1_10,PF01066.24
PWGE01000007.1_3,PF02926.20
PWGE01000107.1_12,PF00936.22
PWGE01000055.1_3,PF06114.16
PWGE01000443.1_3,PF00579.28
PWGE01000397.1_1,PF01556.21
PWGE01000186.1_2,PF05684.15
PWGE01000414.1_8,PF00041.24
PWGE01000144.1_8,PF13231.9
PWGE01000126.1_2,PF01207.20
PWGE01000033.1_6,PF07963.15
PWGE01000155.1_5,PF03793.22
PWGE01000155.1_10,PF00082.25
PWGE01000222.1_4,PF00359.25
PWGE01000240.1_2,PF01938.23
PWGE01000032.1_2,PF10646.12
PWGE01000032.1_3,PF13231.9
PWGE01000297.1_1,PF00206.23
PWGE01000297.1_2,PF02517.19
PWGE01000297.1_5,PF14346.9
PWGE01000445.1_4,PF04468.15
PWGE01000260.1_1,PF00886.22
PWGE01000310.1_4,PF09992.12
PWGE01000395.1_6,PF02481.18
PWGE01000339.1_4,PF00238.22
PWGE01000339.1_17,PF01176.22
PWGE01000334.1_1,PF09720.13
PWGE01000388.1_10,PF00364.25
PWOD01000006.1_4,PF03748.17
PWOD01000006.1_5,PF02154.18
PWOD01000022.1_3,PF01098.22
PWOD01000052.1_6,PF04255.17
PWOD01000238.1_14,PF01039.25
PWOD01000058.1_3,PF01345.21
PWOD01000143.1_1,PF02518.29
PWOD01000063.1_10,PF02649.17
PWOD01000172.1_16,PF03030.19
PWOD01000003.1_30,PF00344.23
PWOD01000098.1_9,PF00156.30
PWOD01000198.1_1,PF00005.30
PWOD01000198.1_10,PF03668.18
PWOD01000122.1_1,PF00588.22
PWOD01000164.1_6,PF06545.14
PWOD01000104.1_4,PF00313.25
PWOD01000230.1_10,PF02579.20
PWOD01000189.1_11,PF00860.23
PWOD01000128.1_20,PF03462.21
PWOD01000183.1_1,PF04055.24
PWOD01000183.1_3,PF01987.20
PWOD01000183.1_7,PF03706.16
PWOD01000183.1_9,PF01964.21
PWOD01000049.1_12,PF01551.25
PWOD01000092.1_7,PF04338.15
PWOD01000036.1_4,PF07963.15
PWOD01000105.1_10,PF07690.19
PWOD01000086.1_5,PF00877.22
PWOD01000136.1_1,PF13505.9
PWOD01000087.1_7,PF00285.24
PWOD01000131.1_10,PF02308.19
PWOD01000235.1_2,PF03934.16
PWOD01000233.1_4,PF01558.21
PWHN01000058.1_9,PF00730.28
PWHN01000060.1_4,PF02674.19
PWHN01000093.1_3,PF01142.21
PWHN01000061.1_3,PF02386.19
PWHN01000037.1_2,PF07690.19
PWHN01000110.1_21,PF01706.19
PWHN01000116.1_12,PF14237.9
PWHN01000009.1_20,PF00072.27
PWHN01000079.1_2,PF01882.21
PWHN01000032.1_35,PF02591.18
PWHN01000032.1_45,PF02321.21
PWHN01000039.1_20,PF00977.24
PWHN01000039.1_39,PF07907.14
PWHN01000039.1_52,PF02075.20
PWHN01000085.1_9,PF00643.27
PWHN01000096.1_15,PF01790.21
PWHN01000019.1_2,PF00872.21
PWHN01000018.1_38,PF01300.21
PWHN01000106.1_29,PF01627.26
PWHN01000044.1_17,PF00920.24
PWHN01000044.1_32,PF01351.21
PWHN01000087.1_23,PF12732.10
PWHN01000062.1_5,PF00534.23
PWHN01000057.1_51,PF00929.27
PWHN01000057.1_64,PF02464.20
PWHN01000057.1_66,PF01435.21
PWHN01000057.1_86,PF01345.21
PWHN01000057.1_88,PF05635.14
PWHN01000081.1_11,PF13338.9
PWHN01000099.1_73,PF01058.25
PWHN01000050.1_8,PF02597.23
PWHN01000050.1_36,PF00238.22
PWHN01000028.1_9,PF02321.21
PWHN01000073.1_3,PF13490.9
PWHN01000102.1_46,PF00494.22
LJUI01000008.1_7,PF00889.22
LJUI01000008.1_39,PF01196.22
LJUI01000068.1_8,PF00342.22
LJUI01000009.1_22,PF01597.22
LJUI01000081.1_15,PF13490.9
LJUI01000013.1_36,PF17253.5
LJUI01000095.1_9,PF00121.21
LJUI01000014.1_9,PF04367.16
LJUI01000014.1_12,PF00491.24
LJUI01000099.1_7,PF01197.21
LJUI01000100.1_11,PF16022.8
LJUI01000015.1_12,PF02618.19
LJUI01000105.1_5,PF01663.25
LJUI01000001.1_35,PF13692.9
LJUI01000110.1_4,PF02321.21
LJUI01000111.1_11,PF00037.30
LJUI01000117.1_4,PF00464.22
LJUI01000022.1_21,PF01103.26
LJUI01000148.1_3,PF01148.23
LJUI01000029.1_12,PF13860.9
LJUI01000030.1_26,PF00694.22
LJUI01000003.1_3,PF11551.11
LJUI01000003.1_22,PF02508.17
LJUI01000156.1_1,PF04493.17
LJUI01000038.1_11,PF01986.19
LJUI01000005.1_23,PF01746.24
LJUI01000056.1_10,PF04014.21
SOJN01000049.1_32,PF01058.25
SOJN01000061.1_2,PF11551.11
SOJN01000069.1_3,PF08722.14
SOJN01000102.1_5,PF04365.16
SOJN01000038.1_35,PF01075.20
SOJN01000012.1_16,PF01964.21
SOJN01000012.1_25,PF00171.25
SOJN01000044.1_1,PF15892.8
SOJN01000026.1_4,PF13646.9
SOJN01000108.1_20,PF15919.8
SOJN01000147.1_10,PF13205.9
SOJN01000127.1_24,PF03116.18
SOJN01000035.1_5,PF16949.8
SOJN01000041.1_1,PF03477.19
SOJN01000020.1_16,PF00923.22
SOJN01000020.1_25,PF00291.28
SOJN01000109.1_9,PF08861.13
SOJN01000075.1_32,PF00294.27
SOJN01000075.1_42,PF00313.25
SOJN01000128.1_4,PF02662.19
SOJN01000057.1_14,PF08713.14
SOJN01000057.1_15,PF00903.28
SOJN01000062.1_21,PF13860.9
SOJN01000070.1_49,PF08859.14
SOJN01000070.1_73,PF05163.15
SOJN01000138.1_14,PF19572.2
SOJN01000138.1_18,PF02080.24
SOJN01000094.1_40,PF18962.3
SOJN01000094.1_41,PF18962.3
SOJN01000067.1_7,PF00041.24
SOJN01000053.1_16,PF07705.14
SOJN01000036.1_10,PF00444.21
SOJN01000036.1_15,PF00327.23
SOJN01000148.1_20,PF01869.23
SOJN01000037.1_14,PF01227.25
LJUY01000019.1_2,PF01553.24
LJUY01000019.1_6,PF01909.26
LJUY01000019.1_10,PF10026.12
LJUY01000020.1_9,PF04166.15
LJUY01000005.1_20,PF02620.20
LJUY01000005.1_23,PF00180.23
LJUY01000005.1_75,PF04015.15
LJUY01000006.1_51,PF01663.25
LJUY01000006.1_61,PF04055.24
LJUY01000006.1_94,PF02397.19
LJUY01000022.1_11,PF04854.17
LJUY01000022.1_18,PF13860.9
LJUY01000023.1_4,PF01327.24
LJUY01000023.1_36,PF01075.20
LJUY01000024.1_2,PF00338.25
LJUY01000024.1_4,PF00573.25
LJUY01000024.1_20,PF00327.23
LJUY01000024.1_39,PF03618.17
LJUY01000025.1_5,PF00491.24
LJUY01000026.1_19,PF00625.24
LJUY01000027.1_11,PF05103.16
LJUY01000007.1_8,PF04945.16
LJUY01000007.1_33,PF01475.22
LJUY01000028.1_30,PF02410.18
LJUY01000029.1_9,PF02608.17
LJUY01000029.1_17,PF01476.23
LJUY01000030.1_21,PF00860.23
LJUY01000001.1_42,PF00348.20
LJUY01000001.1_79,PF04028.16
LJUY01000001.1_81,PF02606.17
LJUY01000001.1_124,PF01557.21
LJUY01000001.1_125,PF00156.30
LJUY01000075.1_5,PF00294.27
LJUY01000009.1_3,PF05658.17
LJUY01000033.1_6,PF00696.31
LJUY01000033.1_7,PF00889.22
LJUY01000033.1_9,PF00380.22
LJUY01000033.1_22,PF02347.19
LJUY01000010.1_33,PF00258.28
LJUY01000010.1_40,PF01475.22
LJUY01000010.1_62,PF02754.19
LJUY01000010.1_64,PF00313.25
LJUY01000036.1_15,PF01558.21
LJUY01000036.1_16,PF05635.14
LJUY01000038.1_10,PF09424.13
LJUY01000039.1_3,PF00857.23
LJUY01000042.1_23,PF03840.17
LJUY01000081.1_5,PF00892.23
LJUY01000011.1_22,PF02662.19
LJUY01000011.1_53,PF01957.21
LJUY01000044.1_23,PF00857.23
LJUY01000046.1_18,PF11276.11
LJUY01000047.1_3,PF00731.23
LJUY01000088.1_4,PF00430.21
LJUY01000089.1_7,PF00857.23
LJUY01000091.1_6,PF00072.27
LJUY01000049.1_11,PF01613.21
LJUY01000002.1_4,PF01541.27
LJUY01000002.1_75,PF05683.15
LJUY01000002.1_103,PF05559.14
LJUY01000053.1_1,PF14385.9
LJUY01000053.1_5,PF07949.15
LJUY01000053.1_8,PF00528.25
LJUY01000054.1_11,PF00850.22
LJUY01000013.1_25,PF00227.29
LJUY01000013.1_33,PF00932.22
LJUY01000013.1_38,PF03169.18
LJUY01000003.1_21,PF00368.21
LJUY01000003.1_32,PF01795.22
LJUY01000003.1_49,PF04017.15
LJUY01000056.1_5,PF09985.12
LJUY01000056.1_6,PF19451.2
LJUY01000057.1_6,PF05343.17
LJUY01000017.1_40,PF14349.9
LJUY01000017.1_43,PF11104.11
LJUY01000064.1_6,PF00687.24
LJUY01000018.1_32,PF07238.17
NZ_FKIP01001373.1_5,PF02668.19
NZ_FKIP01001352.1_2,PF01156.22
NZ_FKIP01001296.1_3,PF00459.28
NZ_FKIP01001251.1_1,PF01042.24
NZ_FKIP01001142.1_1,PF03241.16
NZ_FKIP01001209.1_4,PF01850.24
NZ_FKIP01001088.1_6,PF04365.16
NZ_FKIP01001020.1_3,PF12867.10
NZ_FKIP01000987.1_3,PF00115.23
NZ_FKIP01000969.1_2,PF00550.28
NZ_FKIP01000931.1_3,PF04551.17
NZ_FKIP01000879.1_5,PF07690.19
NZ_FKIP01000869.1_6,PF04717.15
NZ_FKIP01001247.1_1,PF00563.23
NZ_FKIP01000863.1_1,PF13709.9
NZ_FKIP01000860.1_3,PF19878.2
NZ_FKIP01000354.1_1,PF09459.13
NZ_FKIP01000281.1_4,PF13151.9
NZ_FKIP01000292.1_2,PF07394.15
NZ_FKIP01000286.1_7,PF02604.22
NZ_FKIP01001083.1_1,PF13442.9
NZ_FKIP01000976.1_2,PF04365.16
NZ_FKIP01000314.1_2,PF16811.8
NZ_FKIP01000353.1_12,PF04075.17
NZ_FKIP01001206.1_2,PF01850.24
NZ_FKIP01000267.1_11,PF11794.11
NZ_FKIP01000051.1_5,PF00496.25
NZ_FKIP01000020.1_17,PF04255.17
NZ_FKIP01000254.1_10,PF00293.31
NZ_FKIP01000121.1_14,PF03480.16
NZ_FKIP01000582.1_7,PF05494.15
NZ_FKIP01000656.1_5,PF02397.19
NZ_FKIP01000323.1_9,PF02668.19
NZ_FKIP01000283.1_6,PF00145.20
NZ_FKIP01000405.1_10,PF00296.23
NZ_FKIP01000683.1_2,PF00291.28
NZ_FKIP01000278.1_6,PF08028.14
NZ_FKIP01000148.1_5,PF19834.2
NZ_FKIP01000172.1_1,PF00155.24
NZ_FKIP01000018.1_8,PF00694.22
NZ_FKIP01000185.1_7,PF08770.14
NZ_FKIP01000186.1_2,PF13229.9
NZ_FKIP01001004.1_3,PF14319.9
NZ_FKIP01000334.1_1,PF02481.18
NZ_FKIP01000334.1_8,PF00696.31
NZ_FKIP01000463.1_5,PF00496.25
NZ_FKIP01000473.1_4,PF03739.17
NZ_FKIP01000865.1_4,PF00909.24
NZ_FKIP01000794.1_4,PF00045.22
NZ_FKIP01000589.1_1,PF05685.15
NZ_FKIP01000594.1_8,PF02575.19
NZ_FKIP01000647.1_3,PF01850.24
NZ_FKIP01000730.1_2,PF00691.23
NZ_FKIP01000770.1_2,PF00578.24
SXND01000065.1_12,PF01557.21
SXND01000012.1_13,PF01553.24
SXND01000012.1_14,PF01148.23
SXND01000013.1_23,PF00296.23
SXND01000072.1_1,PF13424.9
SXND01000079.1_7,PF03972.17
SXND01000082.1_6,PF00296.23
SXND01000087.1_44,PF03776.17
SXND01000015.1_9,PF02515.20
SXND01000015.1_19,PF02861.23
SXND01000096.1_5,PF01850.24
SXND01000097.1_4,PF01934.20
SXND01000103.1_43,PF09585.13
SXND01000130.1_32,PF07282.14
SXND01000004.1_20,PF02661.21
SXND01000004.1_49,PF01135.22
SXND01000134.1_10,PF00296.23
SXND01000146.1_4,PF00296.23
SXND01000151.1_16,PF03328.17
SXND01000154.1_24,PF00420.27
SXND01000159.1_8,PF02515.20
SXND01000163.1_1,PF07995.14
SXND01000165.1_9,PF00496.25
SXND01000167.1_21,PF11563.11
SXND01000172.1_4,PF03787.18
SXND01000191.1_8,PF00476.23
SXND01000200.1_8,PF12973.10
SXND01000202.1_22,PF01063.22
SXND01000205.1_15,PF00293.31
SXND01000007.1_5,PF01702.21
SXND01000208.1_15,PF00072.27
SXND01000208.1_27,PF01817.24
SXND01000226.1_9,PF00293.31
SXND01000228.1_5,PF07963.15
SXND01000229.1_39,PF00296.23
SXND01000234.1_23,PF13699.9
SXND01000234.1_65,PF03683.16
SXND01000236.1_17,PF10282.12
SXND01000251.1_12,PF00582.29
SXND01000260.1_26,PF12728.10
SXND01000262.1_14,PF08899.14
SXND01000269.1_35,PF00950.20
SXND01000274.1_7,PF05729.15
SXND01000043.1_1,PF03971.17
SXND01000043.1_2,PF01935.20
NC_015499.1_30,PF00460.23
NC_015499.1_37,PF03473.20
NC_015499.1_68,PF02308.19
NC_015499.1_85,PF02321.21
NC_015499.1_98,PF00753.30
NC_015499.1_104,PF01012.24
NC_015499.1_148,PF01522.24
NC_015499.1_186,PF02146.20
NC_015499.1_253,PF02621.17
NC_015499.1_294,PF03808.16
NC_015499.1_347,PF02595.18
NC_015499.1_380,PF03988.15
NC_015499.1_394,PF00908.20
NC_015499.1_436,PF02229.19
NC_015499.1_475,PF02609.19
NC_015499.1_514,PF00410.22
NC_015499.1_552,PF00687.24
NC_015499.1_681,PF03775.19
NC_015499.1_718,PF01155.22
NC_015499.1_760,PF00313.25
NC_015499.1_770,PF03167.22
NC_015499.1_836,PF20393.1
NC_015499.1_909,PF00474.20
NC_015499.1_1077,PF02589.18
NC_015499.1_1103,PF00563.23
NC_015499.1_1120,PF07992.17
NC_015499.1_1166,PF00892.23
NC_015499.1_1271,PF01042.24
NC_015499.1_1284,PF02548.18
NC_015499.1_1322,PF00437.23
NC_015499.1_1403,PF00480.23
NC_015499.1_1413,PF01980.19
NC_015499.1_1440,PF02620.20
NC_015499.1_1458,PF00753.30
NC_015499.1_1466,PF03413.22
NC_015499.1_1571,PF06050.16
NC_015499.1_1632,PF00121.21
NC_015499.1_1705,PF08668.15
NC_015499.1_1732,PF09827.12
NC_015499.1_1760,PF00346.22
NC_015499.1_1782,PF03061.25
NC_015499.1_1794,PF01145.28
NC_015499.1_1807,PF02635.18
NC_015499.1_1816,PF06289.14
NC_015499.1_1831,PF13500.9
NC_015499.1_1858,PF00825.21
DRUY01000035.1_22,PF00551.22
DRUY01000261.1_14,PF13241.9
DRUY01000244.1_17,PF02350.22
DRUY01000050.1_15,PF02579.20
DRUY01000182.1_8,PF00828.22
DRUY01000069.1_1,PF08279.15
DRUY01000069.1_5,PF04307.17
DRUY01000138.1_6,PF11127.11
DRUY01000252.1_5,PF04468.15
DRUY01000213.1_10,PF03746.19
DRUY01000003.1_1,PF02146.20
DRUY01000202.1_3,PF00155.24
DRUY01000198.1_2,PF03772.19
DRUY01000096.1_8,PF02417.18
DRUY01000026.1_4,PF11741.11
DRUY01000228.1_9,PF00696.31
DRUY01000157.1_6,PF12118.11
DRUY01000221.1_2,PF01261.27
DRUY01000221.1_6,PF02653.19
DRUY01000190.1_7,PF02504.18
DRUY01000238.1_7,PF11563.11
DRUY01000133.1_11,PF00831.26
DRUY01000128.1_2,PF13520.9
DRUY01000170.1_4,PF02347.19
DRUY01000170.1_5,PF01597.22
DRUY01000023.1_4,PF00486.31
DRUY01000156.1_4,PF00809.25
DRUY01000230.1_4,PF02472.19
DRUY01000164.1_4,PF01545.24
DRUY01000078.1_1,PF00909.24
DRUY01000084.1_1,PF07690.19
DRUY01000139.1_1,PF10518.12
DRUY01000184.1_1,PF02963.19
DRUY01000226.1_4,PF02595.18
DRUY01000053.1_2,PF08240.15
DRUY01000009.1_2,PF09970.12
DRUY01000025.1_1,PF04280.18
JAEEJP010000097.1_13,PF01248.29
JAEEJP010000099.1_1,PF18560.4
JAEEJP010000099.1_8,PF00590.23
JAEEJP010000107.1_7,PF01242.22
JAEEJP010000111.1_3,PF08238.15
JAEEJP010000111.1_5,PF01661.24
JAEEJP010000112.1_18,PF00926.22
JAEEJP010000116.1_3,PF18446.4
JAEEJP010000122.1_11,PF04407.15
JAEEJP010000122.1_18,PF02596.18
JAEEJP010000122.1_22,PF00291.28
JAEEJP010000010.1_66,PF00202.24
JAEEJP010000011.1_18,PF08271.15
JAEEJP010000017.1_5,PF00572.21
JAEEJP010000019.1_6,PF19769.2
JAEEJP010000019.1_10,PF01963.20
JAEEJP010000019.1_12,PF00833.21
JAEEJP010000019.1_14,PF06245.14
JAEEJP010000020.1_14,PF13672.9
JAEEJP010000023.1_2,PF00239.24
JAEEJP010000004.1_25,PF07843.14
JAEEJP010000024.1_9,PF01090.22
JAEEJP010000026.1_12,PF13476.9
JAEEJP010000028.1_11,PF00999.24
JAEEJP010000029.1_12,PF04023.17
JAEEJP010000029.1_31,PF01012.24
JAEEJP010000030.1_2,PF09394.13
JAEEJP010000034.1_36,PF02581.20
JAEEJP010000034.1_40,PF07690.19
JAEEJP010000034.1_49,PF00117.31
JAEEJP010000034.1_60,PF08238.15
JAEEJP010000034.1_70,PF02624.19
JAEEJP010000034.1_81,PF09875.12
JAEEJP010000006.1_42,PF01261.27
JAEEJP010000006.1_44,PF02518.29
JAEEJP010000038.1_1,PF00589.25
JAEEJP010000038.1_8,PF01243.23
JAEEJP010000044.1_4,PF08798.14
JAEEJP010000044.1_8,PF09481.13
JAEEJP010000044.1_20,PF13151.9
JAEEJP010000046.1_4,PF01032.21
JAEEJP010000056.1_2,PF02661.21
JAEEJP010000063.1_3,PF01145.28
JAEEJP010000007.1_4,PF01676.21
JAEEJP010000007.1_8,PF04412.16
JAEEJP010000080.1_10,PF00126.30
JAEEJP010000080.1_12,PF02754.19
JAEEJP010000080.1_15,PF01871.20
JAEEJP010000081.1_6,PF02602.18
JAEEJP010000081.1_10,PF00490.24
JAEEJP010000081.1_29,PF13304.9
JAEEJP010000008.1_11,PF01381.25
JAEEJP010000091.1_2,PF00827.20
JAEEJP010000091.1_12,PF01176.22
JAEEJP010000095.1_24,PF01837.19
QMTU01000001.1_12,PF18143.4
QMTU01000003.1_16,PF03367.16
QMTU01000016.1_6,PF01171.23
QMTU01000019.1_8,PF03099.22
QMTU01000020.1_4,PF06093.16
QMTU01000027.1_5,PF01966.25
QMTU01000031.1_2,PF01878.21
QMTU01000032.1_2,PF00146.24
QMTU01000056.1_4,PF04930.18
QMTU01000058.1_3,PF06745.16
QMTU01000063.1_3,PF01411.22
QMTU01000065.1_5,PF01979.23
QMTU01000071.1_2,PF03237.18
QMTU01000095.1_6,PF01940.19
QMTU01000102.1_4,PF01951.19
QMTU01000112.1_2,PF02146.20
QMTU01000117.1_2,PF01889.20
QMTU01000121.1_1,PF01588.23
QMTU01000121.1_2,PF00596.24
QMTU01000126.1_2,PF13091.9
QMTU01000136.1_2,PF02195.21
QMTU01000137.1_4,PF00146.24
QMTU01000160.1_4,PF01467.29
QMTU01000162.1_2,PF02597.23
QMTU01000165.1_1,PF03463.18
QMTU01000173.1_1,PF03169.18
QMTU01000188.1_4,PF01351.21
QMTU01000194.1_1,PF04414.15
QMTU01000198.1_3,PF01739.21
QMTU01000203.1_3,PF01855.22
NZ_LR216287.1_117,PF01791.12
NZ_LR216287.1_119,PF00285.24
NZ_LR216287.1_126,PF20364.1
NZ_LR216287.1_165,PF13340.9
NZ_LR216287.1_181,PF04402.17
NZ_LR216287.1_220,PF00291.28
NZ_LR216287.1_229,PF13023.9
NZ_LR216287.1_266,PF01904.21
NZ_LR216287.1_393,PF00719.22
NZ_LR216287.1_481,PF01844.26
NZ_LR216287.1_547,PF07995.14
NZ_LR216287.1_574,PF04261.15
NZ_LR216287.1_610,PF00416.25
NZ_LR216287.1_622,PF12942.10
NZ_LR216287.1_741,PF18551.4
NZ_LR216287.1_774,PF01638.20
NZ_LR216287.1_803,PF00579.28
NZ_LR216287.1_832,PF05559.14
NZ_LR216287.1_953,PF03587.17
NZ_LR216287.1_1006,PF09490.13
NZ_LR216287.1_1008,PF20364.1
NZ_LR216287.1_1144,PF06150.15
NZ_LR216287.1_1208,PF01734.25
NZ_LR216287.1_1215,PF07883.14
NZ_LR216287.1_1226,PF01981.19
NZ_LR216287.1_1495,PF01734.25
NZ_LR216287.1_1715,PF01638.20
NZ_LR216287.1_1790,PF01246.23
NZ_LR216287.1_1801,PF01883.22
NZ_LR216287.1_2007,PF00582.29
NZ_LR216287.1_2032,PF02656.18
NZ_LR216287.1_2063,PF00211.23
NZ_LR216287.1_2080,PF00127.23
NZ_LR216287.1_2402,PF13610.9
NZ_LR216287.1_2593,PF00731.23
NZ_LR216287.1_2693,PF01904.21
NZ_LR216287.1_2764,PF00329.22
NZ_LR216287.1_2794,PF01551.25
NZ_LR216287.1_2873,PF00005.30
NZ_LR216287.1_2926,PF00293.31
NZ_LR216287.1_3010,PF01259.21
JAATVM010000044.1_4,PF04412.16
JAATVM010000049.1_11,PF09712.13
JAATVM010000049.1_17,PF02163.25
JAATVM010000056.1_8,PF01061.27
JAATVM010000060.1_6,PF00543.25
JAATVM010000068.1_1,PF00291.28
JAATVM010000071.1_7,PF02005.19
JAATVM010000078.1_10,PF01597.22
JAATVM010000086.1_4,PF18911.3
JAATVM010000089.1_2,PF00368.21
JAATVM010000089.1_4,PF00815.23
JAATVM010000095.1_8,PF00578.24
JAATVM010000098.1_2,PF18477.4
JAATVM010000100.1_3,PF17648.4
JAATVM010000109.1_3,PF00318.23
JAATVM010000111.1_3,PF14947.9
JAATVM010000120.1_7,PF14464.9
JAATVM010000121.1_2,PF00149.31
JAATVM010000124.1_2,PF11376.11
JAATVM010000133.1_5,PF01977.19
JAATVM010000149.1_3,PF19853.2
JAATVM010000155.1_17,PF00296.23
JAATVM010000018.1_10,PF01592.19
JAATVM010000165.1_5,PF09376.13
JAATVM010000186.1_9,PF01246.23
JAATVM010000198.1_5,PF01253.25
JAATVM010000204.1_2,PF00731.23
JAATVM010000206.1_2,PF01261.27
JAATVM010000208.1_1,PF01638.20
JAATVM010000216.1_8,PF01467.29
JAATVM010000245.1_10,PF01694.25
JAATVM010000250.1_4,PF01198.22
JAATVM010000251.1_6,PF02272.22
JAATVM010000251.1_8,PF00754.28
JAATVM010000254.1_5,PF02350.22
JAATVM010000031.1_7,PF08423.14
JAATVM010000035.1_6,PF00892.23
DRXH01000054.1_1,PF00296.23
DRXH01000080.1_11,PF01025.22
DRXH01000120.1_4,PF07690.19
DRXH01000143.1_5,PF01274.25
DRXH01000144.1_8,PF04055.24
DRXH01000167.1_8,PF18653.4
DRXH01000047.1_12,PF01282.22
DRXH01000015.1_2,PF02653.19
DRXH01000093.1_2,PF00005.30
DRXH01000041.1_8,PF09868.12
DRXH01000068.1_2,PF00579.28
DRXH01000169.1_4,PF08068.15
DRXH01000177.1_6,PF18998.3
DRXH01000179.1_2,PF02616.17
DRXH01000005.1_1,PF04493.17
DRXH01000040.1_5,PF01037.24
DRXH01000125.1_2,PF02597.23
DRXH01000035.1_2,PF00828.22
DRXH01000138.1_2,PF05168.17
DRXH01000138.1_4,PF04024.15
DRXH01000129.1_3,PF13412.9
NZ_AP013035.1_53,PF10825.11
NZ_AP013035.1_119,PF01862.19
NZ_AP013035.1_121,PF01066.24
NZ_AP013035.1_151,PF01220.22
NZ_AP013035.1_214,PF00361.23
NZ_AP013035.1_246,PF13557.9
NZ_AP013035.1_281,PF02578.18
NZ_AP013035.1_286,PF01632.22
NZ_AP013035.1_318,PF01702.21
NZ_AP013035.1_330,PF04981.16
NZ_AP013035.1_483,PF02577.17
NZ_AP013035.1_560,PF00171.25
NZ_AP013035.1_599,PF02405.19
NZ_AP013035.1_613,PF09413.13
NZ_AP013035.1_649,PF00460.23
NZ_AP013035.1_682,PF00378.23
NZ_AP013035.1_701,PF00990.24
NZ_AP013035.1_703,PF00990.24
NZ_AP013035.1_735,PF00590.23
NZ_AP013035.1_816,PF00490.24
NZ_AP013035.1_845,PF00582.29
NZ_AP013035.1_975,PF03186.16
NZ_AP013035.1_976,PF02277.20
NZ_AP013035.1_980,PF04085.17
NZ_AP013035.1_997,PF00872.21
NZ_AP013035.1_1024,PF00141.26
NZ_AP013035.1_1063,PF02310.22
NZ_AP013035.1_1118,PF02775.24
NZ_AP013035.1_1130,PF02321.21
NZ_AP013035.1_1229,PF00753.30
NZ_AP013035.1_1235,PF00015.24
NZ_AP013035.1_1249,PF00166.24
NZ_AP013035.1_1395,PF02504.18
NZ_AP013035.1_1436,PF01636.26
NZ_AP013035.1_1441,PF02652.17
NZ_AP013035.1_1446,PF02321.21
NZ_AP013035.1_1480,PF00828.22
NZ_AP013035.1_1484,PF00347.26
NZ_AP013035.1_1540,PF02350.22
NZ_AP013035.1_1575,PF00346.22
NZ_AP013035.1_1712,PF00696.31
NZ_AP013035.1_1726,PF02653.19
NZ_AP013035.1_1779,PF01258.20
NZ_AP013035.1_1799,PF03739.17
NZ_AP013035.1_1805,PF00543.25
NZ_AP013035.1_1817,PF00994.27
NZ_AP013035.1_1851,PF09335.14
WFSL01000001.1_39,PF04055.24
WFSL01000001.1_46,PF02410.18
WFSL01000001.1_49,PF00380.22
WFSL01000002.1_14,PF00908.20
WFSL01000002.1_29,PF02357.22
WFSL01000002.1_65,PF00475.21
WFSL01000002.1_66,PF05597.14
WFSL01000005.1_9,PF09335.14
WFSL01000008.1_29,PF00293.31
WFSL01000010.1_9,PF02620.20
WFSL01000010.1_24,PF02321.21
WFSL01000010.1_48,PF01293.23
WFSL01000010.1_53,PF01791.12
WFSL01000010.1_72,PF01039.25
WFSL01000012.1_7,PF00171.25
WFSL01000013.1_22,PF04463.15
WFSL01000013.1_26,PF01642.25
WFSL01000013.1_41,PF01790.21
WFSL01000013.1_43,PF01252.21
WFSL01000014.1_107,PF02515.20
WFSL01000014.1_179,PF00410.22
WFSL01000020.1_14,PF00266.22
WFSL01000024.1_29,PF01979.23
WFSL01000026.1_41,PF02775.24
WFSL01000027.1_11,PF02515.20
WFSL01000027.1_15,PF01797.19
WFSL01000027.1_22,PF00437.23
WFSL01000027.1_30,PF00155.24
WFSL01000032.1_36,PF00696.31
WFSL01000033.1_78,PF00909.24
WFSL01000034.1_7,PF02401.21
WFSL01000037.1_6,PF00920.24
WFSL01000037.1_35,PF01245.23
WFSL01000037.1_49,PF01850.24
WFSL01000037.1_51,PF01934.20
WFSL01000037.1_53,PF10047.12
JAAYCF010000105.1_1,PF01145.28
JAAYCF010000119.1_2,PF03553.17
JAAYCF010000125.1_1,PF08541.13
JAAYCF010000129.1_16,PF01196.22
JAAYCF010000132.1_12,PF00118.27
JAAYCF010000155.1_8,PF00436.28
JAAYCF010000156.1_8,PF00313.25
JAAYCF010000165.1_6,PF00041.24
JAAYCF010000167.1_6,PF07934.15
JAAYCF010000177.1_4,PF00137.24
JAAYCF010000185.1_15,PF00005.30
JAAYCF010000190.1_6,PF07977.16
JAAYCF010000193.1_2,PF02638.18
JAAYCF010000208.1_7,PF00584.23
JAAYCF010000211.1_9,PF04327.15
JAAYCF010000212.1_1,PF00669.23
JAAYCF010000225.1_10,PF03652.18
JAAYCF010000226.1_12,PF06723.16
JAAYCF010000228.1_4,PF00496.25
JAAYCF010000229.1_1,PF01048.23
JAAYCF010000242.1_4,PF00813.23
JAAYCF010000022.1_3,PF01509.21
JAAYCF010000023.1_3,PF14417.9
JAAYCF010000024.1_4,PF00005.30
JAAYCF010000025.1_3,PF04055.24
JAAYCF010000265.1_4,PF13522.9
JAAYCF010000266.1_2,PF05050.15
JAAYCF010000281.1_4,PF00574.26
JAAYCF010000284.1_7,PF00150.21
JAAYCF010000295.1_8,PF00072.27
JAAYCF010000305.1_8,PF01245.23
JAAYCF010000314.1_8,PF00528.25
JAAYCF010000314.1_11,PF04055.24
JAAYCF010000325.1_10,PF03167.22
JAAYCF010000327.1_2,PF01026.24
JAAYCF010000327.1_6,PF00144.27
JAAYCF010000332.1_10,PF01208.20
JAAYCF010000037.1_3,PF02620.20
JAAYCF010000364.1_3,PF03781.19
JAAYCF010000372.1_4,PF09723.13
JAAYCF010000381.1_1,PF00700.24
JAAYCF010000384.1_9,PF01554.21
JAAYCF010000385.1_7,PF00365.23
JAAYCF010000390.1_1,PF00535.29
JAAYCF010000083.1_12,PF20377.1
JAAYCF010000088.1_7,PF18949.3
NC_022792.1_9,PF03706.16
NC_022792.1_56,PF03480.16
NC_022792.1_156,PF00231.22
NC_022792.1_164,PF03646.18
NC_022792.1_319,PF00348.20
NC_022792.1_356,PF00764.22
NC_022792.1_454,PF01053.23
NC_022792.1_484,PF03816.17
NC_022792.1_491,PF00263.24
NC_022792.1_499,PF03099.22
NC_022792.1_513,PF03477.19
NC_022792.1_515,PF01933.21
NC_022792.1_533,PF01205.22
NC_022792.1_576,PF00237.22
NC_022792.1_626,PF03401.17
NC_022792.1_646,PF02566.22
NC_022792.1_740,PF01558.21
NC_022792.1_783,PF00825.21
NC_022792.1_835,PF01425.24
NC_022792.1_950,PF07690.19
NC_022792.1_968,PF01145.28
NC_022792.1_984,PF01966.25
NC_022792.1_1077,PF04011.15
NC_022792.1_1082,PF03069.18
NC_022792.1_1222,PF03787.18
NC_022792.1_1296,PF04015.15
NC_022792.1_1319,PF00528.25
NC_022792.1_1352,PF00528.25
NC_022792.1_1360,PF01632.22
NC_022792.1_1436,PF02653.19
NC_022792.1_1506,PF00293.31
NC_022792.1_1550,PF03061.25
NC_022792.1_1599,PF00248.24
NC_022792.1_1795,PF02775.24
NC_022792.1_1819,PF01628.24
NC_022792.1_1858,PF06289.14
NC_022792.1_2075,PF00041.24
DSSB01000258.1_6,PF14224.9
DSSB01000231.1_10,PF03061.25
DSSB01000491.1_3,PF02578.18
DSSB01000352.1_2,PF02321.21
DSSB01000241.1_8,PF00719.22
DSSB01000175.1_1,PF00849.25
DSSB01000614.1_6,PF03706.16
DSSB01000170.1_6,PF00885.22
DSSB01000139.1_9,PF14710.9
DSSB01000267.1_6,PF02130.20
DSSB01000074.1_1,PF00498.29
DSSB01000065.1_4,PF13801.9
DSSB01000493.1_4,PF01850.24
DSSB01000028.1_6,PF02446.20
DSSB01000513.1_4,PF07885.19
DSSB01000099.1_5,PF07238.17
DSSB01000500.1_2,PF01475.22
DSSB01000002.1_3,PF13372.9
DSSB01000552.1_1,PF12804.10
DSSB01000357.1_6,PF00155.24
DSSB01000456.1_7,PF01255.22
DSSB01000001.1_5,PF00252.21
DSSB01000001.1_7,PF00366.23
DSSB01000145.1_1,PF04134.15
DSSB01000070.1_7,PF02557.20
DSSB01000363.1_1,PF00425.21
DSSB01000140.1_5,PF10677.12
DSSB01000186.1_5,PF09712.13
DSSB01000536.1_1,PF01988.22
DSSB01000141.1_4,PF00581.23
DSSB01000232.1_4,PF01464.23
DSSB01000168.1_4,PF01741.21
DSSB01000551.1_2,PF00498.29
DSSB01000384.1_4,PF00475.21
DSSB01000384.1_6,PF04365.16
DSSB01000622.1_5,PF01264.24
DSSB01000465.1_4,PF04347.16
DSSB01000473.1_1,PF07584.14
DSSB01000103.1_1,PF07992.17
DSSB01000387.1_3,PF00177.24
DSSB01000261.1_2,PF01195.22
DSSB01000174.1_1,PF04607.20
DSSB01000036.1_1,PF01536.19
DSSB01000438.1_1,PF07995.14
DSSB01000043.1_1,PF00480.23
JAHJDR010000029.1_3,PF00999.24
JAHJDR010000029.1_4,PF00359.25
JAHJDR010000194.1_2,PF00355.29
JAHJDR010000197.1_8,PF00365.23
JAHJDR010000218.1_3,PF04326.17
JAHJDR010000227.1_10,PF14394.9
JAHJDR010000241.1_3,PF06071.16
JAHJDR010000265.1_1,PF02390.20
JAHJDR010000266.1_4,PF00572.21
JAHJDR010000280.1_4,PF00815.23
JAHJDR010000292.1_6,PF00924.21
JAHJDR010000304.1_7,PF01025.22
JAHJDR010000045.1_2,PF03330.21
JAHJDR010000324.1_5,PF01894.20
JAHJDR010000335.1_8,PF01187.21
JAHJDR010000360.1_10,PF09970.12
JAHJDR010000367.1_2,PF07238.17
JAHJDR010000376.1_2,PF01740.24
JAHJDR010000052.1_4,PF01797.19
JAHJDR010000391.1_4,PF02386.19
JAHJDR010000395.1_1,PF01261.27
JAHJDR010000397.1_1,PF03977.16
JAHJDR010000398.1_2,PF07804.15
JAHJDR010000401.1_4,PF00162.22
JAHJDR010000411.1_2,PF02604.22
JAHJDR010000418.1_12,PF00889.22
JAHJDR010000066.1_10,PF01618.19
JAHJDR010000067.1_10,PF00924.21
JAHJDR010000070.1_17,PF02662.19
JAHJDR010000073.1_17,PF04012.15
JAHJDR010000077.1_15,PF00253.24
JAHJDR010000009.1_6,PF06695.14
JAHJDR010000098.1_9,PF10543.12
JAHJDR010000099.1_12,PF03934.16
JAHJDR010000015.1_11,PF02033.21
JAHJDR010000127.1_7,PF03477.19
JAHJDR010000148.1_2,PF10108.12
JAHJDR010000025.1_2,PF00809.25
JAHJDR010000025.1_6,PF08331.13
JAHJDR010000165.1_5,PF02036.20
JAAYCL010000014.1_6,PF02677.17
JAAYCL010000014.1_40,PF01261.27
JAAYCL010000015.1_1,PF03968.17
JAAYCL010000015.1_22,PF11028.11
JAAYCL010000015.1_29,PF13231.9
JAAYCL010000018.1_15,PF04773.16
JAAYCL010000020.1_21,PF06305.14
JAAYCL010000021.1_14,PF11154.11
JAAYCL010000021.1_30,PF01042.24
JAAYCL010000022.1_18,PF01257.22
JAAYCL010000022.1_28,PF04932.18
JAAYCL010000023.1_41,PF01264.24
JAAYCL010000023.1_62,PF02464.20
JAAYCL010000023.1_73,PF00977.24
JAAYCL010000024.1_14,PF01564.20
JAAYCL010000025.1_21,PF07238.17
JAAYCL010000025.1_45,PF09852.12
JAAYCL010000026.1_46,PF03319.16
JAAYCL010000027.1_16,PF01850.24
JAAYCL010000027.1_27,PF01384.23
JAAYCL010000027.1_70,PF00348.20
JAAYCL010000027.1_72,PF13231.9
JAAYCL010000027.1_85,PF03319.16
JAAYCL010000004.1_5,PF04055.24
JAAYCL010000004.1_11,PF00082.25
JAAYCL010000030.1_11,PF02674.19
JAAYCL010000031.1_38,PF03934.16
JAAYCL010000031.1_53,PF07690.19
JAAYCL010000032.1_72,PF03773.16
JAAYCL010000035.1_27,PF09924.12
JAAYCL010000035.1_32,PF00126.30
JAAYCL010000035.1_55,PF14345.9
JAAYCL010000035.1_73,PF09972.12
JAAYCL010000006.1_22,PF00313.25
JAAYCL010000001.1_11,PF00217.22
JAAYCL010000001.1_69,PF02075.20
JAAYCL010000001.1_108,PF03065.18
JAAYCL010000036.1_6,PF12706.10
JAAYCL010000036.1_31,PF06545.14
JAAYCL010000036.1_55,PF10677.12
JAAYCL010000036.1_56,PF00528.25
JAAYCL010000036.1_81,PF04055.24
JAAYCL010000036.1_90,PF01467.29
JAAYCL010000036.1_116,PF00291.28
JAAYCL010000036.1_127,PF01230.26
JAAYCL010000008.1_43,PF18912.3
JAAYCL010000008.1_70,PF00410.22
JAAYCL010000037.1_56,PF05635.14
JAAYCL010000037.1_65,PF13414.9
JAAYCL010000037.1_147,PF04015.15
JAAYCL010000038.1_26,PF07478.16
JAAYCL010000038.1_49,PF01991.21
JAAYCL010000038.1_65,PF00753.30
JAAYCL010000039.1_4,PF00365.23
JAAYCL010000039.1_12,PF01931.21
JAAYCL010000011.1_10,PF13699.9
JAAYCL010000011.1_21,PF03109.19
JAAYCL010000011.1_35,PF00588.22
JAAYCL010000011.1_44,PF00963.21
JAAYCL010000042.1_6,PF01991.21
JAAYCL010000042.1_48,PF01037.24
JAAYCL010000042.1_52,PF12643.10
JAAYCL010000042.1_64,PF01098.22
JAAYCL010000042.1_80,PF01814.26
JAAYCL010000042.1_93,PF00572.21
JAAYCL010000042.1_103,PF00999.24
JAAYCL010000042.1_106,PF02579.20
JAAYCL010000042.1_117,PF02445.19
JAAYCL010000044.1_2,PF01327.24
JAAYCL010000044.1_53,PF01808.21
JAAYCL010000012.1_14,PF00871.20
JAAYCL010000013.1_10,PF01384.23
JAAYCL010000013.1_17,PF04456.15
JAAYCL010000013.1_28,PF04608.16
WOZJ01000015.1_10,PF00137.24
WOZJ01000015.1_33,PF00528.25
WOZJ01000015.1_58,PF00543.25
WOZJ01000067.1_6,PF12769.10
WOZJ01000046.1_9,PF00425.21
WOZJ01000008.1_7,PF02322.18
WOZJ01000014.1_11,PF03330.21
WOZJ01000050.1_12,PF01467.29
WOZJ01000050.1_111,PF03602.18
WOZJ01000050.1_164,PF00215.27
WOZJ01000050.1_167,PF00471.23
WOZJ01000050.1_182,PF00573.25
WOZJ01000050.1_194,PF00410.22
WOZJ01000050.1_203,PF00416.25
WOZJ01000050.1_260,PF02107.19
WOZJ01000006.1_5,PF01888.20
WOZJ01000041.1_24,PF13103.9
WOZJ01000051.1_1,PF06808.15
WOZJ01000028.1_6,PF01058.25
WOZJ01000049.1_21,PF02283.19
WOZJ01000058.1_3,PF01264.24
WOZJ01000016.1_19,PF01300.21
WOZJ01000009.1_4,PF12172.11
WOZJ01000057.1_15,PF00480.23
WOZJ01000057.1_31,PF00334.22
WOZJ01000057.1_81,PF01008.20
WOZJ01000038.1_7,PF07963.15
WOZJ01000042.1_18,PF01058.25
WOZJ01000042.1_23,PF00499.23
WOZJ01000031.1_5,PF09360.13
WOZJ01000031.1_13,PF01545.24
WOZJ01000069.1_1,PF00149.31
WOZJ01000069.1_13,PF12811.10
WOZJ01000071.1_25,PF00717.26
WOZJ01000036.1_9,PF00005.30
WOZJ01000018.1_56,PF00420.27
WOZJ01000018.1_58,PF00146.24
WOZJ01000066.1_7,PF02754.19
WOZJ01000063.1_14,PF09652.13
DDYN01000039.1_17,PF00291.28
DDYN01000039.1_39,PF01464.23
DDYN01000039.1_64,PF02325.20
DDYN01000051.1_1,PF01039.25
DDYN01000051.1_40,PF04290.15
DDYN01000002.1_10,PF02922.21
DDYN01000002.1_23,PF00296.23
DDYN01000005.1_18,PF02675.18
DDYN01000005.1_71,PF03706.16
DDYN01000005.1_82,PF11231.11
DDYN01000005.1_96,PF00582.29
DDYN01000005.1_123,PF04055.24
DDYN01000004.1_20,PF02515.20
DDYN01000033.1_13,PF03775.19
DDYN01000001.1_12,PF04166.15
DDYN01000037.1_60,PF00573.25
DDYN01000016.1_78,PF00543.25
DDYN01000016.1_86,PF02579.20
DDYN01000028.1_12,PF00425.21
DDYN01000028.1_13,PF01063.22
DDYN01000028.1_29,PF01012.24
DDYN01000054.1_16,PF00581.23
DDYN01000055.1_8,PF00582.29
DDYN01000058.1_1,PF00266.22
DDYN01000006.1_11,PF03309.17
DDYN01000006.1_12,PF03099.22
DDYN01000030.1_20,PF00682.22
DDYN01000032.1_76,PF06289.14
DDYN01000031.1_56,PF02620.20
DDYN01000031.1_83,PF00691.23
DDYN01000009.1_6,PF00071.25
DDYN01000020.1_2,PF01144.26
DDYN01000010.1_36,PF01243.23
DDYN01000057.1_25,PF01740.24
DDYN01000057.1_34,PF07963.15
DDYN01000057.1_48,PF01258.20
DDYN01000057.1_49,PF01927.19
DDYN01000057.1_68,PF02683.18
DDYN01000013.1_16,PF00579.28
DDYN01000013.1_41,PF02472.19
DDYN01000013.1_53,PF01145.28
DDYN01000013.1_56,PF00483.26
DDYN01000013.1_85,PF00581.23
JAFYIM010000510.1_1,PF08843.14
JAFYIM010000060.1_2,PF00497.23
JAFYIM010000061.1_4,PF04505.15
JAFYIM010000009.1_9,PF00366.23
JAFYIM010000073.1_1,PF11175.11
JAFYIM010000098.1_2,PF04390.15
JAFYIM010000120.1_3,PF02673.21
JAFYIM010000163.1_2,PF00166.24
JAFYIM010000173.1_9,PF04932.18
JAFYIM010000180.1_3,PF04932.18
JAFYIM010000196.1_2,PF07027.15
JAFYIM010000202.1_30,PF00831.26
JAFYIM010000228.1_2,PF00152.23
JAFYIM010000233.1_5,PF02609.19
JAFYIM010000236.1_4,PF00152.23
JAFYIM010000243.1_2,PF00318.23
JAFYIM010000243.1_5,PF00821.21
JAFYIM010000248.1_5,PF03116.18
JAFYIM010000261.1_1,PF08843.14
JAFYIM010000277.1_3,PF01012.24
JAFYIM010000283.1_4,PF00590.23
JAFYIM010000295.1_8,PF00072.27
JAFYIM010000312.1_5,PF01098.22
JAFYIM010000314.1_1,PF02901.18
JAFYIM010000324.1_3,PF20511.1
JAFYIM010000324.1_8,PF13231.9
JAFYIM010000328.1_4,PF00691.23
JAFYIM010000033.1_10,PF04138.17
JAFYIM010000350.1_3,PF20038.2
JAFYIM010000362.1_3,PF13151.9
JAFYIM010000377.1_1,PF02837.21
JAFYIM010000390.1_2,PF00082.25
JAFYIM010000393.1_3,PF01476.23
JAFYIM010000005.1_2,PF00579.28
JAFYIM010000412.1_3,PF01613.21
JAFYIM010000418.1_2,PF08713.14
JAFYIM010000449.1_7,PF01026.24
JAFYIM010000459.1_7,PF02811.22
JAFYIM010000469.1_1,PF02811.22
JAFYIM010000476.1_3,PF07963.15
JAFYIM010000497.1_1,PF00501.31
JAGCDY010000027.1_5,PF03781.19
JAGCDY010000039.1_4,PF00565.20
JAGCDY010000006.1_5,PF00365.23
JAGCDY010000040.1_4,PF09822.12
JAGCDY010000041.1_6,PF01725.19
JAGCDY010000044.1_12,PF02386.19
JAGCDY010000052.1_2,PF02472.19
JAGCDY010000053.1_66,PF01632.22
JAGCDY010000054.1_1,PF20539.1
JAGCDY010000055.1_1,PF00756.23
JAGCDY010000055.1_22,PF01264.24
JAGCDY010000056.1_3,PF07907.14
JAGCDY010000058.1_24,PF01661.24
JAGCDY010000058.1_25,PF14262.9
JAGCDY010000058.1_27,PF01223.26
JAGCDY010000059.1_1,PF01261.27
JAGCDY010000059.1_8,PF00180.23
JAGCDY010000063.1_68,PF02585.20
JAGCDY010000064.1_4,PF13620.9
JAGCDY010000067.1_25,PF00534.23
JAGCDY010000070.1_3,PF01168.23
JAGCDY010000072.1_15,PF00218.24
JAGCDY010000075.1_4,PF10825.11
JAGCDY010000085.1_5,PF02566.22
JAGCDY010000085.1_15,PF04932.18
JAGCDY010000085.1_40,PF07085.15
JAGCDY010000086.1_4,PF00416.25
JAGCDY010000090.1_12,PF12044.11
JAGCDY010000094.1_13,PF04127.18
JAGCDY010000095.1_1,PF12836.10
JAGCDY010000096.1_1,PF00501.31
JAGCDY010000099.1_6,PF04107.16
JAGCDY010000108.1_22,PF03938.17
JAGCDY010000108.1_23,PF03938.17
JAGCDY010000115.1_3,PF00294.27
JAGCDY010000125.1_3,PF01025.22
JAGCDY010000125.1_9,PF01259.21
JAGCDY010000132.1_18,PF04028.16
JAGCDY010000135.1_5,PF00754.28
JAGCDY010000016.1_7,PF01066.24
WJOT01000062.1_8,PF01965.27
WJOT01000078.1_40,PF00137.24
WJOT01000027.1_4,PF01264.24
WJOT01000027.1_19,PF09861.12
WJOT01000024.1_8,PF12728.10
WJOT01000029.1_25,PF02310.22
WJOT01000080.1_8,PF12679.10
WJOT01000043.1_21,PF00793.23
WJOT01000095.1_19,PF00072.27
WJOT01000122.1_7,PF02677.17
WJOT01000122.1_8,PF08486.13
WJOT01000101.1_8,PF04015.15
WJOT01000047.1_7,PF10105.12
WJOT01000074.1_42,PF02684.18
WJOT01000104.1_11,PF04932.18
WJOT01000131.1_25,PF02535.25
WJOT01000092.1_6,PF00218.24
WJOT01000052.1_21,PF16285.8
WJOT01000041.1_31,PF08899.14
WJOT01000051.1_8,PF02445.19
WJOT01000115.1_11,PF12804.10
WJOT01000058.1_4,PF01048.23
WJOT01000042.1_9,PF01272.22
WJOT01000072.1_2,PF00579.28
WJOT01000072.1_19,PF04608.16
WJOT01000072.1_20,PF01066.24
WJOT01000103.1_8,PF01259.21
WJOT01000098.1_4,PF00535.29
WJOT01000044.1_19,PF02416.19
WJOT01000046.1_5,PF02666.18
WJOT01000118.1_1,PF13807.9
WJOT01000061.1_25,PF03309.17
WJOT01000025.1_6,PF00528.25
WJOT01000097.1_16,PF02517.19
DJVG01000043.1_29,PF13578.9
DJVG01000043.1_53,PF02954.22
DJVG01000009.1_49,PF00156.30
DJVG01000052.1_14,PF01709.23
DJVG01000051.1_19,PF01951.19
DJVG01000051.1_36,PF00682.22
DJVG01000065.1_21,PF04509.15
DJVG01000007.1_13,PF02350.22
DJVG01000007.1_17,PF00464.22
DJVG01000038.1_9,PF00691.23
DJVG01000031.1_1,PF00266.22
DJVG01000047.1_5,PF01066.24
DJVG01000014.1_26,PF13505.9
DJVG01000053.1_8,PF07963.15
DJVG01000020.1_21,PF00694.22
DJVG01000020.1_39,PF00318.23
DJVG01000039.1_13,PF00301.23
DJVG01000033.1_24,PF00313.25
DJVG01000033.1_58,PF10502.12
DJVG01000032.1_2,PF01592.19
DJVG01000032.1_64,PF13231.9
DJVG01000036.1_36,PF13580.9
DJVG01000044.1_23,PF13411.9
DJVG01000044.1_32,PF03687.16
DJVG01000044.1_56,PF00112.26
DJVG01000049.1_25,PF03773.16
DJVG01000062.1_14,PF01464.23
DJVG01000006.1_7,PF01025.22
DJVG01000034.1_105,PF07136.14
DJVG01000064.1_2,PF00920.24
DJVG01000064.1_39,PF06695.14
DJVG01000057.1_19,PF01195.22
DJVG01000057.1_32,PF07963.15
JAFGBE010000145.1_2,PF00933.24
JAFGBE010000149.1_4,PF09721.13
JAFGBE010000024.1_5,PF00300.25
JAFGBE010000171.1_4,PF04029.17
JAFGBE010000176.1_5,PF02163.25
JAFGBE010000182.1_17,PF03321.16
JAFGBE010000183.1_1,PF05157.18
JAFGBE010000184.1_1,PF00809.25
JAFGBE010000028.1_6,PF01321.21
JAFGBE010000190.1_2,PF20108.2
JAFGBE010000198.1_10,PF14345.9
JAFGBE010000198.1_15,PF00076.25
JAFGBE010000036.1_3,PF00160.24
JAFGBE010000040.1_3,PF07238.17
JAFGBE010000040.1_11,PF01258.20
JAFGBE010000042.1_16,PF13632.9
JAFGBE010000049.1_5,PF04893.20
JAFGBE010000055.1_1,PF02449.18
JAFGBE010000056.1_5,PF00528.25
JAFGBE010000060.1_26,PF02686.18
JAFGBE010000063.1_3,PF02887.19
JAFGBE010000004.1_4,PF05170.17
JAFGBE010000005.1_6,PF01451.24
JAFGBE010000073.1_10,PF01066.24
JAFGBE010000076.1_4,PF03610.19
JAFGBE010000096.1_26,PF00344.23
JAFGBE010000096.1_40,PF08899.14
JAFGBE010000100.1_4,PF03425.16
JAFGBE010000100.1_5,PF01791.12
JAFGBE010000103.1_7,PF11146.11
JAFGBE010000103.1_11,PF02699.18
JAFGBE010000014.1_3,PF01075.20
JAFGBE010000116.1_7,PF00535.29
JAFGBE010000121.1_5,PF01165.23
JAFGBE010000126.1_5,PF02542.19
JAFGBE010000131.1_2,PF00459.28
JAFGBE010000138.1_9,PF01242.22
JAFGBE010000138.1_10,PF01177.25
JAFGBE010000138.1_14,PF01668.21
DJVC01000038.1_6,PF00466.23
DJVC01000045.1_1,PF02511.18
DJVC01000035.1_1,PF00919.23
DJVC01000051.1_49,PF00892.23
DJVC01000102.1_7,PF01914.20
DJVC01000102.1_15,PF03435.21
DJVC01000095.1_9,PF00920.24
DJVC01000046.1_14,PF13584.9
DJVC01000053.1_28,PF02836.20
DJVC01000094.1_2,PF01066.24
DJVC01000007.1_2,PF02566.22
DJVC01000007.1_5,PF01618.19
DJVC01000007.1_6,PF02472.19
DJVC01000007.1_17,PF01618.19
DJVC01000007.1_21,PF01809.21
DJVC01000007.1_29,PF00814.28
DJVC01000115.1_8,PF04079.19
DJVC01000115.1_10,PF00579.28
DJVC01000133.1_5,PF13231.9
DJVC01000021.1_7,PF01197.21
DJVC01000128.1_14,PF00482.26
DJVC01000118.1_15,PF18329.4
DJVC01000080.1_7,PF05359.14
DJVC01000065.1_16,PF00330.23
DJVC01000129.1_12,PF02386.19
DJVC01000108.1_5,PF02472.19
DJVC01000067.1_5,PF00263.24
DJVC01000076.1_1,PF00132.27
DJVC01000087.1_7,PF04966.15
DJVC01000028.1_23,PF07963.15
DJVC01000003.1_6,PF00347.26
DJVC01000047.1_1,PF01041.20
DJVC01000042.1_13,PF00892.23
DJVC01000106.1_1,PF00005.30
DJVC01000026.1_6,PF01632.22
DJVC01000113.1_26,PF01451.24
DJVC01000101.1_1,PF00294.27
DJVC01000101.1_4,PF01467.29
DJVC01000099.1_8,PF02508.17
DJVC01000099.1_19,PF09838.12
DJVC01000099.1_30,PF01106.20
DJVC01000025.1_3,PF01176.22
DJVC01000025.1_14,PF08899.14
DJVC01000025.1_16,PF02517.19
JACPUR010000040.1_7,PF00329.22
JACPUR010000040.1_29,PF07690.19
JACPUR010000040.1_87,PF00528.25
JACPUR010000041.1_282,PF18932.3
JACPUR010000041.1_292,PF01177.25
JACPUR010000001.1_58,PF02348.22
JACPUR010000001.1_158,PF02683.18
JACPUR010000001.1_185,PF10646.12
JACPUR010000001.1_210,PF09674.13
JACPUR010000001.1_296,PF02627.23
JACPUR010000013.1_38,PF01862.19
JACPUR010000017.1_32,PF01196.22
JACPUR010000017.1_51,PF00174.22
JACPUR010000017.1_191,PF09084.14
JACPUR010000018.1_4,PF01042.24
JACPUR010000018.1_83,PF06508.16
JACPUR010000021.1_78,PF01040.21
JACPUR010000019.1_12,PF00430.21
JACPUR010000019.1_27,PF03372.26
JACPUR010000019.1_51,PF02515.20
JACPUR010000019.1_52,PF00590.23
JACPUR010000019.1_109,PF02661.21
JACPUR010000019.1_180,PF02698.20
JACPUR010000019.1_217,PF01300.21
JACPUR010000019.1_230,PF00625.24
JACPUR010000019.1_251,PF04238.15
JACPUR010000019.1_253,PF00510.21
JACPUR010000024.1_47,PF00561.23
JACPUR010000024.1_50,PF00857.23
JACPUR010000023.1_27,PF01425.24
JACPUR010000023.1_48,PF00216.24
JACPUR010000022.1_11,PF00121.21
JACPUR010000007.1_30,PF01965.27
JACPUR010000031.1_11,PF03625.17
JACPUR010000030.1_25,PF00795.25
JACPUR010000030.1_125,PF08308.14
JACPUR010000027.1_7,PF00753.30
JACPUR010000027.1_12,PF07578.14
JACPUR010000035.1_65,PF00528.25
JACPUR010000035.1_219,PF10150.12
JACPUR010000033.1_1,PF08902.14
JACPUR010000034.1_14,PF00881.27
JACPUR010000032.1_29,PF00903.28
JACPUR010000038.1_9,PF00582.29
JACPUR010000038.1_33,PF00381.22
JACPUR010000038.1_151,PF00528.25
JACPUR010000037.1_28,PF01052.23
JACPUR010000036.1_9,PF02653.19
JACPUR010000004.1_74,PF01925.22
JACPRG010000041.1_11,PF00528.25
JACPRG010000002.1_41,PF00296.23
JACPRG010000046.1_3,PF03480.16
JACPRG010000050.1_38,PF00885.22
JACPRG010000047.1_11,PF00296.23
JACPRG010000009.1_8,PF13779.9
JACPRG010000011.1_3,PF00795.25
JACPRG010000060.1_12,PF00753.30
JACPRG010000004.1_11,PF00625.24
JACPRG010000073.1_1,PF02776.21
JACPRG010000069.1_23,PF00253.24
JACPRG010000089.1_8,PF10432.12
JACPRG010000006.1_9,PF13489.9
JACPRG010000088.1_9,PF09347.13
JACPRG010000095.1_1,PF00296.23
JACPRG010000092.1_3,PF02775.24
JACPRG010000105.1_21,PF02120.19
JACPRG010000105.1_42,PF02561.17
JACPRG010000107.1_9,PF04909.17
JACPRG010000108.1_5,PF02538.17
JACPRG010000111.1_5,PF00482.26
JACPRG010000112.1_21,PF00892.23
JACPRG010000114.1_10,PF00291.28
JACPRG010000123.1_2,PF03069.18
JACPRG010000125.1_4,PF00296.23
JACPRG010000141.1_5,PF09834.12
JACPRG010000165.1_11,PF00892.23
JACPRG010000022.1_12,PF08478.13
JACPRG010000028.1_4,PF01145.28
JACPRG010000032.1_9,PF14175.9
JACPRG010000032.1_16,PF01027.23
JACPRG010000035.1_5,PF00830.22
RFFU01000111.1_10,PF01451.24
RFFU01000120.1_23,PF04327.15
RFFU01000120.1_35,PF03734.17
RFFU01000013.1_34,PF00160.24
RFFU01000121.1_8,PF06245.14
RFFU01000002.1_59,PF01084.23
RFFU01000143.1_5,PF03610.19
RFFU01000143.1_18,PF07963.15
RFFU01000143.1_34,PF00708.21
RFFU01000145.1_5,PF04715.16
RFFU01000025.1_1,PF00528.25
RFFU01000027.1_33,PF01722.21
RFFU01000032.1_7,PF07313.15
RFFU01000032.1_69,PF02586.17
RFFU01000034.1_26,PF00860.23
RFFU01000037.1_22,PF00027.32
RFFU01000037.1_42,PF04015.15
RFFU01000040.1_50,PF03934.16
RFFU01000042.1_19,PF02606.17
RFFU01000045.1_11,PF02836.20
RFFU01000045.1_19,PF13500.9
RFFU01000046.1_9,PF04390.15
RFFU01000056.1_20,PF00494.22
RFFU01000061.1_13,PF00990.24
RFFU01000068.1_1,PF03050.17
RFFU01000074.1_35,PF00027.32
RFFU01000075.1_2,PF00849.25
RFFU01000076.1_3,PF01515.22
RFFU01000078.1_51,PF13669.9
RFFU01000078.1_84,PF00535.29
RFFU01000081.1_15,PF01368.23
RFFU01000082.1_22,PF00731.23
RFFU01000084.1_47,PF08486.13
RFFU01000084.1_63,PF02050.19
RFFU01000084.1_77,PF01578.23
RFFU01000084.1_80,PF03100.18
RFFU01000084.1_96,PF12728.10
RFFU01000084.1_102,PF07963.15
RFFU01000089.1_14,PF13443.9
RFFU01000094.1_65,PF05099.16
RFFU01000094.1_71,PF01934.20
RFFU01000008.1_11,PF12974.10
RFFU01000009.1_12,PF01699.27
RFFU01000106.1_40,PF00005.30
RFFU01000107.1_3,PF12769.10
PEWQ01000102.1_2,PF00202.24
PEWQ01000060.1_14,PF02397.19
PEWQ01000170.1_15,PF14237.9
PEWQ01000104.1_1,PF01476.23
PEWQ01000004.1_5,PF04316.16
PEWQ01000037.1_4,PF04773.16
PEWQ01000037.1_12,PF14237.9
PEWQ01000067.1_23,PF03702.17
PEWQ01000125.1_25,PF01288.23
PEWQ01000063.1_15,PF01613.21
PEWQ01000077.1_11,PF00155.24
PEWQ01000117.1_4,PF01507.22
PEWQ01000190.1_2,PF03772.19
PEWQ01000028.1_1,PF00877.22
PEWQ01000158.1_2,PF13231.9
PEWQ01000203.1_14,PF02545.17
PEWQ01000015.1_8,PF11823.11
PEWQ01000083.1_7,PF00990.24
PEWQ01000025.1_15,PF01618.19
PEWQ01000107.1_27,PF00290.23
PEWQ01000193.1_14,PF00448.25
PEWQ01000193.1_23,PF01709.23
PEWQ01000193.1_27,PF13646.9
PEWQ01000159.1_8,PF05168.17
PEWQ01000032.1_9,PF03319.16
PEWQ01000113.1_5,PF01297.20
PEWQ01000120.1_24,PF00731.23
PEWQ01000091.1_4,PF09918.12
PEWQ01000073.1_7,PF07238.17
PEWQ01000081.1_5,PF00361.23
PEWQ01000080.1_41,PF00436.28
PEWQ01000080.1_45,PF09997.12
PEWQ01000110.1_12,PF03023.17
MNYI01000121.1_6,PF02504.18
MNYI01000121.1_9,PF07927.15
MNYI01000205.1_7,PF01548.20
MNYI01000054.1_2,PF01016.22
MNYI01000054.1_4,PF04327.15
MNYI01000068.1_12,PF00171.25
MNYI01000138.1_1,PF00290.23
MNYI01000198.1_6,PF18978.3
MNYI01000129.1_4,PF04365.16
MNYI01000030.1_5,PF01676.21
MNYI01000125.1_1,PF01850.24
MNYI01000025.1_5,PF00231.22
MNYI01000092.1_7,PF00227.29
MNYI01000066.1_6,PF00211.23
MNYI01000093.1_5,PF11449.11
MNYI01000018.1_5,PF02446.20
MNYI01000034.1_1,PF01493.22
MNYI01000193.1_2,PF04977.18
MNYI01000217.1_17,PF02091.18
MNYI01000101.1_3,PF08281.15
MNYI01000245.1_1,PF00890.27
MNYI01000178.1_4,PF01311.23
MNYI01000016.1_1,PF02308.19
MNYI01000016.1_6,PF19778.2
MNYI01000104.1_3,PF00271.34
MNYI01000230.1_2,PF04509.15
MNYI01000089.1_1,PF04350.16
MNYI01000220.1_3,PF04365.16
MNYI01000176.1_14,PF02542.19
MNYI01000083.1_3,PF13200.9
MNYI01000041.1_9,PF07494.14
MNYI01000072.1_9,PF01527.23
MNYI01000087.1_7,PF00072.27
MNYI01000235.1_12,PF20482.1
MNYI01000235.1_14,PF00329.22
MNYI01000124.1_3,PF02665.17
MNYI01000043.1_1,PF03609.17
MNYI01000043.1_12,PF01850.24
MNYI01000017.1_13,PF05140.17
MNYI01000001.1_4,PF07963.15
MNYI01000073.1_8,PF02445.19
MNYI01000185.1_13,PF01765.22
MNYI01000204.1_4,PF00420.27
MNYI01000204.1_7,PF00361.23
MNYI01000164.1_6,PF01288.23
MNYI01000164.1_28,PF10047.12
MNYI01000166.1_7,PF01496.22
MNYI01000136.1_4,PF03840.17
MNYI01000107.1_9,PF05685.15
MNYI01000042.1_5,PF00535.29
MNYI01000211.1_3,PF00475.21
DNCN01000073.1_3,PF01973.21
DNCN01000036.1_3,PF03237.18
DNCN01000036.1_7,PF10102.12
DNCN01000116.1_33,PF00416.25
DNCN01000175.1_14,PF02130.20
DNCN01000086.1_5,PF01165.23
DNCN01000086.1_11,PF03613.17
DNCN01000171.1_9,PF08899.14
DNCN01000171.1_11,PF08240.15
DNCN01000165.1_4,PF04977.18
DNCN01000189.1_2,PF00345.23
DNCN01000194.1_1,PF01894.20
DNCN01000039.1_3,PF00365.23
DNCN01000098.1_4,PF04972.20
DNCN01000100.1_4,PF00698.24
DNCN01000100.1_7,PF01783.26
DNCN01000127.1_3,PF04055.24
DNCN01000051.1_2,PF01025.22
DNCN01000121.1_3,PF08308.14
DNCN01000030.1_5,PF13768.9
DNCN01000131.1_2,PF03412.18
DNCN01000033.1_3,PF01257.22
DNCN01000075.1_3,PF17131.7
DNCN01000053.1_6,PF12675.10
DNCN01000135.1_1,PF01699.27
DNCN01000135.1_2,PF09527.13
DNCN01000183.1_6,PF04316.16
DNCN01000015.1_7,PF02472.19
DNCN01000185.1_6,PF00215.27
DHPR01000036.1_26,PF01300.21
DHPR01000008.1_2,PF20020.2
DHPR01000008.1_18,PF00361.23
DHPR01000008.1_32,PF07311.15
DHPR01000026.1_5,PF09704.13
DHPR01000020.1_9,PF00466.23
DHPR01000019.1_32,PF00551.22
DHPR01000019.1_55,PF00137.24
DHPR01000019.1_72,PF19543.2
DHPR01000010.1_31,PF04199.16
DHPR01000010.1_42,PF01496.22
DHPR01000010.1_57,PF04041.16
DHPR01000010.1_85,PF00149.31
DHPR01000038.1_6,PF00203.24
DHPR01000038.1_17,PF00347.26
DHPR01000038.1_24,PF00557.27
DHPR01000033.1_43,PF00162.22
DHPR01000033.1_53,PF04945.16
DHPR01000033.1_64,PF01029.21
DHPR01000033.1_72,PF03938.17
DHPR01000033.1_88,PF01208.20
DHPR01000033.1_149,PF00677.20
DHPR01000033.1_180,PF02594.19
DHPR01000033.1_186,PF02775.24
DHPR01000033.1_191,PF02575.19
DHPR01000033.1_217,PF00482.26
DHPR01000033.1_226,PF04964.17
DHPR01000033.1_245,PF01116.23
DHPR01000033.1_349,PF00588.22
DHPR01000033.1_368,PF00395.23
DHPR01000033.1_373,PF03739.17
DHPR01000033.1_392,PF12019.11
DHPR01000033.1_411,PF12571.11
DHPR01000033.1_459,PF06144.16
DHPR01000003.1_6,PF01558.21
DHPR01000013.1_46,PF03232.16
DHPR01000013.1_48,PF07561.14
DHPR01000013.1_52,PF07813.15
DHPR01000009.1_1,PF01408.25
DHPR01000022.1_13,PF02572.18
DHPR01000029.1_27,PF04308.15
DHPR01000029.1_73,PF13443.9
DHPR01000004.1_18,PF03787.18
DHPR01000004.1_21,PF03787.18
DHPR01000030.1_12,PF03065.18
DHPR01000018.1_13,PF00496.25
DHPR01000018.1_14,PF04055.24
DHPR01000035.1_28,PF02583.20
DHPR01000017.1_8,PF01165.23
DHPR01000039.1_4,PF02261.19
DHPR01000025.1_1,PF01261.27
DHPR01000011.1_11,PF18780.4
DHPR01000011.1_16,PF09861.12
DHPR01000011.1_21,PF03073.18
DHPR01000023.1_18,PF04909.17
DHPR01000012.1_6,PF05107.15
DHPR01000012.1_23,PF03331.16
DHPR01000012.1_93,PF02705.19
DHPR01000012.1_135,PF01497.21
DHPR01000012.1_139,PF00682.22
DHPR01000012.1_150,PF06245.14
DHPR01000012.1_189,PF08532.13
DHPR01000012.1_196,PF13163.9
DHPR01000012.1_263,PF02540.20
DHPR01000012.1_265,PF00294.27
DHPR01000012.1_281,PF04765.16
DHPR01000012.1_290,PF10418.12
DTLL01000100.1_28,PF01551.25
DTLL01000100.1_46,PF07676.15
DTLL01000086.1_19,PF01343.21
DTLL01000106.1_20,PF00692.22
DTLL01000089.1_17,PF00164.28
DTLL01000047.1_27,PF00344.23
DTLL01000009.1_17,PF07136.14
DTLL01000107.1_21,PF00202.24
DTLL01000071.1_13,PF07949.15
DTLL01000083.1_13,PF13231.9
DTLL01000083.1_16,PF03652.18
DTLL01000138.1_16,PF18962.3
DTLL01000040.1_12,PF00528.25
DTLL01000064.1_16,PF04471.15
DTLL01000021.1_6,PF03740.16
DTLL01000033.1_12,PF01121.23
DTLL01000018.1_10,PF02569.18
DTLL01000057.1_1,PF14349.9
DTLL01000111.1_8,PF13174.9
DTLL01000097.1_2,PF01515.22
DTLL01000038.1_7,PF02754.19
DTLL01000038.1_9,PF02754.19
DTLL01000124.1_9,PF00237.22
DTLL01000070.1_5,PF18962.3
DTLL01000027.1_6,PF01951.19
DTLL01000096.1_3,PF01551.25
DTLL01000053.1_2,PF05635.14
DTLL01000010.1_6,PF01927.19
DTLL01000145.1_4,PF01894.20
DTLL01000121.1_4,PF00005.30
DTLL01000008.1_7,PF09827.12
DTLL01000056.1_1,PF12705.10
DTLL01000074.1_5,PF02033.21
DTLL01000001.1_1,PF00380.22
DTLL01000001.1_3,PF00889.22
DTLL01000081.1_4,PF01345.21
QNEG01000011.1_8,PF05681.17
QNEG01000012.1_2,PF13860.9
QNEG01000030.1_1,PF01364.21
QNEG01000033.1_8,PF03334.17
QNEG01000034.1_11,PF01894.20
QNEG01000036.1_5,PF04187.16
QNEG01000038.1_1,PF13020.9
QNEG01000046.1_1,PF16916.8
QNEG01000048.1_4,PF03259.20
QNEG01000054.1_2,PF04493.17
QNEG01000077.1_2,PF01075.20
QNEG01000089.1_3,PF05016.18
QNEG01000092.1_5,PF00121.21
QNEG01000098.1_6,PF00380.22
QNEG01000100.1_1,PF17963.4
QNEG01000101.1_4,PF00877.22
QNEG01000102.1_3,PF02569.18
QNEG01000104.1_3,PF04017.15
QNEG01000127.1_2,PF04029.17
QNEG01000136.1_1,PF01875.20
QNEG01000145.1_1,PF18962.3
QNEG01000145.1_3,PF00155.24
QNEG01000146.1_5,PF04509.15
QNEG01000148.1_2,PF02146.20
QNEG01000171.1_3,PF10502.12
QNEG01000177.1_4,PF00584.23
QNEG01000180.1_7,PF13464.9
QNEG01000190.1_7,PF00919.23
QNEG01000199.1_2,PF01048.23
QNEG01000201.1_3,PF00550.28
QNEG01000213.1_3,PF02581.20
QNEG01000237.1_2,PF00072.27
QNEG01000237.1_3,PF01957.21
QNEG01000243.1_1,PF04298.15
QNEG01000250.1_1,PF11741.11
QNEG01000274.1_4,PF00132.27
QNEG01000280.1_1,PF01636.26
QNEG01000282.1_1,PF04151.18
QNEG01000299.1_2,PF02683.18
QNEG01000339.1_2,PF02384.19
QNEG01000343.1_3,PF13585.9
QNEG01000356.1_1,PF01618.19
QNEG01000374.1_3,PF02673.21
QNEG01000380.1_1,PF18911.3
DSWB01000293.1_11,PF07676.15
DSWB01000406.1_17,PF00072.27
DSWB01000471.1_3,PF04085.17
DSWB01000407.1_1,PF06835.16
DSWB01000407.1_4,PF00294.27
DSWB01000314.1_13,PF04909.17
DSWB01000089.1_11,PF02659.18
DSWB01000717.1_9,PF02254.21
DSWB01000196.1_7,PF00977.24
DSWB01000570.1_3,PF04773.16
DSWB01000186.1_12,PF01964.21
DSWB01000719.1_2,PF07876.15
DSWB01000534.1_4,PF00528.25
DSWB01000481.1_9,PF13646.9
DSWB01000155.1_1,PF19571.2
DSWB01000215.1_8,PF10135.12
DSWB01000191.1_10,PF01196.22
DSWB01000663.1_4,PF00814.28
DSWB01000031.1_6,PF01155.22
DSWB01000034.1_2,PF14903.9
DSWB01000153.1_7,PF01227.25
DSWB01000214.1_1,PF02786.20
DSWB01000388.1_1,PF00501.31
DSWB01000011.1_3,PF01312.22
DSWB01000011.1_4,PF01311.23
DSWB01000382.1_7,PF00437.23
DSWB01000163.1_4,PF00474.20
DSWB01000478.1_1,PF00041.24
DSWB01000620.1_4,PF02470.23
DSWB01000632.1_2,PF09822.12
DSWB01000492.1_2,PF00312.25
DSWB01000307.1_1,PF03947.21
DSWB01000551.1_2,PF12728.10
DSWB01000671.1_1,PF03116.18
DSWB01000044.1_1,PF00501.31
DSWB01000223.1_4,PF00584.23
DSWB01000367.1_3,PF10668.12
DSWB01000168.1_3,PF00072.27
MWCD01000001.1_100,PF13507.9
MWCD01000002.1_41,PF17389.5
MWCD01000002.1_79,PF13247.9
MWCD01000004.1_38,PF00118.27
MWCD01000004.1_71,PF03009.20
MWCD01000006.1_80,PF02572.18
MWCD01000007.1_55,PF02424.18
MWCD01000009.1_45,PF03091.18
MWCD01000010.1_17,PF04015.15
MWCD01000010.1_43,PF02508.17
MWCD01000010.1_44,PF02508.17
MWCD01000015.1_10,PF02120.19
MWCD01000015.1_18,PF02049.21
MWCD01000015.1_31,PF00266.22
MWCD01000015.1_38,PF01578.23
MWCD01000016.1_25,PF08797.14
MWCD01000016.1_30,PF01765.22
MWCD01000017.1_29,PF01326.22
MWCD01000021.1_3,PF02943.18
MWCD01000023.1_8,PF00920.24
MWCD01000023.1_30,PF02321.21
MWCD01000024.1_38,PF10105.12
MWCD01000029.1_22,PF00072.27
MWCD01000032.1_31,PF00468.20
MWCD01000033.1_26,PF13579.9
MWCD01000033.1_32,PF16694.8
MWCD01000034.1_4,PF03968.17
MWCD01000034.1_35,PF00294.27
MWCD01000038.1_17,PF12728.10
MWCD01000041.1_6,PF04143.17
MWCD01000048.1_11,PF02585.20
MWCD01000049.1_9,PF00440.26
MWCD01000068.1_8,PF01144.26
MWCD01000071.1_7,PF12769.10
MWCD01000073.1_8,PF12228.11
MWCD01000079.1_2,PF13690.9
MWCD01000090.1_6,PF04343.16
MWCD01000093.1_5,PF02686.18
MWCD01000097.1_4,PF13550.9
MWCD01000110.1_3,PF00753.30
DITF01000261.1_8,PF01844.26
DITF01000114.1_10,PF00072.27
DITF01000013.1_17,PF00753.30
DITF01000345.1_3,PF00830.22
DITF01000066.1_6,PF01627.26
DITF01000111.1_3,PF00398.23
DITF01000132.1_5,PF00089.29
DITF01000107.1_4,PF00572.21
DITF01000199.1_6,PF08011.14
DITF01000018.1_6,PF19997.2
DITF01000209.1_16,PF00436.28
DITF01000131.1_1,PF19077.3
DITF01000131.1_2,PF00164.28
DITF01000181.1_3,PF00501.31
DITF01000307.1_1,PF00589.25
DITF01000307.1_8,PF12532.11
DITF01000298.1_2,PF01381.25
DITF01000077.1_13,PF00908.20
DITF01000260.1_9,PF00549.22
DITF01000377.1_2,PF02367.20
DITF01000284.1_1,PF05761.17
DITF01000056.1_2,PF07963.15
DITF01000203.1_1,PF00263.24
DITF01000267.1_1,PF10135.12
DITF01000249.1_1,PF01025.22
DITF01000020.1_16,PF01699.27
DITF01000234.1_7,PF03960.18
DITF01000162.1_15,PF00466.23
DITF01000213.1_3,PF01678.22
DITF01000159.1_29,PF15428.9
NVVD01000022.1_43,PF00311.20
NVVD01000004.1_60,PF02441.22
NVVD01000005.1_18,PF00072.27
NVVD01000005.1_84,PF01740.24
NVVD01000005.1_128,PF00885.22
NVVD01000023.1_21,PF06980.14
NVVD01000006.1_26,PF00144.27
NVVD01000006.1_53,PF03616.17
NVVD01000006.1_68,PF00245.23
NVVD01000006.1_76,PF00582.29
NVVD01000006.1_152,PF13539.9
NVVD01000007.1_92,PF02130.20
NVVD01000027.1_21,PF03102.17
NVVD01000008.1_22,PF09515.13
NVVD01000008.1_66,PF04231.16
NVVD01000008.1_93,PF20074.2
NVVD01000009.1_40,PF00501.31
NVVD01000010.1_27,PF02660.18
NVVD01000010.1_34,PF01042.24
NVVD01000010.1_98,PF17764.4
NVVD01000011.1_78,PF03116.18
NVVD01000011.1_90,PF02033.21
NVVD01000011.1_94,PF13406.9
NVVD01000031.1_2,PF15428.9
NVVD01000032.1_9,PF03916.17
NVVD01000032.1_44,PF00589.25
NVVD01000014.1_73,PF13372.9
NVVD01000002.1_96,PF00072.27
NVVD01000002.1_134,PF01040.21
NVVD01000002.1_150,PF12710.10
NVVD01000002.1_241,PF06123.15
NVVD01000015.1_48,PF01740.24
NVVD01000001.1_44,PF00082.25
NVVD01000001.1_82,PF00753.30
NVVD01000001.1_171,PF02219.20
NVVD01000001.1_264,PF03652.18
NVVD01000001.1_376,PF01609.24
NVVD01000001.1_419,PF03372.26
NVVD01000001.1_592,PF13173.9
NVVD01000040.1_13,PF13228.9
NVVD01000042.1_3,PF07660.17
NVVD01000017.1_28,PF04389.20
NVVD01000003.1_65,PF02609.19
NVVD01000003.1_102,PF01195.22
NVVD01000003.1_126,PF13289.9
NVVD01000003.1_139,PF00209.21
NVVD01000020.1_21,PF00294.27
DLMW01000035.1_4,PF00483.26
DLMW01000070.1_2,PF00459.28
DLMW01000015.1_18,PF04093.15
DLMW01000015.1_26,PF03358.18
DLMW01000032.1_16,PF02542.19
DLMW01000013.1_9,PF01855.22
DLMW01000044.1_12,PF03009.20
DLMW01000029.1_10,PF00291.28
DLMW01000051.1_5,PF13366.9
DLMW01000045.1_2,PF00344.23
DLMW01000060.1_1,PF01702.21
DLMW01000088.1_16,PF07136.14
DLMW01000088.1_19,PF01121.23
DLMW01000088.1_20,PF00476.23
DLMW01000017.1_8,PF01618.19
DLMW01000042.1_13,PF01676.21
DLMW01000041.1_4,PF01548.20
DLMW01000041.1_10,PF00698.24
DLMW01000025.1_6,PF13366.9
DLMW01000018.1_5,PF01288.23
DLMW01000019.1_6,PF10646.12
DLMW01000019.1_14,PF13483.9
DLMW01000001.1_4,PF02080.24
DLMW01000059.1_7,PF00535.29
DLMW01000059.1_8,PF01075.20
DLMW01000058.1_10,PF13224.9
DLMW01000004.1_16,PF11306.11
DLMW01000036.1_3,PF05036.16
DLMW01000064.1_15,PF02597.23
DLMW01000010.1_19,PF00365.23
DLMW01000083.1_8,PF17167.7
DLMW01000023.1_10,PF06386.14
DLMW01000047.1_5,PF02508.17
DLMW01000048.1_18,PF00708.21
DLMW01000048.1_30,PF04389.20
DLMW01000048.1_50,PF02163.25
DLMW01000011.1_12,PF06130.15
DLMW01000011.1_19,PF03319.16
DLMW01000034.1_3,PF01148.23
DLMW01000034.1_6,PF01765.22
DLMW01000026.1_5,PF00180.23
DLMW01000005.1_6,PF02645.19
DLMW01000076.1_9,PF01314.21
DLMW01000067.1_2,PF00266.22
DLMW01000002.1_13,PF00132.27
DLMW01000068.1_2,PF03938.17
DLMW01000068.1_6,PF02151.22
DRGV01000010.1_9,PF00420.27
DRGV01000010.1_16,PF01058.25
DRGV01000010.1_17,PF00146.24
DRGV01000011.1_12,PF01936.21
DRGV01000013.1_7,PF01497.21
DRGV01000016.1_1,PF00156.30
DRGV01000017.1_6,PF13482.9
DRGV01000018.1_7,PF02660.18
DRGV01000019.1_2,PF00475.21
DRGV01000021.1_3,PF01255.22
DRGV01000021.1_4,PF00037.30
DRGV01000030.1_4,PF07690.19
DRGV01000032.1_2,PF04361.16
DRGV01000040.1_5,PF00482.26
DRGV01000054.1_9,PF18075.4
DRGV01000055.1_3,PF01992.19
DRGV01000056.1_3,PF07949.15
DRGV01000057.1_7,PF04055.24
DRGV01000065.1_1,PF00202.24
DRGV01000070.1_11,PF05635.14
DRGV01000073.1_2,PF05635.14
DRGV01000075.1_2,PF01258.20
DRGV01000081.1_5,PF01261.27
DRGV01000082.1_7,PF02508.17
DRGV01000082.1_11,PF02502.21
DRGV01000088.1_5,PF19777.2
DRGV01000090.1_6,PF13238.9
DRGV01000097.1_3,PF03030.19
DRGV01000098.1_5,PF02674.19
DRGV01000102.1_11,PF03734.17
DRGV01000105.1_1,PF00288.29
DRGV01000107.1_5,PF00753.30
DRGV01000108.1_7,PF01177.25
DRGV01000111.1_9,PF03739.17
DIVR01000004.1_56,PF01746.24
DIVR01000073.1_3,PF00498.29
DIVR01000073.1_13,PF07963.15
DIVR01000052.1_17,PF02502.21
DIVR01000052.1_19,PF01300.21
DIVR01000052.1_35,PF01127.25
DIVR01000052.1_46,PF03706.16
DIVR01000052.1_67,PF20244.1
DIVR01000021.1_15,PF00215.27
DIVR01000021.1_39,PF07963.15
DIVR01000021.1_53,PF01061.27
DIVR01000021.1_119,PF18919.3
DIVR01000021.1_131,PF01118.27
DIVR01000021.1_132,PF07045.14
DIVR01000016.1_19,PF03795.17
DIVR01000006.1_6,PF01914.20
DIVR01000006.1_9,PF01965.27
DIVR01000006.1_10,PF02635.18
DIVR01000006.1_25,PF02522.17
DIVR01000061.1_18,PF10060.12
DIVR01000048.1_6,PF02620.20
DIVR01000002.1_11,PF02811.22
DIVR01000002.1_15,PF02700.17
DIVR01000002.1_19,PF00288.29
DIVR01000040.1_17,PF00596.24
DIVR01000075.1_1,PF01145.28
DIVR01000026.1_9,PF07963.15
DIVR01000026.1_94,PF12679.10
DIVR01000077.1_31,PF03030.19
DIVR01000015.1_31,PF04951.16
DIVR01000015.1_36,PF00528.25
DIVR01000015.1_43,PF00873.22
DIVR01000055.1_2,PF02683.18
DIVR01000049.1_13,PF03313.18
DIVR01000032.1_14,PF19190.3
DIVR01000001.1_7,PF00474.20
DIVR01000042.1_17,PF00696.31
DIVR01000042.1_21,PF03739.17
DIVR01000042.1_43,PF00754.28
DIVR01000042.1_49,PF02608.17
DIVR01000047.1_26,PF08909.14
DIVR01000047.1_47,PF02597.23
DIVR01000047.1_48,PF14464.9
DIVR01000044.1_6,PF14488.9
DIVR01000060.1_23,PF00483.26
DIVR01000011.1_13,PF01554.21
DIVR01000039.1_6,PF16401.8
DIVR01000039.1_15,PF07372.15
DIVR01000036.1_10,PF00300.25
DIVR01000038.1_4,PF00005.30
DIVR01000037.1_76,PF00338.25
DIVR01000019.1_5,PF03692.18
DIVR01000045.1_5,PF02091.18
DIVR01000045.1_48,PF01544.21
DIVR01000045.1_80,PF02401.21
DIVR01000045.1_101,PF00999.24
DIVR01000067.1_9,PF00994.27
DIVR01000067.1_62,PF07813.15
DIVR01000013.1_15,PF02321.21
DIVR01000065.1_67,PF16147.8
DIVR01000065.1_79,PF00265.21
DIVR01000065.1_99,PF02391.20
DIVR01000065.1_130,PF01795.22
DIVR01000065.1_137,PF01098.22
DIVR01000065.1_162,PF02542.19
DIVR01000010.1_58,PF01025.22
DIVR01000010.1_79,PF00232.21
DIVR01000046.1_1,PF01960.21
DIVR01000022.1_4,PF13414.9
DIVR01000043.1_3,PF04233.17
DIVR01000043.1_56,PF07963.15
DIVR01000003.1_2,PF01261.27
JAFYIZ010000047.1_117,PF00343.23
JAFYIZ010000047.1_139,PF02609.19
JAFYIZ010000047.1_150,PF07690.19
JAFYIZ010000047.1_187,PF04011.15
JAFYIZ010000048.1_9,PF10502.12
JAFYIZ010000048.1_40,PF00171.25
JAFYIZ010000049.1_1,PF06250.14
JAFYIZ010000012.1_14,PF13490.9
JAFYIZ010000012.1_51,PF01496.22
JAFYIZ010000012.1_72,PF07963.15
JAFYIZ010000012.1_81,PF07603.14
JAFYIZ010000002.1_7,PF01050.21
JAFYIZ010000014.1_1,PF03631.18
JAFYIZ010000014.1_30,PF01177.25
JAFYIZ010000016.1_22,PF02367.20
JAFYIZ010000017.1_15,PF03977.16
JAFYIZ010000017.1_24,PF07603.14
JAFYIZ010000017.1_38,PF00027.32
JAFYIZ010000017.1_48,PF03413.22
JAFYIZ010000024.1_13,PF00253.24
JAFYIZ010000024.1_14,PF00410.22
JAFYIZ010000024.1_35,PF01261.27
JAFYIZ010000025.1_36,PF03169.18
JAFYIZ010000026.1_82,PF06074.15
JAFYIZ010000027.1_7,PF08239.14
JAFYIZ010000027.1_24,PF15515.9
JAFYIZ010000028.1_127,PF02873.19
JAFYIZ010000032.1_15,PF01975.20
JAFYIZ010000032.1_67,PF01571.24
JAFYIZ010000032.1_70,PF09936.12
JAFYIZ010000033.1_3,PF00085.23
JAFYIZ010000033.1_12,PF12668.10
JAFYIZ010000033.1_34,PF04991.16
JAFYIZ010000005.1_4,PF00468.20
JAFYIZ010000037.1_17,PF02321.21
JAFYIZ010000039.1_12,PF14305.9
JAFYIZ010000041.1_61,PF11741.11
JAFYIZ010000041.1_62,PF00254.31
JAFYIZ010000041.1_77,PF00483.26
JAFYIZ010000042.1_4,PF00005.30
JAFYIZ010000044.1_74,PF01035.23
JAFYIZ010000044.1_75,PF03358.18
JAFYIZ010000045.1_7,PF03009.20
SLGQ01000022.1_7,PF19672.2
SLGQ01000206.1_3,PF01558.21
SLGQ01000332.1_4,PF00375.21
SLGQ01000109.1_1,PF00365.23
SLGQ01000107.1_2,PF01618.19
SLGQ01000112.1_1,PF13173.9
SLGQ01000040.1_9,PF00550.28
SLGQ01000105.1_5,PF02493.23
SLGQ01000244.1_4,PF02559.19
SLGQ01000055.1_12,PF13581.9
SLGQ01000139.1_5,PF01558.21
SLGQ01000329.1_15,PF00861.25
SLGQ01000230.1_9,PF01624.23
SLGQ01000198.1_3,PF00050.24
SLGQ01000070.1_2,PF07603.14
SLGQ01000299.1_7,PF02033.21
SLGQ01000197.1_11,PF00550.28
SLGQ01000153.1_6,PF02401.21
SLGQ01000190.1_5,PF01618.19
SLGQ01000190.1_7,PF13103.9
SLGQ01000260.1_8,PF01040.21
SLGQ01000161.1_2,PF07715.18
SLGQ01000044.1_6,PF00892.23
SLGQ01000297.1_4,PF01195.22
SLGQ01000123.1_3,PF00578.24
SLGQ01000148.1_2,PF00892.23
SLGQ01000148.1_8,PF00696.31
SLGQ01000303.1_1,PF01694.25
SLGQ01000303.1_8,PF02588.18
SLGQ01000247.1_7,PF01345.21
SLGQ01000092.1_7,PF08308.14
SLGQ01000173.1_4,PF04024.15
SLGQ01000276.1_4,PF00258.28
SLGQ01000276.1_5,PF00210.27
SLGQ01000237.1_3,PF01594.19
SLGQ01000326.1_6,PF02556.17
SLGQ01000336.1_4,PF01345.21
SLGQ01000157.1_6,PF00375.21
SLGQ01000210.1_14,PF00082.25
SLGQ01000343.1_4,PF01895.22
SLGQ01000167.1_10,PF13177.9
SLGQ01000060.1_11,PF08543.15
SLGQ01000232.1_2,PF13437.9
SLGQ01000064.1_5,PF02527.18
SLGQ01000011.1_13,PF00962.25
SLGQ01000180.1_11,PF01553.24
SLGQ01000116.1_1,PF13635.9
SLGQ01000359.1_11,PF00082.25
SLGQ01000185.1_10,PF01012.24
SLGQ01000185.1_13,PF13440.9
DLTY01000046.1_5,PF07995.14
DLTY01000020.1_23,PF00886.22
DLTY01000024.1_4,PF13793.9
DLTY01000001.1_3,PF11335.11
DLTY01000001.1_5,PF00730.28
DLTY01000052.1_3,PF00246.27
DLTY01000012.1_2,PF00535.29
DLTY01000012.1_30,PF05960.14
DLTY01000026.1_7,PF00892.23
DLTY01000026.1_14,PF00171.25
DLTY01000048.1_17,PF02464.20
DLTY01000048.1_20,PF13277.9
DLTY01000048.1_25,PF02566.22
DLTY01000032.1_40,PF00312.25
DLTY01000002.1_14,PF01510.28
DLTY01000002.1_29,PF00528.25
DLTY01000039.1_13,PF00263.24
DLTY01000008.1_3,PF00156.30
DLTY01000050.1_3,PF02547.18
DLTY01000051.1_11,PF00361.23
DLTY01000036.1_1,PF01235.20
DLTY01000033.1_2,PF13177.9
DLTY01000033.1_4,PF03739.17
DLTY01000033.1_8,PF17957.4
DLTY01000025.1_24,PF01553.24
DLTY01000015.1_5,PF00297.25
DLTY01000015.1_10,PF00237.22
DLTY01000015.1_13,PF00831.26
DLTY01000015.1_18,PF00253.24
DLTY01000015.1_26,PF01176.22
DLTY01000015.1_27,PF00416.25
DLTY01000014.1_8,PF00696.31
DLTY01000014.1_23,PF00590.23
DLTY01000054.1_5,PF14238.9
DLTY01000054.1_6,PF09822.12
DLTY01000054.1_10,PF02569.18
DLTY01000044.1_3,PF02618.19
DLTY01000049.1_5,PF01515.22
DLTY01000034.1_4,PF04972.20
DLTY01000043.1_25,PF00528.25
DLTY01000047.1_9,PF01923.21
JACNFQ010000054.1_9,PF00366.23
JACNFQ010000054.1_14,PF00203.24
JACNFQ010000054.1_18,PF00297.25
JACNFQ010000086.1_2,PF09822.12
JACNFQ010000025.1_6,PF10432.12
JACNFQ010000089.1_12,PF00528.25
JACNFQ010000089.1_21,PF00557.27
JACNFQ010000089.1_80,PF00825.21
JACNFQ010000051.1_18,PF02673.21
JACNFQ010000048.1_9,PF00361.23
JACNFQ010000048.1_17,PF01058.25
JACNFQ010000045.1_8,PF01327.24
JACNFQ010000045.1_23,PF11213.11
JACNFQ010000045.1_29,PF00364.25
JACNFQ010000039.1_3,PF01145.28
JACNFQ010000092.1_5,PF00924.21
JACNFQ010000033.1_16,PF02627.23
JACNFQ010000055.1_19,PF10418.12
JACNFQ010000058.1_5,PF00582.29
JACNFQ010000018.1_19,PF00873.22
JACNFQ010000014.1_3,PF04972.20
JACNFQ010000027.1_8,PF00753.30
JACNFQ010000019.1_5,PF01259.21
JACNFQ010000052.1_34,PF00082.25
JACNFQ010000052.1_52,PF01245.23
JACNFQ010000052.1_55,PF00886.22
JACNFQ010000023.1_4,PF01368.23
JACNFQ010000023.1_6,PF02580.19
JACNFQ010000023.1_7,PF00753.30
JACNFQ010000002.1_1,PF00654.23
JACNFQ010000053.1_30,PF00692.22
JACNFQ010000053.1_52,PF00510.21
JACNFQ010000043.1_1,PF00753.30
JACNFQ010000037.1_3,PF20208.1
JACNFQ010000015.1_7,PF02033.21
JACNFQ010000060.1_13,PF02823.19
JACNFQ010000030.1_3,PF01882.21
JACNFQ010000030.1_6,PF00437.23
JACNFQ010000006.1_7,PF10079.12
JACNFQ010000022.1_9,PF01408.25
JACNFQ010000069.1_2,PF01180.24
JACNFQ010000070.1_6,PF01699.27
JACNFQ010000070.1_8,PF00149.31
JACNFQ010000106.1_1,PF00005.30
JACNFQ010000106.1_2,PF01061.27
JACNFQ010000078.1_3,PF02405.19
JACNFQ010000034.1_7,PF04306.16
DAPM01000012.1_8,PF00459.28
DAPM01000012.1_9,PF00588.22
DAPM01000012.1_25,PF05635.14
DAPM01000002.1_56,PF00583.28
DAPM01000007.1_4,PF00266.22
DAPM01000023.1_14,PF00186.22
DAPM01000010.1_7,PF00411.22
DAPM01000010.1_35,PF02001.19
DAPM01000005.1_30,PF02163.25
DAPM01000011.1_11,PF00579.28
DAPM01000011.1_21,PF02355.19
DAPM01000011.1_26,PF00294.27
DAPM01000011.1_32,PF02272.22
DAPM01000011.1_35,PF01467.29
DAPM01000011.1_42,PF05854.14
DAPM01000011.1_55,PF04414.15
DAPM01000017.1_34,PF00535.29
DAPM01000017.1_46,PF04464.17
DAPM01000017.1_47,PF01066.24
DAPM01000017.1_71,PF04122.15
DAPM01000017.1_73,PF02195.21
DAPM01000003.1_26,PF00828.22
DAPM01000003.1_37,PF16906.8
DAPM01000003.1_41,PF01253.25
DAPM01000003.1_47,PF00276.23
DAPM01000001.1_2,PF01951.19
DAPM01000001.1_7,PF09846.12
DAPM01000006.1_4,PF01037.24
DAPM01000006.1_12,PF00215.27
DAPM01000006.1_13,PF07786.15
DAPM01000014.1_19,PF13948.9
DAPM01000022.1_2,PF00924.21
DAPM01000022.1_47,PF00687.24
DAPM01000018.1_9,PF05362.16
DAPM01000018.1_25,PF07885.19
DAPM01000018.1_27,PF01889.20
DAPM01000018.1_32,PF01037.24
DAPM01000018.1_54,PF01895.22
DAPM01000018.1_55,PF00696.31
DAPM01000018.1_57,PF01798.21
DAPM01000018.1_58,PF01269.20
DAPM01000018.1_59,PF01966.25
DAPM01000020.1_11,PF01336.28
DVAE01000017.1_3,PF00581.23
DVAE01000002.1_4,PF18477.4
DVAE01000021.1_9,PF06662.16
DVAE01000025.1_3,PF04010.16
DVAE01000025.1_8,PF01008.20
DVAE01000026.1_12,PF00588.22
DVAE01000026.1_18,PF01866.20
DVAE01000026.1_21,PF01096.21
DVAE01000003.1_24,PF01841.22
DVAE01000029.1_2,PF10437.12
DVAE01000029.1_6,PF00696.31
DVAE01000029.1_13,PF01798.21
DVAE01000030.1_33,PF01255.22
DVAE01000030.1_47,PF00118.27
DVAE01000033.1_6,PF01978.22
DVAE01000035.1_4,PF02616.17
DVAE01000035.1_14,PF00117.31
DVAE01000035.1_16,PF05854.14
DVAE01000036.1_4,PF00366.23
DVAE01000037.1_8,PF01191.22
DVAE01000004.1_3,PF01198.22
DVAE01000008.1_7,PF00411.22
DVAE01000010.1_7,PF07291.14
DVAE01000010.1_17,PF02517.19
DVAE01000010.1_21,PF01037.24
DVAE01000010.1_23,PF02163.25
DVAE01000010.1_24,PF02002.20
DVAE01000010.1_28,PF11495.11
DVAE01000010.1_40,PF01725.19
DVAE01000010.1_41,PF03479.18
DVAE01000010.1_51,PF00005.30
DVAE01000010.1_52,PF00398.23
DVAE01000010.1_55,PF01157.21
DVAE01000010.1_58,PF02386.19
DVAE01000011.1_10,PF00155.24
DVAE01000012.1_11,PF04032.19
DVAE01000001.1_16,PF01988.22
DVAE01000001.1_23,PF01458.20
DVAE01000001.1_43,PF01944.20
DVAE01000001.1_45,PF01594.19
DVAE01000014.1_16,PF01145.28
DVAE01000014.1_20,PF02348.22
VGIX01000001.1_63,PF01025.22
VGIX01000002.1_6,PF04402.17
VGIX01000002.1_11,PF11026.11
VGIX01000002.1_14,PF00462.27
VGIX01000002.1_62,PF02386.19
VGIX01000002.1_81,PF02575.19
VGIX01000002.1_100,PF04026.15
VGIX01000005.1_4,PF00374.22
VGIX01000006.1_31,PF01039.25
VGIX01000006.1_54,PF01048.23
VGIX01000007.1_24,PF13399.9
VGIX01000007.1_39,PF00482.26
VGIX01000011.1_3,PF03437.18
VGIX01000011.1_24,PF04932.18
VGIX01000015.1_3,PF00072.27
VGIX01000015.1_22,PF00593.27
VGIX01000016.1_15,PF01510.28
VGIX01000019.1_1,PF02954.22
VGIX01000022.1_22,PF13557.9
VGIX01000024.1_9,PF13490.9
VGIX01000032.1_12,PF14168.9
VGIX01000035.1_13,PF04028.16
VGIX01000038.1_3,PF04468.15
VGIX01000039.1_28,PF00416.25
VGIX01000047.1_5,PF00583.28
VGIX01000068.1_5,PF00009.30
VGIX01000077.1_5,PF00528.25
VGIX01000091.1_3,PF07676.15
WJLY01000097.1_3,PF03544.17
WJLY01000010.1_3,PF00209.21
WJLY01000123.1_5,PF00936.22
WJLY01000142.1_4,PF00982.24
WJLY01000149.1_1,PF13860.9
WJLY01000163.1_1,PF05683.15
WJLY01000164.1_7,PF04892.15
WJLY01000174.1_3,PF06662.16
WJLY01000186.1_16,PF07661.16
WJLY01000189.1_2,PF02410.18
WJLY01000024.1_2,PF01103.26
WJLY01000207.1_9,PF08713.14
WJLY01000207.1_40,PF00753.30
WJLY01000211.1_2,PF01145.28
WJLY01000215.1_2,PF00248.24
WJLY01000233.1_1,PF01384.23
WJLY01000241.1_11,PF04608.16
WJLY01000260.1_20,PF17319.5
WJLY01000273.1_3,PF13683.9
WJLY01000274.1_5,PF04002.18
WJLY01000285.1_6,PF02775.24
WJLY01000289.1_6,PF10017.12
WJLY01000292.1_5,PF00892.23
WJLY01000294.1_3,PF01783.26
WJLY01000312.1_11,PF01040.21
WJLY01000313.1_11,PF04026.15
WJLY01000315.1_1,PF04055.24
WJLY01000041.1_22,PF00831.26
WJLY01000041.1_28,PF00276.23
WJLY01000041.1_32,PF03143.20
WJLY01000044.1_9,PF07228.15
SFEJ01000003.1_68,PF00892.23
SFEJ01000038.1_16,PF04608.16
SFEJ01000004.1_104,PF00303.22
SFEJ01000042.1_14,PF01476.23
SFEJ01000018.1_32,PF13310.9
SFEJ01000005.1_57,PF01783.26
SFEJ01000023.1_5,PF00291.28
SFEJ01000028.1_30,PF13231.9
SFEJ01000031.1_19,PF13320.9
SFEJ01000008.1_4,PF02915.20
SFEJ01000052.1_2,PF09028.13
SFEJ01000009.1_37,PF14897.9
SFEJ01000001.1_23,PF00180.23
SFEJ01000001.1_85,PF00344.23
SFEJ01000012.1_3,PF09335.14
SFEJ01000013.1_12,PF08245.15
DBPU01000030.1_9,PF00829.24
DBPU01000100.1_12,PF03458.16
DBPU01000085.1_5,PF00474.20
DBPU01000020.1_3,PF01925.22
DBPU01000003.1_35,PF02659.18
DBPU01000067.1_3,PF00146.24
DBPU01000067.1_20,PF04015.15
DBPU01000114.1_4,PF13444.9
DBPU01000120.1_1,PF01554.21
DBPU01000024.1_2,PF07944.15
DBPU01000048.1_33,PF01515.22
JAFGAQ010000124.1_3,PF00156.30
JAFGAQ010000144.1_14,PF00072.27
JAFGAQ010000155.1_2,PF00365.23
JAFGAQ010000157.1_4,PF01029.21
JAFGAQ010000017.1_7,PF00664.26
JAFGAQ010000024.1_7,PF04616.17
JAFGAQ010000052.1_1,PF07977.16
JAFGAQ010000353.1_1,PF00348.20
JAFGAQ010000364.1_6,PF02684.18
JAFGAQ010000376.1_2,PF01938.23
JAFGAQ010000385.1_2,PF00501.31
JAFGAQ010000400.1_10,PF20511.1
JAFGAQ010000060.1_25,PF00920.24
JAFGAQ010000401.1_7,PF07221.14
JAFGAQ010000416.1_12,PF00156.30
JAFGAQ010000424.1_2,PF03629.21
JAFGAQ010000064.1_6,PF00471.23
JAFGAQ010000067.1_12,PF04235.15
JAFGAQ010000073.1_5,PF13306.9
JAFGAQ010000443.1_2,PF00593.27
JAFGAQ010000083.1_20,PF00091.28
CADCCW010000001.1_62,PF00472.23
CADCCW010000008.1_64,PF07963.15
CADCCW010000009.1_17,PF06161.14
CADCCW010000009.1_20,PF13385.9
CADCCW010000011.1_11,PF00886.22
CADCCW010000013.1_39,PF02472.19
CADCCW010000013.1_95,PF09723.13
CADCCW010000016.1_44,PF00238.22
CADCCW010000016.1_76,PF00625.24
CADCCW010000020.1_13,PF01699.27
CADCCW010000020.1_22,PF01408.25
CADCCW010000024.1_23,PF00166.24
CADCCW010000030.1_14,PF01195.22
CADCCW010000030.1_28,PF00359.25
CADCCW010000036.1_34,PF00155.24
CADCCW010000048.1_4,PF01813.20
CADCCW010000054.1_1,PF06769.17
WBXH01000001.1_43,PF11026.11
WBXH01000002.1_25,PF00814.28
WBXH01000005.1_5,PF01809.21
WBXH01000008.1_40,PF17805.4
WBXH01000008.1_41,PF00266.22
WBXH01000009.1_26,PF00218.24
WBXH01000012.1_1,PF02537.18
WBXH01000014.1_14,PF02575.19
WBXH01000017.1_26,PF02322.18
WBXH01000019.1_5,PF01351.21
WBXH01000021.1_16,PF01618.19
WBXH01000021.1_17,PF06172.14
WBXH01000030.1_12,PF00361.23
WBXH01000037.1_13,PF01507.22
WBXH01000041.1_3,PF04962.15
WBXH01000045.1_1,PF07690.19
WBXH01000055.1_4,PF00494.22
WBXH01000097.1_2,PF01578.23
DSUT01000043.1_9,PF07719.20
DSUT01000032.1_7,PF13860.9
DSUT01000038.1_18,PF08713.14
DSUT01000017.1_8,PF13177.9
DSUT01000159.1_16,PF00474.20
DSUT01000150.1_23,PF01048.23
DSUT01000142.1_5,PF04041.16
DSUT01000142.1_19,PF00005.30
DSUT01000154.1_2,PF00082.25
DSUT01000184.1_16,PF02261.19
DSUT01000182.1_16,PF00160.24
DSUT01000182.1_19,PF01924.19
DSUT01000126.1_2,PF00217.22
DSUT01000126.1_15,PF01916.20
DSUT01000091.1_12,PF00953.24
DSUT01000193.1_3,PF10923.11
DSUT01000175.1_3,PF01351.21
DSUT01000117.1_5,PF01420.22
DSUT01000053.1_7,PF00072.27
DSUT01000143.1_11,PF00237.22
DSUT01000097.1_11,PF02075.20
DSUT01000168.1_10,PF03682.16
DSUT01000192.1_10,PF01259.21
DSUT01000113.1_3,PF06695.14
DSUT01000094.1_7,PF02653.19
DSUT01000121.1_4,PF04343.16
DSUT01000121.1_12,PF00950.20
DSUT01000106.1_9,PF00453.21
DSUT01000189.1_5,PF00480.23
DSUT01000116.1_2,PF00579.28
DSUT01000103.1_13,PF13600.9
DSUT01000024.1_3,PF01996.19
DSUT01000120.1_7,PF00528.25
DSUT01000131.1_4,PF18990.3
DSUT01000127.1_3,PF01261.27
DSUT01000076.1_6,PF00919.23
DSUT01000068.1_7,PF01734.25
DSUT01000167.1_2,PF02545.17
DSUT01000067.1_4,PF00156.30
DSUT01000152.1_5,PF00885.22
DSUT01000089.1_4,PF00215.27
DSUT01000171.1_1,PF13428.9
WFRF01000002.1_3,PF00146.24
WFRF01000002.1_4,PF01058.25
WFRF01000002.1_6,PF00346.22
WFRF01000004.1_5,PF14385.9
WFRF01000007.1_2,PF00814.28
WFRF01000010.1_7,PF03740.16
WFRF01000013.1_1,PF18962.3
WFRF01000013.1_2,PF01364.21
WFRF01000030.1_2,PF00072.27
WFRF01000031.1_4,PF03006.23
WFRF01000045.1_16,PF00830.22
WFRF01000045.1_22,PF03706.16
WFRF01000061.1_3,PF07690.19
WFRF01000064.1_1,PF04231.16
WFRF01000069.1_3,PF01927.19
WFRF01000072.1_5,PF02681.17
WFRF01000075.1_2,PF12710.10
WFRF01000085.1_1,PF00709.24
WFRF01000095.1_1,PF01425.24
WFRF01000105.1_4,PF13692.9
WFRF01000108.1_1,PF12705.10
WFRF01000162.1_8,PF17253.5
WFRF01000165.1_5,PF01658.20
WFRF01000181.1_3,PF01967.24
WFRF01000186.1_3,PF02897.18
WFRF01000190.1_6,PF07690.19
WFRF01000196.1_4,PF04608.16
WFRF01000203.1_11,PF00359.25
WFRF01000210.1_20,PF01177.25
WFRF01000215.1_10,PF02578.18
WFRF01000216.1_7,PF00571.31
WFRF01000219.1_5,PF01257.22
WFRF01000226.1_7,PF00027.32
WFRF01000226.1_15,PF01746.24
WFRF01000227.1_9,PF06177.14
WFRF01000231.1_1,PF02769.25
WFRF01000241.1_1,PF06082.14
WFRF01000253.1_15,PF01195.22
MWBZ01000001.1_101,PF01522.24
MWBZ01000002.1_19,PF00072.27
MWBZ01000003.1_32,PF01032.21
MWBZ01000003.1_72,PF00211.23
MWBZ01000004.1_26,PF02446.20
MWBZ01000004.1_96,PF03692.18
MWBZ01000005.1_12,PF03544.17
MWBZ01000007.1_39,PF00211.23
MWBZ01000009.1_5,PF00141.26
MWBZ01000009.1_77,PF00962.25
MWBZ01000010.1_37,PF02542.19
MWBZ01000014.1_5,PF16933.8
MWBZ01000016.1_9,PF00550.28
MWBZ01000018.1_33,PF00480.23
MWBZ01000020.1_18,PF01220.22
MWBZ01000022.1_34,PF00137.24
MWBZ01000025.1_34,PF01467.29
MWBZ01000029.1_10,PF04026.15
MWBZ01000032.1_8,PF01312.22
MWBZ01000036.1_7,PF09723.13
MWBZ01000037.1_12,PF04055.24
MWBZ01000040.1_8,PF07796.14
MWBZ01000041.1_9,PF01261.27
MWBZ01000042.1_12,PF07963.15
MWBZ01000043.1_7,PF00359.25
MWBZ01000044.1_2,PF03308.19
MWBZ01000045.1_3,PF04434.20
MWBZ01000047.1_22,PF01048.23
MWBZ01000056.1_23,PF00753.30
MWBZ01000057.1_9,PF05580.15
MWBZ01000066.1_4,PF13581.9
MWBZ01000076.1_9,PF00860.23
MWBZ01000081.1_5,PF04055.24
MWBZ01000093.1_10,PF01957.21
MWBZ01000096.1_9,PF07963.15
MWBZ01000106.1_3,PF00733.24
MWBZ01000106.1_5,PF01969.20
MWBZ01000107.1_3,PF00291.28
MWBZ01000108.1_7,PF03781.19
MWBZ01000131.1_8,PF01850.24
MWBZ01000135.1_6,PF01569.24
MWBZ01000160.1_2,PF00912.25
MWBZ01000187.1_4,PF00482.26
MWBZ01000197.1_4,PF00849.25
MWBZ01000197.1_6,PF01252.21
MWBZ01000205.1_2,PF00265.21
MWBZ01000209.1_4,PF03352.16
MWBZ01000211.1_1,PF00873.22
MWBZ01000283.1_2,PF07963.15
MGFH01000015.1_1,PF01436.24
MGFH01000024.1_6,PF00696.31
MGFH01000035.1_5,PF02049.21
MGFH01000061.1_15,PF02915.20
MGFH01000062.1_20,PF00072.27
MGFH01000078.1_6,PF07238.17
MGFH01000082.1_6,PF00483.26
MGFH01000103.1_3,PF02517.19
MGFH01000114.1_20,PF03116.18
MGFH01000117.1_2,PF02663.17
MGFH01000128.1_4,PF03068.18
MGFH01000133.1_4,PF00380.22
MGFH01000135.1_5,PF00535.29
MGFH01000139.1_8,PF09992.12
MGFH01000141.1_1,PF01435.21
MGFH01000148.1_8,PF01944.20
MGFH01000152.1_26,PF00211.23
MGFH01000158.1_2,PF04055.24
MGFH01000159.1_20,PF02775.24
MGFH01000164.1_20,PF00011.24
MGFH01000164.1_36,PF00211.23
MGFH01000170.1_13,PF01048.23
MGFH01000170.1_23,PF13581.9
MGFH01000192.1_5,PF00694.22
MGFH01000203.1_13,PF01145.28
MGFH01000231.1_6,PF04413.19
MGFH01000232.1_3,PF01436.24
MGFH01000236.1_17,PF02643.18
JAAZOE010000287.1_4,PF05547.14
JAAZOE010000296.1_15,PF04392.15
JAAZOE010000346.1_1,PF01875.20
JAAZOE010000352.1_8,PF02075.20
JAAZOE010000362.1_18,PF13692.9
JAAZOE010000366.1_2,PF04357.16
JAAZOE010000374.1_6,PF00327.23
JAAZOE010000377.1_13,PF00873.22
JAAZOE010000402.1_9,PF02545.17
JAAZOE010000412.1_2,PF01451.24
JAAZOE010000423.1_3,PF00072.27
JAAZOE010000433.1_14,PF00404.21
JAAZOE010000443.1_1,PF01558.21
JAAZOE010000452.1_3,PF00230.23
JAAZOE010000041.1_10,PF00404.21
JAAZOE010000489.1_4,PF06253.14
JAAZOE010000508.1_5,PF01797.19
JAAZOE010000510.1_4,PF00072.27
JAAZOE010000045.1_2,PF03023.17
JAAZOE010000515.1_2,PF12019.11
JAAZOE010000518.1_9,PF11845.11
JAAZOE010000528.1_13,PF05159.17
JAAZOE010000575.1_5,PF01464.23
JAAZOE010000578.1_1,PF01797.19
JAAZOE010000069.1_7,PF01196.22
JAAZOE010000070.1_6,PF00691.23
JAAZOE010000073.1_11,PF00155.24
JAAZOE010000079.1_8,PF12768.10
JAAZOE010000085.1_1,PF00404.21
JAAZOE010000106.1_5,PF02540.20
JAAZOE010000112.1_1,PF07690.19
JAAZOE010000121.1_3,PF02107.19
JAAZOE010000130.1_1,PF17164.7
JAAZOE010000134.1_13,PF03169.18
JAAZOE010000135.1_2,PF07589.14
JAAZOE010000136.1_2,PF03259.20
JAAZOE010000019.1_3,PF02120.19
JAAZOE010000146.1_2,PF07676.15
JAAZOE010000153.1_1,PF00294.27
JAAZOE010000171.1_6,PF04977.18
JAAZOE010000175.1_4,PF02367.20
JAAZOE010000175.1_5,PF00814.28
JAAZOE010000176.1_2,PF02371.19
JAAZOE010000189.1_5,PF07690.19
JAAZOE010000210.1_1,PF01075.20
JAAZOE010000211.1_2,PF19190.3
JAAZOE010000236.1_4,PF02616.17
JAAZOE010000243.1_2,PF00892.23
JAAZOE010000253.1_4,PF00263.24
JAAZOE010000254.1_3,PF01155.22
JAAZOE010000255.1_9,PF13598.9
JACRMA010000020.1_11,PF13380.9
JACRMA010000054.1_7,PF01380.25
JACRMA010000036.1_7,PF14060.9
JACRMA010000002.1_4,PF01327.24
JACRMA010000002.1_5,PF00160.24
JACRMA010000002.1_54,PF01245.23
JACRMA010000044.1_7,PF10652.12
JACRMA010000044.1_13,PF00881.27
JACRMA010000044.1_51,PF04392.15
JACRMA010000044.1_53,PF00072.27
JACRMA010000049.1_9,PF01177.25
JACRMA010000028.1_8,PF00756.23
JACRMA010000075.1_2,PF10043.12
JACRMA010000063.1_3,PF04893.20
JACRMA010000063.1_5,PF04893.20
JACRMA010000087.1_8,PF19625.2
JACRMA010000097.1_38,PF01293.23
JACRMA010000089.1_15,PF07610.14
JACRMA010000098.1_9,PF02609.19
JACRMA010000098.1_22,PF01642.25
JACRMA010000030.1_13,PF13088.9
JACRMA010000085.1_11,PF02954.22
JACRMA010000086.1_15,PF02576.20
JACRMA010000137.1_11,PF01566.21
JACRMA010000043.1_51,PF09837.12
JACRMA010000043.1_69,PF07670.17
JACRMA010000102.1_15,PF02128.18
JACRMA010000041.1_3,PF01839.26
JACRMA010000041.1_35,PF02350.22
JACRMA010000042.1_50,PF20232.1
JACRMA010000140.1_4,PF00430.21
JACRMA010000128.1_10,PF09723.13
JACRMA010000065.1_9,PF20539.1
JACRMA010000060.1_39,PF01464.23
JACRMA010000016.1_70,PF02511.18
