protein_id,is_positive,layer1_novelty,layer3_nonself_score,layer3_flag
CP002988.1_390,True,0.9983342134004254,0.0006,True
CP002988.1_405,True,0.9974657429711701,0.0006,True
CP002988.1_491,True,0.9133832132697373,0.0,False
CP002988.1_681,True,0.7310661924178017,0.0,False
CP002988.1_742,True,0.922660232593247,0.0002,False
CP002988.1_830,True,0.9944280644065339,0.0,False
CP002988.1_1138,True,0.998603697504795,0.0018,True
CP002988.1_1221,True,0.5766461351609266,0.0,False
CP002988.1_1369,True,0.9975370958793828,0.0002,False
CP002988.1_1393,True,0.975254623518375,0.0002,False
CP002988.1_2289,True,0.9658120488655533,0.0002,False
CP002988.1_2662,True,0.7414765333564675,0.0,False
CP002988.1_2806,True,0.999915346044283,0.0,False
CP002988.1_2902,True,0.9938534254834788,0.0006,True
CP002988.1_3010,True,0.9972134381032872,0.0,False
CP002989.1_246,True,0.9967661302846657,0.0,False
CP002989.1_297,True,0.9977519041749718,0.0006,True
CP002989.1_300,True,0.9962299358357453,0.0,False
CP002989.1_518,True,0.9969142499315766,0.0,False
KI543199.1_98,True,0.9972526091473692,0.0012,True
KI543200.1_1,True,0.9199418767480234,0.0004,False
KI543203.1_44,True,0.7524073913420665,0.0,False
KI543208.1_4,True,0.9836366364803341,0.0,False
KI543216.1_179,True,0.8019432636418843,0.0,False
KI543219.1_68,True,0.9981623292876768,0.0004,False
KI543219.1_152,True,0.9981818516517714,0.0002,False
JWIH01000011.1_96,True,0.9961841120846361,0.0,False
JWIH01000012.1_128,True,0.9981085549583312,0.0002,False
JWIH01000020.1_61,True,0.9967017143805612,0.0016,True
JWIH01000020.1_419,True,0.8297909256528151,0.0004,False
JWIH01000021.1_67,True,0.9981719532971843,0.0002,False
JWIH01000024.1_104,True,0.9641155366856341,0.0,False
JWIH01000025.1_277,True,0.999681714656113,0.0008,True
JWIH01000025.1_418,True,0.8960700962956537,0.0,False
LQMQ01000002.1_36,True,0.999527223926174,0.0006,True
LQMQ01000005.1_32,True,0.9864636428745234,0.0012,True
LQMQ01000007.1_22,True,0.9298590332953659,0.0,False
LQMQ01000014.1_16,True,0.9997448194870514,0.0012,True
LQMQ01000021.1_4,True,0.9953220192650543,0.0004,False
LQMQ01000048.1_8,True,0.9057908706698181,0.0004,False
LQMQ01000059.1_1,True,0.9995303670995797,0.0006,True
LKMX01000003.1_3,True,0.9989208407824454,0.0024,True
LMZT01000011.1_33,True,0.8395072438622365,0.0,False
LMZT01000027.1_12,True,0.9280974111487317,0.0,False
LMZT01000037.1_54,True,0.9976397350621972,0.0002,False
LMZT01000130.1_45,True,0.9983555459616792,0.0,False
LMZT01000130.1_46,True,0.999316439891916,0.0006,True
LMZT01000142.1_33,True,0.9992377026816153,0.0002,False
LMZT01000169.1_10,True,0.9852916842205489,0.0008,True
MGPE01000002.1_76,True,0.9974641933576555,0.0002,False
MGPE01000002.1_107,True,0.9802616699982447,0.0002,False
MGPE01000003.1_14,True,0.96796895197415,0.0004,False
MGPE01000005.1_182,True,0.9231862503460507,0.0,False
MGPE01000005.1_240,True,0.9684386328825472,0.0012,True
MGPE01000005.1_249,True,0.9042006308060199,0.0002,False
MGPE01000005.1_281,True,0.8184263034614384,0.0,False
MGPE01000015.1_63,True,0.9990663182502133,0.0012,True
MNUO01000065.1_9,True,0.9008662743362574,0.0004,False
MNUO01000132.1_15,True,0.960467218284735,0.0002,False
MNUO01000016.1_5,True,0.9699365291044519,0.0002,False
MNUO01000064.1_7,True,0.5527023510019953,0.0,False
MNUO01000045.1_5,True,0.9960510397151077,0.0002,False
MNUO01000110.1_6,True,0.8353431074867702,0.0,False
MNUP01000052.1_13,True,0.9997918370423343,0.0008,True
MNUP01000041.1_10,True,0.9959344099050715,0.0004,False
MNUP01000020.1_2,True,0.9882402058897072,0.0014,True
MNUP01000146.1_2,True,0.5501865186084844,0.0002,False
MNUP01000084.1_11,True,0.8480090222954801,0.0,False
MNUP01000087.1_20,True,0.750759087360111,0.0,False
MNUP01000059.1_1,True,0.9010420067238849,0.0,False
MNUP01000059.1_2,True,0.9042383022653284,0.0,False
MNUP01000008.1_4,True,0.9851136903483697,0.0002,False
MNYV01000029.1_13,True,0.9972433018070173,0.0002,False
MNYV01000061.1_1,True,0.9989903393558852,0.0006,True
MNYV01000182.1_5,True,0.9985922442331551,0.0014,True
MNYV01000135.1_6,True,0.9953288044977752,0.0002,False
MNYV01000023.1_28,True,0.9979932047809408,0.001,True
MNYV01000183.1_1,True,0.8769844712414332,0.0,False
MNYV01000060.1_13,True,0.9387730027475867,0.0004,False
MNYV01000076.1_1,True,0.9434340366896383,0.0,False
MNYW01000092.1_35,True,0.9994748230290775,0.0006,True
MNYW01000165.1_2,True,0.9896555659941118,0.001,True
MNYW01000058.1_17,True,0.7761776698186865,0.0,False
MNYW01000166.1_13,True,0.9697121838904859,0.0002,False
MNYW01000166.1_14,True,0.9537107797613473,0.0,False
MNYI01000232.1_3,True,0.6317341892946994,0.0002,False
MNYI01000130.1_1,True,0.6917671553743385,0.0,False
MNYI01000174.1_23,True,0.9993388043136847,0.0004,False
MNYI01000220.1_4,True,0.9947583170573541,0.0008,True
MNYI01000047.1_8,True,0.7485035134900668,0.0,False
DCAZ01000067.1_12,True,0.9967288504998496,0.0,False
DCAZ01000057.1_5,True,0.8528671814001909,0.0,False
DCAZ01000115.1_16,True,0.996040673930738,0.0,False
DCAZ01000131.1_6,True,0.873948121800989,0.0004,False
DCAZ01000041.1_25,True,0.9367318576762904,0.0004,False
DFGE01000032.1_6,True,0.9992091494393818,0.0004,False
DFGE01000015.1_28,True,0.9992807749564174,0.0004,False
DFGE01000015.1_108,True,0.9410301495544838,0.001,True
DFGE01000015.1_139,True,0.9990504677717394,0.0008,True
DFGE01000022.1_79,True,0.7909256528151297,0.0002,False
DFGE01000037.1_31,True,0.9992379712580511,0.0006,True
DFGE01000019.1_16,True,0.9931606555186322,0.0,False
DFGE01000007.1_5,True,0.6730285416847401,0.0,False
DFGE01000010.1_11,True,0.949138722625461,0.0004,False
DFGE01000018.1_30,True,0.9986932184032994,0.0008,True
DGKK01000031.1_38,True,0.9610657156374113,0.0004,False
DGKK01000058.1_6,True,0.7148434111217142,0.0,False
DGKK01000006.1_8,True,0.947910202452225,0.0002,False
DGKK01000048.1_3,True,0.5420317515398629,0.0,False
DHZH01000001.1_228,True,0.8521731586709465,0.0,False
DHZH01000003.1_130,True,0.9938468860745154,0.0006,True
DHZH01000006.1_61,True,0.9968811079721523,0.0,False
DHZH01000002.1_21,True,0.8508718660536132,0.0002,False
DAPM01000018.1_39,True,0.9965963099567315,0.0002,False
DAPM01000018.1_76,True,0.7572655504467771,0.0002,False
NZUQ01000006.1_1,True,0.858592868916457,0.0,False
NZUQ01000026.1_15,True,0.9960688662294009,0.0,False
NZUQ01000055.1_17,True,0.8304849483820596,0.0,False
NZUQ01000083.1_5,True,0.6843064110349614,0.0,False
NZUQ01000092.1_23,True,0.9398871150640744,0.0,False
NZUQ01000105.1_4,True,0.994913377931207,0.0,False
NZUQ01000108.1_2,True,0.9961335054877427,0.0008,True
NZUQ01000123.1_3,True,0.9932123284777877,0.0,False
NZUQ01000130.1_23,True,0.9585515128782152,0.0004,False
NZUQ01000135.1_6,True,0.9803544091935915,0.0004,False
PAYP01000004.1_22,True,0.9989886288709009,0.0,False
PAYP01000007.1_25,True,0.9805712578377289,0.0,False
PAYP01000016.1_5,True,0.9989961641014966,0.0008,True
PAYP01000020.1_5,True,0.9033581412027323,0.0002,False
PAYP01000029.1_95,True,0.9957120846771237,0.0,False
PAYP01000034.1_25,True,0.9935708904345631,0.0002,False
PAYP01000060.1_4,True,0.9952670434977025,0.0,False
PAYP01000078.1_11,True,0.9954415001727506,0.0,False
PAYP01000094.1_15,True,0.9590383779724967,0.0004,False
PAYP01000105.1_11,True,0.9388341691144318,0.0004,False
PFSX01000046.1_31,True,0.4000173505682312,0.0002,False
PFSX01000043.1_2,True,0.9735156007911477,0.0014,True
PXPD01000007.1_5,True,0.77435586015442,0.0002,False
PXPD01000016.1_3,True,0.5625921748937278,0.0,False
PXPD01000029.1_16,True,0.9992818710433414,0.0018,True
PXPD01000036.1_10,True,0.8520864058297909,0.0,False
PXPD01000046.1_1,True,0.999448246539225,0.0,False
PMNA01000009.1_27,True,0.9860334033471304,0.0,False
PMNA01000026.1_170,True,0.7970851045371736,0.0,False
PMNA01000023.1_23,True,0.9684820307068011,0.0004,False
PMNA01000022.1_18,True,0.9859555039432599,0.0,False
PMNA01000030.1_32,True,0.9591201984629175,0.0004,False
PMNA01000030.1_95,True,0.9974194019146688,0.0004,False
PMWA01000025.1_1,True,0.8633642751800121,0.0,False
PMWA01000092.1_36,True,0.9994870665901467,0.0014,True
QMTU01000006.1_15,True,0.47930944738440184,0.0,False
QMTU01000046.1_1,True,0.9994735865028516,0.0006,True
QNVD01000010.1_19,True,0.9992743341699393,0.0012,True
QNVD01000112.1_4,True,0.9990811401811032,0.001,True
QNVD01000273.1_3,True,0.6791012405656285,0.0,False
QNVD01000274.1_9,True,0.9257884828105369,0.0002,False
QNVD01000301.1_6,True,0.9407666438422526,0.0004,False
QNVD01000037.1_6,True,0.9937296025184776,0.0004,False
QNVD01000064.1_1,True,0.9722438029023505,0.0002,False
SHMX01000001.1_4,True,0.9564186368670718,0.0002,False
SHMX01000001.1_309,True,0.9152695155649785,0.0002,False
SHMX01000002.1_158,True,0.9904401020790584,0.0006,True
SHMX01000002.1_467,True,0.9998577971350615,0.0014,True
SHMX01000003.1_6,True,0.9720650163205736,0.0002,False
SHMX01000003.1_38,True,0.9979882629290869,0.0,False
SHMX01000003.1_352,True,0.9962387931607535,0.0002,False
SHMX01000003.1_472,True,0.6138631040166566,0.0,False
SHMX01000004.1_47,True,0.9918006059946388,0.0,False
SHMX01000004.1_327,True,0.9486041090512559,0.0,False
SHMX01000009.1_34,True,0.9744964866953364,0.0008,True
WLOP01000001.1_151,True,0.8431508631907695,0.0,False
WLOP01000005.1_127,True,0.999925476694474,0.001,True
WLOP01000005.1_146,True,0.9990731871750732,0.0002,False
WLOP01000008.1_40,True,0.5173939446516873,0.0,False
DRXH01000053.1_5,True,0.9978893385774749,0.0006,True
DRXH01000186.1_2,True,0.859547150169168,0.0,False
DRXH01000146.1_4,True,0.9999121846356442,0.0012,True
DRXH01000073.1_2,True,0.8546022382233018,0.0004,False
DRXT01000026.1_16,True,0.9158789610630286,0.0,False
DRXT01000027.1_4,True,0.9536372033978446,0.0004,False
WTCB01000078.1_8,True,0.9993039887670352,0.0016,True
WTCB01000078.1_11,True,0.8656198490500564,0.0,False
WTCB01000078.1_21,True,0.9971742418081758,0.0002,False
WTCB01000105.1_7,True,0.9872054320240582,0.0002,False
WTCB01000083.1_7,True,0.5357855469766635,0.0004,False
WTCB01000008.1_5,True,0.8856597553569879,0.0002,False
WTCB01000080.1_4,True,0.9227580458252196,0.0,False
WTCB01000125.1_11,True,0.921493678042528,0.0,False
WTCB01000052.1_2,True,0.9998915198324495,0.0002,False
WSZW01000108.1_1,True,0.9551982332884249,0.0,False
WSZW01000155.1_5,True,0.8624099939273011,0.0,False
WSZW01000013.1_5,True,0.5510540470200399,0.0004,False
WSZW01000093.1_4,True,0.9088922542784397,0.0002,False
JACCLG010000012.1_50,True,0.9993519090667575,0.0012,True
JACCLG010000050.1_63,True,0.9836566859956984,0.0,False
DVAE01000026.1_29,True,0.9994032304265266,0.0016,True
DVAE01000003.1_2,True,0.8248460137069489,0.0002,False
DVAE01000035.1_9,True,0.9284699970483384,0.0002,False
DVAE01000001.1_39,True,0.994920391467833,0.0004,False
JAATVM010000059.1_11,True,0.9998981377668027,0.002,True
JAATVM010000099.1_1,True,0.8358636245337034,0.0,False
JAATVM010000010.1_6,True,0.47653335646742434,0.0,False
JAATVM010000107.1_10,True,0.9129670808925316,0.0,False
JAATVM010000116.1_1,True,0.991096932188062,0.0004,False
JAATVM010000153.1_4,True,0.8998872213064978,0.0002,False
JAATVM010000153.1_11,True,0.8693502212197449,0.0002,False
JAATVM010000161.1_4,True,0.7366183742517567,0.0,False
JAATVM010000174.1_5,True,0.6613169081287412,0.0,False
JAATVM010000020.1_1,True,0.9890881793733896,0.0002,False
JAATVM010000213.1_11,True,0.9731133843962938,0.0004,False
JAATVM010000031.1_2,True,0.8481825279777913,0.0002,False
WFTM01000033.1_6,True,0.9636714605734947,0.0,False
WFTM01000045.1_8,True,0.9133395984581143,0.0002,False
WFTM01000124.1_3,True,0.723518695237269,0.0,False
WFTM01000193.1_5,True,0.9613128976279197,0.0,False
WFTM01000226.1_7,True,0.9714840090656326,0.0,False
WFTM01000226.1_17,True,0.9380930889572305,0.0002,False
WFTM01000281.1_7,True,0.9632765759991008,0.0,False
WFTM01000303.1_2,True,0.8304849483820596,0.0,False
WFTM01000370.1_3,True,0.9116644997222546,0.0,False
WFTM01000393.1_2,True,0.9975724013466823,0.0006,True
WFTM01000479.1_12,True,0.9933341888835524,0.0,False
WAQS01000026.1_8,True,0.9875039224750134,0.0014,True
WAQS01000040.1_5,True,0.9470797455866424,0.0,False
WAQS01000176.1_1,True,0.9455086386540009,0.0,False
WAQS01000183.1_5,True,0.8122668517393945,0.0002,False
WAQS01000183.1_7,True,0.9655741395779199,0.0002,False
WAQS01000187.1_1,True,0.8645788149561898,0.0,False
WAQS01000192.1_4,True,0.5971198056736358,0.0,False
WAQS01000211.1_2,True,0.9935651789228513,0.0012,True
WAQS01000218.1_5,True,0.999214015916158,0.0012,True
WAQS01000229.1_3,True,0.985196610625484,0.0002,False
WAQS01000295.1_9,True,0.7479829964431335,0.0,False
WAQR01000146.1_4,True,0.9989207978032968,0.0004,False
WAQR01000170.1_10,True,0.9763393622602441,0.0002,False
WAQR01000177.1_5,True,0.8650993320031231,0.0,False
WAQR01000192.1_1,True,0.6730285416847401,0.0,False
WAQR01000228.1_4,True,0.9994684492755342,0.0016,True
WAQR01000248.1_1,True,0.9646331790471067,0.0002,False
WAMD01000032.1_5,True,0.9994720169801267,0.0016,True
WAMD01000032.1_16,True,0.8353431074867702,0.0,False
WALD01000065.1_2,True,0.8382927040860588,0.0,False
WALD01000094.1_5,True,0.9994968458468864,0.0016,True
WALD01000101.1_14,True,0.8694369740609005,0.0,False
JACRAC010000043.1_5,True,0.9996056046020962,0.0002,False
JACRAC010000060.1_7,True,0.8645788149561898,0.0,False
JAEEJP010000118.1_3,True,0.9836853255770478,0.0014,True
JAEEJP010000023.1_22,True,0.998929736466059,0.001,True
JAEEJP010000005.1_1,True,0.9417281140164353,0.0004,False
JAEEJP010000033.1_1,True,0.9981628074220953,0.0006,True
JAEEJP010000034.1_27,True,0.9851941376202262,0.0014,True
JAEEJP010000036.1_4,True,0.9909589648960557,0.0016,True
JAEEJP010000084.1_13,True,0.9810420388615643,0.0002,False
JAEEJP010000095.1_6,True,0.36783204649952284,0.0002,False
JAEOSL010000164.1_5,True,0.8577253405049016,0.0,False
JAEOSL010000001.1_100,True,0.991769247636429,0.0,False
JAEOSL010000087.1_14,True,0.9995796985103463,0.0008,True
JAEOSL010000013.1_31,True,0.9997161709381298,0.0016,True
JAEOSL010000016.1_1,True,0.9272144720630819,0.0,False
JAEOSL010000016.1_5,True,0.9899218047032913,0.001,True
JAEOSL010000108.1_12,True,0.993043230451084,0.0,False
JAEOSL010000133.1_9,True,0.9989180330336023,0.0002,False
JAEOSL010000135.1_5,True,0.97079096834712,0.0,False
JAEOSL010000138.1_1,True,0.9995645878974903,0.0006,True
JAEOSL010000036.1_5,True,0.997129937965953,0.0002,False
JAEOSL010000038.1_1,True,0.9916031157429643,0.0,False
JAEOSL010000053.1_20,True,0.9283955509708889,0.0004,False
JAEOSL010000008.1_30,True,0.5905265897458142,0.0,False
JAEOSL010000150.1_1,True,0.9993745080035089,0.001,True
JAEOSL010000152.1_1,True,0.9473493861635366,0.0,False
VGJA01000006.1_16,True,0.9995795846549376,0.0014,True
VGJA01000019.1_7,True,0.67459009282554,0.0,False
VGJA01000068.1_1,True,0.9890443894675343,0.0,False
VGJA01000102.1_5,True,0.9011653161673406,0.0002,False
VGJA01000133.1_1,True,0.9035582028070066,0.0,False
JAFGDH010000015.1_6,True,0.8656198490500564,0.0,False
JAFGDH010000021.1_32,True,0.8659668604146786,0.0,False
JAFGDH010000031.1_52,True,0.7769584453890865,0.0,False
JAFUHT010000026.1_8,True,0.978908547655477,0.0,False
JAFUHT010000026.1_9,True,0.8877418235447211,0.0,False
JAFUHT010000040.1_27,True,0.9985780436007317,0.0004,False
JAFUHT010000071.1_13,True,0.9990595892488099,0.002,True
JAFZBN010000019.1_29,True,0.9320575486728919,0.0,False
JAFZBN010000021.1_14,True,0.9908279411905737,0.001,True
JAFZBN010000005.1_104,True,0.9875486132911626,0.0,False
JAFZBN010000001.1_3,True,0.9748589062386008,0.0002,False
JAFZBN010000011.1_52,True,0.9911944082034556,0.0002,False
JAFZBN010000015.1_189,True,0.9875442959994406,0.0004,False
JAFZBN010000016.1_90,True,0.9946605312834599,0.0002,False
JAFZBN010000018.1_53,True,0.9988544014118035,0.0004,False
JAFZBN010000018.1_147,True,0.9048473090328621,0.0,False
JAFCFP010000006.1_14,True,0.9158448228292657,0.0002,False
JAFCFP010000007.1_24,True,0.9993841488408979,0.0012,True
JAFCFP010000016.1_3,True,0.854775743905613,0.0,False
JAFCFP010000016.1_21,True,0.8247592608657933,0.0002,False
JAFCFP010000001.1_43,True,0.9978935451408003,0.0002,False
JAFCFP010000002.1_56,True,0.9451251951338006,0.0002,False
JAFCFP010000033.1_8,True,0.9769169399674814,0.0002,False
JAFCDI010000002.1_16,True,0.9995894126312325,0.0012,True
JAFCDI010000018.1_24,True,0.8081894682050837,0.0,False
JAAOXU010000033.1_14,True,0.8899106445736098,0.0,False
JAAOXU010000005.1_31,True,0.8634510280211677,0.0,False
JAAOXU010000034.1_34,True,0.9990822614965446,0.0014,True
JAAOXU010000034.1_45,True,0.9202878272424387,0.0002,False
JAAOXX010000031.1_9,True,0.997894282995164,0.0006,True
JAAOXX010000046.1_14,True,0.9982979664388323,0.0014,True
JAAOXX010000064.1_5,True,0.9192333570168325,0.0002,False
JAAOXX010000065.1_2,True,0.6843064110349614,0.0002,False
JAGVWD010000020.1_6,True,0.9164050467159481,0.0,False
JAGVWD010000001.1_3,True,0.7739220959486424,0.0,False
JAGVWD010000001.1_5,True,0.6613169081287412,0.0,False
JAGVWD010000044.1_13,True,0.9976801200515708,0.0004,False
JAGVWD010000053.1_6,True,0.9820246924352768,0.0002,False
JAGVWA010000018.1_17,True,0.9970962187912595,0.0004,False
JAGVWA010000001.1_97,True,0.9997667159557091,0.0018,True
JAGVWA010000020.1_3,True,0.8572048234579682,0.0,False
JAGVWA010000013.1_3,True,0.9817060038892534,0.0002,False
JAGVWA010000005.1_60,True,0.723345189554958,0.0,False
JAHITZ010000054.1_9,True,0.9971803488210033,0.0002,False
JAHITZ010000012.1_2,True,0.9996758642321796,0.0014,True
JAHITZ010000025.1_40,True,0.8844452155808102,0.0002,False
JAHITZ010000025.1_75,True,0.8304849483820596,0.0002,False
JAHITZ010000032.1_67,True,0.8577253405049016,0.0,False
JAHJLF010000008.1_1,True,0.9962084353210081,0.0006,True
JAHJLF010000090.1_5,True,0.9975507685536663,0.0,False
JAHJLF010000050.1_9,True,0.998179242665769,0.0008,True
JAHJLF010000062.1_33,True,0.9985869723980861,0.0012,True
JAHJLF010000072.1_11,True,0.8802810792053439,0.0006,True
JAHJSX010000021.1_2,True,0.8080159625227726,0.0,False
JAHJSX010000062.1_1,True,0.9990257144541046,0.0016,True
JAHJSX010000191.1_9,True,0.9980369276097442,0.0002,False
JAHJSX010000153.1_4,True,0.9969232198136246,0.0012,True
JAHJSX010000172.1_3,True,0.9115248104443423,0.0006,True
JAHJSX010000183.1_8,True,0.9990644140148067,0.002,True
JAFANK010000134.1_1,True,0.9481592627321135,0.0,False
JAFANK010000276.1_6,True,0.9794261682317223,0.0002,False
JAFANK010000142.1_3,True,0.8081894682050837,0.0,False
JAFANK010000053.1_7,True,0.9993597268890003,0.001,True
JAFANK010000285.1_11,True,0.8690032098551228,0.0,False
JAFANK010000073.1_12,True,0.9995077662531353,0.001,True
JAFANK010000324.1_5,True,0.9488372399939474,0.0002,False
JAFANK010000298.1_3,True,0.9844364006876922,0.0004,False
OMZR01000038.1_34,True,0.9990393977024822,0.0006,True
OMZR01000015.1_7,True,0.9952693732869481,0.0,False
OMZR01000119.1_6,True,0.9997723933155149,0.0,False
OMZR01000192.1_5,True,0.8978051531187646,0.0,False
OMZR01000106.1_17,True,0.7857204823457968,0.0,False
OMZR01000133.1_3,True,0.9969069266556573,0.0002,False
ONGA01000006.1_35,True,0.9998323842482706,0.0006,True
ONGA01000008.1_124,True,0.9995713701658501,0.0,False
ONGA01000001.1_98,True,0.9832637218509993,0.0,False
ONGA01000001.1_132,True,0.992166217833516,0.0002,False
ONGA01000019.1_3,True,0.927770820936132,0.0,False
ONGA01000004.1_62,True,0.5131430554350656,0.0002,False
ONGA01000002.1_99,True,0.9691580716102915,0.0002,False
ONGA01000015.1_3,True,0.9918046785063221,0.0004,False
ONGA01000015.1_8,True,0.9976113259283894,0.0,False
ONGA01000013.1_8,True,0.9989358650886334,0.0002,False
CAADSM010000097.1_21,True,0.8797605621584107,0.0002,False
CAADSM010000101.1_5,True,0.9328034266636986,0.0,False
CAADSM010000139.1_10,True,0.9480745299940598,0.0004,False
CAADSM010000152.1_40,True,0.9999774083242134,0.0008,True
CAIQVJ010000006.1_32,True,0.9999628380479473,0.0002,False
CAIQVJ010000007.1_125,True,0.9752432612674413,0.0002,False
CAIQVJ010000019.1_198,True,0.9175470620322513,0.0002,False
CAIQVJ010000026.1_6,True,0.9569038317566753,0.0,False
CAIQVJ010000030.1_1,True,0.9999982411529313,0.0002,False
CAIQVJ010000042.1_9,True,0.829443914288193,0.0,False
CAIQVJ010000048.1_3,True,0.9564383654094568,0.0,False
CAIQVJ010000083.1_8,True,0.9991554642096747,0.0002,False
CAIQVJ010000095.1_49,True,0.857638587663746,0.0,False
CAIQVJ010000108.1_162,True,0.9975269661117411,0.0002,False
CAIQVJ010000108.1_232,True,0.5799427431248373,0.0,False
CAIQVJ010000110.1_13,True,0.9645709938770038,0.0004,False
CAIQVJ010000112.1_132,True,0.989829645281461,0.0002,False
CAIQVJ010000118.1_73,True,0.9934317910071071,0.0006,True
CAIQVJ010000130.1_29,True,0.8166912466383274,0.0,False
CAIQVJ010000130.1_30,True,0.9981809472317493,0.0006,True
CAIQVJ010000130.1_33,True,0.9999909159716797,0.0004,False
CAIQVJ010000137.1_25,True,0.9301664366999215,0.0,False
CAIWRR010000115.1_2,True,0.9929472321467179,0.0002,False
CAIWRR010000121.1_2,True,0.9932983427813886,0.0002,False
CAIWRR010000127.1_14,True,0.7138891298690032,0.0004,False
CAIWRR010000175.1_2,True,0.8613689598334345,0.0,False
CAIWRR010000243.1_2,True,0.992770750550348,0.0,False
CAIWRR010000253.1_2,True,0.9905322392162408,0.0004,False
NZ_CP007062.1_285,True,0.8470547410427691,0.0,False
NZ_CP007062.1_286,True,0.9978236320776894,0.001,True
NZ_CP007062.1_897,True,0.8631040166565455,0.0,False
NZ_CP007062.1_925,True,0.9889688878689163,0.0004,False
NZ_CP007062.1_927,True,0.5023857031317776,0.0,False
NZ_CP007062.1_1006,True,0.9587900368710343,0.0008,True
NZ_CP007062.1_1027,True,0.49006679968768974,0.0004,False
NZ_CP007062.1_1225,True,0.9962374389039071,0.0008,True
NZ_CP007062.1_1859,True,0.9342001451534189,0.0,False
NZ_CP007062.1_2110,True,0.7307191810531795,0.0,False
NZ_CP007062.1_2113,True,0.996966028146056,0.001,True
NZ_AGJL01000064.1_8,True,0.7773054567537087,0.0,False
NZ_AGJL01000056.1_5,True,0.6574997831178971,0.0002,False
NZ_AGJL01000039.1_11,True,0.8353431074867702,0.0,False
NZ_AGJL01000033.1_8,True,0.9927167621352299,0.0004,False
NZ_AGJL01000010.1_22,True,0.9905380563806445,0.0008,True
NZ_AGJL01000004.1_7,True,0.9873942356931936,0.0,False
NZ_AGJL01000001.1_38,True,0.878546022382233,0.0,False
NC_018649.1_44,True,0.9960945039536101,0.0004,False
NC_018649.1_403,True,0.408085364795697,0.0,False
NC_018649.1_515,True,0.7492842890604667,0.0,False
NC_018649.1_1530,True,0.9965564483323325,0.0,False
NC_018649.1_1531,True,0.9873034319038333,0.0004,False
NC_018649.1_1614,True,0.7981261386310402,0.0,False
NC_018649.1_1640,True,0.999714916810826,0.0002,False
NC_018649.1_1711,True,0.8076689511581504,0.0,False
NC_018649.1_2003,True,0.9991305641103785,0.0016,True
NC_018649.1_2273,True,0.9847156347231174,0.0004,False
NC_018649.1_2277,True,0.9883601877248811,0.0004,False
NZ_KB908319.1_275,True,0.9910076822092425,0.0008,True
NZ_KB908320.1_1,True,0.9916407443835963,0.0002,False
NZ_KB908321.1_303,True,0.9902074766260598,0.0004,False
NZ_KB908322.1_19,True,0.9917766101832916,0.001,True
NZ_KB908323.1_138,True,0.9945261261841132,0.0,False
NZ_KB908329.1_82,True,0.9969854559940432,0.0002,False
NZ_KB908330.1_57,True,0.9972055477262307,0.0,False
NZ_KB908333.1_48,True,0.9946819011445553,0.0002,False
NZ_KB908339.1_17,True,0.9896122142201458,0.001,True
NZ_KB908339.1_34,True,0.9979488203719626,0.0,False
NZ_KB908340.1_7,True,0.9999521231702561,0.0004,False
NZ_KB908346.1_2,True,0.9399261044982707,0.0004,False
NZ_KB908347.1_17,True,0.997921306175824,0.0,False
NZ_KB908350.1_10,True,0.9916407443835963,0.0002,False
NC_022792.1_757,True,0.9232088421998879,0.0,False
NC_022792.1_1189,True,0.6591480870998525,0.0,False
NC_022792.1_1402,True,0.974170127875942,0.0006,True
NC_022792.1_1629,True,0.46239264335906993,0.0,False
NC_022792.1_1786,True,0.9150084949438035,0.0,False
NC_022792.1_2021,True,0.9973349696910365,0.0,False
NZ_JPST01000003.1_28,True,0.9986007858456759,0.0004,False
NZ_JPST01000003.1_129,True,0.998731810000279,0.0004,False
NZ_JPST01000003.1_167,True,0.9942611202875742,0.0002,False
NZ_JPST01000004.1_1,True,0.9987661679633455,0.0002,False
NZ_JPST01000013.1_97,True,0.8781990110176108,0.0,False
NZ_JPST01000018.1_28,True,0.8932940053786762,0.0002,False
NZ_JPST01000019.1_30,True,0.4826060553483127,0.0002,False
NZ_JPST01000029.1_32,True,0.9590820189264389,0.0,False
NZ_JPST01000030.1_39,True,0.998757931006343,0.001,True
NZ_JPST01000036.1_87,True,0.7190075474971805,0.0,False
NZ_JPST01000036.1_104,True,0.8358636245337034,0.0,False
NZ_JPST01000063.1_4,True,0.9484494250016512,0.0,False
NZ_JXCG01000015.1_18,True,0.9037156536118657,0.0,False
NZ_JXCG01000019.1_11,True,0.9209506152659138,0.0002,False
NZ_JXCG01000006.1_38,True,0.996565364955843,0.0008,True
NZ_JXCG01000008.1_7,True,0.9675889157909219,0.0002,False
NZ_JXCG01000008.1_42,True,0.9996991689398054,0.0014,True
NZ_LMGK01000001.1_298,True,0.6161186778867008,0.0004,False
NZ_LMGK01000002.1_36,True,0.9946577435072588,0.0,False
NZ_LMGK01000002.1_160,True,0.996902666291018,0.0002,False
NZ_LMGK01000003.1_21,True,0.9974130789653881,0.0002,False
NZ_LMGK01000004.1_216,True,0.9970016651788164,0.0,False
NZ_LMGK01000005.1_137,True,0.997964243839964,0.0,False
NZ_LMGK01000006.1_36,True,0.996908911352044,0.0002,False
NZ_LMGK01000006.1_136,True,0.9760332860245012,0.0006,True
NZ_LMGK01000007.1_14,True,0.6267892773488332,0.0,False
NZ_LMGK01000012.1_290,True,0.9960099225458179,0.0002,False
NZ_LMGK01000020.1_385,True,0.956147070793329,0.0,False
NZ_LMGK01000023.1_235,True,0.8343888262340592,0.0,False
NZ_LMGK01000024.1_310,True,0.9999285757233701,0.0002,False
NZ_LMGK01000025.1_625,True,0.8915589485555652,0.0,False
NZ_CP015520.1_666,True,0.9625262895881985,0.0004,False
NZ_CP015520.1_667,True,0.8506116075301466,0.0,False
NZ_CP015520.1_997,True,0.9964051641172197,0.0002,False
NZ_CP015520.1_1011,True,0.9035129450245108,0.0,False
NZ_CP015520.1_1175,True,0.9949829591912027,0.0004,False
NZ_CP015520.1_1352,True,0.9879740226625351,0.0004,False
NZ_CP015520.1_1711,True,0.9661855004073227,0.0002,False
NZ_CP015520.1_2114,True,0.9998597528327763,0.0002,False
NZ_CP015520.1_2200,True,0.999200929793958,0.0016,True
NZ_CP015423.1_245,True,0.9982014188759166,0.0004,False
NZ_CP015423.1_513,True,0.8538214626529019,0.0,False
NZ_CP015423.1_560,True,0.8717793007721003,0.0,False
NZ_CP015423.1_826,True,0.9990850903567224,0.0002,False
NZ_CP015423.1_1017,True,0.9793930144508378,0.0004,False
NZ_CP015423.1_1159,True,0.9887989328008426,0.0014,True
NZ_CP015423.1_1422,True,0.9816670615377178,0.001,True
NZ_CP015423.1_1566,True,0.9973600076985443,0.0014,True
NZ_CP015423.1_1658,True,0.9979940201328694,0.0,False
NZ_CP015423.1_2203,True,0.9998226389081374,0.0006,True
NZ_CP015423.1_2383,True,0.9450387854016506,0.0,False
NZ_CP015423.1_3540,True,0.9989031528287784,0.001,True
NZ_CP015423.1_3660,True,0.9993713922885659,0.0004,False
NZ_CP015423.1_3768,True,0.9994495472904892,0.001,True
NZ_CP015423.1_3831,True,0.9945629173569236,0.0002,False
NZ_CP015423.1_4901,True,0.9989762119134504,0.0008,True
NZ_CP027570.1_695,True,0.9353703161759563,0.0,False
NZ_CP027570.1_1074,True,0.9999590359355054,0.0004,False
NZ_CP027570.1_1212,True,0.9933754100283441,0.0008,True
NZ_CP027570.1_1746,True,0.349006679968769,0.0,False
NZ_JAAIPW010000011.1_73,True,0.8941615337902317,0.0,False
NZ_JAAIPW010000016.1_77,True,0.985203095787948,0.0006,True
NZ_JAAIPW010000018.1_9,True,0.9670419292754698,0.0002,False
NZ_JAAIPW010000001.1_32,True,0.9557946772608445,0.0,False
NZ_JAAIPW010000007.1_61,True,0.939139185444726,0.0,False
NZ_JAAIPW010000008.1_2,True,0.9052115997395362,0.0,False
NZ_JAAIPW010000008.1_3,True,0.8949423093606316,0.0002,False
NZ_CP060488.1_842,True,0.9936490408897329,0.0004,False
NZ_CP060488.1_1293,True,0.9597220773816325,0.0,False
NZ_CP060488.1_1502,True,0.8324802637286371,0.0,False
NZ_CP060488.1_1736,True,0.9870763515071047,0.0008,True
NZ_CP060488.1_2563,True,0.9728024621456801,0.0002,False
NZ_CP060488.1_2564,True,0.9189651193085132,0.0004,False
NZ_CP060488.1_2670,True,0.9944674504054575,0.0004,False
NZ_CP060488.1_2757,True,0.9773463836799254,0.0004,False
NZ_CP060488.1_3073,True,0.7295046412770019,0.0,False
NZ_CP060488.1_3215,True,0.9998757962489578,0.0,False
NZ_CP060488.1_3463,True,0.8544287325409907,0.0,False
NZ_CP060488.1_3697,True,0.6633122234753188,0.0,False
NZ_CP060488.1_3743,True,0.6821375900060727,0.0,False
NZ_CP060488.1_3908,True,0.993128250629996,0.0008,True
NZ_CP060488.1_4532,True,0.9997904708580809,0.0006,True
NZ_CP060488.1_4629,True,0.9923365012621892,0.0008,True
NZ_CP060488.1_4800,True,0.9990687707003983,0.0008,True
NZ_JABASS010000012.1_36,True,0.999797549373652,0.0004,False
NZ_JABASS010000003.1_20,True,0.7859807408692635,0.0,False
NZ_JABASS010000003.1_55,True,0.9473130566004438,0.0,False
NZ_JABASS010000003.1_88,True,0.7842456840461525,0.0002,False
NZ_JABASS010000006.1_37,True,0.953203117399049,0.0004,False
NZ_JABASS010000009.1_46,True,0.9968155958397079,0.0002,False
NZ_JAFCMM010000001.1_318,True,0.8307452069055261,0.0,False
NZ_JAFCMM010000001.1_775,True,0.859547150169168,0.0,False
NZ_JAFCMM010000001.1_943,True,0.9752260679736647,0.0,False
NZ_JAFCMM010000001.1_1391,True,0.9962991685880714,0.0,False
NZ_JAFCMM010000001.1_1414,True,0.9738712651476641,0.0,False
NZ_JAFCMM010000001.1_1451,True,0.9990017272930258,0.0012,True
NZ_JAFCMM010000011.1_14,True,0.9986984562333856,0.0012,True
NZ_JAFCMM010000003.1_345,True,0.9496024125570891,0.0002,False
NZ_JAFCMM010000003.1_817,True,0.9899410065397063,0.0,False
NZ_JAFCMM010000004.1_351,True,0.8883490934328099,0.0002,False
NZ_JAFCMM010000004.1_352,True,0.7445996356380672,0.0,False
NZ_JAFCMM010000004.1_639,True,0.996698246301428,0.0,False
NZ_JAFCMM010000005.1_512,True,0.9919938470243967,0.0006,True
NZ_JAFCMM010000005.1_577,True,0.9999883042378338,0.0004,False
NZ_JAFCMM010000005.1_648,True,0.9992000217906617,0.0004,False
NZ_JAFCMM010000006.1_401,True,0.990390235572644,0.0006,True
NZ_JAFCMM010000007.1_54,True,0.9753500632694295,0.0,False
NZ_JAFCMM010000007.1_129,True,0.9814394287625536,0.0002,False
NZ_JAFCMM010000009.1_40,True,0.8624099939273011,0.0,False
NZ_FRCD01000018.1_106,True,0.997866140728069,0.0002,False
NZ_FRCD01000003.1_161,True,0.9814853500353866,0.0002,False
NZ_FRCD01000003.1_304,True,0.9887827093346667,0.0006,True
NZ_FRCD01000014.1_67,True,0.8406350307972587,0.0,False
NZ_FRCD01000022.1_43,True,0.9963571783112389,0.0,False
NZ_FRCD01000013.1_30,True,0.9607633382068442,0.0,False
NZ_FRCD01000004.1_265,True,0.7576125618113994,0.0,False
NZ_FRCD01000005.1_21,True,0.9979468919869773,0.0,False
NZ_FRCD01000005.1_53,True,0.8787195280645441,0.0,False
NZ_FRCD01000001.1_115,True,0.9985800705814337,0.0012,True
NZ_FRCD01000023.1_54,True,0.6722477661143402,0.0,False
NZ_FRCD01000026.1_5,True,0.6679968768977184,0.0,False
NZ_FRCD01000007.1_103,True,0.9973039372074288,0.0002,False
NZ_FRCD01000034.1_15,True,0.966377823933077,0.0002,False
NZ_FRCD01000012.1_18,True,0.7967380931725514,0.0,False
NZ_FRCD01000009.1_29,True,0.9759497622466504,0.0002,False
NZ_LT907975.1_13,True,0.9075365239885387,0.0002,False
NZ_LT907975.1_142,True,0.9844941808848481,0.0002,False
NZ_LT907975.1_356,True,0.8784592695410774,0.0,False
NZ_LT907975.1_543,True,0.9989065966194776,0.0002,False
NZ_LT907975.1_1008,True,0.9188460477748995,0.0,False
NZ_LT907975.1_1372,True,0.9669952065626005,0.0,False
NZ_LT907975.1_2140,True,0.99559612055589,0.0002,False
NZ_LT907975.1_2936,True,0.9983045831396219,0.0006,True
NZ_LT907975.1_3217,True,0.9922284529098748,0.0,False
NZ_LT907975.1_3807,True,0.9499357947458693,0.0004,False
NZ_LT907975.1_3916,True,0.8402012665914809,0.0,False
NZ_LR216287.1_265,True,0.8605881842630346,0.0,False
NZ_LR216287.1_905,True,0.890431161620543,0.0,False
NZ_LR216287.1_940,True,0.47731413203782425,0.0,False
NZ_LR216287.1_1318,True,0.7306324282120239,0.0,False
NZ_LR216287.1_1475,True,0.9998708627001177,0.0018,True
NZ_LR216287.1_1970,True,0.7981261386310402,0.0,False
NZ_LR216287.1_2824,True,0.909045670196882,0.0002,False
NZ_LR216287.1_2953,True,0.930631012609213,0.0,False
CP002161.1_4,True,0.7750498828836644,0.0,False
AQRW01000004.1_3,True,0.7528411555478441,0.0,False
AQRW01000022.1_1,True,0.9019089023033652,0.0,False
AQRW01000081.1_4,True,0.8104450420751279,0.0,False
AQRW01000101.1_7,True,0.5514878112258177,0.0,False
AQRW01000121.1_14,True,0.9696742280905302,0.0002,False
AQRW01000129.1_15,True,0.9967031773597638,0.0,False
AQRW01000145.1_3,True,0.9998590566524781,0.0,False
AQRW01000146.1_8,True,0.9993589159997545,0.0,False
AQRW01000152.1_3,True,0.7267285503600243,0.0,False
AQRW01000169.1_7,True,0.9908914118265243,0.0,False
AQRW01000178.1_10,True,0.9009160557963268,0.0,False
AQRW01000185.1_9,True,0.8152164483386831,0.0,False
AQRW01000190.1_29,True,0.6390214279517654,0.0002,False
AQRW01000190.1_54,True,0.5481044504207513,0.0,False
AWOA01000003.1_8,True,0.957398491535984,0.0,False
AWOA01000012.1_17,True,0.9989203230385909,0.0012,True
AWOA01000023.1_18,True,0.9999191598545976,0.0006,True
AWOA01000040.1_12,True,0.9841747150681595,0.0,False
AWOA01000058.1_3,True,0.8349093432809924,0.0,False
AWOA01000080.1_13,True,0.9723434353505801,0.0004,False
AWOA01000091.1_1,True,0.999635499960266,0.0002,False
AWOA01000111.1_1,True,0.9977684834883559,0.0006,True
DF820461.1_54,True,0.8736878632775223,0.0,False
DF820461.1_217,True,0.9992049681657746,0.0004,False
DF820461.1_331,True,0.6325149648650993,0.0002,False
DF820460.1_100,True,0.9834407442868114,0.0004,False
DF820460.1_244,True,0.6900320985512276,0.0002,False
DF820460.1_287,True,0.989381255666607,0.0002,False
DF820460.1_532,True,0.3356467424308146,0.0002,False
DF820459.1_497,True,0.9992256681374713,0.0002,False
DF820459.1_647,True,0.9990760222889785,0.001,True
DF820459.1_788,True,0.9967582946276696,0.0002,False
DF820459.1_870,True,0.999302051126948,0.0004,False
DF820458.1_62,True,0.999141677851187,0.001,True
DF820458.1_77,True,0.8551227552702351,0.0,False
DF820458.1_673,True,0.9363913325472366,0.0,False
DF820457.1_27,True,0.8808883490934328,0.0,False
DF820457.1_343,True,0.9995993570697178,0.0004,False
DF820457.1_729,True,0.9103184283095739,0.0002,False
DF820456.1_257,True,0.9243497951002084,0.0002,False
DF820455.1_240,True,0.9978356905110278,0.0002,False
DF820455.1_431,True,0.9864641286757125,0.0,False
DF820455.1_432,True,0.9899491995317294,0.0004,False
DF820455.1_1035,True,0.9915742701331316,0.0002,False
DF820455.1_1248,True,0.9999235489735784,0.0004,False
LCRX01000005.1_10,True,0.9297514680369449,0.0,False
LCRX01000019.1_4,True,0.9045999415999527,0.0008,True
LJUI01000008.1_36,True,0.9975419303649953,0.0,False
LJUI01000015.1_20,True,0.7967380931725514,0.0,False
LJUI01000142.1_6,True,0.9929823413293336,0.0004,False
LJUI01000030.1_18,True,0.7058211156415373,0.0,False
LJUI01000177.1_7,True,0.9940449039470635,0.0004,False
LJUY01000031.1_9,True,0.9734041774371783,0.0006,True
LJUY01000077.1_2,True,0.8103582892339725,0.0,False
LJUY01000049.1_7,True,0.9056785823562358,0.0,False
LJUY01000003.1_3,True,0.790665394291663,0.0,False
LJUD01000059.1_12,True,0.9999462543963872,0.0002,False
LJUD01000067.1_4,True,0.9635429678409779,0.0,False
LJUD01000080.1_1,True,0.8580723518695237,0.0002,False
LJUD01000123.1_1,True,0.9823585219974098,0.0004,False
LJUD01000126.1_12,True,0.9997959476665557,0.0008,True
LJUD01000181.1_8,True,0.9178110493266588,0.0002,False
LJUD01000199.1_1,True,0.8311789711113039,0.0,False
LJUD01000245.1_5,True,0.6548104450420751,0.0,False
LJUD01000276.1_9,True,0.9998120952763234,0.0008,True
LJUD01000020.1_13,True,0.9954082403328793,0.0004,False
LJUD01000028.1_6,True,0.9996970958703941,0.0002,False
LDXN01000007.1_23,True,0.9039115531680585,0.0,False
LDXN01000008.1_4,True,0.9991004415145891,0.0004,False
LDXN01000009.1_47,True,0.3519562765680576,0.0,False
LDXN01000020.1_45,True,0.861282206992279,0.0,False
LDXN01000020.1_46,True,0.8893033746855209,0.0,False
LDXN01000040.1_22,True,0.9805487900187205,0.0,False
LDXN01000051.1_11,True,0.9929765426125968,0.0006,True
LDXN01000076.1_7,True,0.8208553830137937,0.0,False
LIUI01000036.1_41,True,0.7438188600676672,0.0002,False
LIUI01000048.1_24,True,0.7478962436019779,0.0,False
LIUI01000059.1_5,True,0.9994062694568681,0.0004,False
LIUI01000063.1_5,True,0.9998686679071136,0.0002,False
LIUI01000088.1_6,True,0.9998389758298297,0.0006,True
LIUI01000098.1_22,True,0.9674849020984592,0.0,False
LIUI01000102.1_18,True,0.999840957531611,0.0002,False
LIUI01000128.1_4,True,0.9531873224403143,0.0014,True
LIUI01000146.1_7,True,0.9812020954333363,0.0002,False
LIUI01000146.1_13,True,0.9897720673708117,0.0002,False
LUZY01000009.1_82,True,0.900208404565522,0.0002,False
LUZY01000011.1_183,True,0.9780722342961956,0.0002,False
LUZY01000013.1_41,True,0.9961105121780227,0.0002,False
LUZY01000013.1_411,True,0.41242300685347444,0.0,False
LSMY01000004.1_8,True,0.9881694736095001,0.0,False
LSMY01000003.1_31,True,0.9875681814514213,0.0004,False
MDLB01000006.1_1,True,0.9940267903673335,0.0002,False
MDLB01000006.1_3,True,0.9165155088950605,0.0,False
MDLB01000037.1_6,True,0.6523813654897198,0.0,False
MDLB01000075.1_19,True,0.9948209416760004,0.0006,True
MDLB01000078.1_4,True,0.9063843686648643,0.0,False
METK01000005.1_48,True,0.9994040363060869,0.001,True
METK01000007.1_26,True,0.3339116856077037,0.0,False
METK01000021.1_17,True,0.9433470050817575,0.0,False
MFAF01000027.1_4,True,0.6467424308146091,0.0,False
MFAF01000033.1_2,True,0.999216758707214,0.0004,False
MFAF01000070.1_8,True,0.9965702664180053,0.0,False
MFAF01000070.1_9,True,0.9960847581486285,0.0,False
MFAF01000082.1_5,True,0.9896734408439921,0.0,False
MFAF01000118.1_17,True,0.9660754630134085,0.0,False
MFAF01000129.1_5,True,0.690118851392383,0.0002,False
MFGS01000046.1_10,True,0.8343888262340592,0.0,False
MFGS01000049.1_12,True,0.9994937009958468,0.0004,False
MFGS01000127.1_2,True,0.716404962262514,0.0002,False
MFGS01000180.1_21,True,0.9502062261532683,0.0,False
MFGS01000185.1_6,True,0.9876753228296248,0.0,False
MFPR01000008.1_3,True,0.9981873454988929,0.0002,False
MFPR01000011.1_2,True,0.9911364233172858,0.0004,False
MFPR01000014.1_1,True,0.9065712998324958,0.0,False
MFPR01000017.1_155,True,0.3597640322720569,0.0,False
MFPR01000019.1_1,True,0.9864902589999847,0.0,False
MFPR01000020.1_170,True,0.9917516862680906,0.0002,False
MFPR01000028.1_34,True,0.9260525616356553,0.0,False
MFPR01000028.1_52,True,0.9750802986113536,0.0,False
MFPR01000028.1_65,True,0.9991302912159017,0.001,True
MGDH01000007.1_8,True,0.6752841155547844,0.0,False
MGDH01000011.1_145,True,0.8753361672594777,0.0,False
MGDH01000011.1_203,True,0.9128075912744325,0.0,False
MGDH01000022.1_91,True,0.6253144790491889,0.0002,False
MGDH01000022.1_165,True,0.9481217570296281,0.0,False
MGDH01000029.1_72,True,0.9907980913548438,0.0008,True
MGDH01000038.1_56,True,0.9964339222830391,0.0002,False
MGDH01000042.1_83,True,0.5647609959226164,0.0,False
MGFH01000005.1_13,True,0.9763202819374713,0.0,False
MGFH01000100.1_6,True,0.954024489362554,0.0014,True
MGFH01000131.1_1,True,0.9998798082397696,0.0,False
MGFH01000182.1_10,True,0.3302680662791706,0.0002,False
MGFH01000203.1_7,True,0.9369344844112764,0.0,False
MGFH01000206.1_3,True,0.90539912454272,0.0,False
MGFH01000251.1_14,True,0.9742689644627744,0.0002,False
MGQK01000007.1_2,True,0.9397878930823805,0.0,False
MGQK01000009.1_20,True,0.8694369740609005,0.0002,False
MGQK01000016.1_54,True,0.9025140910153472,0.0,False
MGQK01000017.1_18,True,0.9992038271523263,0.001,True
MGQK01000017.1_19,True,0.9991521979895819,0.0012,True
MGQK01000019.1_2,True,0.5405569532402186,0.0002,False
MGQK01000028.1_10,True,0.9793257657650835,0.0,False
MGQK01000050.1_5,True,0.985214831847916,0.0,False
MGQK01000053.1_117,True,0.9988565172404335,0.0012,True
MGQK01000056.1_16,True,0.9988563201150594,0.0008,True
MGQK01000068.1_19,True,0.9957978341296428,0.0,False
MGQK01000075.1_12,True,0.8085364795697059,0.0,False
MGQK01000080.1_46,True,0.869523726902056,0.0,False
MGQK01000092.1_42,True,0.999236054953481,0.001,True
MGQK01000099.1_39,True,0.9807936208971495,0.0,False
MGQK01000104.1_5,True,0.9991868607030983,0.0008,True
MGQK01000114.1_11,True,0.9991602215727121,0.001,True
MGRR01000025.1_17,True,0.9999819632663932,0.0006,True
MGRR01000041.1_5,True,0.9203920792484122,0.0,False
MGRR01000045.1_8,True,0.8827969115988549,0.0,False
MGRR01000049.1_5,True,0.9292113928143422,0.0002,False
MGRR01000072.1_1,True,0.9697604845656996,0.0,False
MGRR01000083.1_2,True,0.8335212978225037,0.0,False
MGRR01000105.1_4,True,0.9898120370568324,0.0002,False
MGRR01000125.1_2,True,0.9991376057297343,0.0008,True
MHDQ01000006.1_9,True,0.989741801058393,0.0012,True
MHDQ01000007.1_12,True,0.9475133590918416,0.0004,False
MHDQ01000015.1_2,True,0.7806888175587751,0.0,False
MHDQ01000016.1_5,True,0.873167346230589,0.0,False
MHDQ01000020.1_7,True,0.9490731485147907,0.0002,False
MHDQ01000033.1_1,True,0.998657795546669,0.0002,False
MHDQ01000126.1_4,True,0.9313912479948185,0.0002,False
MHDQ01000193.1_4,True,0.6455278910384316,0.0002,False
MHDQ01000202.1_1,True,0.9969953493816569,0.0002,False
MHDQ01000225.1_3,True,0.9923784907593308,0.0,False
MHDQ01000236.1_8,True,0.7316734623058905,0.0,False
MHDQ01000291.1_8,True,0.9921883497537272,0.0,False
MHDQ01000303.1_7,True,0.9880470233733573,0.0002,False
MHDQ01000305.1_8,True,0.9750699192020533,0.0,False
MVCZ01000015.1_9,True,0.9966310458769099,0.0,False
MVCZ01000020.1_9,True,0.985903353300479,0.0012,True
MVCZ01000206.1_4,True,0.952508984816167,0.0,False
MVCZ01000078.1_1,True,0.9973240334175267,0.0004,False
MVCZ01000096.1_12,True,0.9715296209971314,0.0,False
MVCZ01000170.1_2,True,0.9914706680205091,0.0008,True
MVCR01000026.1_12,True,0.6095254619588791,0.0,False
MVCR01000114.1_8,True,0.49266938492235623,0.0,False
MVCR01000040.1_3,True,0.9999873096319717,0.0008,True
MVCR01000010.1_13,True,0.9985307953967573,0.0004,False
MVCR01000062.1_10,True,0.9804157575731896,0.0,False
MVZB01000036.1_12,True,0.9846206909363062,0.0004,False
MVZB01000066.1_1,True,0.9783892342130086,0.001,True
MVZB01000090.1_3,True,0.8591133859633903,0.0002,False
MVZB01000159.1_2,True,0.9961142760428797,0.0,False
MVZB01000161.1_6,True,0.8099245250281947,0.0,False
MVZB01000188.1_5,True,0.8342153205517481,0.0,False
MVZB01000193.1_4,True,0.9992318319468798,0.0006,True
MWBZ01000001.1_89,True,0.9821801632144461,0.001,True
MWBZ01000002.1_62,True,0.980132407605584,0.0,False
MWBZ01000018.1_10,True,0.9997824527195326,0.0008,True
MWBZ01000033.1_20,True,0.907331883347364,0.0002,False
MWBZ01000159.1_2,True,0.9930579785665694,0.0,False
MWCD01000005.1_9,True,0.996030196052666,0.0,False
MWCD01000007.1_9,True,0.998898961589164,0.0008,True
MWCD01000018.1_10,True,0.9968179192905963,0.0002,False
MWCD01000040.1_11,True,0.9994811447200177,0.0004,False
MWCD01000056.1_4,True,0.9960676092853417,0.0004,False
MWCD01000123.1_4,True,0.9994413024313364,0.001,True
MWCZ01000059.1_4,True,0.8958965906133426,0.0,False
MWCZ01000075.1_8,True,0.8922529712848096,0.0,False
MWCZ01000077.1_5,True,0.9219233638953224,0.0,False
MWCZ01000087.1_4,True,0.9174385405994518,0.0,False
MWCZ01000087.1_8,True,0.9997731249587669,0.0008,True
MWCZ01000152.1_1,True,0.9236520131641397,0.0,False
MWCZ01000174.1_10,True,0.9899023203970564,0.0012,True
MWCZ01000219.1_1,True,0.5895723084931032,0.0,False
MWCZ01000228.1_3,True,0.8906914201440097,0.0002,False
MWCZ01000240.1_8,True,0.7609959226164656,0.0,False
MWCZ01000247.1_4,True,0.9999375847150653,0.0006,True
MWCZ01000247.1_5,True,0.9999985391932048,0.0012,True
MWCZ01000269.1_1,True,0.9986549006961691,0.0002,False
MWCZ01000305.1_3,True,0.9578765908306016,0.0006,True
MWCZ01000382.1_2,True,0.9879098048359459,0.0,False
MWCZ01000400.1_2,True,0.9778599869571247,0.0,False
MWCZ01000517.1_1,True,0.9981162043653444,0.0,False
MWCZ01000528.1_1,True,0.9997417315519463,0.0008,True
MWCZ01000535.1_1,True,0.9886883268230193,0.001,True
MWCZ01000616.1_1,True,0.9385934775754254,0.0,False
NBMB01000003.1_125,True,0.8216361585841936,0.0,False
NBMB01000026.1_8,True,0.9086165806941157,0.0002,False
NBMB01000037.1_38,True,0.9600452121981384,0.0,False
NBMB01000038.1_17,True,0.9961603191644886,0.0008,True
NBMB01000043.1_6,True,0.9199876375972458,0.0002,False
NBMB01000012.1_49,True,0.9994000877439466,0.0012,True
NBMB01000058.1_41,True,0.926798989464513,0.0,False
DBPU01000106.1_20,True,0.9309779322649673,0.0002,False
DBPU01000036.1_16,True,0.7696712067320205,0.0,False
DBPU01000004.1_4,True,0.6564587490240306,0.0,False
DBPU01000026.1_23,True,0.9953719079679093,0.0,False
DBPU01000025.1_44,True,0.9962238360181301,0.0006,True
DCHV01000011.1_5,True,0.7808623232410862,0.0,False
DCHV01000014.1_5,True,0.9939053949966042,0.0,False
DCHV01000031.1_26,True,0.9792014199624243,0.0006,True
DCHV01000096.1_10,True,0.9900921431309594,0.0002,False
DCHV01000018.1_5,True,0.9966394780700334,0.0,False
DCHV01000045.1_1,True,0.9980023316555526,0.0002,False
DCHV01000045.1_2,True,0.9783989513437755,0.0006,True
DCHV01000097.1_29,True,0.9951994507632677,0.0,False
DCHV01000085.1_2,True,0.9967366710846626,0.0,False
DCHV01000075.1_6,True,0.9940305559919344,0.0,False
DCHV01000093.1_16,True,0.9797865754437832,0.0006,True
DCUM01000216.1_2,True,0.7339290361759347,0.0,False
DCUM01000211.1_10,True,0.8616292183569012,0.0,False
DCUM01000243.1_8,True,0.9085395743492498,0.0,False
DCUM01000165.1_19,True,0.8784592695410774,0.0,False
DCUM01000038.1_10,True,0.6387611694282987,0.0002,False
DDGC01000021.1_13,True,0.9071810256007761,0.0,False
DDGC01000004.1_233,True,0.9516154517897506,0.0002,False
DDGC01000011.1_100,True,0.9966145562763608,0.0004,False
DDGC01000008.1_41,True,0.9993812669973519,0.001,True
DDGC01000029.1_80,True,0.9833153172699737,0.0,False
DDGC01000030.1_41,True,0.994397915825289,0.0004,False
DDGC01000027.1_16,True,0.860327925739568,0.0,False
DDGC01000002.1_173,True,0.9925353219185752,0.0002,False
DDGC01000006.1_6,True,0.9899113290385864,0.0008,True
DDGC01000006.1_130,True,0.936641279626341,0.0,False
DDGC01000009.1_39,True,0.9831237559276887,0.0004,False
DDGC01000014.1_16,True,0.9765877455473794,0.0002,False
DDGC01000014.1_319,True,0.9422088360578263,0.0002,False
DDWC01000173.1_6,True,0.9997956398985067,0.0006,True
DDWC01000118.1_6,True,0.9799334608544795,0.0004,False
DDWC01000196.1_8,True,0.9550794453904132,0.0002,False
DDWC01000126.1_15,True,0.9911985550850211,0.002,True
DDWC01000220.1_9,True,0.9986050766097996,0.0004,False
DDWC01000002.1_14,True,0.9994659566881944,0.0,False
DDWC01000253.1_8,True,0.8181660449379717,0.0,False
DDWC01000195.1_14,True,0.785893988028108,0.0,False
DDWC01000070.1_7,True,0.9968058243342167,0.0,False
DDYN01000041.1_12,True,0.830398195540904,0.0,False
DEYK01000002.1_103,True,0.8831439229634771,0.0004,False
DEYK01000033.1_12,True,0.863971545068101,0.0,False
DEYK01000034.1_23,True,0.9803941077151165,0.0002,False
DEYK01000007.1_2,True,0.9627811680350211,0.0002,False
NVVD01000005.1_115,True,0.36583673115294524,0.0,False
NVVD01000008.1_50,True,0.7726208033313091,0.0,False
NVVD01000010.1_14,True,0.9112878919305969,0.0002,False
NVVD01000010.1_119,True,0.998789730748737,0.0,False
NVVD01000011.1_1,True,0.8802810792053439,0.0,False
NVVD01000011.1_60,True,0.9992037579584961,0.0012,True
NVVD01000014.1_2,True,0.962479242333272,0.0002,False
NVVD01000002.1_222,True,0.8479222694543246,0.0,False
NVVD01000015.1_14,True,0.9986200730520405,0.0002,False
NVVD01000001.1_21,True,0.8479222694543246,0.0,False
NVVD01000001.1_246,True,0.9781258387101254,0.0004,False
NVVD01000018.1_76,True,0.9428437386636964,0.0002,False
DHHE01000143.1_5,True,0.9974560236532831,0.0,False
DHHE01000119.1_2,True,0.8505248546889911,0.0,False
DHHE01000209.1_2,True,0.900700906699059,0.0006,True
DHHE01000167.1_3,True,0.9979859355743039,0.0008,True
DHHE01000100.1_9,True,0.9974883501341908,0.0,False
DHHE01000032.1_2,True,0.9984644345594663,0.0012,True
DHPR01000008.1_29,True,0.9406194806804519,0.0,False
DHPR01000012.1_30,True,0.8206818773314826,0.0,False
DHPR01000012.1_64,True,0.8667476359850785,0.0004,False
DIFC01000092.1_19,True,0.897544894595298,0.0002,False
DIFC01000034.1_8,True,0.9786259326216833,0.0008,True
DIFC01000069.1_20,True,0.9853087428568804,0.0002,False
DIFC01000073.1_24,True,0.514964865099332,0.0002,False
DIFC01000073.1_28,True,0.9879240038523766,0.0,False
DIFC01000008.1_29,True,0.9693578539570042,0.0002,False
DIFC01000068.1_9,True,0.9887518799334124,0.001,True
DIFC01000089.1_37,True,0.9342402061990857,0.0002,False
DITF01000279.1_3,True,0.6836991411468726,0.0,False
DITF01000349.1_14,True,0.40045111477400885,0.0,False
DITF01000371.1_2,True,0.9493891005235462,0.0004,False
DITF01000103.1_2,True,0.776090916977531,0.0,False
DITF01000238.1_10,True,0.939842128319104,0.0002,False
DITF01000218.1_7,True,0.9056756008560554,0.0002,False
DIVR01000048.1_2,True,0.940291310417586,0.0004,False
DIVR01000055.1_50,True,0.9945355165810882,0.001,True
DIVR01000059.1_3,True,0.941238609752049,0.0002,False
DIVR01000045.1_12,True,0.9607425764461832,0.0,False
DIVR01000010.1_23,True,0.9986944761505023,0.0,False
DIWJ01000041.1_16,True,0.9038985650755299,0.0,False
DIWJ01000003.1_20,True,0.9993199654039705,0.001,True
DIWJ01000023.1_46,True,0.655417714930164,0.0002,False
DIWJ01000040.1_4,True,0.9872251194337089,0.0,False
DIWJ01000052.1_64,True,0.9917688927732361,0.0004,False
DJVC01000068.1_1,True,0.7104190162227813,0.0,False
DJVC01000081.1_21,True,0.9042077830038602,0.0,False
DJVC01000084.1_5,True,0.9133900116093012,0.0,False
DJVC01000072.1_1,True,0.973226447383608,0.0002,False
DJVC01000030.1_6,True,0.998750031996005,0.0,False
DJVC01000079.1_21,True,0.9299802406982962,0.0,False
DJVC01000079.1_22,True,0.9700361649792602,0.0,False
DJVC01000055.1_7,True,0.9491531136282965,0.0,False
DJVC01000055.1_8,True,0.9946796112864473,0.0,False
DJVC01000062.1_7,True,0.9941323961538235,0.0004,False
DJVC01000032.1_2,True,0.950404064018228,0.0,False
DJVG01000052.1_17,True,0.9984855291293712,0.0014,True
DJVG01000002.1_2,True,0.9868267370783126,0.0,False
DJVG01000067.1_10,True,0.9980329029151006,0.0014,True
DJVG01000003.1_13,True,0.9585438974910636,0.0004,False
DLMW01000056.1_8,True,0.9965392063623286,0.0002,False
DLPB01000024.1_43,True,0.8528671814001909,0.0,False
DLPB01000032.1_21,True,0.9998223425705859,0.0006,True
DLGL01000015.1_3,True,0.8094040079812613,0.0,False
DLGL01000119.1_35,True,0.8374251756745034,0.0002,False
DLGL01000025.1_12,True,0.8899106445736098,0.0,False
DLGL01000080.1_3,True,0.9756172913510086,0.0002,False
DLGL01000083.1_11,True,0.8660536132558341,0.0,False
DLTY01000029.1_36,True,0.6069228767242127,0.0,False
DLTY01000009.1_1,True,0.9883462054152089,0.0,False
NYYY01000045.1_7,True,0.9737068637765347,0.0,False
NYYY01000057.1_8,True,0.8236314739307712,0.0,False
NYYY01000065.1_56,True,0.9329057940328349,0.0,False
NYYY01000075.1_2,True,0.8736878632775223,0.0004,False
NYZA01000022.1_2,True,0.7476359850785114,0.0,False
NYZA01000099.1_1,True,0.7776524681183309,0.0,False
NYZA01000102.1_17,True,0.9881836889328692,0.0,False
NYZA01000108.1_56,True,0.8342153205517481,0.0,False
NYZA01000246.1_1,True,0.982174518442242,0.0004,False
NZWP01000001.1_10,True,0.3680923050229895,0.0,False
PAQS01000018.1_10,True,0.9972109239731103,0.0002,False
PAQS01000018.1_12,True,0.9054280362917777,0.0,False
PAQS01000040.1_139,True,0.7039125531361152,0.0,False
PAZD01000054.1_3,True,0.9999272545892132,0.0002,False
PAZD01000054.1_5,True,0.99999266849153,0.0002,False
PAZD01000008.1_13,True,0.9989515177736334,0.001,True
PAZD01000009.1_4,True,0.9974498159626388,0.0002,False
PAZD01000029.1_19,True,0.9989034290751411,0.001,True
PAZD01000041.1_11,True,0.9994316676239108,0.0006,True
PAZD01000049.1_35,True,0.9992475872534223,0.0014,True
PAZD01000061.1_10,True,0.9629506730130659,0.0,False
PBWH01000026.1_189,True,0.9953345156301979,0.0,False
PBWH01000027.1_156,True,0.9672290803864844,0.0004,False
PBWH01000006.1_75,True,0.9426476682199009,0.0002,False
PBWH01000006.1_347,True,0.9955017113331135,0.0,False
PBWH01000007.1_113,True,0.9910135202761893,0.0002,False
PBWH01000007.1_172,True,0.9162734556692133,0.0004,False
PBWH01000007.1_173,True,0.7474624793962003,0.0,False
PBWH01000007.1_185,True,0.9866052883093244,0.0,False
PBWH01000007.1_238,True,0.9948006272469248,0.0002,False
PBWH01000008.1_183,True,0.9903009354405414,0.0004,False
PBWH01000014.1_257,True,0.9813560129525813,0.0004,False
PBWH01000014.1_312,True,0.9795088051618317,0.0,False
PBWH01000015.1_50,True,0.9553726743061852,0.0,False
PBWH01000016.1_28,True,0.6685173939446517,0.0002,False
PBWH01000003.1_207,True,0.9915747025980157,0.0,False
PBWH01000020.1_41,True,0.890257655938232,0.0,False
PBWH01000005.1_12,True,0.992364909909754,0.0,False
PBWH01000005.1_121,True,0.9512578962731891,0.0,False
PBWH01000005.1_445,True,0.9590722054030112,0.0,False
PBWH01000023.1_11,True,0.999496710570452,0.0004,False
PBWH01000023.1_12,True,0.9928343307805211,0.0002,False
PBWH01000023.1_13,True,0.9998596467866949,0.0008,True
PBWH01000034.1_13,True,0.9316639587328809,0.0,False
PDQT01000269.1_7,True,0.6548104450420751,0.0,False
PDQT01000193.1_2,True,0.9891604030174115,0.0012,True
PDQT01000187.1_4,True,0.8788930337468552,0.0004,False
PDQT01000078.1_10,True,0.9999759338554458,0.0002,False
PDQT01000261.1_2,True,0.9994431989957475,0.0,False
PDQT01000131.1_14,True,0.9998787466216641,0.0002,False
PEWQ01000037.1_3,True,0.9744633241560628,0.0004,False
PEWQ01000067.1_22,True,0.860327925739568,0.0002,False
PEWQ01000026.1_1,True,0.956717554384266,0.0004,False
PEWQ01000006.1_4,True,0.9975765937808998,0.0004,False
PEWQ01000150.1_9,True,0.8390734796564587,0.0,False
PEWQ01000046.1_4,True,0.6743298343020734,0.0,False
PEWQ01000095.1_25,True,0.6804025331829617,0.0002,False
PEWQ01000034.1_5,True,0.8316127353170817,0.0,False
PFND01000049.1_1,True,0.7478094907608224,0.0,False
PFND01000048.1_36,True,0.9932351641424424,0.0006,True
PFND01000022.1_44,True,0.8919059599201874,0.0,False
PKTT01000039.1_62,True,0.9064134260685082,0.0,False
PKTT01000067.1_23,True,0.9130346871321491,0.0,False
PKTT01000009.1_48,True,0.8238049796130823,0.0,False
PKTT01000041.1_18,True,0.9520290983812439,0.001,True
PKTG01000085.1_26,True,0.9991079457331679,0.0012,True
PKTG01000025.1_59,True,0.8949423093606316,0.0,False
PKTG01000057.1_1,True,0.9989579298108857,0.001,True
PKTG01000087.1_44,True,0.8604146785807235,0.0,False
PKTG01000097.1_18,True,0.7675023857031318,0.0,False
PKTG01000091.1_16,True,0.7147566582805587,0.0,False
NIRF01000002.1_20,True,0.7735750845840201,0.0,False
NIRF01000002.1_109,True,0.6414505075041208,0.0,False
NIRF01000011.1_44,True,0.9833310044071886,0.0002,False
NIRF01000017.1_29,True,0.9942378002582556,0.0,False
NIRF01000003.1_54,True,0.7498048061074,0.0,False
NIRF01000006.1_20,True,0.8292704086058819,0.0,False
NIRF01000009.1_26,True,0.9752417024744717,0.0004,False
NIRF01000009.1_45,True,0.7993406784072178,0.0,False
BDTG01000005.1_29,True,0.8365576472629479,0.0,False
BDTG01000008.1_98,True,0.9903227020790017,0.0002,False
BDTG01000019.1_62,True,0.9160417646309951,0.0,False
BDTG01000035.1_9,True,0.9996114870208506,0.0006,True
BDTG01000043.1_59,True,0.9983080957386269,0.0008,True
BDTM01000008.1_8,True,0.9964497012433188,0.0002,False
BDTM01000009.1_5,True,0.9982867057680687,0.0002,False
BDTM01000016.1_69,True,0.9093560935365408,0.0002,False
BDTM01000052.1_28,True,0.9996103408920318,0.0006,True
BDTM01000100.1_6,True,0.9542779488100411,0.0,False
BDTM01000117.1_4,True,0.8074954454758393,0.0,False
BDTM01000136.1_7,True,0.9666483693284352,0.0,False
PKWQ01000272.1_5,True,0.9081627401794988,0.0,False
PKWQ01000082.1_20,True,0.8100980307105058,0.0002,False
PKWQ01000024.1_10,True,0.9999079901342468,0.0,False
PKWQ01000100.1_35,True,0.9991202604893293,0.0012,True
PKWQ01000389.1_7,True,0.5437668083629739,0.0002,False
PKWQ01000328.1_4,True,0.9990401934759418,0.001,True
PKWQ01000258.1_4,True,0.8341285677105925,0.0,False
PKWQ01000199.1_6,True,0.970330079434221,0.0,False
PKWQ01000282.1_2,True,0.8527804285590354,0.0,False
PKWQ01000154.1_9,True,0.9951158412609313,0.0014,True
PLDF01000231.1_10,True,0.9594390293527701,0.0,False
PLDF01000188.1_2,True,0.9931083873379576,0.0,False
PLDF01000330.1_49,True,0.9339143845597434,0.0002,False
PLDF01000312.1_20,True,0.9899734443274164,0.0004,False
PLDF01000369.1_8,True,0.9932204695317431,0.0,False
PLDF01000207.1_32,True,0.9033333010316038,0.0,False
PLDF01000238.1_12,True,0.9884377204883656,0.0,False
PLDF01000290.1_12,True,0.9991596446033977,0.0,False
PLDF01000083.1_37,True,0.992661265411309,0.0002,False
PLDF01000378.1_6,True,0.8353431074867702,0.0,False
PLDF01000160.1_8,True,0.9990394868759364,0.0006,True
PLDF01000269.1_29,True,0.9972962864420067,0.001,True
PLDF01000120.1_15,True,0.9780794600434609,0.0004,False
PLDF01000198.1_5,True,0.9982341139451038,0.0008,True
PLDF01000438.1_6,True,0.6195887915329227,0.0,False
PLDF01000375.1_13,True,0.9920328694962297,0.0002,False
PLDF01000375.1_21,True,0.7902316300858853,0.0,False
PLDF01000243.1_5,True,0.9044618338109366,0.0,False
PLDF01000235.1_4,True,0.783378155634597,0.0002,False
PLDF01000411.1_9,True,0.9981154445814762,0.0,False
PLDF01000276.1_12,True,0.9922091735261545,0.0,False
PLDF01000300.1_3,True,0.9945473577862961,0.0,False
PLDF01000034.1_9,True,0.9982948502523712,0.0002,False
PLDF01000506.1_1,True,0.990763748226161,0.0002,False
PLDF01000506.1_21,True,0.9918688368417028,0.0002,False
PLDF01000473.1_26,True,0.9981129957406041,0.0002,False
PLDF01000366.1_1,True,0.9997743534763289,0.001,True
PLDF01000336.1_26,True,0.99808122558109,0.0,False
PLDF01000478.1_6,True,0.999990987143204,0.0004,False
PLDF01000390.1_27,True,0.9574727313004906,0.0002,False
PLDF01000453.1_6,True,0.9984239736442838,0.0006,True
PLDF01000216.1_1,True,0.9988996409078821,0.0002,False
PLDF01000128.1_5,True,0.7874555391689078,0.0,False
PLDF01000102.1_4,True,0.9880290377925064,0.0002,False
PLDF01000424.1_80,True,0.617246464821723,0.0,False
PLDF01000443.1_11,True,0.9569470890794036,0.0002,False
PLDF01000139.1_21,True,0.8099245250281947,0.0,False
PLDF01000412.1_11,True,0.962017188954467,0.0006,True
PLFD01000055.1_89,True,0.986873080923988,0.0,False
PLFD01000060.1_14,True,0.996292542401844,0.0002,False
PLFD01000034.1_6,True,0.9186530599676171,0.0,False
PLFD01000045.1_7,True,0.9990536358110709,0.0002,False
PLFD01000043.1_55,True,0.821375900060727,0.0,False
PLFD01000049.1_42,True,0.9683545487214251,0.0,False
PLFD01000049.1_59,True,0.9232006503364847,0.0,False
PLFD01000057.1_35,True,0.903191724824856,0.0,False
PLFD01000025.1_157,True,0.904338841675862,0.0,False
PLFD01000035.1_3,True,0.9997960650395088,0.0,False
PLOF01000131.1_5,True,0.9248827082258311,0.0,False
PLOF01000074.1_94,True,0.999252623753451,0.001,True
PLOF01000072.1_23,True,0.5893120499696365,0.0,False
PLOF01000112.1_28,True,0.9994007690871406,0.001,True
PLOF01000003.1_2,True,0.9953677750982418,0.0,False
PLOF01000105.1_17,True,0.8107053005985946,0.0,False
PLOF01000038.1_22,True,0.9065974731558426,0.0002,False
PLOF01000084.1_16,True,0.9960138684852621,0.0002,False
PLOF01000104.1_10,True,0.992694384847054,0.0006,True
PLOF01000043.1_76,True,0.892946994014054,0.0,False
PLYD01000244.1_9,True,0.999280722009407,0.0002,False
PLYD01000275.1_6,True,0.9654765621011857,0.0,False
PLYD01000293.1_15,True,0.9938449455897641,0.0002,False
PLYD01000258.1_7,True,0.9885723322566747,0.0006,True
PLYD01000071.1_5,True,0.9928226657919565,0.0006,True
PLYD01000185.1_21,True,0.8732540990717446,0.0,False
PLYD01000185.1_52,True,0.8119198403747723,0.0,False
PLYD01000001.1_1,True,0.9867719298820167,0.0,False
PLYD01000089.1_1,True,0.5455886180272403,0.0,False
PLYD01000232.1_1,True,0.9857179882763542,0.0,False
PLYD01000169.1_12,True,0.999396955162738,0.001,True
PLYD01000087.1_1,True,0.9936972949175712,0.0004,False
PLYD01000087.1_29,True,0.8206818773314826,0.0,False
PLYD01000274.1_3,True,0.7411295219918452,0.0,False
PLPI01000145.1_50,True,0.9879567203187283,0.0,False
PLPI01000072.1_22,True,0.9883060584459611,0.0,False
PLPI01000044.1_11,True,0.834996096122148,0.0,False
PLPI01000096.1_6,True,0.9216179704404858,0.0,False
PLPI01000132.1_22,True,0.8787195280645441,0.0,False
PLPI01000138.1_42,True,0.9500304780862273,0.0,False
PLPI01000055.1_2,True,0.9965007337400944,0.0002,False
PLPI01000101.1_2,True,0.9913562762225115,0.0002,False
PLPI01000075.1_13,True,0.9951588736697796,0.0,False
PLPI01000034.1_15,True,0.9543594324732015,0.0,False
PMZC01000271.1_13,True,0.9995966802429034,0.0008,True
PMZC01000202.1_5,True,0.9894950105434196,0.0002,False
PMZC01000168.1_5,True,0.8135681443567276,0.0,False
PMZC01000062.1_5,True,0.6928949423093607,0.0,False
PMZC01000346.1_4,True,0.972342172150164,0.0,False
PMZC01000232.1_3,True,0.7069489025765594,0.0,False
PMZC01000254.1_10,True,0.9994876323829699,0.0006,True
PMZC01000166.1_8,True,0.9999557898028881,0.0002,False
PMZC01000349.1_11,True,0.9992284404637732,0.001,True
QCTB01000013.1_20,True,0.9430318001901516,0.0,False
QCTB01000031.1_5,True,0.8611954541511234,0.0,False
QHSL01000054.1_1,True,0.9981377310115419,0.0002,False
QHSL01000018.1_25,True,0.9934129868100021,0.0006,True
QHSL01000019.1_15,True,0.9986973870761453,0.0008,True
QHSL01000045.1_22,True,0.9992605419164713,0.001,True
QHSL01000072.1_61,True,0.999197963334855,0.001,True
QHSL01000060.1_71,True,0.9999329256713073,0.0006,True
QHSL01000033.1_10,True,0.998746731679967,0.001,True
QHSL01000089.1_10,True,0.5331829617419971,0.0,False
QHSL01000090.1_11,True,0.9991984439094961,0.0008,True
QHSL01000096.1_39,True,0.9775339524213972,0.0002,False
QHUM01000053.1_30,True,0.9727216338083254,0.0004,False
QHUM01000041.1_61,True,0.9965647222359559,0.0002,False
QHUM01000057.1_48,True,0.9339296343382679,0.0004,False
QHUM01000057.1_55,True,0.9061838730810654,0.0006,True
QHUM01000071.1_5,True,0.9892680644889718,0.0002,False
QIFF01000265.1_1,True,0.999453519206614,0.0,False
QIFF01000317.1_8,True,0.9515373561537681,0.0,False
QIFF01000107.1_1,True,0.9980806098285026,0.0006,True
QIJE01000034.1_45,True,0.9368712174842355,0.0004,False
QIJE01000033.1_8,True,0.7694977010497094,0.0,False
QIJE01000039.1_7,True,0.9928489636447844,0.0002,False
QJVW01000063.1_7,True,0.8787195280645441,0.0,False
QJVW01000035.1_1,True,0.9000811377328,0.0002,False
QJVW01000100.1_5,True,0.9858010514675345,0.0006,True
QJVW01000074.1_13,True,0.8545154853821463,0.0002,False
QGUP01000204.1_7,True,0.9076377141423181,0.0,False
QGUP01000234.1_1,True,0.7769584453890865,0.0,False
QGUP01000015.1_6,True,0.997973237638039,0.0002,False
QGUP01000353.1_1,True,0.9990875141891243,0.0002,False
QGUP01000029.1_11,True,0.9999278509157086,0.001,True
QGUP01000473.1_3,True,0.7112865446343368,0.0,False
QGUP01000102.1_6,True,0.9853113491340346,0.0008,True
QGUP01000125.1_5,True,0.9993181149181658,0.001,True
QCFI01000003.1_55,True,0.8841849570573437,0.0006,True
QCFI01000004.1_62,True,0.9991333060282497,0.0006,True
QCFI01000023.1_30,True,0.8558167779994795,0.0,False
QCFI01000053.1_1,True,0.7659408345623319,0.0,False
DLYX01000147.1_3,True,0.9999085803197136,0.0004,False
DLYX01000312.1_3,True,0.8460137069489025,0.0,False
DLYX01000404.1_4,True,0.9798772107245504,0.0004,False
DLYX01000427.1_6,True,0.9932224695538431,0.0002,False
DLYX01000475.1_8,True,0.9469085700146592,0.0,False
DLYX01000193.1_7,True,0.9992607897953023,0.0012,True
DLYX01000532.1_2,True,0.9999366643773802,0.0004,False
DLYX01000150.1_2,True,0.8123536045805501,0.0,False
DLYX01000199.1_2,True,0.9991738586302469,0.0012,True
DLYX01000445.1_6,True,0.9991424383068299,0.0012,True
DLYX01000119.1_6,True,0.9993446440749953,0.0014,True
DLYX01000236.1_1,True,0.9999968080567926,0.0004,False
DLYX01000627.1_3,True,0.9513879492400258,0.0002,False
DLYX01000518.1_3,True,0.9655175008471124,0.0002,False
DLYX01000256.1_1,True,0.8683091871258783,0.0,False
DMSQ01000061.1_7,True,0.9811344485709197,0.0,False
DMSQ01000102.1_67,True,0.9994760579403222,0.0004,False
DMSQ01000050.1_17,True,0.9978217938987561,0.0,False
DMSQ01000062.1_21,True,0.9942390361685498,0.0,False
DMSQ01000034.1_65,True,0.8824499002342326,0.0,False
DMSQ01000015.1_10,True,0.9998046666704056,0.0008,True
DMSQ01000027.1_83,True,0.9998316412934386,0.0004,False
DMSQ01000026.1_16,True,0.9699681345913992,0.0002,False
DMSQ01000039.1_1,True,0.8667476359850785,0.0,False
DMSQ01000040.1_124,True,0.9942693159818385,0.0,False
DMSQ01000091.1_10,True,0.9931509103367411,0.0004,False
DMSQ01000094.1_2,True,0.9943706420003935,0.0,False
DNCN01000200.1_1,True,0.9976001692085779,0.0012,True
DNCN01000181.1_1,True,0.9947862858293643,0.0,False
DNCN01000195.1_1,True,0.9989250563180615,0.0,False
PUNC01000014.1_4,True,0.9533747513860148,0.0002,False
PUNC01000024.1_21,True,0.9906013972804121,0.0,False
PUNC01000225.1_1,True,0.9971603244621864,0.0,False
PUNC01000133.1_29,True,0.9948692001191553,0.0004,False
PUNC01000218.1_1,True,0.9841753142543711,0.0,False
PUNC01000101.1_1,True,0.9968135867811805,0.0,False
PUNJ01000113.1_5,True,0.97180219346507,0.0004,False
PUNJ01000048.1_17,True,0.9987353387528227,0.001,True
PUNJ01000037.1_17,True,0.9994500340128655,0.001,True
PUNJ01000163.1_4,True,0.9990078234828506,0.001,True
PUNJ01000106.1_2,True,0.952350081904698,0.0,False
PUNJ01000193.1_4,True,0.9447907417856061,0.0,False
PUNJ01000044.1_1,True,0.9962992084324311,0.0,False
PUNJ01000126.1_4,True,0.9362632360890647,0.0,False
PUNJ01000152.1_7,True,0.9999492303073548,0.0,False
PUNJ01000121.1_1,True,0.9988593533439227,0.0004,False
PUNJ01000159.1_4,True,0.9990149750391499,0.001,True
PWFS01000132.1_20,True,0.9479584111831709,0.0016,True
PWFS01000218.1_1,True,0.9537982093867509,0.0,False
PWFS01000249.1_4,True,0.9993160904647074,0.0008,True
PWFS01000068.1_8,True,0.9974544308002395,0.0006,True
PWFS01000015.1_1,True,0.9843096306206887,0.0,False
PWGE01000022.1_1,True,0.7672421271796651,0.0,False
PWGE01000016.1_3,True,0.904591748436106,0.0,False
PWGE01000215.1_4,True,0.9414087868821074,0.0006,True
PWGE01000198.1_2,True,0.7457274225730892,0.0,False
PWGE01000057.1_2,True,0.9854353122047526,0.0,False
PWGE01000057.1_4,True,0.9913502351428449,0.0002,False
PWGE01000248.1_3,True,0.7181400190856251,0.0002,False
PWGE01000311.1_2,True,0.8856597553569879,0.0002,False
PWGE01000125.1_4,True,0.9325535753903643,0.0,False
PWGE01000376.1_2,True,0.9267164062182466,0.0,False
PWGE01000376.1_3,True,0.9387087222306638,0.0,False
PWGE01000223.1_3,True,0.8463607183135248,0.0,False
PWGE01000388.1_5,True,0.9512521933824479,0.0,False
PWHN01000094.1_3,True,0.824065238136549,0.0002,False
PWHN01000081.1_4,True,0.5193025071571093,0.0,False
PWHN01000099.1_48,True,0.8840982042161881,0.0,False
PWHN01000010.1_4,True,0.9997156595996699,0.0006,True
PWOD01000095.1_11,True,0.8554697666348573,0.0002,False
PWOD01000180.1_4,True,0.47150169168040246,0.0,False
PWOD01000082.1_2,True,0.8881755877504989,0.0,False
PWOD01000130.1_4,True,0.998813724003715,0.0002,False
PWOD01000054.1_14,True,0.9934736381481309,0.0002,False
PWOD01000215.1_1,True,0.9964750949524722,0.0002,False
PWNJ01000220.1_3,True,0.9968308510469011,0.0008,True
PWNJ01000138.1_3,True,0.9990803958019078,0.0,False
PWNJ01000143.1_1,True,0.9890297580896781,0.0006,True
PWNJ01000133.1_3,True,0.9986165987827601,0.0004,False
PWNJ01000254.1_8,True,0.9968010842400732,0.0,False
PWNJ01000035.1_9,True,0.9699197650928694,0.0,False
PWNJ01000099.1_5,True,0.7188340418148694,0.0,False
PWNJ01000073.1_5,True,0.9040130033323771,0.0002,False
PWNJ01000175.1_4,True,0.8604146785807235,0.0002,False
PWXJ01000154.1_3,True,0.9069261481903685,0.0,False
PWXJ01000144.1_9,True,0.9955071162582486,0.0,False
PWXJ01000042.1_1,True,0.9604110806497858,0.0002,False
PWXJ01000011.1_1,True,0.9753195719315441,0.0004,False
PWXJ01000093.1_4,True,0.700876203695671,0.0,False
PWXJ01000018.1_8,True,0.9982986766602789,0.0,False
PWXJ01000059.1_1,True,0.9690055135806418,0.0006,True
PWOA01000098.1_5,True,0.8941615337902317,0.0002,False
PWOA01000021.1_23,True,0.9786995924493233,0.0,False
PWOA01000096.1_25,True,0.9968187259950211,0.0,False
PWOA01000096.1_26,True,0.9969346535878433,0.0002,False
PWOA01000074.1_29,True,0.9618173894851567,0.0006,True
PWOA01000001.1_3,True,0.9936818890222069,0.0004,False
NDHY01000001.1_113,True,0.9990777817004496,0.0004,False
NDHY01000010.1_28,True,0.9996824558589102,0.0006,True
NDHY01000002.1_118,True,0.9941795926831233,0.0006,True
QZKI01000022.1_69,True,0.9993708264425953,0.001,True
QZKI01000065.1_11,True,0.7528411555478441,0.0002,False
QZKI01000143.1_20,True,0.9825432094720352,0.0002,False
QZKI01000129.1_16,True,0.8384662097683699,0.0,False
QZKI01000093.1_30,True,0.9987865883590993,0.001,True
QZKI01000003.1_11,True,0.9178393674490493,0.0,False
QZKI01000010.1_23,True,0.7546629652121107,0.0,False
QZKI01000112.1_11,True,0.8242387438188601,0.0,False
QZKI01000056.1_12,True,0.9885662214197287,0.0,False
QZKI01000123.1_8,True,0.8284028801943264,0.0002,False
QZKU01000128.1_14,True,0.7890170903097077,0.0,False
QZKU01000128.1_69,True,0.9769251732883174,0.0002,False
QZKU01000026.1_23,True,0.9098329242381429,0.0006,True
QZKU01000117.1_15,True,0.9694388214002232,0.0004,False
QZKU01000052.1_14,True,0.8349093432809924,0.0,False
QZKU01000112.1_6,True,0.8958965906133426,0.0,False
QZKU01000116.1_2,True,0.9666172092075661,0.0004,False
QZKU01000116.1_18,True,0.8246725080246378,0.0002,False
QZKU01000087.1_12,True,0.6603626268760302,0.0002,False
QZKU01000123.1_17,True,0.9987530005122828,0.0012,True
QZKU01000005.1_6,True,0.9242979645632335,0.0002,False
QZJZ01000010.1_71,True,0.9088139093899192,0.0,False
QZJZ01000096.1_8,True,0.9411105958702166,0.0,False
QZJZ01000092.1_54,True,0.9680227456063566,0.0002,False
QZJZ01000014.1_54,True,0.9995753707157475,0.0006,True
QZJZ01000097.1_7,True,0.9685101051942053,0.0004,False
QZJZ01000101.1_5,True,0.8922529712848096,0.0002,False
QZJZ01000018.1_11,True,0.9824878807153857,0.0002,False
QZJZ01000061.1_19,True,0.977264620324977,0.0,False
QZJZ01000042.1_7,True,0.9985129921659098,0.0,False
QNDJ01000005.1_5,True,0.9101275523081019,0.0002,False
QNDJ01000025.1_3,True,0.9956200713260984,0.0,False
QNDJ01000054.1_1,True,0.9018838790653373,0.0002,False
QNDJ01000117.1_2,True,0.9933111803669877,0.0,False
QNDJ01000343.1_4,True,0.9827357404291562,0.0002,False
QNDJ01000388.1_1,True,0.9950332714916458,0.0,False
QNDJ01000458.1_1,True,0.8954628264075648,0.0,False
QNEG01000140.1_4,True,0.9700213011273612,0.0004,False
QNEG01000335.1_3,True,0.8560770365229461,0.0,False
QNEG01000344.1_5,True,0.9966157020638615,0.0002,False
QNDR01000001.1_29,True,0.9959542503550833,0.0002,False
QNDR01000002.1_36,True,0.9910820578329965,0.0004,False
QNDR01000004.1_48,True,0.9983931393256076,0.0014,True
QNDR01000005.1_47,True,0.9992286399695649,0.0002,False
QNDR01000007.1_11,True,0.9964482687434839,0.0,False
QNDR01000029.1_27,True,0.9999924445939603,0.0002,False
QNDR01000030.1_5,True,0.3896070096295654,0.0,False
QNDR01000038.1_8,True,0.9998485460131175,0.0004,False
QNDR01000039.1_18,True,0.998498590779125,0.0002,False
QNDR01000047.1_1,True,0.9950483796446166,0.0,False
QNDR01000121.1_5,True,0.9987615841935513,0.0012,True
QMNL01000016.1_6,True,0.9539397976344826,0.0,False
QMNL01000403.1_2,True,0.8408085364795697,0.0008,True
QMNL01000188.1_6,True,0.7206558514791359,0.0002,False
QMNP01000005.1_6,True,0.7876290448512189,0.0,False
QMNP01000132.1_3,True,0.9945800784810387,0.0,False
QMNP01000132.1_4,True,0.9977604269036736,0.0006,True
QMNP01000237.1_4,True,0.999412921006201,0.0012,True
QMNP01000238.1_1,True,0.8877418235447211,0.0,False
QMNP01000274.1_4,True,0.9752159178439931,0.001,True
QMOQ01000034.1_8,True,0.9746022747157578,0.0004,False
QMOQ01000065.1_3,True,0.9033496524033295,0.0006,True
QMOQ01000078.1_1,True,0.9964398959260822,0.0002,False
QMOQ01000090.1_2,True,0.9293279695009037,0.0,False
QMOQ01000093.1_1,True,0.798733408519129,0.0004,False
QMOQ01000099.1_3,True,0.9979450885025986,0.0008,True
QMOQ01000100.1_2,True,0.9885906539562221,0.0,False
RFIY01000045.1_3,True,0.9215003544057903,0.0,False
RFIY01000368.1_6,True,0.9869998345190075,0.0002,False
RFIY01000090.1_5,True,0.9713397831915496,0.0008,True
RFIY01000109.1_6,True,0.9187493049691696,0.0002,False
RFIY01000116.1_2,True,0.942334887951987,0.0,False
RFIY01000152.1_3,True,0.9593662798838328,0.0,False
RFIY01000156.1_7,True,0.9666250932050002,0.0004,False
RFIY01000165.1_2,True,0.9996392839067307,0.0006,True
RFIY01000180.1_7,True,0.9732799996976471,0.0,False
RFIY01000198.1_3,True,0.996890517650826,0.0004,False
RFIY01000209.1_2,True,0.7504120759954889,0.0,False
RFIY01000030.1_20,True,0.9917304091922765,0.0002,False
RFIY01000280.1_2,True,0.9999593104866155,0.0002,False
RFIY01000006.1_11,True,0.9990706029811426,0.001,True
RFHX01000271.1_13,True,0.8086232324108614,0.0,False
RFHX01000329.1_1,True,0.8899106445736098,0.0,False
RFHX01000071.1_3,True,0.9996368692219961,0.0004,False
RFHX01000088.1_3,True,0.9903917355322904,0.0008,True
RFHX01000108.1_2,True,0.8650125791619676,0.0,False
RFHX01000018.1_7,True,0.9657838549366021,0.0006,True
RFHX01000022.1_2,True,0.9818073402503424,0.0004,False
RFHX01000214.1_2,True,0.9990099532254602,0.001,True
RFFU01000010.1_1,True,0.9954273519979364,0.0,False
RFFU01000114.1_8,True,0.7017437321072265,0.0,False
RFFU01000140.1_2,True,0.9469632749948368,0.0,False
RFFU01000019.1_16,True,0.9961104320097418,0.0004,False
RFFU01000032.1_15,True,0.7028715190422486,0.0,False
RFFU01000041.1_10,True,0.9996634781439534,0.0008,True
RFFU01000054.1_2,True,0.9987418087539885,0.001,True
RFFU01000076.1_17,True,0.83768543419797,0.0,False
RFFU01000089.1_16,True,0.9576154372989234,0.0,False
RFFQ01000181.1_9,True,0.9109186842081212,0.0,False
RFFQ01000004.1_3,True,0.9940900298351467,0.0004,False
RFFQ01000193.1_17,True,0.997471430425165,0.0008,True
RFFQ01000033.1_2,True,0.9835119344692351,0.0006,True
RFFQ01000005.1_22,True,0.829443914288193,0.0,False
RFFQ01000118.1_13,True,0.9351033941529346,0.0002,False
SOJN01000121.1_11,True,0.9235444158606715,0.0,False
SOJN01000080.1_17,True,0.9999818696428142,0.0004,False
SOJN01000111.1_5,True,0.996940460109872,0.0,False
SOJN01000068.1_5,True,0.9299199059346184,0.0006,True
SOJN01000075.1_8,True,0.9970500803397342,0.0,False
SOJN01000008.1_3,True,0.9997705535649015,0.0008,True
SOJN01000138.1_17,True,0.9747587971072451,0.0002,False
SOJN01000015.1_1,True,0.9871503989816985,0.0006,True
SOJN01000053.1_2,True,0.9596527277683871,0.0002,False
SOJN01000084.1_7,True,0.9976333879833041,0.0002,False
SFNH01000030.1_20,True,0.9992283653300369,0.0006,True
SFNH01000154.1_3,True,0.9762069423874545,0.0002,False
SFNH01000001.1_53,True,0.9397361105230311,0.0,False
SFNH01000217.1_1,True,0.9932660438578095,0.0,False
SFNH01000230.1_4,True,0.8593736444868569,0.0,False
SFNH01000238.1_1,True,0.8312657239524595,0.0,False
SFNH01000106.1_3,True,0.9747193332154632,0.0002,False
SFNH01000107.1_1,True,0.9927255355878466,0.0012,True
SFNH01000137.1_3,True,0.9937115099038428,0.0004,False
SFEJ01000025.1_5,True,0.7773054567537087,0.0,False
SFEJ01000008.1_25,True,0.8408952893207252,0.0,False
SXND01000062.1_7,True,0.9974643827480202,0.0,False
SXND01000013.1_40,True,0.9991027589363393,0.001,True
SXND01000080.1_8,True,0.7124143315693588,0.0,False
SXND01000080.1_9,True,0.9996830111957973,0.0016,True
SXND01000001.1_32,True,0.9886280577279379,0.0002,False
SXND01000095.1_22,True,0.9126308503953908,0.0,False
SXND01000096.1_21,True,0.9416134519946999,0.0002,False
SXND01000103.1_37,True,0.9132438415617462,0.0002,False
SXND01000018.1_21,True,0.9999495482038241,0.001,True
SXND01000126.1_14,True,0.9631655186099799,0.0002,False
SXND01000145.1_9,True,0.9991583878388408,0.0012,True
SXND01000150.1_14,True,0.9993829267063787,0.0014,True
SXND01000027.1_10,True,0.9999012291748948,0.0006,True
SXND01000162.1_29,True,0.9796702138292638,0.0004,False
SXND01000170.1_18,True,0.9904842941708519,0.0004,False
SXND01000172.1_3,True,0.9947112667917103,0.0,False
SXND01000173.1_3,True,0.9991078960694106,0.0,False
SXND01000177.1_8,True,0.9461395003634453,0.0,False
SXND01000183.1_5,True,0.9977849556308975,0.0,False
SXND01000201.1_10,True,0.9993705257970511,0.0012,True
SXND01000203.1_8,True,0.9977157537388558,0.0008,True
SXND01000208.1_32,True,0.998899080012217,0.001,True
SXND01000218.1_20,True,0.9999263595543129,0.0006,True
SXND01000224.1_42,True,0.8195540903964604,0.0,False
SXND01000226.1_7,True,0.9982708725352029,0.0008,True
SXND01000036.1_24,True,0.9994603039101485,0.001,True
SXND01000229.1_8,True,0.9386820701601383,0.0004,False
SXND01000230.1_7,True,0.9994088983442215,0.0012,True
SXND01000238.1_21,True,0.9974861205368414,0.0002,False
SXND01000249.1_37,True,0.999307791314297,0.001,True
SXND01000258.1_1,True,0.7832914027934414,0.0,False
SXND01000039.1_45,True,0.9488415832997166,0.0,False
SXND01000282.1_13,True,0.9974398211824457,0.0,False
SYBY01000101.1_10,True,0.8544287325409907,0.0,False
SYBY01000139.1_1,True,0.9999447331106045,0.0006,True
SYBY01000025.1_5,True,0.7504988288366444,0.0,False
SYBY01000187.1_23,True,0.9874336282677019,0.0,False
SYBY01000195.1_3,True,0.9962265519820009,0.0004,False
SYBY01000241.1_2,True,0.5489719788323068,0.0,False
SYBY01000258.1_11,True,0.7411295219918452,0.0,False
SYBY01000033.1_1,True,0.6509065671900754,0.0,False
SYBY01000033.1_4,True,0.7995141840895289,0.0,False
SYBY01000271.1_4,True,0.9916836645471092,0.0008,True
SYBY01000039.1_9,True,0.995766671045819,0.0002,False
SYBY01000344.1_9,True,0.9992348754822195,0.0006,True
SYBY01000366.1_1,True,0.9903725896925496,0.0002,False
SYBY01000368.1_6,True,0.9642280943727389,0.0004,False
SYBY01000375.1_1,True,0.9887589862157173,0.0002,False
SYBY01000391.1_69,True,0.9991827312950757,0.0,False
SYBY01000417.1_1,True,0.72525375206038,0.0,False
SYBY01000459.1_25,True,0.9957100111416892,0.0002,False
SYBY01000470.1_9,True,0.6922009195801162,0.0,False
SYBY01000493.1_11,True,0.5651947601283942,0.0,False
SYBY01000496.1_9,True,0.6239264335907001,0.0002,False
SYBY01000091.1_8,True,0.9959532935722496,0.0,False
VBJS01000168.1_3,True,0.9978508613578259,0.0008,True
VBJS01000217.1_3,True,0.9986918372071287,0.0012,True
VBJS01000092.1_5,True,0.9997728569274367,0.0002,False
VBJS01000104.1_5,True,0.9872279206675845,0.0004,False
VBJS01000126.1_11,True,0.9993995460866332,0.0012,True
VBJS01000101.1_7,True,0.9925535351427569,0.0002,False
VBJS01000109.1_10,True,0.8597206558514792,0.0004,False
VBJS01000163.1_5,True,0.9996596359111533,0.0002,False
VBAP01000078.1_27,True,0.8035915676238397,0.0,False
VBAP01000034.1_5,True,0.9813388499327674,0.0002,False
VBAP01000034.1_6,True,0.9944364062057466,0.0004,False
VBAP01000047.1_28,True,0.9992160397764402,0.001,True
VBOW01000019.1_43,True,0.4656892513229809,0.0,False
VBOW01000019.1_70,True,0.9350543563762144,0.0004,False
VBOW01000005.1_14,True,0.9966645390209149,0.0004,False
VBOW01000031.1_3,True,0.9827199034881555,0.0006,True
VBOW01000032.1_37,True,0.830398195540904,0.0,False
SBHG01000130.1_18,True,0.8458402012665914,0.0002,False
SBHG01000120.1_6,True,0.8438448859200138,0.0,False
SBHG01000131.1_1,True,0.6966253144790492,0.0,False
SBHG01000162.1_1,True,0.9965476644237022,0.0004,False
SBFR01000206.1_1,True,0.9846554240415261,0.0002,False
SBFR01000238.1_5,True,0.9981635826754303,0.0,False
SBFR01000027.1_5,True,0.9935140112903532,0.0,False
SBFR01000056.1_17,True,0.997214396762519,0.0002,False
SBFR01000056.1_31,True,0.99221584694592,0.0004,False
SBFR01000062.1_8,True,0.9743827914288621,0.0004,False
SBFR01000244.1_5,True,0.9895387869762954,0.0002,False
SBFR01000153.1_15,True,0.9969022304804684,0.0006,True
SBFR01000156.1_14,True,0.9883479178659368,0.0,False
SBFR01000035.1_8,True,0.8156502125444608,0.0002,False
SBFR01000142.1_9,True,0.9997745463622879,0.0004,False
SBFR01000229.1_11,True,0.9401797154501177,0.0,False
SBFR01000091.1_5,True,0.9643871283557687,0.0002,False
SKQU01000299.1_3,True,0.991814565142982,0.0,False
SKQU01000399.1_2,True,0.9010998738163608,0.0,False
SKQU01000088.1_2,True,0.7806888175587751,0.0,False
SKQU01000126.1_7,True,0.9803510714330449,0.0002,False
SKQU01000312.1_3,True,0.9928946189945854,0.0002,False
SKQU01000118.1_2,True,0.768977184002776,0.0,False
SKQU01000183.1_8,True,0.9804413342656519,0.0006,True
SKQU01000366.1_4,True,0.9896752627434201,0.0012,True
SKQU01000215.1_1,True,0.9124044931583167,0.0,False
SKQU01000416.1_2,True,0.5757786067493711,0.0,False
SKQU01000416.1_7,True,0.9950880926628692,0.0,False
SKQU01000119.1_1,True,0.9967199752905193,0.0002,False
SKQU01000194.1_5,True,0.7961308232844626,0.0002,False
SKQU01000421.1_2,True,0.7412162748330008,0.0,False
SKQU01000377.1_2,True,0.8450594256961915,0.0,False
SKQU01000300.1_4,True,0.8414158063676586,0.0002,False
SKQU01000058.1_2,True,0.7758306584540644,0.0002,False
SKQU01000182.1_6,True,0.800641971024551,0.0,False
SKQU01000326.1_3,True,0.9878633974277499,0.0014,True
SKQU01000140.1_37,True,0.3264509412683265,0.0,False
SLDX01000133.1_8,True,0.9067129141881486,0.0002,False
SLDX01000001.1_34,True,0.968447159600378,0.0,False
SLDX01000112.1_7,True,0.9995252488726931,0.0004,False
SLDX01000057.1_20,True,0.8890431161620543,0.0,False
SLDX01000073.1_1,True,0.9967301641552291,0.0002,False
SLDX01000063.1_2,True,0.723345189554958,0.0,False
SLOM01000198.1_9,True,0.9501487195473205,0.0004,False
SLOM01000093.1_2,True,0.9733249134271128,0.0,False
SLOM01000302.1_7,True,0.8158237182267719,0.0,False
SLOM01000190.1_5,True,0.9843222508652842,0.0004,False
SLOM01000257.1_5,True,0.9698227880948185,0.0006,True
SLOM01000036.1_6,True,0.9839864131618739,0.0004,False
SLOM01000120.1_5,True,0.8336080506636593,0.0,False
SLOM01000064.1_13,True,0.9134763844505795,0.0002,False
SLNR01000139.1_1,True,0.9857841799130049,0.0,False
SLNR01000167.1_7,True,0.9921763087583743,0.0002,False
SLNR01000080.1_26,True,0.7844191897284636,0.0,False
SLNR01000127.1_3,True,0.9993902472020556,0.001,True
SLNR01000073.1_2,True,0.9967926947551566,0.0,False
SLGR01000169.1_1,True,0.8460137069489025,0.0,False
SLGR01000170.1_7,True,0.7295046412770019,0.0,False
SLGR01000095.1_4,True,0.9143370904137573,0.0002,False
SLGR01000102.1_2,True,0.9987994507903517,0.0012,True
SLGR01000196.1_2,True,0.9945838760125658,0.0006,True
SLGQ01000022.1_10,True,0.9535361207778617,0.0016,True
SLGQ01000028.1_3,True,0.9106517436944949,0.0,False
SLGQ01000304.1_7,True,0.9695170396888627,0.0004,False
SLGQ01000281.1_2,True,0.9289188043891148,0.0,False
SLGQ01000266.1_1,True,0.8236314739307712,0.0,False
SLGQ01000313.1_1,True,0.9941236486007776,0.0006,True
SLGQ01000017.1_3,True,0.9940338556439005,0.0,False
SLGQ01000173.1_7,True,0.8589398802810793,0.0004,False
SLGQ01000118.1_1,True,0.9881334131230455,0.0,False
VMFZ01000011.1_10,True,0.9981263068504146,0.0004,False
VMFZ01000001.1_29,True,0.9978968249179111,0.0002,False
VMFZ01000002.1_24,True,0.9980060899019071,0.0002,False
VMFZ01000008.1_3,True,0.9997193220819836,0.0004,False
CP036261.1_634,True,0.9981540333447706,0.0006,True
CP036261.1_777,True,0.9911252026293825,0.0,False
CP036261.1_1687,True,0.9999083902223237,0.001,True
CP036261.1_2430,True,0.9983766898308246,0.0002,False
CP036261.1_2900,True,0.9939013538954153,0.0,False
CP036261.1_2954,True,0.9944683738164879,0.0,False
CP036261.1_3768,True,0.7476359850785114,0.0,False
WBXH01000003.1_33,True,0.6613169081287412,0.0,False
WBXH01000005.1_42,True,0.9967782563660648,0.0006,True
WBXH01000018.1_15,True,0.8497440791185912,0.0,False
WBXH01000023.1_10,True,0.8277956103062375,0.0,False
WBXH01000041.1_1,True,0.9764757340633131,0.0,False
WBXH01000062.1_6,True,0.9839440524166739,0.0,False
WJOT01000062.1_11,True,0.8374251756745034,0.0002,False
WJOT01000043.1_1,True,0.9835641611702668,0.001,True
WJOT01000040.1_17,True,0.9970670820796016,0.0,False
WJOT01000103.1_9,True,0.972629092726734,0.0,False
WJOT01000010.1_2,True,0.8079292096816171,0.0,False
WJOT01000127.1_2,True,0.823110956883838,0.0,False
SICP01000008.1_21,True,0.9778795761166116,0.0004,False
SICP01000012.1_26,True,0.9272384861222267,0.0,False
SICP01000021.1_15,True,0.8103582892339725,0.0,False
SHYX01000003.1_37,True,0.9792270915982438,0.0,False
SHYX01000078.1_9,True,0.9831499401709703,0.0,False
SHYX01000050.1_12,True,0.8253665307538822,0.0,False
SHYX01000016.1_30,True,0.8229374512015268,0.0,False
SHYX01000018.1_67,True,0.9999751794714583,0.0004,False
SHYX01000021.1_15,True,0.8617159711980568,0.0,False
SHYX01000058.1_17,True,0.763425002168821,0.0,False
WLFD01000115.1_2,True,0.9969398242345039,0.0,False
WLFD01000012.1_7,True,0.9992180267066116,0.001,True
WLFD01000015.1_2,True,0.9989195297636628,0.0008,True
WLFD01000015.1_3,True,0.9992561605797432,0.0008,True
WLFD01000019.1_9,True,0.9978081509216787,0.0004,False
WLFD01000002.1_10,True,0.9978756090160873,0.0002,False
WLFD01000004.1_2,True,0.8231977097249935,0.0002,False
WLFD01000046.1_6,True,0.9763054385936558,0.0006,True
WLFD01000057.1_4,True,0.6173332176628784,0.0,False
WSXW01000030.1_4,True,0.9994564661049258,0.001,True
WSXW01000036.1_11,True,0.9933195698841008,0.0006,True
WSXW01000051.1_3,True,0.8860935195627657,0.0,False
WSXW01000006.1_78,True,0.900359800405746,0.0004,False
WSXW01000052.1_9,True,0.9234546198312472,0.0,False
WSXW01000016.1_28,True,0.9973312967312322,0.0,False
WSXW01000023.1_3,True,0.9345216676704944,0.0,False
WRMI01000005.1_16,True,0.9984975586780549,0.0006,True
WRMI01000005.1_35,True,0.9997444211169088,0.0002,False
WRMI01000007.1_44,True,0.9958803729991398,0.0,False
WRMI01000013.1_7,True,0.9982857221186434,0.0004,False
WRMI01000013.1_9,True,0.9989676958879378,0.0002,False
WRMI01000017.1_23,True,0.9721017523413477,0.0002,False
WRMI01000018.1_2,True,0.5335299731066192,0.0002,False
WRMI01000024.1_1,True,0.9999005389871116,0.0002,False
WRMI01000038.1_20,True,0.9680986223640721,0.0004,False
WRMI01000048.1_7,True,0.9990864617908644,0.0006,True
WRMI01000065.1_10,True,0.6732888002082068,0.0,False
WRMI01000078.1_6,True,0.9182838472575375,0.0,False
WRMI01000078.1_9,True,0.9998306912001466,0.0006,True
WRMI01000085.1_6,True,0.9474305696116627,0.0,False
WRMI01000089.1_1,True,0.8582458575518348,0.0,False
WRBD01000002.1_100,True,0.9768909346861463,0.0,False
WRBD01000005.1_19,True,0.34987420838032446,0.0,False
WRBD01000005.1_83,True,0.9859121469817641,0.0,False
WRBD01000012.1_38,True,0.9848869702742784,0.0002,False
WRBD01000034.1_9,True,0.9988861327917373,0.0006,True
WRBD01000042.1_2,True,0.9707018838716175,0.0,False
WQSZ01000001.1_2,True,0.983234006321386,0.0002,False
WQSZ01000014.1_4,True,0.9998844862490542,0.0002,False
WQSZ01000045.1_3,True,0.8682224342847228,0.0004,False
WQSZ01000080.1_1,True,0.9998128797832304,0.0006,True
WQSZ01000095.1_9,True,0.9958980185867154,0.0004,False
WQSZ01000103.1_5,True,0.958038236447139,0.0,False
WQSZ01000194.1_2,True,0.3396373731239698,0.0,False
WUAI01000013.1_47,True,0.9945560218733014,0.0002,False
WUAI01000017.1_14,True,0.9832453731757472,0.0004,False
WUAI01000020.1_12,True,0.9988560231696145,0.001,True
WUAI01000042.1_17,True,0.9976215721263484,0.0,False
WUAI01000056.1_11,True,0.9645511300950583,0.0004,False
WUAI01000007.1_32,True,0.9680649799176976,0.0008,True
WUAI01000007.1_33,True,0.8502645961655244,0.0,False
WUAI01000008.1_3,True,0.9907061823722526,0.0006,True
VXWP01000005.1_13,True,0.9915955244062612,0.0,False
VXWP01000036.1_4,True,0.36922009195801164,0.0,False
VXWP01000049.1_30,True,0.9100444968542921,0.0,False
VXWP01000082.1_18,True,0.9610824363015179,0.0,False
VXWP01000093.1_4,True,0.8310922182701483,0.0,False
VXWP01000085.1_11,True,0.925649828476913,0.0,False
VXWP01000078.1_44,True,0.9298131402784037,0.0002,False
VXWP01000027.1_32,True,0.6741563286197623,0.0,False
VXWP01000045.1_25,True,0.9187640769965604,0.0,False
VXWP01000059.1_45,True,0.90715057634208,0.0006,True
VXWP01000052.1_3,True,0.948633060076207,0.0,False
VXMB01000001.1_101,True,0.8195540903964604,0.0,False
VXMB01000001.1_156,True,0.9097218014312509,0.0,False
VXMB01000009.1_126,True,0.9927457014074748,0.0002,False
VXMB01000009.1_298,True,0.9656593196160511,0.0,False
VXMB01000009.1_394,True,0.8308319597466817,0.0,False
VXMB01000009.1_1194,True,0.9014955272434214,0.0006,True
VXMB01000009.1_1260,True,0.9262866303530971,0.0,False
VXMB01000009.1_1351,True,0.9303908231789467,0.0002,False
VXMB01000009.1_1442,True,0.36922009195801164,0.0,False
VXMB01000014.1_228,True,0.9943073914230838,0.0,False
VXMB01000014.1_269,True,0.9471258143382989,0.0,False
VXMB01000014.1_323,True,0.9610593764344935,0.0,False
DREG01000027.1_2,True,0.9002275747703022,0.0002,False
DREG01000057.1_1,True,0.8292704086058819,0.0,False
DREG01000196.1_5,True,0.9994575592276488,0.0006,True
DREG01000205.1_6,True,0.984917453872186,0.0008,True
DREG01000342.1_7,True,0.8003817125010844,0.0002,False
DREG01000398.1_4,True,0.7913594170209074,0.0,False
DSNQ01000035.1_48,True,0.9991696961219155,0.0006,True
DSNQ01000014.1_43,True,0.9368546374510166,0.0004,False
DSNQ01000019.1_15,True,0.9873820173835469,0.0004,False
DSNQ01000060.1_28,True,0.6253144790491889,0.0002,False
DSNN01000260.1_10,True,0.9786004656700243,0.0002,False
DSNN01000265.1_16,True,0.9107758157933349,0.0,False
DSNN01000329.1_7,True,0.7710592521905092,0.0,False
DSNN01000179.1_12,True,0.9995425513396177,0.0004,False
DSNN01000324.1_3,True,0.9107404412568347,0.0,False
DSNN01000082.1_1,True,0.8991064457360979,0.0002,False
DSNN01000043.1_1,True,0.7239524594430468,0.0002,False
DSNN01000075.1_4,True,0.9996607475852041,0.0006,True
DSNN01000023.1_2,True,0.9999321675079127,0.0002,False
DSNN01000022.1_3,True,0.8236314739307712,0.0,False
DSNN01000022.1_4,True,0.8046326017177062,0.0,False
DSNN01000212.1_4,True,0.9454399817889607,0.0002,False
DSCS01000058.1_73,True,0.7773054567537087,0.0,False
DSCS01000057.1_51,True,0.9980646818833706,0.0004,False
DSCS01000062.1_4,True,0.946138395379482,0.0006,True
DSCS01000006.1_12,True,0.9963917138295767,0.0,False
DSCS01000003.1_3,True,0.9922070774676474,0.0002,False
DSCS01000019.1_3,True,0.8335212978225037,0.0,False
DSCS01000059.1_1,True,0.9999928502778342,0.0,False
DSCM01000090.1_12,True,0.995194808221817,0.0,False
DSCM01000007.1_30,True,0.9995603821313116,0.0,False
DSCM01000106.1_21,True,0.9019475915552491,0.0,False
DSCM01000086.1_1,True,0.9612285924368522,0.0006,True
DSCM01000110.1_6,True,0.9000518152964834,0.0,False
DSCM01000016.1_1,True,0.99719959411103,0.0002,False
DSCM01000128.1_4,True,0.9865392630708983,0.001,True
DSCM01000064.1_8,True,0.9516829339132207,0.0002,False
DSCM01000044.1_1,True,0.9934789225684337,0.0002,False
DSKM01000009.1_77,True,0.7923136982736184,0.0,False
DSKM01000009.1_474,True,0.9485803867955497,0.0002,False
DSKM01000002.1_214,True,0.5056823110956884,0.0002,False
DSKM01000010.1_3,True,0.8219831699488158,0.0,False
DSSU01000119.1_46,True,0.5553916890778173,0.0002,False
DSSU01000290.1_17,True,0.9994779974885973,0.001,True
DSSU01000267.1_16,True,0.9494724020458067,0.0004,False
DSSU01000278.1_9,True,0.6023249761429686,0.0,False
DSSU01000313.1_10,True,0.9062309720928181,0.0,False
DSSU01000261.1_5,True,0.9936472152427824,0.0,False
DSSU01000084.1_10,True,0.9880680881522333,0.0002,False
DSSU01000357.1_11,True,0.8817558775049883,0.0,False
DSSU01000005.1_3,True,0.8119198403747723,0.0,False
DSSU01000007.1_1,True,0.9079559959135679,0.0002,False
DSSC01000007.1_47,True,0.9968524421448347,0.0008,True
DSSC01000007.1_63,True,0.9975355450233626,0.0002,False
DSSC01000007.1_95,True,0.9444035415586145,0.0004,False
DSSC01000013.1_132,True,0.9995169014140917,0.0006,True
DSSB01000528.1_14,True,0.8206818773314826,0.0,False
DSSB01000411.1_3,True,0.9638537438945677,0.0,False
DSSB01000188.1_4,True,0.8711720308840114,0.0002,False
DSSB01000363.1_2,True,0.8962436019779648,0.0,False
DSSB01000095.1_1,True,0.9669805793025052,0.0002,False
DSSB01000447.1_2,True,0.8828836644400104,0.0,False
DTOT01000006.1_63,True,0.9966466165671048,0.0004,False
DTOT01000118.1_63,True,0.8460137069489025,0.0004,False
DTOT01000008.1_32,True,0.906470831653045,0.0,False
DTOT01000033.1_7,True,0.8506116075301466,0.0,False
DTOT01000059.1_23,True,0.7113732974754923,0.0,False
DTOT01000100.1_9,True,0.9960416353519281,0.0002,False
DTOT01000003.1_11,True,0.9991371807307436,0.0006,True
DTOT01000090.1_12,True,0.969141806292864,0.0,False
DTND01000024.1_2,True,0.729851652641624,0.0,False
DTND01000022.1_4,True,0.989821409862351,0.0,False
DTND01000253.1_3,True,0.9875341240264115,0.0016,True
DTND01000127.1_3,True,0.8335212978225037,0.0002,False
DSUT01000112.1_6,True,0.9412229722568279,0.0,False
DSUT01000047.1_4,True,0.999529633444167,0.0008,True
DSUT01000095.1_4,True,0.8158237182267719,0.0,False
DSUT01000121.1_7,True,0.9738080371614808,0.0008,True
DSUT01000056.1_8,True,0.9975904355724161,0.0,False
DSUT01000103.1_3,True,0.9393910305018442,0.0,False
DSUT01000179.1_4,True,0.9991931092153553,0.001,True
DTCJ01000022.1_76,True,0.9571358184741312,0.0,False
DTCJ01000072.1_35,True,0.6997484167606489,0.0,False
DTCJ01000072.1_64,True,0.8469679882016136,0.0,False
DTCJ01000028.1_33,True,0.998907575739091,0.0012,True
DTCJ01000076.1_12,True,0.998287383074143,0.0006,True
DTCJ01000005.1_18,True,0.8511321245770799,0.0,False
DTCJ01000070.1_1,True,0.9972660587887568,0.0002,False
DTCJ01000002.1_8,True,0.9999092756657215,0.0,False
DSWB01000548.1_20,True,0.889476880367832,0.0002,False
DSWB01000244.1_2,True,0.9979929337456,0.0,False
DSWB01000004.1_9,True,0.9682784465731802,0.0002,False
DSWB01000175.1_4,True,0.9499241135677737,0.0004,False
DSWB01000595.1_2,True,0.9967824585018129,0.0006,True
DSWB01000595.1_3,True,0.9956004471994802,0.0006,True
DSWB01000220.1_3,True,0.9968327207653331,0.0,False
DTLL01000058.1_9,True,0.8450594256961915,0.0,False
DTLL01000059.1_1,True,0.9968800652431867,0.0002,False
DRTT01000110.1_8,True,0.6397154506810098,0.0,False
DRTT01000132.1_5,True,0.894855556519476,0.0008,True
DRTT01000034.1_2,True,0.9132958655528481,0.0,False
DRUY01000050.1_22,True,0.8985859286891645,0.0,False
DRUY01000039.1_3,True,0.8382927040860588,0.0,False
DRUY01000057.1_1,True,0.9883757002278305,0.0,False
DRYD01000045.1_19,True,0.913285142599514,0.0,False
DRYD01000075.1_14,True,0.9890720305813516,0.0004,False
DRYD01000209.1_5,True,0.9578164573543972,0.0006,True
DRYD01000100.1_2,True,0.6501257916196755,0.0,False
DRYD01000240.1_3,True,0.9994224618499575,0.0004,False
DRYD01000003.1_1,True,0.9992549127158669,0.0002,False
DRUE01000006.1_17,True,0.8170382580029496,0.0,False
DRUE01000379.1_8,True,0.9992284413245246,0.001,True
DRUE01000135.1_1,True,0.9594545448990477,0.001,True
DRUE01000013.1_8,True,0.9973856277082813,0.0002,False
DRUE01000020.1_4,True,0.8836644400104103,0.0,False
DRUE01000386.1_3,True,0.8358636245337034,0.0,False
DRUE01000129.1_5,True,0.8253665307538822,0.0,False
DRUE01000361.1_1,True,0.9994107010527953,0.001,True
JAABRV010000116.1_2,True,0.9571003821698463,0.0,False
JAABRV010000011.1_7,True,0.998605370211586,0.0006,True
JAABRV010000121.1_6,True,0.9961807950902672,0.0004,False
JAABRV010000121.1_9,True,0.9909711369434373,0.0,False
JAABRV010000171.1_3,True,0.6614036609698968,0.0,False
JAABRV010000017.1_11,True,0.9598138721056959,0.0004,False
JAABRV010000024.1_19,True,0.8167779994794829,0.0,False
JAABRV010000036.1_3,True,0.9929989117674227,0.0002,False
JAABRV010000048.1_8,True,0.999159905601107,0.0008,True
JAABRV010000085.1_12,True,0.986972775977885,0.0,False
JAABRV010000009.1_9,True,0.971217693339905,0.0,False
WYBT01000019.1_3,True,0.9988648242784604,0.0008,True
WYBT01000019.1_74,True,0.9955619382584088,0.0004,False
WYBT01000020.1_20,True,0.8203348659668604,0.0,False
WYBT01000030.1_151,True,0.958055767359643,0.0,False
WYBT01000031.1_12,True,0.7856337295046413,0.0,False
WYBT01000041.1_22,True,0.999860576660846,0.001,True
WYBT01000044.1_88,True,0.8120933460570834,0.0,False
WYBT01000061.1_40,True,0.9175107386555651,0.0004,False
WYBT01000008.1_36,True,0.9986152847802434,0.0002,False
WOZJ01000072.1_14,True,0.8354298603279258,0.0,False
WOZJ01000050.1_42,True,0.9987460383850605,0.0008,True
WVXK01000039.1_20,True,0.8004684653422399,0.0,False
WVXK01000056.1_27,True,0.8116595818513056,0.0,False
WVXK01000023.1_80,True,0.589398802810792,0.0,False
WVXK01000062.1_126,True,0.9919607080565196,0.0008,True
WVXK01000092.1_1,True,0.9765347689230165,0.0,False
WVXK01000092.1_2,True,0.9771253682195801,0.0,False
WVXK01000011.1_7,True,0.9299205976830929,0.0,False
JAAYZI010000057.1_7,True,0.9980905422254601,0.0,False
JAAYZI010000066.1_2,True,0.971580260938584,0.0,False
JAAYZI010000114.1_3,True,0.9985925693470461,0.0,False
JAAYZI010000210.1_3,True,0.8395939967033921,0.0,False
JAAYZI010000223.1_4,True,0.9312993172063251,0.0002,False
JAAYZI010000255.1_17,True,0.963166463713313,0.0002,False
JAAYXZ010000053.1_3,True,0.8425435933026807,0.0,False
JAAYXZ010000150.1_1,True,0.9956113029048022,0.0002,False
JAAYXZ010000159.1_3,True,0.9832061175465078,0.0002,False
JAAYXZ010000026.1_1,True,0.9658091886750146,0.0002,False
JAAYXC010000082.1_5,True,0.998092112743935,0.0004,False
JAAYXC010000130.1_7,True,0.9258921393459358,0.0,False
JAAYXC010000022.1_2,True,0.9961308602532915,0.0,False
JAAYXC010000168.1_5,True,0.8899106445736098,0.0,False
JAAYXC010000169.1_3,True,0.9422611874841521,0.001,True
JAAYXC010000210.1_4,True,0.9853982412031529,0.0002,False
JAAYXC010000251.1_1,True,0.9321463907471145,0.0,False
JAAYXC010000004.1_8,True,0.9993264010475911,0.0004,False
JAAYXC010000346.1_12,True,0.9974501065695489,0.0004,False
JAAYXC010000376.1_3,True,0.937586413894736,0.0,False
JAAYXC010000469.1_1,True,0.9997578984845557,0.0002,False
JAAYXC010000396.1_6,True,0.7750498828836644,0.0,False
JAAYXC010000400.1_15,True,0.7684566669558428,0.0,False
JAAYXC010000415.1_3,True,0.9994004952101991,0.001,True
JAAYXC010000054.1_3,True,0.9928926915119167,0.0,False
JAAYVF010000041.1_46,True,0.9993854741176775,0.0006,True
JAAYVF010000041.1_60,True,0.8148694369740609,0.0,False
JAAYVF010000048.1_6,True,0.9991988734626213,0.0008,True
JAAYVF010000084.1_3,True,0.9871634720110131,0.0006,True
JAAYRV010000314.1_2,True,0.6820508371649171,0.0,False
JAAYRV010000213.1_5,True,0.7944825193025071,0.0002,False
JAAYRV010000033.1_17,True,0.9973125398866528,0.0004,False
JAAYRV010000254.1_20,True,0.9972060556414606,0.0,False
JAAYRV010000081.1_5,True,0.8135681443567276,0.0002,False
JAAYRV010000123.1_18,True,0.9293175770258193,0.0,False
JAAYNI010000049.1_65,True,0.9075593399446322,0.0,False
JAAYNI010000049.1_68,True,0.9202944907119013,0.0002,False
JAAYNI010000054.1_9,True,0.9781418826937777,0.0,False
JAAYNI010000097.1_18,True,0.9840064719662674,0.0,False
JAAYNI010000097.1_19,True,0.942912284745334,0.0,False
JAAYNI010000099.1_1,True,0.9994936380795367,0.0002,False
JAAYNI010000013.1_78,True,0.4690726121280472,0.0002,False
JAAYNI010000026.1_23,True,0.9958603626019833,0.0004,False
JAAYKP010000145.1_9,True,0.9994152766079148,0.001,True
JAAYKP010000040.1_4,True,0.7832046499522859,0.0,False
JAAYKP010000041.1_11,True,0.988797281663558,0.0012,True
JAAYAK010000099.1_52,True,0.9999197902343987,0.0002,False
JAAYAK010000109.1_14,True,0.9023476442338569,0.0002,False
JAAYAK010000128.1_24,True,0.922817020481234,0.0002,False
JAAYAK010000137.1_47,True,0.9902176255633193,0.001,True
JAAYAK010000181.1_14,True,0.9872296599292221,0.0,False
JAAYAK010000195.1_11,True,0.9937409807861783,0.0006,True
JAAYAK010000216.1_1,True,0.8218096642665047,0.0,False
JAAYAK010000227.1_3,True,0.9748956486840392,0.0,False
JAAYAK010000242.1_13,True,0.9714003975532747,0.0,False
JAAYAK010000264.1_1,True,0.685347445128828,0.0,False
JAAYAK010000266.1_3,True,0.9825041866999041,0.0,False
JAAYAK010000274.1_1,True,0.8195540903964604,0.0,False
JAAYAK010000043.1_39,True,0.9859732960505028,0.0,False
JAAYAK010000294.1_3,True,0.9891459059365165,0.0,False
JAAYAK010000305.1_16,True,0.9999200364594706,0.0002,False
JAAYAK010000306.1_2,True,0.46378068881755885,0.0002,False
JAAYAK010000323.1_3,True,0.9891016707921964,0.0,False
JAAYAK010000329.1_1,True,0.8271015875769931,0.0002,False
JAAYEQ010000055.1_3,True,0.9993744480701326,0.001,True
JAAYEQ010000057.1_7,True,0.8827101587576993,0.0,False
JAAYEQ010000061.1_5,True,0.9937179528055546,0.0,False
JAAYEQ010000018.1_9,True,0.9986744386422928,0.001,True
JAAYEQ010000022.1_2,True,0.9395296622909328,0.0,False
JAAYEQ010000005.1_25,True,0.9702536757775216,0.001,True
JAAYCL010000014.1_76,True,0.9960025195001362,0.0006,True
JAAYCL010000019.1_6,True,0.9873473044416199,0.0002,False
JAAYCL010000026.1_40,True,0.9935430549471432,0.0006,True
JAAYCL010000013.1_34,True,0.9812260935770658,0.001,True
JAAYHG010000109.1_4,True,0.9169336104844218,0.0,False
JAAYHG010000151.1_3,True,0.8254532835950378,0.0,False
JAAYHG010000164.1_3,True,0.9993963294557809,0.001,True
JAAYHG010000215.1_1,True,0.9984308753420637,0.0002,False
JAAYHG010000076.1_1,True,0.9449131409336619,0.0004,False
JAAYCF010000092.1_2,True,0.9823219991814348,0.0,False
JAAYCF010000211.1_2,True,0.590960353951592,0.0,False
JAAYCF010000234.1_5,True,0.9733893890528186,0.0006,True
JAAYCF010000315.1_3,True,0.8309187125878372,0.0,False
JAAYCF010000047.1_1,True,0.8251930250715711,0.0006,True
JAAYCF010000392.1_3,True,0.9900289880502993,0.0002,False
JAAZOE010000313.1_5,True,0.9317315431458015,0.0002,False
JAAZOE010000013.1_13,True,0.8093172551401059,0.0,False
JAAZOE010000117.1_2,True,0.9984679338760184,0.0008,True
JAAZOE010000154.1_8,True,0.9487294599135849,0.0002,False
JAAZOE010000171.1_12,True,0.9954499652732087,0.0,False
JAAZOE010000191.1_1,True,0.970670086676761,0.0002,False
DUMP01000028.1_51,True,0.9234399262033638,0.0,False
DUMP01000005.1_52,True,0.7420838032445563,0.0,False
DUMP01000049.1_3,True,0.8900841502559209,0.0002,False
DUMP01000054.1_8,True,0.7967380931725514,0.0002,False
DUMP01000078.1_18,True,0.9260031013943018,0.0,False
DUMP01000085.1_1,True,0.9997101001973625,0.0008,True
DUMP01000106.1_8,True,0.8062809056996617,0.0,False
DUMP01000157.1_16,True,0.9994270407839695,0.001,True
DUMP01000159.1_22,True,0.8357768716925479,0.0,False
DUMJ01000021.1_19,True,0.8365576472629479,0.0,False
DUMJ01000021.1_21,True,0.7874555391689078,0.0,False
DUMJ01000030.1_16,True,0.4730632428212024,0.0,False
DUMJ01000033.1_25,True,0.8180792920968162,0.0,False
DUMJ01000043.1_2,True,0.9987311701489608,0.0008,True
DUMJ01000003.1_13,True,0.9997861482221714,0.0008,True
DUMJ01000052.1_1,True,0.8813221132992105,0.0,False
DUMJ01000054.1_17,True,0.9990647050786977,0.0002,False
DUMJ01000068.1_16,True,0.5330962089008415,0.0,False
DUMJ01000010.1_14,True,0.9586966257549914,0.0,False
DUMJ01000010.1_15,True,0.9974808599610095,0.0,False
DUMJ01000015.1_24,True,0.9696321308697804,0.0,False
JABDLO010000380.1_2,True,0.9535968243741252,0.0002,False
JABDLO010000399.1_12,True,0.9544600864306246,0.0004,False
JABDLO010000290.1_1,True,0.993340366339386,0.001,True
JABDLO010000290.1_23,True,0.9763639993836373,0.0006,True
JABDLO010000299.1_2,True,0.9704442967551237,0.0002,False
JABDLO010000411.1_4,True,0.9915229365002928,0.0006,True
JABDLO010000362.1_3,True,0.981057817598908,0.0,False
JABDLO010000481.1_5,True,0.9688538116309291,0.0,False
JABDLO010000117.1_4,True,0.9984490279574519,0.0,False
JABDLO010000265.1_1,True,0.9999511786986273,0.0004,False
JABDLO010000470.1_16,True,0.9939378628155559,0.0006,True
JABDLO010000035.1_1,True,0.9266541982783733,0.0,False
JABDLO010000035.1_12,True,0.9999848337877373,0.0006,True
JABDLO010000218.1_8,True,0.9653276098655664,0.0,False
JABDLO010000240.1_3,True,0.9965772364339153,0.0002,False
JABDLO010000509.1_12,True,0.4425262427344496,0.0,False
JABDLO010000260.1_1,True,0.7458141754142448,0.0,False
JABFGF010000001.1_282,True,0.6403227205690987,0.0,False
JABFGF010000002.1_285,True,0.9863815084705344,0.0,False
JABFGF010000002.1_582,True,0.9657199943763568,0.0002,False
JABFGF010000002.1_663,True,0.6645267632514965,0.0,False
JABFGF010000003.1_35,True,0.9110107414297324,0.0002,False
JABFGF010000003.1_394,True,0.945103433316891,0.0,False
JABFGF010000003.1_424,True,0.9578995729144739,0.0006,True
JABFGF010000006.1_122,True,0.9964803668086851,0.0006,True
JABFGF010000006.1_129,True,0.9719705178548987,0.0,False
JABFGF010000007.1_29,True,0.5885312743992366,0.0,False
JABFGF010000007.1_49,True,0.7206558514791359,0.0,False
JABFGF010000007.1_83,True,0.9864908635862722,0.0002,False
JABFGF010000007.1_97,True,0.9993612292548666,0.0002,False
JABFGF010000013.1_49,True,0.9990980806085873,0.0012,True
JABFGF010000014.1_47,True,0.9378977973429796,0.0002,False
JABFGF010000015.1_7,True,0.6543766808362974,0.0,False
JABFGF010000016.1_14,True,0.6700789450854515,0.0,False
JABFRY010000360.1_2,True,0.8182527977791273,0.0,False
JABFRY010000323.1_1,True,0.8382059512449033,0.0,False
JABFRY010000490.1_8,True,0.9671018402208706,0.0002,False
JABFRY010000267.1_8,True,0.9974323200984095,0.0008,True
JABFRY010000447.1_3,True,0.9562332148630112,0.0008,True
JABFRY010000403.1_2,True,0.9996092876792907,0.001,True
JABFRY010000356.1_2,True,0.9999967991801094,0.0006,True
JABFRY010000514.1_25,True,0.9756879173863893,0.0,False
JABFRY010000171.1_4,True,0.892946994014054,0.0,False
JABFRY010000249.1_10,True,0.9997139666554405,0.0,False
JABFRY010000100.1_3,True,0.8430641103496139,0.0,False
JABFRY010000474.1_2,True,0.9921277480170025,0.0004,False
JABFRY010000536.1_9,True,0.9994805099752242,0.001,True
JAADIO010000032.1_49,True,0.9864081309277697,0.0012,True
JAADIO010000073.1_7,True,0.9924081952986689,0.0,False
JAADIO010000062.1_5,True,0.99825716392715,0.0012,True
JAADIO010000064.1_27,True,0.9972028229115828,0.0002,False
JAADIO010000039.1_8,True,0.9672309747965493,0.0002,False
JAADIO010000051.1_28,True,0.9041781590265223,0.0,False
JAADIO010000012.1_4,True,0.6910731326450942,0.0,False
JAADIC010000140.1_5,True,0.9939103510782361,0.0006,True
JAADIC010000323.1_5,True,0.9729697587055612,0.0,False
JAADIC010000065.1_9,True,0.5361325583412857,0.0002,False
JAADIC010000095.1_19,True,0.9463233613712266,0.0,False
JAADIC010000326.1_1,True,0.9959852275580505,0.0004,False
JAADIC010000067.1_1,True,0.9513807516547114,0.0,False
JAADIC010000164.1_12,True,0.9958006280808507,0.0,False
JAADIC010000076.1_4,True,0.8819293831872994,0.0,False
JAADIC010000006.1_2,True,0.505161794048755,0.0002,False
JAADIA010000070.1_18,True,0.8127006159451722,0.0,False
JAADHJ010000029.1_2,True,0.999569967535795,0.0006,True
JAADHJ010000058.1_5,True,0.9195377300353827,0.0,False
JAADHJ010000037.1_2,True,0.981275094546294,0.0,False
JAADHJ010000049.1_9,True,0.9985614570538429,0.0008,True
JAADHJ010000016.1_42,True,0.8945952979960093,0.0,False
JAADFP010000055.1_9,True,0.8438448859200138,0.0,False
JAADFP010000066.1_6,True,0.5501865186084844,0.0002,False
JAADFP010000151.1_1,True,0.9875566803776409,0.0,False
JAADFP010000162.1_2,True,0.9850802455991647,0.0006,True
JABLWY010000001.1_295,True,0.8873948121800989,0.0,False
JABLWY010000001.1_427,True,0.8470547410427691,0.0,False
JABMRT010000031.1_5,True,0.9940171684775304,0.0,False
JABMRT010000035.1_3,True,0.9079246724382877,0.0002,False
JABMRT010000048.1_17,True,0.9664414399046205,0.0002,False
JABMRT010000082.1_2,True,0.9878374112264572,0.0,False
JABMRT010000160.1_7,True,0.999454164560032,0.0002,False
JABMRT010000192.1_1,True,0.9959182621922765,0.0002,False
JABMRT010000195.1_5,True,0.8485295393424135,0.0,False
JABMRT010000257.1_7,True,0.9934496039738493,0.0,False
JABMQX010000159.1_2,True,0.989997776936683,0.0004,False
JABMQX010000172.1_3,True,0.5260692287672422,0.0,False
JABMQX010000193.1_2,True,0.9799953613088875,0.0006,True
JABMQX010000261.1_1,True,0.9684194924962672,0.0,False
JABMQX010000273.1_1,True,0.8670946473497007,0.0,False
JABMQX010000297.1_3,True,0.9835880062320691,0.0004,False
JABMQX010000334.1_1,True,0.9875737196742744,0.0002,False
JABMQX010000443.1_2,True,0.9550657075781027,0.0,False
JABMQX010000490.1_5,True,0.9883135372533681,0.0,False
JABMQX010000654.1_1,True,0.9931487381765367,0.0,False
JABMQX010000711.1_1,True,0.9605884164195934,0.0002,False
JABMQX010000724.1_5,True,0.9973873767213254,0.0002,False
JABMQX010000726.1_5,True,0.9411319032647465,0.0,False
JABMQX010000769.1_1,True,0.8079292096816171,0.0,False
JABMQX010000834.1_5,True,0.8817558775049883,0.0004,False
JABDHD010000005.1_40,True,0.9814324375955641,0.0002,False
JABDHD010000006.1_37,True,0.9994366643310735,0.001,True
JABDHD010000014.1_19,True,0.8552095081113906,0.0,False
JABDHD010000014.1_28,True,0.9644891010823594,0.0,False
JABDHD010000017.1_32,True,0.9997668168037025,0.0004,False
JABDHD010000023.1_21,True,0.954755808451724,0.0,False
JABDHD010000032.1_12,True,0.9718670684924235,0.0006,True
JABDHD010000033.1_9,True,0.8791532922703219,0.0,False
JABDHD010000036.1_26,True,0.9986625212915067,0.0,False
JABDHD010000040.1_9,True,0.7482432549666002,0.0,False
JABDHD010000041.1_6,True,0.924991682685496,0.0,False
JABDHD010000045.1_33,True,0.9221068911540751,0.0,False
JABDHD010000054.1_13,True,0.8633642751800121,0.0,False
JABDHD010000054.1_17,True,0.41398455799427425,0.0,False
JABDHD010000071.1_16,True,0.9342405203092256,0.0002,False
JABDHD010000076.1_1,True,0.9972216030017346,0.0002,False
JABDHD010000081.1_8,True,0.9011110922149882,0.0,False
JABDHD010000085.1_7,True,0.9998757935159919,0.0012,True
JABDHD010000108.1_6,True,0.9999517124105478,0.0002,False
JABDHD010000114.1_12,True,0.7229114253491802,0.0,False
JABDHD010000114.1_13,True,0.7546629652121107,0.0,False
JABDHD010000116.1_3,True,0.9997403956841985,0.001,True
JABDHD010000117.1_1,True,0.9907568819844668,0.0,False
JABDHD010000121.1_8,True,0.9998263519799371,0.0006,True
JABDHD010000132.1_6,True,0.9964689117929808,0.0008,True
JABDHD010000143.1_8,True,0.8071484341112172,0.0,False
JABDHD010000171.1_1,True,0.702611260518782,0.0,False
JABDHD010000174.1_2,True,0.9999008874178652,0.0002,False
JABDHD010000190.1_1,True,0.9209448066484496,0.0,False
JABWCD010000022.1_98,True,0.9990757122971016,0.0012,True
JABWCD010000023.1_16,True,0.46117810358289235,0.0,False
JABWCD010000004.1_264,True,0.8959833434544981,0.0,False
JABWCD010000005.1_200,True,0.6742430814609178,0.0,False
JABWCD010000006.1_72,True,0.998781383575508,0.0,False
JABWCD010000045.1_6,True,0.9990074832673492,0.0008,True
JABWCD010000026.1_22,True,0.3812787368786328,0.0,False
JABWCD010000007.1_23,True,0.8001214539776178,0.0,False
JABWCD010000008.1_85,True,0.9687755570606282,0.0004,False
JABWCD010000030.1_106,True,0.9934018390466542,0.0,False
JABWCD010000031.1_33,True,0.8495705734362801,0.0,False
JABWCD010000032.1_32,True,0.9922975620982207,0.0,False
JABWCD010000011.1_8,True,0.9962792191460653,0.0008,True
JABWCD010000011.1_55,True,0.9994708681740916,0.0012,True
JABWCD010000001.1_48,True,0.7455539168907782,0.0,False
JABWCD010000040.1_13,True,0.9797127910857804,0.0008,True
JABWBZ010000155.1_5,True,0.989952904930029,0.0004,False
JABWBZ010000004.1_23,True,0.9882378936401386,0.0002,False
JABWBZ010000199.1_4,True,0.4821722911425349,0.0,False
JABWBZ010000220.1_7,True,0.9928326263589815,0.0,False
JABWBZ010000258.1_2,True,0.961363491404031,0.0,False
JABWBZ010000275.1_4,True,0.9102181461892596,0.0,False
JABWBZ010000042.1_4,True,0.8244990023423268,0.0,False
JABWBZ010000073.1_7,True,0.9963759265666114,0.0002,False
JABWBZ010000075.1_8,True,0.9855236934972645,0.0004,False
JABWBZ010000114.1_11,True,0.7267285503600243,0.0,False
JABWCQ010000015.1_77,True,0.9122710569108898,0.0,False
JABWCQ010000026.1_12,True,0.9877604340099039,0.0,False
JABWCQ010000019.1_3,True,0.6345970330528324,0.0002,False
JABWCQ010000001.1_212,True,0.9408587360121901,0.0002,False
JABWCQ010000008.1_59,True,0.6716404962262514,0.0002,False
JABWCQ010000008.1_61,True,0.7066886440530927,0.0,False
JABWCP010000013.1_58,True,0.8434978745553917,0.0,False
JABWCP010000014.1_42,True,0.9569682058042533,0.0004,False
JABWCP010000017.1_34,True,0.480610740001735,0.0,False
JABWCP010000018.1_4,True,0.9974301844395714,0.0002,False
JABWCP010000001.1_50,True,0.9058708220992145,0.0,False
JABWCP010000044.1_5,True,0.9629899487087057,0.0,False
JABWCP010000009.1_8,True,0.9636047880203558,0.0002,False
JABXHY010000040.1_47,True,0.9643243717315002,0.0,False
JABXHY010000033.1_23,True,0.9505371089173893,0.0,False
JABXHY010000009.1_39,True,0.9848073526776004,0.0,False
JABXHY010000009.1_103,True,0.9992500876571381,0.0012,True
JABXHY010000009.1_256,True,0.9420358134499477,0.0004,False
JABXHY010000081.1_20,True,0.985678252541233,0.0,False
JABXHY010000051.1_39,True,0.9143954473217,0.0002,False
JABXHY010000011.1_39,True,0.8404615251149475,0.0,False
VMTI01000154.1_9,True,0.9990954473605179,0.0004,False
VMTI01000042.1_4,True,0.9993361829132821,0.0006,True
VMTI01000281.1_8,True,0.9938588705133863,0.0006,True
VMTI01000182.1_2,True,0.9909062460517852,0.0002,False
VMTI01000217.1_4,True,0.9884431597770881,0.0,False
VMTI01000197.1_6,True,0.8518261473063243,0.0,False
VMTI01000023.1_1,True,0.9372069645698037,0.0002,False
JACCUF010000085.1_11,True,0.8386397154506811,0.0,False
JACCUF010000139.1_3,True,0.7324542378762905,0.0,False
JACCUF010000350.1_1,True,0.993965752463779,0.0002,False
JACCUF010000472.1_16,True,0.6683438882623406,0.0,False
JACCUF010000176.1_11,True,0.9999100388988973,0.0014,True
JACCUF010000315.1_10,True,0.9835100394351317,0.0002,False
JACCUF010000443.1_13,True,0.999815638100821,0.0004,False
JACCUF010000050.1_19,True,0.9946554212538321,0.0006,True
JACCUF010000359.1_1,True,0.9994823820786723,0.001,True
JACCUF010000442.1_1,True,0.9374064736975383,0.0002,False
JACCUF010000133.1_4,True,0.9935519950673752,0.0,False
JACCUF010000446.1_3,True,0.6813568144356728,0.0,False
JACCUF010000237.1_1,True,0.716404962262514,0.0002,False
JACCUF010000302.1_5,True,0.9459716951637935,0.0004,False
JACCUF010000076.1_5,True,0.8460137069489025,0.0,False
JACCUF010000023.1_2,True,0.9993731079070765,0.001,True
JACCUF010000289.1_8,True,0.9972360711865393,0.0002,False
JACCUF010000404.1_5,True,0.9885980696068829,0.0,False
JACCUF010000407.1_8,True,0.9995708386436237,0.001,True
JACCUF010000463.1_5,True,0.9899734511256797,0.0002,False
PNNP01000023.1_24,True,0.9960392464484275,0.0002,False
CP046180.1_632,True,0.8520864058297909,0.0,False
CP046180.1_645,True,0.9939794709207864,0.0006,True
CP046180.1_659,True,0.8617159711980568,0.0,False
JACIXS010000010.1_16,True,0.7886700789450855,0.0,False
JACIXS010000010.1_19,True,0.849397067753969,0.0,False
JACIXS010000010.1_35,True,0.9990728854400507,0.0002,False
JACIXS010000100.1_25,True,0.9189361905278981,0.0,False
JACIXS010000014.1_1,True,0.9996772670563299,0.0008,True
JACIXS010000158.1_6,True,0.9643593544619771,0.0,False
JACIXS010000158.1_7,True,0.9973021143506675,0.0,False
JACIXS010000021.1_4,True,0.9754842710731809,0.0002,False
JACIXS010000365.1_6,True,0.7665481044504208,0.0002,False
JACIXS010000422.1_2,True,0.9407264118324227,0.0,False
JACIXS010000052.1_24,True,0.8342153205517481,0.0,False
JACIXS010000062.1_2,True,0.9997685281364458,0.0008,True
JACIXS010000079.1_18,True,0.6247939620022556,0.0,False
JACIXQ010000128.1_1,True,0.9743541659971747,0.0004,False
JACIXQ010000048.1_1,True,0.9737089774712377,0.0002,False
JACIXR010000010.1_28,True,0.9680444970235853,0.0002,False
JACIXR010000010.1_60,True,0.9736430861402889,0.0002,False
JACIXR010000015.1_16,True,0.9839793156233528,0.0002,False
JACIXR010000008.1_32,True,0.7806888175587751,0.0,False
JACIXG010000001.1_13,True,0.9971536660936797,0.0002,False
JACIXG010000001.1_42,True,0.9900810115908484,0.0004,False
JACIXG010000010.1_57,True,0.9844632678128443,0.0004,False
JACIXG010000010.1_59,True,0.9173678983633822,0.0,False
JACIXG010000101.1_14,True,0.9998517083621445,0.0,False
JACIXG010000014.1_19,True,0.974040709012993,0.0,False
JACIXG010000018.1_9,True,0.9998595332710966,0.0014,True
JACIXG010000018.1_25,True,0.9995387008946589,0.001,True
JACIXG010000002.1_125,True,0.9988773649394115,0.001,True
JACIXG010000020.1_24,True,0.9977767506714569,0.0004,False
JACIXG010000020.1_33,True,0.9993202163421413,0.001,True
JACIXG010000028.1_3,True,0.9999548431513159,0.0004,False
JACIXG010000034.1_4,True,0.9853755313983227,0.0006,True
JACIXG010000035.1_48,True,0.9904058026392255,0.0004,False
JACIXG010000045.1_5,True,0.9993853794199098,0.0008,True
JACIXG010000051.1_27,True,0.9970058294940456,0.0002,False
JACIXG010000071.1_16,True,0.9983645404673803,0.0002,False
JACIXG010000078.1_18,True,0.9927968910673871,0.0,False
JACIXG010000079.1_24,True,0.9999908387432143,0.0004,False
JACIXG010000086.1_14,True,0.9998585690645436,0.0002,False
JACIXG010000009.1_20,True,0.690118851392383,0.0,False
JACIXG010000098.1_22,True,0.8588531274399237,0.0,False
JACMRP010000218.1_9,True,0.9919193970678113,0.0004,False
JACMRP010000023.1_2,True,0.5269367571787976,0.0,False
JACMRP010000247.1_6,True,0.9997862485611394,0.0008,True
JACMRP010000318.1_4,True,0.8545154853821463,0.0,False
JACMRP010000368.1_3,True,0.8735143575952112,0.0,False
JACNFQ010000089.1_51,True,0.7823371215407304,0.0,False
JACNFQ010000071.1_20,True,0.5703131777565715,0.0,False
JACNFQ010000087.1_1,True,0.9993839903534207,0.0,False
JACNFQ010000043.1_5,True,0.9878718746939148,0.0002,False
JACNFQ010000043.1_7,True,0.9562148745516994,0.0,False
JACTNB010000013.1_66,True,0.7811225817645527,0.0,False
JACTNB010000009.1_64,True,0.46039732801249245,0.0,False
JACTNB010000028.1_27,True,0.7389607009629565,0.0002,False
JACTNB010000036.1_81,True,0.9942551568924084,0.0006,True
JACTNB010000021.1_8,True,0.995250449145903,0.0,False
JACTNB010000024.1_14,True,0.9242823430273321,0.0002,False
CP061275.1_195,True,0.9828495499174164,0.0,False
CP061275.1_507,True,0.9571927135547941,0.0006,True
BMST01000001.1_229,True,0.999476279921371,0.001,True
BMST01000002.1_579,True,0.9989459884424436,0.001,True
BMST01000003.1_545,True,0.9997495997013686,0.0,False
BMST01000004.1_64,True,0.9914707840366709,0.0014,True
BMST01000004.1_88,True,0.9874279261666312,0.0,False
BMST01000004.1_260,True,0.9993656144420009,0.0012,True
BMST01000004.1_292,True,0.99643859314477,0.0004,False
BMST01000004.1_322,True,0.9981929183647696,0.0,False
BMST01000005.1_39,True,0.9971034442262704,0.0,False
BMST01000005.1_44,True,0.9966667592913824,0.0,False
BMST01000005.1_237,True,0.996997225222482,0.0004,False
BMST01000005.1_555,True,0.9989269219531646,0.0002,False
BMST01000006.1_45,True,0.9999863500846244,0.0004,False
BMST01000006.1_83,True,0.9400524599769413,0.0004,False
BMST01000006.1_261,True,0.9958240996034696,0.0002,False
BMST01000007.1_183,True,0.9972227429733874,0.0002,False
BMST01000008.1_9,True,0.7800815476706862,0.0002,False
BMST01000008.1_259,True,0.9929277113442394,0.0004,False
BMST01000010.1_52,True,0.6405829790925652,0.0,False
BMST01000010.1_160,True,0.9994216017818999,0.001,True
BMST01000011.1_44,True,0.991683272085371,0.0002,False
BMST01000011.1_259,True,0.9977445455239952,0.0004,False
BMST01000012.1_305,True,0.9999764847475969,0.0006,True
BMST01000014.1_17,True,0.9999495623170325,0.0014,True
BMST01000014.1_89,True,0.9758695567684299,0.0,False
BMST01000016.1_149,True,0.9992466698991452,0.0012,True
BMST01000016.1_157,True,0.9897025099179372,0.0004,False
BMST01000017.1_84,True,0.8170382580029496,0.0,False
BMST01000017.1_106,True,0.859547150169168,0.0002,False
BMST01000017.1_131,True,0.7589138544287325,0.0,False
BMST01000019.1_5,True,0.7812960874468639,0.0,False
WJMB01000163.1_4,True,0.6249674676845667,0.0004,False
WJMB01000023.1_3,True,0.9349237045131046,0.0,False
WJMB01000182.1_4,True,0.9788405954421393,0.0,False
WJMB01000239.1_4,True,0.9768866741560083,0.0,False
WJMB01000303.1_5,True,0.9960569471580146,0.0,False
WJMB01000053.1_2,True,0.9589827586789377,0.0,False
WJLY01000176.1_6,True,0.9828845246885513,0.0004,False
WJLY01000192.1_11,True,0.8311789711113039,0.0,False
WJLY01000215.1_3,True,0.8408085364795697,0.0002,False
WJLY01000241.1_19,True,0.9940463428145111,0.0,False
WJLY01000247.1_8,True,0.960775568591174,0.0,False
WJLY01000255.1_2,True,0.9195640585071996,0.0,False
WJLY01000270.1_3,True,0.999377266613769,0.001,True
WJLY01000302.1_5,True,0.9840525860950863,0.0006,True
WJLY01000052.1_9,True,0.9420835154449948,0.0,False
WJLY01000052.1_12,True,0.9926455839409798,0.0,False
WJLY01000060.1_6,True,0.9351067060056303,0.0,False
WJKZ01000088.1_2,True,0.9002296255424874,0.0,False
WJKZ01000116.1_3,True,0.9605335286027572,0.0006,True
WJKZ01000155.1_11,True,0.7409560163095341,0.0,False
WJKZ01000174.1_15,True,0.8863537780862323,0.0,False
WJKZ01000214.1_5,True,0.897544894595298,0.0,False
JADBKU010000001.1_92,True,0.9991596451705558,0.0012,True
JADBKU010000010.1_27,True,0.476012839420491,0.0,False
JADBKU010000010.1_98,True,0.9146864488598487,0.0002,False
JADBKU010000014.1_72,True,0.9988292956528818,0.0012,True
JADBKU010000016.1_15,True,0.9991366453732959,0.001,True
JADBKU010000020.1_19,True,0.9829166831112963,0.0,False
JADBKU010000020.1_76,True,0.99747840744225,0.0,False
JADBKU010000022.1_19,True,0.9788109882731932,0.0004,False
JADBKU010000023.1_60,True,0.9997404611293226,0.0014,True
JADBKU010000023.1_96,True,0.9983881684162631,0.0002,False
JADBKU010000023.1_250,True,0.8979786588010757,0.0,False
JADBKU010000032.1_73,True,0.8085364795697059,0.0,False
JADBKU010000034.1_11,True,0.9993172977132903,0.0012,True
JADBKU010000041.1_8,True,0.9989445989729727,0.0002,False
JADBKU010000044.1_6,True,0.9614899783310674,0.0,False
JADBKU010000006.1_21,True,0.9994423675723078,0.0008,True
JADBKU010000006.1_24,True,0.9993116318776605,0.0012,True
JADBKU010000006.1_139,True,0.9966044020817608,0.0,False
SVSB01000008.1_3,True,0.9995486916763935,0.0004,False
SVSB01000011.1_7,True,0.9110976960876702,0.0,False
SVSB01000013.1_33,True,0.9993016200342999,0.0008,True
SVSB01000016.1_38,True,0.9862934489522659,0.0002,False
SVSB01000021.1_36,True,0.9992781521761435,0.0006,True
SVSB01000069.1_2,True,0.9994338861832448,0.0008,True
SVSB01000001.1_57,True,0.9692194967731248,0.0002,False
SVSB01000002.1_52,True,0.9995112843345134,0.0002,False
SVSB01000044.1_8,True,0.9940401348153037,0.0,False
JADGAT010000105.1_15,True,0.9960151105919463,0.0008,True
JADGAT010000146.1_1,True,0.8288366444001041,0.0002,False
JADGAT010000150.1_5,True,0.9976387166282233,0.0008,True
JADGAT010000188.1_2,True,0.9953922906255499,0.0006,True
JADGAT010000021.1_16,True,0.9229229440501981,0.0002,False
JADGAT010000033.1_49,True,0.9998613295270303,0.0008,True
JADGAT010000036.1_25,True,0.9902247870303701,0.001,True
JADGAT010000048.1_29,True,0.912098291415089,0.0002,False
JADGAT010000072.1_9,True,0.5589485555651947,0.0,False
WFSL01000002.1_3,True,0.6814435672768283,0.0,False
WFSL01000002.1_19,True,0.8611087013099679,0.0002,False
WFSL01000010.1_85,True,0.49596599288626697,0.0,False
WFSL01000014.1_74,True,0.47592608657933555,0.0002,False
WFSL01000022.1_106,True,0.9996367561999988,0.0006,True
WFSL01000023.1_35,True,0.9954058820752691,0.0006,True
WFSL01000026.1_26,True,0.3896070096295654,0.0,False
WFSL01000038.1_13,True,0.9992571464061941,0.001,True
WFRF01000014.1_3,True,0.9337069733361422,0.0,False
WFRF01000015.1_8,True,0.9668942067778061,0.0002,False
WFRF01000046.1_3,True,0.9660597245596798,0.0002,False
WFRF01000057.1_5,True,0.9695530203182993,0.0006,True
WFRF01000071.1_3,True,0.8019432636418843,0.0,False
WFRF01000163.1_1,True,0.9503143306764373,0.0004,False
WFRF01000177.1_6,True,0.9924774933691584,0.0,False
WFRF01000195.1_9,True,0.9969335841317228,0.0,False
WFPJ01000008.1_15,True,0.8924264769671206,0.0004,False
WFPJ01000031.1_1,True,0.9979510132402779,0.0004,False
WFPJ01000064.1_4,True,0.8362106358983257,0.0,False
WFPJ01000103.1_6,True,0.9940350472325038,0.0004,False
WGBT01000002.1_2,True,0.7924872039559295,0.0,False
WGBT01000057.1_1,True,0.9609247719730794,0.0002,False
WGBT01000144.1_3,True,0.3894335039472543,0.0,False
WGBT01000144.1_4,True,0.4291663051964951,0.0,False
WGBT01000187.1_2,True,0.9889703141282669,0.0,False
WGBT01000228.1_2,True,0.9256890501239408,0.0,False
WGBT01000358.1_2,True,0.688991064457361,0.0,False
WGBT01000404.1_4,True,0.8681356814435672,0.0,False
WGBT01000405.1_1,True,0.9984059789702519,0.0002,False
CP054183.1_551,True,0.9878586131453339,0.0002,False
CP054183.1_556,True,0.9880137230964561,0.0004,False
CP054183.1_557,True,0.999405151335091,0.0,False
CP054183.1_894,True,0.9878586131453339,0.0002,False
CP054183.1_1165,True,0.985700193174974,0.0,False
CP054183.1_1362,True,0.9961782009638672,0.0002,False
CP054183.1_2528,True,0.9878565442274259,0.0002,False
JACOWJ010000005.1_9,True,0.8856597553569879,0.0,False
JACOWJ010000009.1_19,True,0.9933404596206721,0.0,False
JACOWJ010000029.1_12,True,0.7411295219918452,0.0,False
JACOWJ010000029.1_44,True,0.987438843081849,0.0008,True
JACOWJ010000029.1_61,True,0.7077296781469593,0.0002,False
JACOWJ010000046.1_23,True,0.7752233885659755,0.0,False
JACOWJ010000051.1_3,True,0.8353431074867702,0.0,False
JACOWJ010000037.1_3,True,0.5311876463954195,0.0,False
JACOWJ010000025.1_35,True,0.9250380904120253,0.0,False
JACOUC010000014.1_2,True,0.77435586015442,0.0004,False
JACOUC010000050.1_9,True,0.7214366270495358,0.0,False
JACOUC010000037.1_13,True,0.8984124230068534,0.0002,False
JACOUC010000051.1_19,True,0.9995195118060397,0.0004,False
JACOUC010000046.1_1,True,0.9997282958843865,0.0004,False
JACOUC010000070.1_27,True,0.9973595247807363,0.0002,False
JACOUC010000071.1_39,True,0.9876030728457893,0.0002,False
JACOUC010000071.1_44,True,0.9972291559949781,0.0004,False
JACOUC010000074.1_1,True,0.9996191516454719,0.0006,True
JACOUC010000035.1_38,True,0.9591805068275129,0.0002,False
JACPAV010000048.1_4,True,0.8660536132558341,0.0,False
JACPAV010000052.1_21,True,0.9521679287136896,0.0006,True
JACPAV010000018.1_25,True,0.9867094545901945,0.0,False
JACPAV010000021.1_36,True,0.9986419200919014,0.0012,True
JACPAV010000002.1_263,True,0.9960232291687038,0.0006,True
JACPAV010000002.1_276,True,0.9955452459782328,0.0008,True
JACPAV010000007.1_166,True,0.9881049075082049,0.0,False
JACPAV010000030.1_22,True,0.773401578901709,0.0002,False
JACPAV010000030.1_28,True,0.6745033399843845,0.0002,False
JACPAV010000032.1_23,True,0.9757353278608704,0.0006,True
JACPAV010000038.1_1,True,0.9660903783098378,0.001,True
JACPAV010000011.1_71,True,0.998817077837415,0.001,True
JACPHL010000297.1_1,True,0.9382964053057644,0.0006,True
JACPHL010000129.1_8,True,0.694543246291316,0.0,False
JACPHL010000171.1_3,True,0.7296781469593129,0.0,False
JACPHL010000219.1_3,True,0.4879847314999566,0.0002,False
JACPRG010000002.1_48,True,0.7405222521037564,0.0,False
JACPRG010000052.1_3,True,0.990810966669731,0.0,False
JACPRG010000108.1_14,True,0.9436953230874211,0.0002,False
JACPRG010000025.1_3,True,0.9989609996307206,0.0012,True
JACPQY010000021.1_21,True,0.9991465268590359,0.0008,True
JACPQY010000021.1_22,True,0.9988782141636808,0.0012,True
JACPQY010000024.1_134,True,0.9838270340549672,0.0,False
JACPQY010000039.1_11,True,0.9520086296234838,0.0,False
JACPQY010000008.1_24,True,0.9981893806891425,0.0002,False
JACPQY010000042.1_29,True,0.6690379109915849,0.0,False
JACPQY010000060.1_119,True,0.9988488661224996,0.001,True
JACPQY010000074.1_2,True,0.9976299372403775,0.0006,True
JACPQY010000009.1_3,True,0.9759092660747452,0.0002,False
JACPQY010000009.1_6,True,0.9955138750209629,0.0004,False
JACPQY010000086.1_23,True,0.8307452069055261,0.0004,False
JACPQY010000085.1_87,True,0.8342153205517481,0.0006,True
JACPUR010000041.1_230,True,0.9030726781807576,0.0,False
JACPUR010000041.1_235,True,0.9892125395173523,0.0004,False
JACPUR010000016.1_64,True,0.8088834909343281,0.0,False
JACPUR010000023.1_31,True,0.9898235967865219,0.001,True
JACPUR010000025.1_4,True,0.4935369133339117,0.0002,False
JACPUR010000007.1_32,True,0.9999073335107335,0.0008,True
JACPUC010000011.1_132,True,0.9985702877925539,0.0012,True
JACPUC010000018.1_63,True,0.9378761383955475,0.0002,False
JACPUC010000019.1_170,True,0.9968157794131656,0.0008,True
JACPUC010000029.1_173,True,0.9304461467637536,0.0,False
JACPUC010000028.1_46,True,0.96494090202646,0.0,False
JACPUC010000026.1_119,True,0.8575518348225905,0.0,False
JACPTH010000071.1_3,True,0.9298013982627914,0.0004,False
JACPTH010000393.1_14,True,0.7021774963130043,0.0,False
JACPTH010000439.1_6,True,0.9850440266802137,0.0002,False
JACPTH010000500.1_1,True,0.9841254319432393,0.0002,False
JACPTH010000574.1_3,True,0.9918858767824186,0.0,False
JACPTH010000049.1_5,True,0.9958353006684807,0.0004,False
JACPSX010000040.1_2,True,0.8206818773314826,0.0,False
JACPSX010000082.1_2,True,0.9837855886801501,0.0,False
JACPSX010000145.1_4,True,0.9989321053917903,0.0002,False
JACPSX010000043.1_8,True,0.9696785640083622,0.0,False
JACPSX010000246.1_12,True,0.9913264273100967,0.0004,False
JACPSX010000249.1_5,True,0.8481825279777913,0.0002,False
JACPSX010000242.1_9,True,0.3539515919146352,0.0,False
JACPSX010000264.1_8,True,0.9256593285653179,0.0,False
JACPSX010000161.1_10,True,0.9859221096518964,0.0,False
JACPSX010000008.1_7,True,0.9972808793211672,0.0,False
JACPWU010000061.1_11,True,0.9235331294682648,0.0,False
JACPWU010000020.1_81,True,0.8968508718660536,0.0002,False
JACPWU010000021.1_44,True,0.9850627030283865,0.0002,False
JACPWU010000024.1_49,True,0.9997698164774481,0.0006,True
JACPWU010000038.1_8,True,0.9974514958657693,0.0006,True
JACPWU010000038.1_26,True,0.9962980253117634,0.0,False
JACQOV010000062.1_3,True,0.9990402634629942,0.0012,True
JACQOV010000092.1_13,True,0.9999221664410064,0.0002,False
JACQOF010000108.1_1,True,0.9065229323469233,0.0,False
JACQOF010000127.1_73,True,0.9259059784956568,0.0,False
JACQOF010000146.1_9,True,0.9979232569139291,0.0002,False
JACQOF010000019.1_18,True,0.9878237997053748,0.0,False
JACQPJ010000022.1_7,True,0.8103582892339725,0.0,False
JACQPJ010000030.1_21,True,0.616465689251323,0.0,False
JACQWU010000028.1_10,True,0.9993737834649393,0.001,True
JACQWU010000099.1_2,True,0.8492235620716578,0.0,False
JACQWU010000097.1_1,True,0.9678906973550426,0.0002,False
JACQWU010000022.1_19,True,0.7701917237789537,0.0,False
JACQWU010000051.1_6,True,0.9997323922030393,0.0002,False
JACQWU010000173.1_1,True,0.960462679888981,0.0,False
JACQWU010000175.1_4,True,0.9965363821744501,0.0,False
JACQWU010000206.1_12,True,0.7033052832480263,0.0,False
JACQWU010000220.1_3,True,0.714322894074781,0.0,False
JACQWU010000240.1_6,True,0.8869610479743212,0.0,False
JACQWU010000008.1_2,True,0.9989877998543644,0.0002,False
JACQWU010000122.1_23,True,0.9922603219937495,0.0,False
JACQWU010000076.1_16,True,0.9913910496894544,0.0,False
JACQWU010000291.1_5,True,0.9997249814555306,0.0008,True
JACQWU010000311.1_1,True,0.9990033443764454,0.0,False
JACQWU010000323.1_6,True,0.9624401328636082,0.0002,False
JACQWU010000324.1_6,True,0.9920458457030811,0.0,False
JACQWU010000155.1_11,True,0.9087266882457984,0.0,False
JACRGW010000052.1_2,True,0.9995304355059237,0.0002,False
JACRGW010000012.1_3,True,0.8598074086926347,0.0,False
JACRGW010000073.1_3,True,0.9052690823384449,0.0002,False
JACRGW010000114.1_1,True,0.9275335005287615,0.0002,False
JACRGW010000175.1_7,True,0.7356640929990457,0.0,False
JACRGW010000184.1_9,True,0.9980121144989461,0.0,False
JACRDZ010000116.1_6,True,0.9987554321048616,0.0008,True
JACRDZ010000166.1_11,True,0.9040568763731553,0.0002,False
JACRDZ010000209.1_7,True,0.9997354806702627,0.0,False
JACRDZ010000228.1_6,True,0.9999956164043161,0.0004,False
JACRDZ010000295.1_1,True,0.9954249809531938,0.0,False
JACRDZ010000294.1_3,True,0.763425002168821,0.0,False
JACRDZ010000004.1_13,True,0.9929492470923413,0.0,False
JACRIV010000125.1_8,True,0.8283161273531708,0.0,False
JACRIV010000043.1_7,True,0.8129608744686388,0.0,False
JACRPW010000020.1_35,True,0.9989891160209129,0.0,False
JACRPW010000062.1_15,True,0.9808505196938784,0.0002,False
JACRPW010000085.1_1,True,0.919282651607214,0.0,False
JACRPW010000045.1_13,True,0.7462479396200226,0.0,False
JACRMA010000044.1_61,True,0.8552095081113906,0.0,False
JACRMA010000071.1_18,True,0.8781990110176108,0.0004,False
JACRMA010000067.1_5,True,0.4614383621063589,0.0,False
JACRMA010000087.1_7,True,0.9767057742205527,0.0004,False
JACRMA010000088.1_9,True,0.7993406784072178,0.0,False
JACRMA010000042.1_25,True,0.9420871377134336,0.0002,False
JACRMA010000118.1_21,True,0.9616837952338686,0.0,False
JACRLM010000003.1_44,True,0.8842717098984991,0.0,False
JACRLM010000066.1_66,True,0.999605150262432,0.0002,False
JACRLM010000010.1_4,True,0.9080252351080051,0.0,False
JACRJN010000013.1_9,True,0.8326537694109483,0.0,False
JACRJN010000006.1_22,True,0.6741563286197623,0.0002,False
JACRJN010000089.1_28,True,0.6326017177062548,0.0,False
JACRJN010000115.1_15,True,0.8840982042161881,0.0006,True
JACRJN010000122.1_17,True,0.6548104450420751,0.0,False
JACRJN010000171.1_25,True,0.995176979152921,0.0004,False
JADQBH010000237.1_2,True,0.9657110108825799,0.0004,False
JADQBH010000237.1_9,True,0.9951681789917759,0.0,False
JADQBH010000175.1_11,True,0.9452405016691617,0.0,False
JADQBH010000252.1_12,True,0.9990201174293551,0.0002,False
JADQBH010000076.1_4,True,0.978381221089927,0.0002,False
JADQBH010000184.1_9,True,0.9806253632917687,0.0004,False
JADQBH010000140.1_26,True,0.8970243775483647,0.0004,False
JADQBH010000200.1_9,True,0.9862449222210351,0.0004,False
JADQBH010000002.1_1,True,0.9946693310062519,0.0002,False
JADQBH010000305.1_2,True,0.7229114253491802,0.0,False
JADQBH010000314.1_1,True,0.9495355757801134,0.0002,False
JADQBH010000012.1_15,True,0.9820762455662655,0.0004,False
JADQBH010000028.1_24,True,0.8786327752233886,0.0002,False
JADQBH010000227.1_3,True,0.9975569496880855,0.0,False
JADQBH010000129.1_15,True,0.9511651304770532,0.0,False
JADQBH010000158.1_17,True,0.7083369480350481,0.0,False
JADQBH010000295.1_17,True,0.8673549058731673,0.0,False
JADQBH010000119.1_16,True,0.9978388530457734,0.0,False
JADQBH010000019.1_3,True,0.9996462425906841,0.0006,True
JADQBH010000142.1_9,True,0.9917000574710597,0.0004,False
JAEEIL010000020.1_42,True,0.8242387438188601,0.0,False
JAEEIL010000032.1_134,True,0.902020440000683,0.0,False
JAEEOX010000068.1_5,True,0.522078598074087,0.0,False
JAEEOX010000108.1_6,True,0.9966212409554022,0.0006,True
JAEEOX010000154.1_17,True,0.7749631300425089,0.0,False
JAEEOX010000199.1_8,True,0.9989613257015304,0.0004,False
JAEEOX010000204.1_8,True,0.9568622477352263,0.0016,True
JAEEOX010000030.1_1,True,0.9853507150942558,0.0002,False
JAEELG010000120.1_9,True,0.916856592863678,0.0,False
JAEELG010000121.1_1,True,0.9949989836130438,0.0,False
JAEELG010000002.1_5,True,0.9581486178564322,0.0004,False
JAEELG010000132.1_1,True,0.9925758068848164,0.0002,False
JAEELG010000030.1_10,True,0.9949686725852949,0.0,False
JAEELG010000060.1_8,True,0.9931292947110786,0.0,False
JAEELG010000075.1_1,True,0.9985797573309244,0.0004,False
JAEELG010000078.1_58,True,0.9894634186498042,0.0008,True
JAEELG010000083.1_1,True,0.9924501739599252,0.0004,False
JAEELG010000087.1_35,True,0.5634597033052833,0.0,False
JAEELG010000010.1_42,True,0.9648421498098769,0.0004,False
JAEELG010000096.1_4,True,0.9854717520616312,0.0008,True
JAEELG010000098.1_7,True,0.7181400190856251,0.0,False
JAEELG010000103.1_10,True,0.9552454252436948,0.0006,True
JADJOY010000001.1_14,True,0.9533935772623714,0.0012,True
JADJOY010000001.1_161,True,0.9994437231392352,0.0014,True
JADJOY010000001.1_308,True,0.8607616899453457,0.0006,True
JADJOY010000001.1_384,True,0.9989902396584988,0.0,False
JADJOY010000003.1_262,True,0.9997001026692407,0.0,False
JADJOY010000003.1_271,True,0.9991437944162745,0.0014,True
JADJOY010000003.1_306,True,0.9987875046663751,0.001,True
JADJOY010000003.1_486,True,0.9989312479660153,0.001,True
JADJOY010000004.1_11,True,0.9998738188978261,0.0,False
JADJOY010000004.1_18,True,0.9996921801668295,0.0,False
JADJOY010000006.1_9,True,0.9978662046712988,0.0002,False
JADJOY010000007.1_9,True,0.9993378723911975,0.0012,True
JADJOY010000009.1_6,True,0.9941314729774281,0.0002,False
JADJOY010000009.1_62,True,0.6821375900060727,0.0,False
JADJOY010000009.1_225,True,0.9988013566774454,0.0,False
JADJOY010000009.1_277,True,0.9997998817118294,0.0,False
JADJOY010000010.1_20,True,0.9219876110646339,0.0,False
JADJOY010000010.1_131,True,0.8965906133425869,0.0,False
JADJOY010000013.1_45,True,0.9983662802991433,0.0,False
JADJOY010000017.1_64,True,0.8968508718660536,0.0,False
JADJOY010000017.1_200,True,0.7517133686128221,0.0,False
JADJOY010000018.1_54,True,0.7458141754142448,0.0,False
JADJOY010000021.1_168,True,0.8407217836384142,0.0,False
JADJOY010000021.1_185,True,0.9879319221743478,0.0,False
JADJOY010000021.1_222,True,0.9925185851846501,0.0002,False
JADJOY010000025.1_151,True,0.999790881298527,0.0,False
JADJOY010000028.1_98,True,0.9997886799473809,0.0,False
JADJOY010000036.1_15,True,0.9973793655587915,0.0002,False
JADJOY010000038.1_82,True,0.9956521028668337,0.0,False
JADJOY010000039.1_15,True,0.9835246952992048,0.0004,False
JADJOY010000044.1_11,True,0.9999194605677985,0.0,False
JADJOY010000047.1_6,True,0.9992212678740725,0.0012,True
JADJOY010000048.1_19,True,0.9993979526285662,0.001,True
JADJOY010000054.1_27,True,0.9922688128868401,0.0006,True
JADJOY010000062.1_14,True,0.9841572924447448,0.0,False
JADJOY010000063.1_9,True,0.7160579508978919,0.0,False
JADJYS010000001.1_148,True,0.988243678299316,0.0006,True
JADJYS010000002.1_244,True,0.9503627920748341,0.0,False
JADJYS010000006.1_218,True,0.9875193489979743,0.0004,False
JADJYS010000012.1_28,True,0.9999220383715025,0.0004,False
JADJYS010000033.1_30,True,0.664440010410341,0.0,False
JADGDI010000026.1_2,True,0.8809751019345884,0.0,False
JADGDI010000051.1_15,True,0.9983971178857005,0.0006,True
JADGDI010000054.1_2,True,0.9874239527310482,0.0008,True
JADGDI010000078.1_9,True,0.9706900672042171,0.0002,False
JADGDI010000007.1_5,True,0.9401005120799838,0.0,False
JADHWT010000002.1_3,True,0.821549405743038,0.0,False
JADHWK010000001.1_48,True,0.9995783118738973,0.0004,False
JADHWK010000029.1_19,True,0.909837220670161,0.0,False
JADHWK010000032.1_7,True,0.90106118308151,0.0,False
JADHWK010000040.1_14,True,0.992988939740164,0.0004,False
JADHWK010000050.1_3,True,0.5359590526589746,0.0,False
JADHWK010000016.1_25,True,0.9975315210374315,0.0008,True
JADHWK010000002.1_27,True,0.9585218958208604,0.0004,False
JADHWK010000004.1_61,True,0.7220438969376247,0.0,False
JADHUQ010000131.1_4,True,0.9989882144832217,0.0002,False
JADHUQ010000147.1_2,True,0.9967839698448852,0.0,False
JADHUQ010000066.1_4,True,0.8441051444434805,0.0,False
JADHUQ010000069.1_1,True,0.9158806759967061,0.0,False
JADHUQ010000080.1_1,True,0.9308381395846531,0.0002,False
JADHUQ010000089.1_2,True,0.9423448950011846,0.0004,False
JADHUQ010000002.1_2,True,0.8207686301726381,0.0,False
JAERTH010000031.1_55,True,0.9080472605859201,0.0002,False
JAERTH010000083.1_33,True,0.9966650108055923,0.0004,False
JAERTH010000095.1_26,True,0.9990259670865468,0.001,True
JAERTH010000120.1_8,True,0.989073380428885,0.0006,True
JAERTH010000160.1_11,True,0.8497440791185912,0.0,False
JAERTH010000161.1_2,True,0.9274877195981481,0.0,False
VGIW01000030.1_5,True,0.9972970393154854,0.0004,False
VGIW01000036.1_27,True,0.9242981719045313,0.0002,False
VGIW01000057.1_17,True,0.9579602115545317,0.0002,False
VGIW01000092.1_9,True,0.829443914288193,0.0,False
VGIW01000094.1_7,True,0.9908005192068727,0.0,False
VGIX01000029.1_12,True,0.9113176151255007,0.0,False
VGIX01000053.1_1,True,0.9447198725778096,0.0002,False
VGIX01000097.1_3,True,0.9957624948780475,0.0004,False
JAFGOL010000198.1_3,True,0.8458402012665914,0.0,False
JAFGOL010000202.1_2,True,0.7206558514791359,0.0,False
JAFGOL010000207.1_2,True,0.6902923570746942,0.0,False
JAFGOL010000210.1_7,True,0.7107660275874035,0.0,False
JAFGOL010000231.1_1,True,0.9996910021808963,0.0004,False
JAFGOL010000238.1_10,True,0.951772744073045,0.0,False
JAFGOL010000072.1_8,True,0.914412195690831,0.0002,False
JAFGOL010000016.1_5,True,0.8304849483820596,0.0,False
JAFGOL010000136.1_1,True,0.9999977841629625,0.0002,False
JAFGND010000078.1_10,True,0.9961731672643351,0.0002,False
JAFGND010000002.1_16,True,0.8824499002342326,0.0,False
JAFGKQ010000243.1_4,True,0.9980723249568982,0.001,True
JAFGKQ010000244.1_3,True,0.9958605173025327,0.0,False
JAFGKQ010000272.1_3,True,0.7800815476706862,0.0,False
JAFGKQ010000278.1_4,True,0.9953916283962047,0.0,False
JAFGKQ010000320.1_2,True,0.5225123622798646,0.0,False
JAFGKQ010000052.1_1,True,0.8554697666348573,0.0,False
JAFGKQ010000095.1_8,True,0.9981297959329355,0.001,True
JAFGKQ010000206.1_5,True,0.9646469063459338,0.0006,True
JAFGKM010000033.1_12,True,0.9996099984563939,0.0004,False
JAFGKM010000033.1_43,True,0.9958248199039068,0.0,False
JAFGKM010000044.1_28,True,0.9684757505166841,0.0004,False
JAFGKM010000047.1_53,True,0.8640582979092565,0.0,False
JAFGKM010000050.1_6,True,0.9737841757361889,0.0,False
JAFGJP010000311.1_6,True,0.5877504988288367,0.0,False
JAFGJP010000071.1_4,True,0.8971111303895203,0.0,False
JAFGJP010000130.1_5,True,0.9938710285773203,0.0,False
JAFGJP010000218.1_5,True,0.8504381018478355,0.0,False
JAFGJP010000228.1_14,True,0.9996133992624872,0.0004,False
JAFGJP010000286.1_3,True,0.9746286906814722,0.0002,False
JAFGIT010000006.1_14,True,0.9978241613127813,0.0002,False
JAFGIT010000103.1_4,True,0.9942721727964197,0.0006,True
JAFGIQ010000307.1_4,True,0.8705647609959226,0.0,False
JAFGIQ010000044.1_1,True,0.9961570438797703,0.0008,True
JAFGIQ010000106.1_5,True,0.9954768017739368,0.0002,False
JAFGIQ010000116.1_12,True,0.9925906918360481,0.0,False
JAFGGD010000049.1_47,True,0.9459914349857852,0.0,False
JAFGGD010000054.1_51,True,0.7679361499089096,0.0,False
JAFGGD010000054.1_92,True,0.999803358469826,0.0002,False
JAFGGD010000055.1_15,True,0.8456666955842804,0.0,False
JAFGGD010000030.1_190,True,0.9581928963274123,0.0002,False
JAFGEX010000278.1_2,True,0.9943557776142737,0.0,False
JAFGEX010000360.1_17,True,0.9927662341682447,0.0,False
JAFGEX010000377.1_11,True,0.9235331480970245,0.0008,True
JAFGEX010000396.1_6,True,0.9063400050444905,0.0002,False
JAFGEX010000080.1_5,True,0.9881840932217628,0.0002,False
JAFGEX010000101.1_7,True,0.7799947948295307,0.0,False
JAFGEX010000104.1_5,True,0.9980087395959982,0.0,False
JAFGEX010000114.1_7,True,0.9623914857188379,0.0,False
JAFGEX010000226.1_3,True,0.9998638310380892,0.0002,False
JAFGEV010000379.1_3,True,0.9953262227133514,0.0006,True
JAFGEV010000426.1_1,True,0.9993146944677425,0.0002,False
JAFGEV010000109.1_8,True,0.8640582979092565,0.0,False
JAFGEV010000109.1_13,True,0.9997481677244932,0.0006,True
JAFGEV010000133.1_5,True,0.9278376888525147,0.0,False
JAFGEV010000185.1_12,True,0.9993308202024771,0.0002,False
JAFGEV010000259.1_1,True,0.9765995733225686,0.0002,False
JAFGEV010000265.1_3,True,0.9949445208241626,0.0002,False
JAFGEV010000268.1_6,True,0.9929683027815708,0.0,False
JAFGEV010000272.1_10,True,0.38847922269454327,0.0,False
JAFGEV010000316.1_7,True,0.9997059944784659,0.0006,True
JAFGEV010000343.1_25,True,0.99653756033216,0.0,False
JAFGEV010000374.1_1,True,0.8645788149561898,0.0002,False
JAFGEW010000112.1_58,True,0.9994983340901362,0.001,True
JAFGEW010000115.1_9,True,0.9927939884294856,0.0002,False
JAFGEW010000127.1_10,True,0.99474477799348,0.0,False
JAFGEW010000132.1_66,True,0.9970783945087337,0.0004,False
JAFGEW010000029.1_14,True,0.9868078937095828,0.0002,False
JAFGEW010000005.1_4,True,0.9905133459550292,0.0002,False
JAFGEW010000031.1_47,True,0.9994852183458325,0.0006,True
JAFGEW010000040.1_22,True,0.9916725282087401,0.0002,False
JAFGEW010000054.1_5,True,0.987436112859076,0.0002,False
JAFGEW010000068.1_1,True,0.9619403165115085,0.0002,False
JAFGEW010000081.1_17,True,0.5597293311355946,0.0002,False
JAFGEQ010000019.1_265,True,0.8834909343280992,0.0,False
JAFGEQ010000009.1_190,True,0.9971212938707155,0.0,False
JAFGEQ010000001.1_4,True,0.977154440628634,0.0,False
JAFGEQ010000012.1_108,True,0.8826234059165438,0.0,False
JAFGCY010000098.1_55,True,0.7502385703131778,0.0,False
JAFGCY010000035.1_38,True,0.9946821355123552,0.0,False
JAFGCY010000043.1_3,True,0.8354298603279258,0.0,False
JAFGCY010000065.1_58,True,0.6783204649952286,0.0,False
JAFGCY010000010.1_39,True,0.9991054142824826,0.0006,True
JAFGBW010000027.1_7,True,0.9839180138791356,0.0002,False
JAFGBW010000292.1_3,True,0.9047369035875366,0.0,False
JAFGBW010000043.1_19,True,0.9941985619109266,0.0006,True
JAFGBW010000090.1_3,True,0.997617006845718,0.0008,True
JAFGBW010000010.1_9,True,0.9964624886970972,0.0002,False
JAFGBW010000103.1_7,True,0.9331436052443155,0.0,False
JAFGBW010000103.1_38,True,0.5820248113125704,0.0,False
JAFGBW010000129.1_20,True,0.9992248799605165,0.0006,True
JAFGBW010000167.1_19,True,0.8877418235447211,0.0004,False
JAFGBW010000180.1_2,True,0.9991168184450046,0.0012,True
JAFGBE010000153.1_4,True,0.9446650420508521,0.0,False
JAFGBE010000021.1_3,True,0.9942383775760975,0.0004,False
JAFGBE010000163.1_5,True,0.8453196842196582,0.0,False
JAFGBE010000172.1_4,True,0.9479470469495197,0.0004,False
JAFGBE010000033.1_12,True,0.9613393525030955,0.0,False
JAFGBE010000062.1_1,True,0.9993229799684334,0.0004,False
JAFGBE010000100.1_2,True,0.9304749900607833,0.0,False
JAFGBE010000100.1_3,True,0.9775640620941486,0.0002,False
JAFGBE010000105.1_4,True,0.8624099939273011,0.0,False
JAFGBE010000016.1_1,True,0.9182632279437863,0.0,False
JAFGAQ010000104.1_11,True,0.9896369148877118,0.0,False
JAFGAQ010000111.1_2,True,0.4180619415285851,0.0,False
JAFGAQ010000137.1_2,True,0.9563119724143264,0.0,False
JAFGAQ010000018.1_6,True,0.9912758708048237,0.0,False
JAFGAQ010000040.1_3,True,0.8059338943350395,0.0,False
JAFGAQ010000324.1_2,True,0.9997912438060875,0.0008,True
JAFGAQ010000054.1_2,True,0.9996984537755471,0.0,False
JAFGAQ010000416.1_4,True,0.9650708039614286,0.0012,True
JAFGAQ010000067.1_3,True,0.9499495017398215,0.0004,False
JAFGAQ010000440.1_2,True,0.8852259911512103,0.0006,True
JAFGTL010000650.1_5,True,0.9013513596957959,0.0,False
JAFGTL010000058.1_1,True,0.9918910793179712,0.0002,False
JAFGTL010000683.1_3,True,0.8499175848009022,0.0,False
JAFGTL010000742.1_6,True,0.9813543923605459,0.0004,False
JAFGTL010000756.1_7,True,0.9956604783266105,0.0002,False
JAFGTL010000762.1_4,True,0.2785633729504642,0.0,False
JAFGTL010000792.1_1,True,0.9900205092552666,0.0,False
JAFGTL010000806.1_4,True,0.9500381313305384,0.0,False
JAFGTL010000178.1_6,True,0.9134607448952505,0.0002,False
JAFGTL010000178.1_10,True,0.872993840548278,0.0,False
JAFGTL010000178.1_11,True,0.8719528064544114,0.0,False
JAFGTL010000178.1_12,True,0.8682224342847228,0.0002,False
JAFGTL010000180.1_3,True,0.9056572334724975,0.0,False
JAFGTL010000291.1_6,True,0.9940388615635893,0.0004,False
JAFGTL010000308.1_2,True,0.9798229112487,0.0,False
JAFGTL010000380.1_1,True,0.9781650015505167,0.0,False
JAFGTL010000031.1_2,True,0.9938279990491007,0.0,False
JAFGTL010000527.1_2,True,0.9989973378469245,0.001,True
JAFGTL010000539.1_1,True,0.9908657540659395,0.0008,True
JAFGTL010000541.1_1,True,0.9955165072623732,0.0002,False
JAFGTL010000544.1_2,True,0.8628437581330789,0.0,False
JAFGTL010000555.1_3,True,0.9739223771745804,0.0,False
JAFGTC010000231.1_2,True,0.9978201680622031,0.0002,False
JAFGTC010000254.1_19,True,0.9945704723666469,0.0,False
JAFGTC010000266.1_4,True,0.9340744761424485,0.0,False
JAFGTC010000276.1_12,True,0.9794908894858966,0.0,False
JAFGTC010000287.1_8,True,0.9773530289865208,0.0006,True
JAFGTC010000035.1_41,True,0.9557512917165617,0.0,False
JAFGTC010000296.1_10,True,0.9572648720082763,0.0002,False
JAFGTC010000050.1_9,True,0.3065845406437061,0.0,False
JAFGTC010000054.1_18,True,0.9993863713733021,0.0004,False
JAFGTC010000074.1_12,True,0.9933998975459909,0.0,False
JAFGTC010000112.1_12,True,0.9885712329478541,0.0004,False
JAFGTC010000192.1_2,True,0.9813400003384073,0.0,False
JAFGTC010000196.1_8,True,0.8251930250715711,0.0,False
JAFGWL010000056.1_196,True,0.9981798099746898,0.0004,False
JAFGWL010000060.1_4,True,0.8382927040860588,0.0,False
JAFGWL010000022.1_33,True,0.94948487219059,0.0006,True
JAFGWL010000025.1_45,True,0.8085364795697059,0.0,False
JAFGWL010000044.1_14,True,0.9931282931058464,0.0002,False
JAFGUZ010000127.1_1,True,0.8230242040426824,0.0,False
JAFGUZ010000129.1_2,True,0.9992455690522462,0.0008,True
JAFGUZ010000131.1_37,True,0.9959286490611707,0.0002,False
JAFGUZ010000134.1_3,True,0.9314715702494205,0.0,False
JAFGUZ010000151.1_46,True,0.8630172638153899,0.001,True
JAFGUZ010000157.1_2,True,0.9966901251480583,0.0002,False
JAFGUZ010000165.1_84,True,0.9968661647459431,0.0,False
JAFGUZ010000178.1_7,True,0.9918823477390968,0.0004,False
JAFGUZ010000210.1_24,True,0.9552401034411271,0.0012,True
JAFGUZ010000210.1_73,True,0.9762835247120173,0.0006,True
JAFGUZ010000224.1_60,True,0.9793490663560818,0.0002,False
JAFGUZ010000240.1_16,True,0.9966266628017523,0.0006,True
JAFGUZ010000041.1_2,True,0.9797218106660704,0.0002,False
JAFGUZ010000008.1_3,True,0.9179555372670121,0.0002,False
JAFKJK010000010.1_5,True,0.68725600763425,0.0,False
JAFKJK010000003.1_24,True,0.9998742201589659,0.0014,True
JAFKJK010000011.1_139,True,0.9969366018397096,0.0002,False
JAFKJK010000012.1_101,True,0.7773054567537087,0.0,False
JAFKJK010000013.1_47,True,0.9565596887054744,0.0,False
JAFKJK010000013.1_237,True,0.9902331216263899,0.0004,False
JAFKJK010000015.1_30,True,0.9993569698759465,0.001,True
JAFKJK010000017.1_19,True,0.9668230243373407,0.001,True
JAFKJK010000007.1_121,True,0.9978579854937688,0.0002,False
JAFKJK010000007.1_314,True,0.990297776563162,0.0006,True
JAFKJK010000007.1_459,True,0.9993762663336991,0.001,True
JAFKJK010000018.1_212,True,0.8307452069055261,0.0,False
JAFKJK010000019.1_30,True,0.8780255053352998,0.0,False
JAFKJK010000008.1_75,True,0.9999697691373431,0.0002,False
JAFKJK010000025.1_55,True,0.9851064334235653,0.0004,False
JAFKJK010000026.1_89,True,0.985720931848542,0.0004,False
JAFKJK010000030.1_35,True,0.9423700410828213,0.0,False
JAFRSI010000061.1_22,True,0.9987442256286237,0.0008,True
JAFRSI010000113.1_11,True,0.8605014314218791,0.0004,False
JAFRSI010000134.1_2,True,0.999823736224419,0.0004,False
JAFRSI010000134.1_3,True,0.9990929344521371,0.0008,True
JAFRSI010000141.1_15,True,0.8238049796130823,0.0002,False
JAFRSI010000141.1_84,True,0.9633135134820291,0.0,False
JAFSDM010000016.1_30,True,0.9303949882008299,0.0,False
JAFSDM010000003.1_2,True,0.8617159711980568,0.0,False
JAFSDM010000022.1_42,True,0.9949340304011641,0.0,False
JAFSDM010000030.1_64,True,0.9990280639735756,0.0008,True
JAFSDM010000036.1_1,True,0.9904678045242645,0.0006,True
JAFSDM010000045.1_2,True,0.9989870993044904,0.0006,True
JAFRXC010000047.1_16,True,0.9786865072882891,0.0004,False
JAFRXC010000068.1_7,True,0.655417714930164,0.0,False
JAFRXC010000079.1_6,True,0.9993683578488565,0.0012,True
JAFRXC010000012.1_2,True,0.994664325699867,0.0002,False
JAFRXC010000016.1_24,True,0.9947653593083963,0.001,True
JAFRXC010000034.1_7,True,0.9799821686431635,0.0006,True
JAFRZH010000018.1_50,True,0.8921662184436541,0.0,False
JAFRZH010000033.1_26,True,0.5687516266157717,0.0,False
JAFRZH010000009.1_20,True,0.997118279581152,0.0002,False
JAFRZH010000010.1_4,True,0.9967712935895385,0.0,False
JAFSWN010000088.1_2,True,0.9942611662186874,0.0,False
JAFSWN010000090.1_2,True,0.9993816001606025,0.0004,False
JAFSWN010000172.1_19,True,0.9815014076314136,0.0004,False
JAFSWN010000215.1_1,True,0.9987060509575122,0.0,False
JAFSWN010000222.1_2,True,0.9537618646059579,0.0016,True
JAFSWN010000234.1_4,True,0.945133493628982,0.0004,False
JAFSWN010000069.1_5,True,0.9257848708021941,0.0,False
JAFTKO010000021.1_112,True,0.9980140506329835,0.0002,False
JAFTKO010000021.1_143,True,0.9988210501200339,0.0006,True
JAFTKO010000036.1_4,True,0.9991165314608002,0.0006,True
JAFTKO010000023.1_2,True,0.7046065758653596,0.0,False
JAFTKO010000023.1_20,True,0.9860740617424187,0.0,False
JAFTKO010000025.1_59,True,0.9648861818321645,0.0006,True
JAFTKO010000031.1_13,True,0.9991910339505303,0.001,True
JAFTSJ010000008.1_1,True,0.9753907533672496,0.0,False
JAFUYQ010000014.1_52,True,0.9416659715346336,0.0,False
JAFUYQ010000014.1_53,True,0.9178416210958942,0.0,False
JAFUYQ010000014.1_195,True,0.6851739394465168,0.0,False
JAFUYQ010000015.1_65,True,0.3667042595645007,0.0,False
JAFUYQ010000003.1_1,True,0.9990748202597071,0.0004,False
JAFYIZ010000010.1_29,True,0.9350381858587663,0.0,False
JAFYIZ010000012.1_62,True,0.9830962223947401,0.0006,True
JAFYIZ010000033.1_2,True,0.8932072525375206,0.0,False
JAFYIZ010000034.1_15,True,0.9202939568638704,0.0,False
JAFYIZ010000005.1_8,True,0.9077868588849761,0.0,False
JAFYIZ010000041.1_17,True,0.9767671223942026,0.0,False
JAFYIZ010000044.1_32,True,0.834996096122148,0.0,False
JAFYIM010000060.1_1,True,0.9168713905714966,0.0,False
JAFYIM010000197.1_1,True,0.8594603973280125,0.0,False
JAFYIM010000215.1_4,True,0.86223648824499,0.0,False
JAFYIM010000294.1_3,True,0.9671743414190246,0.0002,False
JAFYIM010000377.1_2,True,0.6675631126919407,0.0,False
JAFYIM010000392.1_1,True,0.7269020560423354,0.0,False
JAFYIM010000392.1_2,True,0.6774529365836731,0.0,False
JAFYIM010000504.1_2,True,0.8851392383100547,0.0002,False
JAGACY010000069.1_5,True,0.9824682162108237,0.0002,False
JAGACY010000084.1_4,True,0.9739881184580578,0.0,False
JAGACY010000021.1_5,True,0.9888927260882491,0.0,False
JAGACY010000184.1_2,True,0.9745160041634165,0.0,False
JAGACY010000025.1_2,True,0.9779641339576255,0.0,False
JAGACY010000261.1_3,True,0.9872197834245537,0.0,False
JAGACY010000282.1_3,True,0.9826351743787773,0.0,False
JAGACY010000377.1_11,True,0.9833987676604337,0.0,False
JAGACY010000377.1_12,True,0.9820726863902998,0.0,False
JAGACY010000388.1_2,True,0.9451428494207795,0.0,False
JAGACY010000466.1_2,True,0.9701317947470034,0.0,False
JAGACY010000474.1_5,True,0.9308343094524159,0.0,False
JAGACY010000475.1_2,True,0.9686923938003451,0.0,False
JAGCPB010000044.1_25,True,0.6611434024464301,0.0,False
JAGCPB010000059.1_27,True,0.9662542651421571,0.0004,False
JAGCPB010000067.1_2,True,0.9946178348895638,0.0,False
JAGCPB010000071.1_3,True,0.9997640407200912,0.0006,True
JAGCPB010000081.1_8,True,0.9938376945186348,0.0,False
JAGCPB010000101.1_8,True,0.9941325223089907,0.0,False
JAGCPB010000105.1_6,True,0.9973606264786237,0.0,False
JAGCDY010000009.1_4,True,0.8565975535698794,0.0,False
JAGCDY010000074.1_21,True,0.9720877618293787,0.0,False
JAGCDY010000074.1_22,True,0.6450941268326538,0.0,False
JADIMU010000029.1_9,True,0.9932501864882642,0.0002,False
JADIMU010000044.1_27,True,0.9879747274820624,0.0,False
JADIMU010000068.1_7,True,0.8555565194760129,0.0,False
JADIMU010000016.1_92,True,0.9999964744285472,0.0012,True
CP051243.1_810,True,0.9764780259062944,0.0006,True
CP051243.1_959,True,0.9948740500237072,0.0,False
CP051243.1_1080,True,0.7281165958185131,0.0,False
CP051243.1_1198,True,0.9257349081474265,0.0,False
CP051243.1_1452,True,0.9930550348549844,0.0002,False
CP051243.1_1877,True,0.9997387429828093,0.001,True
CP051243.1_1917,True,0.9984498026611034,0.0,False
CP051243.1_2103,True,0.9912206401287337,0.0002,False
CP051243.1_2394,True,0.9320470966313411,0.0,False
CP051243.1_2848,True,0.9997568742505382,0.0006,True
JAGALG010000088.1_3,True,0.9971972781519608,0.0008,True
JAGALG010000106.1_1,True,0.9978413658125255,0.0012,True
JAGALG010000147.1_1,True,0.98436638525587,0.0,False
JAGALG010000218.1_15,True,0.861282206992279,0.0,False
JAGALG010000225.1_6,True,0.49639975709204476,0.0,False
JAGALG010000244.1_1,True,0.9984160261732992,0.0,False
JAGALG010000244.1_9,True,0.9988624057535771,0.0008,True
JAFMIT010000085.1_8,True,0.9501623291742071,0.0,False
JAFMIT010000021.1_4,True,0.9994463812192113,0.001,True
JAFMIT010000057.1_7,True,0.9977424989242195,0.0002,False
JAGOEH010000063.1_4,True,0.8763772013533443,0.0,False
JAGOEH010000298.1_2,True,0.7414765333564675,0.0,False
JAGOEH010000086.1_10,True,0.6294786154246551,0.0,False
JAGOEH010000088.1_1,True,0.9869446950851202,0.0,False
JAGOEH010000119.1_6,True,0.9997689823881588,0.0006,True
JAGOEH010000009.1_8,True,0.9888709845202154,0.001,True
JAGOEH010000181.1_1,True,0.9482141320486607,0.0,False
JAGOEH010000019.1_1,True,0.9558632419948784,0.0004,False
JAGOEH010000207.1_3,True,0.8670946473497007,0.0002,False
JAGOEH010000038.1_4,True,0.9845455042757512,0.0004,False
JAGOEH010000246.1_2,True,0.9671090498193313,0.0004,False
JAGOEH010000249.1_1,True,0.8272750932593043,0.0,False
JAGOEH010000057.1_7,True,0.9405181897292839,0.0,False
JAGOEH010000058.1_5,True,0.9971475299142588,0.0006,True
JAGOBX010000479.1_1,True,0.999039251979648,0.0,False
JAGOBX010000554.1_2,True,0.9943228531785271,0.0006,True
JAGOBX010000580.1_3,True,0.993024074899485,0.0002,False
JAGOBX010000082.1_1,True,0.9536183017405634,0.0002,False
JAGOBX010000093.1_3,True,0.9733926613298481,0.0,False
JAGOBX010000189.1_3,True,0.9867898330993858,0.0002,False
JAGOBX010000244.1_3,True,0.9901789565936155,0.0004,False
JAGOBX010000252.1_1,True,0.8633642751800121,0.0,False
JAGOBX010000297.1_2,True,0.9576280201013214,0.0002,False
JAGOBX010000312.1_1,True,0.999169909308924,0.0002,False
JAGOBX010000366.1_2,True,0.9101490205154283,0.0,False
JAGOBX010000011.1_3,True,0.9945600820900603,0.0002,False
JAGPNE010000004.1_88,True,0.997279061928759,0.0,False
JAGPNE010000006.1_71,True,0.8704780081547671,0.0002,False
JAGPNE010000001.1_294,True,0.9977482220220618,0.0002,False
JAGPNE010000010.1_4,True,0.9154757855609329,0.0,False
JAGPNE010000003.1_87,True,0.9363577646123356,0.0,False
JAGPNE010000003.1_110,True,0.8387264682918365,0.0,False
JAGPKD010000179.1_1,True,0.9596331568494287,0.0,False
JAGPKD010000045.1_7,True,0.8277956103062375,0.0,False
JAGPKD010000057.1_5,True,0.5291923310488419,0.0002,False
JAGPKD010000068.1_2,True,0.9998021936154666,0.0008,True
JAGPKD010000071.1_8,True,0.9973351936591622,0.0014,True
JAGPKD010000071.1_9,True,0.9984451825641509,0.0014,True
JAGPKD010000012.1_1,True,0.9996151089285563,0.0002,False
JAGPKD010000116.1_4,True,0.9689188834220513,0.0,False
JAGPKD010000150.1_3,True,0.9918762435588828,0.0012,True
JAGPKD010000004.1_16,True,0.9993916915140122,0.0,False
JAGOUY010000004.1_31,True,0.9534171302651436,0.0002,False
JAGOUY010000007.1_39,True,0.920742604150989,0.0006,True
JAGXTL010000116.1_3,True,0.7904918886093519,0.0,False
JAGXTL010000003.1_17,True,0.9993434356400944,0.001,True
JAGXTL010000098.1_10,True,0.8155634597033052,0.0,False
JAGXTL010000019.1_96,True,0.9228978915875475,0.0,False
JAGXTL010000049.1_23,True,0.9810073001704132,0.0,False
JAGXTL010000131.1_2,True,0.989562223014292,0.0004,False
JAGXTL010000111.1_13,True,0.7540556953240218,0.0,False
JAGXTL010000042.1_2,True,0.989787189755375,0.0004,False
JAGXTL010000042.1_14,True,0.9354416309198715,0.0,False
JAGXLP010000057.1_10,True,0.9994219483920389,0.0004,False
JAGXLP010000008.1_1,True,0.8900841502559209,0.0002,False
JAGXLP010000127.1_2,True,0.9955635964527805,0.0,False
JAGXLP010000032.1_4,True,0.9852017614984732,0.0,False
JAGXKI010000022.1_7,True,0.8579855990283681,0.0002,False
JAGXKI010000028.1_13,True,0.8970243775483647,0.0,False
JAGXKI010000004.1_8,True,0.9964678165320391,0.0006,True
JAGXKI010000053.1_7,True,0.9832839463808235,0.0004,False
JAGXKI010000001.1_119,True,0.9952461485506544,0.0,False
JAGYOC010000121.1_1,True,0.9947160344544727,0.0,False
JAGYOC010000221.1_1,True,0.9138191632487003,0.0,False
JAGYOC010000301.1_5,True,0.9918443040862613,0.001,True
JAGYNK010000030.1_1,True,0.9602255665019723,0.0004,False
JAGYNK010000050.1_3,True,0.9980000355625197,0.0004,False
JAGYNK010000088.1_15,True,0.9976676272254106,0.0004,False
JAHDNF010000039.1_8,True,0.9526728235058852,0.0012,True
JAHDNF010000005.1_153,True,0.9087081061065763,0.0,False
JAHDNF010000004.1_22,True,0.7589138544287325,0.0,False
JAHDNF010000004.1_34,True,0.9970596474661085,0.0008,True
JAHDNF010000002.1_343,True,0.9820114232307596,0.0002,False
JAHDNF010000008.1_112,True,0.9645904256417029,0.0002,False
JAHDNF010000008.1_210,True,0.9988787217019364,0.0002,False
JAHDNF010000012.1_72,True,0.9994987098153884,0.0006,True
JAHDNF010000003.1_54,True,0.9856846565787537,0.0002,False
JAHDNF010000003.1_55,True,0.9802224377173618,0.0002,False
JABIXH010000044.1_29,True,0.9999338834468706,0.0006,True
JABIXH010000184.1_4,True,0.9174788569875962,0.0,False
JABIXH010000200.1_6,True,0.9056321170983307,0.0,False
JABIXH010000201.1_18,True,0.9585166635962321,0.0002,False
JABIXH010000207.1_12,True,0.9985061063244797,0.0006,True
JABIXH010000082.1_1,True,0.9814387128670873,0.0002,False
JABIXH010000046.1_1,True,0.9967429164174917,0.0004,False
JABIXH010000142.1_17,True,0.9231095985394633,0.0,False
QLTX01000152.1_5,True,0.9892006245017546,0.0012,True
QLTX01000017.1_7,True,0.9840004976186174,0.0004,False
QLTX01000018.1_9,True,0.9145703862697713,0.0,False
QLTX01000201.1_3,True,0.999682455787597,0.0006,True
QLTX01000221.1_2,True,0.928175838853322,0.0002,False
QLTX01000034.1_10,True,0.9888314776685937,0.0,False
QLTX01000037.1_9,True,0.8442786501257916,0.0,False
QLTX01000038.1_7,True,0.34250021688210297,0.0,False
QLTX01000052.1_2,True,0.3372082935716145,0.0,False
QLTX01000085.1_2,True,0.996837008713705,0.0,False
QLTX01000009.1_36,True,0.992131362687015,0.0004,False
QLTX01000092.1_7,True,0.999592037674249,0.0004,False
QLUP01000129.1_6,True,0.9203000442152282,0.0002,False
QLUP01000131.1_4,True,0.9968700255406652,0.0,False
QLUP01000135.1_2,True,0.3493536913333912,0.0,False
QLUP01000136.1_4,True,0.9997911258650886,0.0008,True
QLUP01000036.1_5,True,0.9930549354809726,0.0,False
QLUP01000046.1_6,True,0.948164240296394,0.0002,False
JAHJDR010000169.1_7,True,0.9580756942730813,0.0,False
JAHJDR010000176.1_2,True,0.9992493809487841,0.0012,True
JAHJDR010000242.1_2,True,0.9899313077352546,0.0002,False
JAHJDR010000266.1_5,True,0.9034680839447263,0.0002,False
JAHJDR010000305.1_2,True,0.9775043261655961,0.0002,False
JAHJDR010000305.1_7,True,0.968080825429722,0.0002,False
JAHJDR010000307.1_2,True,0.9979940836418794,0.0008,True
JAHJDR010000342.1_4,True,0.8402012665914809,0.0,False
JAHJDR010000428.1_1,True,0.9924950568590454,0.0,False
JAHJDR010000067.1_22,True,0.9990184050549247,0.001,True
JAHJDR010000073.1_5,True,0.8290969029235707,0.0,False
JAHJDR010000167.1_2,True,0.9991540500338459,0.0002,False
JAHJDO010000072.1_14,True,0.990642850110903,0.001,True
JAHJDO010000075.1_40,True,0.8407217836384142,0.0,False
JAHJDO010000081.1_21,True,0.9997195858425255,0.0006,True
JAHJDO010000090.1_12,True,0.9951440524919103,0.0004,False
JAHJDO010000160.1_4,True,0.9881817489753175,0.0,False
JAHJDO010000007.1_2,True,0.651947601283942,0.0,False
JAHJDO010000127.1_17,True,0.8419363234145918,0.0,False
JAHJDO010000143.1_2,True,0.9858786829612146,0.0,False
JAHJDO010000033.1_23,True,0.9965313312953831,0.0002,False
JAHJDJ010000178.1_9,True,0.7112865446343368,0.0002,False
JAHJDJ010000234.1_3,True,0.8674416587143229,0.0,False
JAHJDJ010000245.1_7,True,0.8787195280645441,0.0004,False
JAHJDJ010000063.1_11,True,0.8949423093606316,0.0008,True
JAHJDJ010000088.1_2,True,0.9998216649364251,0.0008,True
JAHJDJ010000007.1_4,True,0.8952893207252538,0.0002,False
JAHJDJ010000146.1_1,True,0.5426390214279517,0.0,False
JAHIZU010000223.1_8,True,0.821375900060727,0.0,False
JAHIZU010000253.1_9,True,0.9622777200275511,0.0018,True
JAHIZU010000260.1_4,True,0.9736821869131227,0.0,False
JAHIZU010000099.1_1,True,0.9064444855321682,0.0002,False
JAHKBB010000147.1_1,True,0.9935099812095406,0.0004,False
JAHKBB010000034.1_5,True,0.9401817475022879,0.0,False
JAHJSD010000032.1_4,True,0.9906371960075565,0.001,True
JAHJSD010000060.1_9,True,0.9992011075114483,0.0004,False
JAHJSD010000065.1_10,True,0.9990871357548896,0.0006,True
JAHJSD010000081.1_6,True,0.9924559108216705,0.0006,True
JAHIPN010000088.1_4,True,0.9982963424657396,0.0014,True
JAHIPN010000117.1_2,True,0.5531361152077731,0.0,False
JAHIPN010000011.1_5,True,0.9989569277701079,0.0002,False
JAHIPN010000153.1_3,True,0.9982273529782555,0.0006,True
JAHIPN010000225.1_1,True,0.6491715103669645,0.0,False
JAHIPN010000028.1_8,True,0.9984165363488985,0.0004,False
JAHIPN010000304.1_2,True,0.9965346694433633,0.0,False
JAHIPN010000344.1_6,True,0.9972733192395485,0.0,False
JAHIPN010000360.1_2,True,0.9998462785624276,0.0002,False
JAHIPN010000362.1_3,True,0.998480240702861,0.0002,False
JAHIPN010000402.1_1,True,0.9783690167652092,0.0004,False
JAHIPN010000424.1_3,True,0.9559912435782053,0.0,False
JAHIPN010000454.1_7,True,0.949559349082927,0.0,False
JAHIPN010000068.1_5,True,0.9811420241828838,0.0002,False
JAHIKO010000052.1_23,True,0.8399410080680142,0.0,False
JAGWYZ010000152.1_1,True,0.9966637269520371,0.0004,False
JAGWYZ010000009.1_10,True,0.976650041271336,0.0002,False
JAGWYZ010000254.1_2,True,0.9976235891594819,0.0006,True
JAGWYZ010000278.1_5,True,0.9757225711840528,0.0,False
JAGWYZ010000289.1_2,True,0.999999690532419,0.0,False
JAGWYZ010000063.1_12,True,0.7993406784072178,0.0,False
JAGWYZ010000084.1_2,True,0.8638847922269455,0.0,False
JAGWYZ010000102.1_4,True,0.9885096116859253,0.0004,False
JAGWXF010000006.1_97,True,0.9983254952009197,0.0002,False
JAGWXF010000026.1_14,True,0.9931690214524802,0.0,False
JAGWXF010000001.1_28,True,0.999074529580771,0.0008,True
JAGWXF010000002.1_102,True,0.7058211156415373,0.0,False
JAGWXF010000003.1_17,True,0.8627570052919233,0.0,False
JAGWXF010000011.1_16,True,0.6911598854862496,0.0002,False
JAGWXF010000031.1_5,True,0.9401678982267565,0.0,False
JAGWXF010000014.1_68,True,0.7213498742083804,0.0,False
JAGWXF010000017.1_6,True,0.9843138198702075,0.0,False
JAFAZD010000077.1_5,True,0.8439316387611694,0.0002,False
JAFAZD010000159.1_4,True,0.9897516796083101,0.0002,False
JAFAZD010000076.1_8,True,0.984533458349139,0.0,False
JAFAZD010000149.1_13,True,0.9892088150712616,0.0,False
JAFAZD010000031.1_14,True,0.9794488865764741,0.0002,False
JAFAZD010000036.1_9,True,0.5332697145831526,0.0,False
JAFAZD010000213.1_6,True,0.9999886692731804,0.0004,False
JAFAZD010000008.1_2,True,0.9997425931019932,0.0008,True
JAFAZD010000146.1_2,True,0.995148303221866,0.0,False
JAFAZD010000196.1_7,True,0.9971075023573648,0.001,True
JAFAZD010000251.1_5,True,0.9988888420635736,0.0,False
JAFAZD010000352.1_6,True,0.9991626631179663,0.001,True
JAFAZD010000131.1_7,True,0.9168610887754046,0.0004,False
JAFAZD010000332.1_1,True,0.9413022711647092,0.0,False
JAFAZD010000387.1_1,True,0.9944193379475355,0.0,False
JAFAZD010000001.1_34,True,0.9901469535664816,0.0002,False
JAFAZD010000384.1_28,True,0.9946327660906263,0.0012,True
JAFAZD010000179.1_16,True,0.8274485989416154,0.0,False
JAFAZD010000160.1_10,True,0.9403123228228045,0.0002,False
JAFAZD010000266.1_1,True,0.9986094694643087,0.0002,False
JAFAZD010000393.1_6,True,0.9190380084807988,0.0,False
ONXP01000055.1_4,True,0.9197373107161473,0.0002,False
ONXP01000020.1_27,True,0.854775743905613,0.0,False
UQCL01000017.1_21,True,0.9957973621244494,0.0004,False
UQCL01000020.1_5,True,0.9991491874133943,0.001,True
UQCL01000022.1_23,True,0.9829518710896108,0.0,False
UQCL01000026.1_5,True,0.4953587229981782,0.0002,False
UQCL01000039.1_2,True,0.9856091941967522,0.0,False
UQCL01000068.1_6,True,0.9332681558442698,0.0002,False
URIY01000005.1_68,True,0.9209473416533773,0.0,False
URIY01000009.1_44,True,0.9802166106334469,0.0012,True
URIY01000012.1_3,True,0.8552962609525462,0.0,False
URIY01000017.1_18,True,0.9935057850790525,0.0004,False
URIY01000020.1_30,True,0.9823303183552767,0.0,False
URUF01000002.1_28,True,0.9269574307828337,0.0,False
URUF01000023.1_1,True,0.9107982936144999,0.0,False
URUF01000031.1_17,True,0.9999981039669056,0.0,False
URWG01000035.1_3,True,0.496920274138978,0.0,False
URWG01000080.1_7,True,0.945463910796839,0.0004,False
URWG01000086.1_4,True,0.9999255965782663,0.0008,True
URWG01000120.1_2,True,0.9843037425896801,0.0,False
USIB01000009.1_21,True,0.8658801075735231,0.0,False
USJX01000036.1_20,True,0.9970918953287364,0.0,False
USJX01000146.1_1,True,0.6801422746594951,0.0,False
CAAETL010000110.1_9,True,0.9916611281650002,0.0002,False
CAAETL010000164.1_9,True,0.7409560163095341,0.0,False
CAAETL010000185.1_2,True,0.9684746643866916,0.0,False
CAAETL010000215.1_1,True,0.9759904495402576,0.0008,True
CAAETL010000253.1_3,True,0.9253710150442545,0.0,False
CAAETL010000279.1_3,True,0.9899555345431239,0.0,False
CAAEXI010000002.1_91,True,0.859547150169168,0.0,False
CAAEXI010000006.1_21,True,0.619155027327145,0.0,False
CAAEXI010000012.1_21,True,0.6835256354645615,0.0,False
CABZRS010000001.1_33,True,0.6679968768977184,0.0,False
CABZRS010000010.1_6,True,0.8414158063676586,0.0,False
CABZRS010000014.1_21,True,0.8242387438188601,0.0,False
CABZRS010000030.1_1,True,0.9997303715372106,0.0002,False
CABZRS010000030.1_6,True,0.9980668678297467,0.0004,False
CACGHR010000014.1_1,True,0.9969356896691731,0.0,False
CACGHR010000033.1_13,True,0.9987572964634619,0.0,False
CACGHR010000062.1_4,True,0.9988994722380076,0.0,False
CACGJS010000002.1_1,True,0.9973977441380415,0.0004,False
CACGSI010000002.1_27,True,0.9101567107356794,0.0002,False
CACGSI010000014.1_23,True,0.9866039162832013,0.0002,False
CACGSI010000018.1_11,True,0.9950837057349532,0.0002,False
CACGSI010000070.1_3,True,0.8834909343280992,0.0002,False
CACXDF010000020.1_1,True,0.9949954228445403,0.0004,False
CACXDF010000218.1_1,True,0.9713961982851185,0.0,False
CACXDF010000219.1_7,True,0.9061288011976365,0.0,False
CACXDF010000309.1_1,True,0.9220774673287319,0.0002,False
CACYFZ010000002.1_123,True,0.9438064596889092,0.0006,True
CACYFZ010000003.1_19,True,0.9340055812091321,0.0,False
CACYFZ010000011.1_4,True,0.981270186935378,0.0002,False
CACYFZ010000014.1_67,True,0.9996837266504118,0.0004,False
CACYFZ010000017.1_34,True,0.7334085191290015,0.0,False
CACYFZ010000032.1_8,True,0.9884215902933863,0.0,False
CACZFN010000001.1_48,True,0.9919312432444819,0.0002,False
CACZFN010000002.1_73,True,0.9633144612641077,0.0002,False
CACZFN010000006.1_104,True,0.9784803898841988,0.0,False
CACZFN010000006.1_168,True,0.9922906515685536,0.0004,False
CACZFN010000007.1_78,True,0.8727335820248113,0.0004,False
CACZFN010000009.1_21,True,0.6395419449986987,0.0,False
CACZFN010000012.1_22,True,0.9349177389019158,0.0,False
CACZFN010000018.1_109,True,0.9921148715480385,0.0004,False
CACZFN010000019.1_19,True,0.9939449538850115,0.001,True
CACZFN010000030.1_31,True,0.9982572256961965,0.0002,False
CACZFN010000033.1_24,True,0.990627141190772,0.0004,False
CACZLA010000009.1_1,True,0.9906136426070736,0.0002,False
CACZLA010000015.1_21,True,0.9361206626698413,0.0,False
CACZLA010000044.1_21,True,0.9895753508480847,0.0002,False
CADBLV010000054.1_5,True,0.9366229311874364,0.0,False
CADBLV010000183.1_2,True,0.9883605098556195,0.0004,False
CADBLV010000186.1_9,True,0.8805413377288106,0.0002,False
CADBLV010000368.1_5,True,0.9593931203574877,0.0002,False
CADBLV010000389.1_4,True,0.8385529626095255,0.0,False
CADCCW010000001.1_4,True,0.9935772695725642,0.0,False
CADCCW010000002.1_1,True,0.9894483389447593,0.0,False
CADCCW010000002.1_6,True,0.9551557017624198,0.0002,False
CADCCW010000003.1_1,True,0.7773054567537087,0.0,False
CADCCW010000003.1_80,True,0.9998584438265675,0.0,False
CADCCW010000006.1_86,True,0.9908182898876877,0.0004,False
CADCCW010000010.1_2,True,0.9637723210575148,0.0,False
CADCCW010000011.1_8,True,0.9997348659445081,0.0008,True
CADCCW010000011.1_57,True,0.9805958673415267,0.0006,True
CADCCW010000016.1_11,True,0.9269185845482677,0.0,False
CADCCW010000022.1_2,True,0.9488423918372431,0.0,False
CADCCW010000037.1_8,True,0.9910213325067246,0.0,False
CADCWE010000004.1_9,True,0.9966661366559203,0.0004,False
CADCWE010000020.1_11,True,0.9710022956922149,0.0006,True
CADCWE010000024.1_6,True,0.8932072525375206,0.0,False
CADCWE010000059.1_1,True,0.9988196741061472,0.0002,False
CADCWE010000149.1_1,True,0.9876284423075121,0.0,False
CADCWE010000155.1_6,True,0.9976126290259222,0.0002,False
CADCWE010000199.1_11,True,0.9889924455614146,0.0002,False
CADCWE010000201.1_46,True,0.9982786368952021,0.0004,False
CADCWE010000210.1_1,True,0.9459191524151498,0.0004,False
CADCWE010000254.1_12,True,0.9950241960053358,0.0004,False
CADCWE010000270.1_8,True,0.7563112691940661,0.0,False
CAIJMQ010000017.1_2,True,0.8560770365229461,0.0,False
CAIJMQ010000085.1_2,True,0.9890094753455179,0.0002,False
CAILUR010000010.1_4,True,0.7876290448512189,0.0,False
CAILUR010000158.1_7,True,0.8342153205517481,0.0,False
CAIOLV010000019.1_1,True,0.997015166538989,0.0,False
CAIOLV010000100.1_1,True,0.8524334171944131,0.0,False
CAIOLV010000142.1_2,True,0.8404615251149475,0.0,False
CAISUK010000045.1_3,True,0.9875177569028458,0.0,False
CAISUK010000065.1_10,True,0.9707329913203515,0.0,False
CAISUK010000204.1_33,True,0.8463607183135248,0.0,False
CAISUK010000327.1_16,True,0.7747028715190423,0.0,False
CAISUK010000346.1_3,True,0.9877242703279162,0.0,False
CAISUK010000386.1_13,True,0.9984500927314681,0.001,True
CAISUK010000387.1_3,True,0.9602595437272878,0.0002,False
CAISUK010000451.1_1,True,0.9692599123370216,0.0002,False
CAISUK010000510.1_3,True,0.9890585184410893,0.0004,False
CAISUK010000517.1_3,True,0.881061854775744,0.0,False
CAISUK010000578.1_4,True,0.9934821187886315,0.0002,False
CAISUK010000654.1_3,True,0.46994014053960265,0.0,False
CAISUK010000660.1_21,True,0.999340796788608,0.0004,False
CAISUK010000686.1_1,True,0.9877005233762629,0.0,False
CAISUK010000697.1_1,True,0.8814956189815216,0.0,False
CAIVDM010000010.1_2,True,0.7239524594430468,0.0,False
CAIVDM010000026.1_108,True,0.21020213411989241,0.0,False
CAIVDM010000039.1_3,True,0.9124811443592288,0.0,False
CAIVDM010000040.1_37,True,0.8504381018478355,0.0,False
CAIVDM010000042.1_14,True,0.994673530202431,0.0004,False
CAIVDM010000064.1_3,True,0.9098349230342907,0.0,False
CAIVDM010000242.1_2,True,0.9205398808016306,0.0,False
CAIVGN010000008.1_30,True,0.9989402538203468,0.0008,True
CAIVGN010000017.1_40,True,0.9999673084099857,0.0004,False
CAIVGN010000020.1_28,True,0.9869104770529304,0.0004,False
CAIVGN010000024.1_63,True,0.9799797267168129,0.0002,False
CAIVGN010000029.1_35,True,0.9972973232425061,0.0002,False
CAIVGN010000036.1_43,True,0.9991796162530276,0.001,True
CAIVGN010000046.1_120,True,0.8631040166565455,0.0,False
CAIVGN010000054.1_7,True,0.7771319510713975,0.0,False
CAIVGN010000100.1_1,True,0.6453543853561204,0.0,False
CAIVGN010000106.1_84,True,0.968065994115893,0.0002,False
CAIVGN010000107.1_72,True,0.9886105446470452,0.0,False
CAIVGN010000119.1_10,True,0.9980887025591947,0.0,False
CAIVGN010000119.1_12,True,0.8686561984905006,0.0,False
CAIVGN010000125.1_18,True,0.9850312252392358,0.0004,False
CAIVGN010000129.1_92,True,0.9875249828469154,0.0004,False
CAIVGN010000132.1_48,True,0.9974750723308832,0.0004,False
CAIVGN010000142.1_1,True,0.9741408871987222,0.0,False
CAIVGN010000173.1_34,True,0.9991115036115727,0.001,True
CAIVGN010000185.1_2,True,0.990844805068127,0.0,False
CAIVGN010000189.1_150,True,0.763425002168821,0.0,False
CAIVGN010000207.1_5,True,0.9216889826807629,0.0,False
CAIVGN010000226.1_1,True,0.9924951437695082,0.0,False
CAIVGN010000238.1_27,True,0.9899059796187172,0.0,False
CAIVOB010000081.1_12,True,0.9888318374940156,0.0012,True
CAIVOB010000085.1_1,True,0.9149485040758606,0.0,False
CAIVOB010000143.1_8,True,0.9826888883297994,0.0,False
CAIWTR010000075.1_4,True,0.8063676585408173,0.0,False
CAIWTR010000151.1_3,True,0.9960311833136807,0.0004,False
CAIWTR010000179.1_1,True,0.8048061074000173,0.0,False
CAIWTR010000327.1_3,True,0.9888293384005308,0.0012,True
CAIWTR010000334.1_1,True,0.9964257233711594,0.0004,False
CAIWTR010000365.1_3,True,0.9999977266652509,0.0006,True
CAIWTR010000377.1_9,True,0.9959339950674998,0.0008,True
CAIWTR010000468.1_3,True,0.9498039677502074,0.0002,False
CAIWTR010000488.1_1,True,0.9963345934186122,0.0,False
CAIWTR010000558.1_16,True,0.9963841235716983,0.0,False
CAIWTR010000630.1_3,True,0.9952157439544832,0.0,False
CAIWTR010000668.1_3,True,0.980545427822173,0.0,False
CAIWTR010000717.1_3,True,0.9952586038238254,0.0,False
CAIWTR010000733.1_4,True,0.9999634412230574,0.0006,True
CAJFVT010000037.1_3,True,0.9307482742837944,0.0,False
CAJFVT010000182.1_2,True,0.999517252768007,0.0004,False
CAJFVT010000198.1_7,True,0.9987758488703433,0.0008,True
CAJIYM010000003.1_284,True,0.9950339291745965,0.0004,False
CAJIYM010000004.1_79,True,0.9981645588301734,0.0,False
CAJIYM010000005.1_152,True,0.8599809143749457,0.0,False
CAJKKX010000006.1_6,True,0.8206818773314826,0.0,False
CAJKKX010000082.1_8,True,0.9985239562609116,0.0018,True
CAJKKX010000123.1_7,True,0.9386493640574879,0.001,True
CAJKKX010000146.1_2,True,0.9878275027346182,0.0012,True
CAJKKX010000175.1_4,True,0.9835502662328692,0.0,False
CAJKKX010000319.1_1,True,0.9652666803379081,0.0,False
CAJMJN010000002.1_2,True,0.6247939620022556,0.0,False
CAJMJN010000002.1_132,True,0.890431161620543,0.0,False
CAJMJN010000002.1_147,True,0.9870973235915379,0.0002,False
CAJMJN010000006.1_3,True,0.9987159640287812,0.0006,True
CAJMJN010000021.1_1,True,0.752494144183222,0.0,False
CAJOEW010000013.1_1,True,0.996113855957731,0.0,False
CAJOEW010000031.1_15,True,0.8243254966600156,0.0,False
CAJOEW010000038.1_3,True,0.9318220674655894,0.0,False
CAJQMW010000059.1_3,True,0.9983686439068672,0.0,False
CAJQMW010000104.1_2,True,0.9848995304019625,0.0004,False
CAJQMW010000108.1_3,True,0.9992847758732557,0.0008,True
CAJQMW010000146.1_1,True,0.9982966556148264,0.0002,False
CAJQMW010000148.1_5,True,0.8505248546889911,0.0,False
CAJQMW010000177.1_1,True,0.9998729371371063,0.0,False
CAJQMW010000249.1_1,True,0.925562692912749,0.0,False
CAJQMW010000266.1_5,True,0.9870221869451087,0.0,False
CAJQMW010000269.1_1,True,0.6811833087533616,0.0,False
CAJQMW010000371.1_1,True,0.9966970771401061,0.0,False
CAJQMW010000385.1_9,True,0.9962257335861088,0.0006,True
CAJQMW010000406.1_1,True,0.9711974857261607,0.0,False
CAJQMW010000412.1_3,True,0.9954040874321002,0.0002,False
CAJQMW010000475.1_1,True,0.9971983434532884,0.0002,False
CAJQMW010000507.1_7,True,0.9999006792412662,0.0002,False
CAJUIP010000009.1_6,True,0.9864383096230892,0.0012,True
CAJUIP010000017.1_20,True,0.950106204472185,0.0004,False
CAJUIP010000023.1_72,True,0.9617923944869012,0.0,False
CAJUIP010000029.1_36,True,0.9990750945545919,0.0008,True
CAJUIP010000042.1_9,True,0.9871800495409743,0.0002,False
CAJUHL010000030.1_6,True,0.9989752143854609,0.001,True
CAJUHL010000048.1_12,True,0.714322894074781,0.0,False
CAJUHL010000060.1_9,True,0.859547150169168,0.0,False
CAJUHL010000094.1_3,True,0.99989621428321,0.0006,True
CAJUJZ010000001.1_19,True,0.9984655545552802,0.0002,False
CAJUJZ010000001.1_28,True,0.7116335559989589,0.0,False
CAJUJZ010000003.1_12,True,0.9971171607241583,0.0004,False
CAJUJZ010000007.1_8,True,0.9999939691596019,0.0002,False
CAJUJZ010000007.1_9,True,0.768022902750065,0.0,False
CAJUJZ010000007.1_10,True,0.9982179544969111,0.0008,True
CAJUJZ010000007.1_13,True,0.9999665762361201,0.0008,True
CAJUJZ010000008.1_10,True,0.9999911733415908,0.0004,False
CAJUJZ010000008.1_11,True,0.9579580087177338,0.0004,False
CAJUJZ010000008.1_12,True,0.9987773640926992,0.0006,True
CAJUJZ010000008.1_15,True,0.9999202206448292,0.0006,True
CAJUJZ010000012.1_13,True,0.8242387438188601,0.0,False
CAJUJZ010000029.1_2,True,0.9009561841879343,0.0,False
CAJUJZ010000055.1_8,True,0.9973233982971791,0.0004,False
CAJUJZ010000063.1_1,True,0.9998875448343801,0.0002,False
CAJUJZ010000077.1_12,True,0.9990159550324716,0.0012,True
CAJUJZ010000100.1_3,True,0.9669858987151878,0.0,False
CAJUJZ010000100.1_4,True,0.9997225255246057,0.0002,False
CAJUJZ010000129.1_3,True,0.9923328681916838,0.0004,False
CAJUJZ010000139.1_1,True,0.9915818877298642,0.0,False
CAJUKE010000002.1_25,True,0.9957627241901005,0.0,False
CAJUKE010000002.1_101,True,0.9325497653311032,0.0,False
CAJUKE010000004.1_92,True,0.9765505974562414,0.0004,False
NC_007759.1_364,True,0.9979345890595217,0.0008,True
NC_007759.1_513,True,0.9999249460832078,0.0002,False
NC_007759.1_613,True,0.933934496273803,0.0002,False
NC_007759.1_965,True,0.9943813931375467,0.0,False
NC_007759.1_992,True,0.9356362712250935,0.0,False
NC_007759.1_1017,True,0.9684214397559423,0.0,False
NC_007759.1_1550,True,0.9841897528779302,0.0,False
NC_007759.1_1590,True,0.6919406610566496,0.0,False
NC_007759.1_2221,True,0.8398542552268586,0.0006,True
NC_011661.1_32,True,0.9814514160218526,0.0002,False
NC_011661.1_200,True,0.8411555478441919,0.0,False
NC_011661.1_320,True,0.7275960787715797,0.0002,False
NC_011661.1_464,True,0.898499175848009,0.0,False
NC_011661.1_582,True,0.9694376429459228,0.0004,False
NC_011661.1_607,True,0.9992656068881933,0.0,False
NC_011661.1_657,True,0.9962009015940344,0.0004,False
NC_011661.1_764,True,0.7909256528151297,0.0,False
NC_014654.1_87,True,0.9986359245085802,0.0002,False
NC_014654.1_632,True,0.9891191451824252,0.0002,False
NC_014654.1_734,True,0.9970337650791758,0.0,False
NC_014654.1_814,True,0.8738613689598335,0.0,False
NC_014654.1_1057,True,0.9893226457803388,0.0002,False
NC_014654.1_1506,True,0.977101169254276,0.0004,False
NC_014654.1_2126,True,0.8337815563459703,0.0,False
NC_014836.1_576,True,0.898499175848009,0.0,False
NC_014836.1_944,True,0.9989174229346718,0.0,False
NC_014836.1_1175,True,0.9213968291923522,0.0004,False
NC_014836.1_2433,True,0.9962619129477523,0.0002,False
NC_014926.1_13,True,0.9912232694760317,0.0,False
NC_014926.1_1171,True,0.9998396590802202,0.0002,False
NC_014926.1_1716,True,0.3854428732540991,0.0,False
NC_021031.1_467,True,0.9996007338462083,0.0002,False
NC_021031.1_838,True,0.9710514910536712,0.0,False
NC_021031.1_941,True,0.9954368885546273,0.0,False
NC_021031.1_1236,True,0.9973599671904259,0.0006,True
NC_021031.1_1498,True,0.8509586188947688,0.0004,False
NC_021031.1_1819,True,0.9994411523245392,0.0006,True
NC_021031.1_2980,True,0.9668740199927036,0.0,False
NC_015499.1_78,True,0.9906482527478787,0.0004,False
NC_015499.1_317,True,0.835950377374859,0.0,False
NC_015499.1_824,True,0.99368318231849,0.0002,False
NC_015499.1_1603,True,0.9194074657288491,0.0,False
NC_015499.1_1726,True,0.9999496962672941,0.0002,False
NC_015499.1_1734,True,0.9860297950102166,0.0,False
NZ_AFXQ01000033.1_14,True,0.9763714577428328,0.0004,False
NZ_AFXQ01000008.1_43,True,0.9895180600234457,0.0004,False
NZ_AFXQ01000004.1_7,True,0.9979532489670442,0.0002,False
NZ_AFXQ01000004.1_95,True,0.8316127353170817,0.0,False
NZ_AFXQ01000003.1_205,True,0.8523466643532576,0.0,False
NZ_AFXQ01000001.1_2,True,0.5764726294786154,0.0,False
NZ_JH378909.1_10,True,0.934594409055034,0.0,False
NZ_JH378920.1_1,True,0.9996398187996243,0.0004,False
NZ_JH378937.1_5,True,0.8429773575084584,0.0,False
NZ_JH378937.1_6,True,0.9880051691217189,0.0002,False
NZ_JH378953.1_38,True,0.9502265598180286,0.0002,False
NZ_JH378971.1_45,True,0.9051978818523941,0.0,False
NZ_JH378980.1_49,True,0.49995662357942217,0.0002,False
NZ_JH379022.1_35,True,0.9585287183796278,0.0008,True
NZ_JH379026.1_9,True,0.9968382141245691,0.0002,False
NC_017096.1_843,True,0.9995958299799875,0.0004,False
NC_017096.1_1371,True,0.8375119285156589,0.0002,False
NZ_JH815593.1_402,True,0.784332436887308,0.0,False
NZ_JH815593.1_414,True,0.979205756529209,0.0002,False
NZ_JH815593.1_461,True,0.9748617313990093,0.0,False
NZ_JH815593.1_525,True,0.7863277522338856,0.0,False
NZ_JH815593.1_1053,True,0.9886636806056753,0.0,False
NZ_JH815594.1_67,True,0.7947427778259738,0.0,False
NZ_BAEO01000070.1_14,True,0.9615827876675669,0.0002,False
NZ_BAEO01000056.1_121,True,0.999720359408708,0.0008,True
NZ_BAEO01000055.1_185,True,0.9996808177431975,0.0002,False
NZ_BAEO01000055.1_251,True,0.9741438026307526,0.0,False
NZ_BAEO01000052.1_8,True,0.8806280905699662,0.0004,False
NZ_BAEO01000051.1_81,True,0.8395939967033921,0.0,False
NZ_BAEO01000047.1_57,True,0.9545773240617917,0.0016,True
NZ_BAEO01000031.1_124,True,0.9999547535917389,0.001,True
NZ_BAEO01000029.1_52,True,0.9999400763868859,0.0014,True
NZ_BAEO01000013.1_62,True,0.9887070475568567,0.0004,False
NZ_BAEO01000013.1_63,True,0.9958347276638715,0.0,False
NZ_BAEO01000002.1_16,True,0.9924590539012325,0.0006,True
NZ_BAEO01000002.1_100,True,0.5108874815650213,0.0002,False
NZ_KB290714.1_127,True,0.9957759771738932,0.0,False
NZ_KB290717.1_562,True,0.9907006832367414,0.0002,False
NZ_KB290718.1_170,True,0.9925320244122182,0.0002,False
NZ_KB290722.1_10,True,0.9830035080260805,0.0004,False
NZ_KB290724.1_54,True,0.7075561724646482,0.0,False
NZ_KB899040.1_11,True,0.9148450142018649,0.0,False
NZ_KB899040.1_121,True,0.8881755877504989,0.0,False
NZ_KB899040.1_255,True,0.8420230762557473,0.0,False
NZ_AWNK01000001.1_317,True,0.9411406852732861,0.0,False
NZ_AWNK01000017.1_14,True,0.9972281711060662,0.0006,True
NZ_AWNK01000017.1_24,True,0.9890139796772129,0.0,False
NZ_AWNK01000018.1_2,True,0.9904485481894925,0.0004,False
NZ_KI273144.1_302,True,0.9951655139839735,0.0002,False
NZ_AWNK01000008.1_33,True,0.9784298170160565,0.0002,False
NZ_AWNK01000010.1_88,True,0.9071334764427501,0.0,False
NZ_AWRU01000001.1_32,True,0.9464160183577323,0.0002,False
NZ_AWRU01000001.1_88,True,0.9986137424731258,0.001,True
NZ_AWRU01000001.1_204,True,0.9886970675511623,0.0004,False
NZ_AWRU01000003.1_43,True,0.9982507409613659,0.0004,False
NZ_AWRU01000006.1_23,True,0.9970600659259403,0.0004,False
NZ_AWRU01000006.1_495,True,0.9637753324822238,0.0,False
NZ_AWRU01000008.1_17,True,0.997205411244764,0.0,False
NZ_AWRU01000008.1_37,True,0.9999177604575535,0.0002,False
NZ_AWRU01000009.1_180,True,0.93029755478741,0.0,False
NZ_AWRU01000013.1_114,True,0.9971884609274014,0.0004,False
NZ_AWRU01000013.1_141,True,0.9994632521879477,0.0004,False
NZ_AWRU01000013.1_177,True,0.9967381724607401,0.0006,True
NZ_AWRU01000013.1_272,True,0.9977772055660777,0.0,False
NZ_AWRU01000019.1_64,True,0.7256875162661577,0.0,False
NZ_AWRU01000023.1_32,True,0.6555912206124751,0.0,False
NZ_AWRU01000029.1_30,True,0.9996524328968135,0.0002,False
NZ_AWRU01000029.1_117,True,0.9988104085150283,0.0002,False
NZ_AWRU01000032.1_316,True,0.9998295431483408,0.001,True
NZ_AWRU01000032.1_490,True,0.9980953540841239,0.0,False
NZ_AWRU01000032.1_509,True,0.9997564853578814,0.0006,True
NZ_AWRU01000033.1_92,True,0.8526069228767242,0.0,False
NZ_AWRU01000033.1_94,True,0.3717359243515226,0.0,False
NZ_AWRU01000034.1_280,True,0.6942829877678494,0.0,False
NZ_AWRU01000034.1_324,True,0.9706617209278797,0.0,False
NZ_JAGI01000002.1_57,True,0.999236217268804,0.0004,False
NZ_JAGI01000002.1_199,True,0.896764119024898,0.0,False
NZ_JAGI01000002.1_273,True,0.9989988889008659,0.0002,False
NZ_JAGI01000002.1_783,True,0.9909232374380972,0.0012,True
NZ_JAGI01000002.1_965,True,0.6411902489806541,0.0,False
NZ_JAGI01000002.1_1081,True,0.7773054567537087,0.0,False
NZ_JAGI01000002.1_1368,True,0.9892606396373903,0.001,True
NZ_JAGI01000002.1_2019,True,0.9987593295065584,0.0008,True
NZ_JAGI01000002.1_2213,True,0.9990280883285001,0.0008,True
NZ_JAGI01000002.1_3019,True,0.9900190792939603,0.0002,False
NZ_JAGI01000003.1_12,True,0.9956656805808599,0.0,False
NZ_JAGI01000003.1_525,True,0.715277175327492,0.0004,False
NZ_JOOE01000001.1_243,True,0.9983708902171856,0.0008,True
NZ_JOOE01000001.1_886,True,0.903498567923563,0.0,False
NZ_JOOE01000001.1_940,True,0.9912796555604971,0.0006,True
NZ_JOOE01000001.1_1111,True,0.9916663898035376,0.0006,True
NZ_JOOE01000002.1_343,True,0.986010926926622,0.0004,False
NZ_JOOE01000002.1_771,True,0.5866227118938145,0.0,False
NZ_JOOE01000002.1_798,True,0.8554697666348573,0.0,False
NZ_JOOE01000004.1_228,True,0.997628128413084,0.0004,False
NZ_JOOE01000004.1_315,True,0.988175519795503,0.001,True
NZ_JOOE01000004.1_386,True,0.9999900310102525,0.0004,False
NZ_JOOE01000005.1_4,True,0.950630721494173,0.0,False
NZ_JOOE01000006.1_3,True,0.9764124864761126,0.0,False
NZ_LBMK01000001.1_17,True,0.9999079400330423,0.0012,True
NZ_LBMK01000001.1_38,True,0.7242127179665134,0.0,False
NZ_LBMK01000001.1_406,True,0.6007634250021688,0.0,False
NZ_LBMK01000001.1_512,True,0.9969547036579555,0.0,False
NZ_LBMK01000001.1_669,True,0.8723865706601891,0.0,False
NZ_LBMK01000001.1_715,True,0.7737485902663312,0.0,False
NZ_LBMK01000002.1_137,True,0.8773314826060553,0.0,False
NZ_LBMK01000002.1_226,True,0.9857289142918969,0.0002,False
NZ_LBMK01000002.1_679,True,0.9995114827880881,0.001,True
NZ_LBMK01000002.1_722,True,0.995019624493679,0.0002,False
NZ_LBMK01000002.1_1107,True,0.9975185495320047,0.0,False
NZ_LBMK01000002.1_1980,True,0.8446256614904138,0.0,False
NZ_LBMK01000003.1_137,True,0.9992789699409894,0.0012,True
NZ_LBMK01000003.1_797,True,0.9842565820353011,0.0002,False
NZ_LBMK01000003.1_917,True,0.9989529743511472,0.0008,True
NZ_LBMK01000003.1_918,True,0.9989931257470004,0.001,True
NZ_LBMK01000004.1_58,True,0.994215994609872,0.0012,True
NZ_LBMK01000004.1_499,True,0.9915488258967817,0.0002,False
NZ_LBMK01000005.1_385,True,0.9543300243831191,0.0004,False
NZ_LBMK01000006.1_106,True,0.9984253208419963,0.0,False
NZ_LBMK01000007.1_89,True,0.999096766530665,0.0002,False
NZ_LBMK01000009.1_134,True,0.9977294005293007,0.0004,False
NZ_LBMK01000009.1_159,True,0.9365672940207788,0.0,False
NZ_LBMK01000013.1_25,True,0.994947601782731,0.0,False
NZ_CP012328.1_854,True,0.9869753429714915,0.0,False
NZ_LMKQ01000001.1_70,True,0.9997583177577396,0.0,False
NZ_LMKQ01000001.1_428,True,0.8310054654289928,0.0004,False
NZ_LMKQ01000001.1_624,True,0.9897267754492305,0.0,False
NZ_LMKQ01000001.1_627,True,0.9967809267639299,0.0004,False
NZ_LMKQ01000001.1_663,True,0.7790405135768197,0.0,False
NZ_LMKQ01000001.1_833,True,0.8767242127179665,0.0,False
NZ_LMKQ01000001.1_964,True,0.8463607183135248,0.0,False
NZ_LMKQ01000001.1_1022,True,0.9854362806081963,0.0,False
NZ_LMKQ01000001.1_1028,True,0.9987893916081615,0.0008,True
NZ_LMKQ01000001.1_1709,True,0.9921113780230909,0.0004,False
NZ_LMKQ01000001.1_1989,True,0.8488765507070356,0.0,False
NZ_LMKQ01000001.1_2110,True,0.9999612423582566,0.0002,False
NZ_LMKQ01000001.1_2223,True,0.6996616639194934,0.0,False
NZ_LMKQ01000001.1_2300,True,0.9993354570238375,0.001,True
NZ_LMKQ01000002.1_165,True,0.9315280793868675,0.0,False
NZ_LMKQ01000002.1_177,True,0.7908388999739742,0.0,False
NZ_LMKQ01000003.1_84,True,0.9580316872708756,0.0,False
NZ_LMKQ01000003.1_85,True,0.9836837681961846,0.0002,False
NZ_LMKQ01000004.1_135,True,0.6404962262514098,0.0002,False
NZ_LMIV01000001.1_241,True,0.997322877466855,0.0004,False
NZ_LMIV01000001.1_530,True,0.9898796438363269,0.0,False
NZ_LMIV01000001.1_677,True,0.8450594256961915,0.0,False
NZ_LMIV01000001.1_1324,True,0.9910252223648695,0.0006,True
NZ_LMIV01000001.1_1401,True,0.9983372691950839,0.0008,True
NZ_LMIV01000001.1_1807,True,0.9954199068419,0.0004,False
NZ_LMIV01000001.1_1941,True,0.9907615600717022,0.0006,True
NZ_LMIV01000002.1_616,True,0.9882086597136821,0.0008,True
NZ_LMIV01000003.1_335,True,0.9926142918950059,0.0006,True
NZ_AYYI01000092.1_26,True,0.9388650670808624,0.0,False
NZ_AYYI01000002.1_2,True,0.9980579436530511,0.0002,False
NZ_AYYI01000044.1_19,True,0.9869356506176155,0.0012,True
NZ_CP016279.1_435,True,0.9978004259180648,0.0002,False
NZ_CP016279.1_736,True,0.9324000811663968,0.0004,False
NZ_CP016279.1_1473,True,0.99940791263745,0.001,True
NZ_CP016279.1_1537,True,0.6716404962262514,0.0,False
NZ_CP016279.1_4039,True,0.9716222902779964,0.0006,True
NZ_CP016279.1_4645,True,0.9891697689046627,0.0,False
NZ_CP016279.1_4714,True,0.9997918737650862,0.0,False
NZ_CP016279.1_4781,True,0.9897826042498189,0.0,False
NZ_CP016279.1_5023,True,0.9928906971934393,0.0,False
NZ_CP016279.1_5425,True,0.9997634234189363,0.0,False
NZ_CP016279.1_5514,True,0.9973414186567497,0.0002,False
NZ_CP016279.1_5519,True,0.9970918137140296,0.0,False
NZ_CP016279.1_5559,True,0.9339827169206094,0.0,False
NZ_CP016279.1_5724,True,0.9989745446712207,0.001,True
NZ_CP016279.1_5910,True,0.7479829964431335,0.0,False
NZ_CP016279.1_6186,True,0.9837278554592955,0.0002,False
NZ_CP016279.1_6690,True,0.9891024831717148,0.0,False
NZ_CP016279.1_6971,True,0.9977445463453236,0.0004,False
NZ_CP016279.1_7612,True,0.9645055939008359,0.0002,False
NZ_CP016279.1_7766,True,0.7295913941181573,0.0,False
NZ_CP016279.1_7798,True,0.8597206558514792,0.0,False
NZ_CP016279.1_7808,True,0.8109655591220613,0.0,False
NZ_CP016279.1_8404,True,0.9904969437266071,0.0,False
NZ_CP016279.1_8462,True,0.6857812093346057,0.0,False
NZ_CP016279.1_8607,True,0.9968686715283358,0.0002,False
NZ_CP016279.1_8749,True,0.9999433943403818,0.0014,True
NZ_CP016279.1_8865,True,0.9979886453890736,0.0,False
NZ_CP016279.1_8995,True,0.9923804886270734,0.0,False
NZ_CP016279.1_9058,True,0.9993509599332603,0.0012,True
NZ_CP016279.1_9285,True,0.9940331583705254,0.0014,True
NZ_CP016279.1_9534,True,0.9992597467274145,0.0012,True
NZ_FCNU01000002.1_85,True,0.992400597193231,0.0004,False
NZ_FCNU01000011.1_47,True,0.7203955929556694,0.0,False
NZ_FCNU01000014.1_10,True,0.946652095015962,0.0002,False
NZ_FCNU01000028.1_168,True,0.9481593468907025,0.0,False
NZ_FCNU01000032.1_30,True,0.9988007399648003,0.0002,False
NZ_FCNU01000032.1_97,True,0.741563286197623,0.0,False
NZ_FCNU01000032.1_166,True,0.9983575682290359,0.0004,False
NZ_AP013035.1_738,True,0.860327925739568,0.0,False
NZ_AP013035.1_1237,True,0.6731152945258957,0.0,False
NZ_CP014223.1_827,True,0.9985781737555878,0.0008,True
NZ_CP014223.1_1113,True,0.7971718573783292,0.0,False
NZ_CP014223.1_1308,True,0.9988236753904083,0.0008,True
NZ_CP014223.1_1314,True,0.9506406005544474,0.0002,False
NZ_CP014223.1_1426,True,0.93009844056802,0.0,False
NZ_CP014223.1_1579,True,0.8842717098984991,0.0,False
NZ_CP014223.1_1749,True,0.7445996356380672,0.0,False
NZ_CP014223.1_1812,True,0.6974060900494491,0.0,False
NZ_CP014223.1_1901,True,0.9991670267162114,0.0006,True
NZ_CP014223.1_2117,True,0.9594870607156757,0.0,False
NZ_CP014223.1_2689,True,0.49345016049275614,0.0002,False
NZ_BDAU01000001.1_35,True,0.9999900483427582,0.0004,False
NZ_BDAU01000001.1_329,True,0.9775835804452903,0.0,False
NZ_BDAU01000001.1_387,True,0.9993288878849941,0.001,True
NZ_BDAU01000002.1_108,True,0.9914992173407735,0.0006,True
NZ_BDAU01000002.1_235,True,0.9917131445397718,0.0004,False
NZ_BDAU01000003.1_116,True,0.7213498742083804,0.0,False
NZ_BDAU01000006.1_13,True,0.9977595215061398,0.0002,False
NZ_BDAU01000008.1_28,True,0.9993891863460611,0.001,True
NZ_BDAU01000009.1_38,True,0.683612388305717,0.0002,False
NZ_BDAU01000009.1_283,True,0.9959996852221648,0.0002,False
NZ_BDAU01000011.1_41,True,0.9734439109713743,0.0004,False
NZ_BDAU01000011.1_87,True,0.9903035034559726,0.0004,False
NZ_BDAU01000014.1_22,True,0.9673209494725802,0.0004,False
NZ_BDAU01000016.1_41,True,0.6674763598507851,0.0,False
NZ_BDAU01000017.1_14,True,0.9974182799921637,0.0002,False
NZ_BDAU01000019.1_58,True,0.9946308238275515,0.0002,False
NZ_BDAU01000019.1_125,True,0.8984124230068534,0.0002,False
NZ_BDAU01000019.1_162,True,0.9733694868158507,0.0,False
NZ_BDAU01000022.1_96,True,0.9965779375295656,0.0004,False
NZ_BDAU01000024.1_18,True,0.9907816079698519,0.0004,False
NZ_BDAU01000026.1_5,True,0.9999905582916102,0.0002,False
NZ_BDAU01000026.1_75,True,0.9970721683124721,0.0004,False
NZ_BDAU01000028.1_75,True,0.7481565021254446,0.0,False
NZ_BDAU01000028.1_122,True,0.989309982215202,0.0004,False
NZ_BDAU01000028.1_135,True,0.9149046619697176,0.0,False
NZ_BDAU01000028.1_186,True,0.991099940195926,0.0002,False
NZ_BDAU01000028.1_195,True,0.99172134130068,0.0004,False
NZ_BDAU01000030.1_140,True,0.9990142589504235,0.0008,True
NZ_BDAU01000030.1_141,True,0.9989513212022347,0.001,True
NZ_BDAU01000030.1_172,True,0.8407217836384142,0.0006,True
NZ_BDAU01000031.1_96,True,0.9501998150394539,0.0,False
NZ_BDAU01000034.1_21,True,0.9999338832322489,0.0014,True
NZ_BDAU01000035.1_46,True,0.9917975704078905,0.0002,False
NZ_BDAU01000046.1_40,True,0.990667048458425,0.0002,False
NZ_BDAU01000047.1_2,True,0.5739567970851045,0.0002,False
NZ_BDAU01000048.1_9,True,0.9999604407731265,0.0002,False
NZ_BDAU01000053.1_8,True,0.9881294460667118,0.0004,False
NZ_BDAU01000061.1_5,True,0.9989785436480232,0.0008,True
NZ_BDAU01000107.1_1,True,0.9996476489204817,0.0,False
NZ_CP015455.1_133,True,0.9977632419455906,0.0004,False
NZ_CP015455.1_378,True,0.8500910904832133,0.0,False
NZ_CP015455.1_611,True,0.8304849483820596,0.0,False
NZ_CP015455.1_1074,True,0.9185314005404138,0.0,False
NZ_CP015455.1_1275,True,0.9862050091053144,0.0002,False
NZ_CP015455.1_1574,True,0.992385417231583,0.0,False
NZ_CP015455.1_1627,True,0.8407217836384142,0.0,False
NZ_CP015455.1_2210,True,0.9974439854705021,0.0002,False
NZ_CP015455.1_2236,True,0.9376850258322967,0.0,False
NZ_CP015455.1_2244,True,0.9934246608142424,0.0,False
NZ_CP015455.1_2603,True,0.9935598120269019,0.0004,False
NZ_CP015455.1_2744,True,0.9986335648573359,0.0008,True
NZ_NCSM01000010.1_27,True,0.9992547384955426,0.0014,True
NZ_NCSM01000010.1_90,True,0.7672421271796651,0.0,False
NZ_NCSM01000011.1_119,True,0.9995009391925407,0.001,True
NZ_NCSM01000123.1_5,True,0.996499635753106,0.0002,False
NZ_NCSM01000014.1_467,True,0.9968346553139346,0.0,False
NZ_NCSM01000014.1_525,True,0.9643201588365555,0.0002,False
NZ_NCSM01000014.1_559,True,0.96455482074377,0.0004,False
NZ_NCSM01000014.1_746,True,0.9978456641406129,0.0002,False
NZ_NCSM01000015.1_31,True,0.5754315953847489,0.0002,False
NZ_NCSM01000016.1_150,True,0.9891982403674263,0.0,False
NZ_NCSM01000018.1_38,True,0.9994292176083449,0.001,True
NZ_NCSM01000018.1_308,True,0.9721697760976432,0.0006,True
NZ_NCSM01000022.1_87,True,0.9736399104952461,0.0006,True
NZ_NCSM01000022.1_220,True,0.9967853137086106,0.0002,False
NZ_NCSM01000022.1_382,True,0.9977473479531551,0.0004,False
NZ_NCSM01000028.1_13,True,0.9999446819866922,0.0014,True
NZ_NCSM01000029.1_53,True,0.9959099465490717,0.0002,False
NZ_NCSM01000029.1_74,True,0.9986264056048745,0.0002,False
NZ_NCSM01000034.1_50,True,0.9973982231825417,0.0,False
NZ_NCSM01000035.1_76,True,0.6730285416847401,0.0,False
NZ_NCSM01000037.1_2,True,0.9705194974517487,0.0,False
NZ_NCSM01000037.1_37,True,0.8802810792053439,0.0,False
NZ_NCSM01000039.1_42,True,0.7610826754576212,0.0,False
NZ_NCSM01000004.1_43,True,0.9989940115726208,0.001,True
NZ_NCSM01000004.1_277,True,0.9189015202033338,0.0002,False
NZ_NCSM01000042.1_8,True,0.9999226686243607,0.0004,False
NZ_NCSM01000042.1_50,True,0.9815731911571084,0.0,False
NZ_NCSM01000042.1_79,True,0.9327625362142891,0.0,False
NZ_NCSM01000043.1_31,True,0.6812700615945172,0.0002,False
NZ_NCSM01000050.1_29,True,0.9945303087508967,0.0004,False
NZ_NCSM01000053.1_9,True,0.9931785525664789,0.0,False
NZ_NCSM01000054.1_92,True,0.9999338562028968,0.0004,False
NZ_NCSM01000055.1_31,True,0.9872220992444147,0.0008,True
NZ_NCSM01000057.1_224,True,0.992232573641508,0.0002,False
NZ_NCSM01000058.1_100,True,0.9355985791805391,0.0008,True
NZ_NCSM01000059.1_81,True,0.631040166565455,0.0,False
NZ_NCSM01000006.1_14,True,0.8774182354472109,0.0,False
NZ_NCSM01000006.1_38,True,0.7038258002949597,0.0,False
NZ_NCSM01000062.1_4,True,0.9972438739143266,0.0,False
NZ_NCSM01000066.1_41,True,0.998665958419516,0.0004,False
NZ_NCSM01000007.1_13,True,0.7236054480784245,0.0,False
NZ_NCSM01000007.1_227,True,0.9943295357155878,0.0004,False
NZ_NCSM01000007.1_334,True,0.968254441571121,0.0,False
NZ_NCSM01000007.1_357,True,0.9999910236973323,0.0004,False
NZ_NCSM01000007.1_615,True,0.9906663983240029,0.0,False
NZ_NCSM01000007.1_738,True,0.6678233712154074,0.0,False
NZ_NCSM01000070.1_90,True,0.9942081349534092,0.0002,False
NZ_NCSM01000076.1_24,True,0.9617531069334292,0.0,False
NZ_NCSM01000076.1_30,True,0.9741963129669735,0.0006,True
NZ_NCSM01000087.1_62,True,0.9972991163606858,0.0002,False
NZ_KZ293963.1_178,True,0.9590343326448922,0.0,False
NZ_KZ293963.1_452,True,0.9996462760916098,0.0002,False
NZ_KZ293963.1_459,True,0.979062639818491,0.0,False
NZ_KZ293963.1_672,True,0.9989438450951031,0.0006,True
NZ_KZ293963.1_688,True,0.6879500303634944,0.0,False
NZ_KZ293963.1_1163,True,0.46412770018218097,0.0002,False
NZ_KZ293963.1_2771,True,0.9961386320351073,0.0002,False
NZ_KZ293963.1_3998,True,0.890431161620543,0.0,False
NZ_KZ293963.1_4012,True,0.994047659828905,0.0002,False
NZ_AP014612.1_112,True,0.9983369744655131,0.0002,False
NZ_AP014612.1_1077,True,0.7438188600676672,0.0,False
NZ_AP014612.1_1086,True,0.7032185304068709,0.0,False
NZ_AP014612.1_1093,True,0.9947364893702861,0.0,False
NZ_AP014612.1_1572,True,0.976619678008058,0.0002,False
NZ_AP014612.1_1613,True,0.9836333420478454,0.0,False
NZ_AP014612.1_1946,True,0.9994735049969972,0.0008,True
NZ_AP014612.1_1961,True,0.9752630154863402,0.0004,False
NZ_AP018227.1_70,True,0.8456666955842804,0.0,False
NZ_AP018227.1_280,True,0.9958028552298389,0.0006,True
NZ_AP018227.1_299,True,0.7032185304068709,0.0,False
NZ_AP018227.1_300,True,0.9333105172401487,0.0,False
NZ_AP018227.1_332,True,0.8265810705300599,0.0,False
NZ_AP018227.1_986,True,0.9509452964741223,0.0002,False
NZ_AP018227.1_2412,True,0.9948377451294123,0.0,False
NZ_AP018227.1_2459,True,0.9970153433867462,0.0,False
NZ_AP018227.1_2554,True,0.9985105222472749,0.0002,False
NZ_AP018227.1_3336,True,0.9372177053921168,0.0,False
NZ_AP018227.1_3337,True,0.7779127266417976,0.0,False
NZ_AP018227.1_3711,True,0.9994603255594546,0.0,False
NZ_AP018227.1_3825,True,0.6998351696018045,0.0,False
NZ_AP018227.1_3836,True,0.9870027340927771,0.0004,False
NZ_AP018227.1_4033,True,0.7113732974754923,0.0,False
NZ_AP018227.1_4172,True,0.8206818773314826,0.0002,False
NZ_AP018227.1_4436,True,0.9924275975155245,0.001,True
NZ_AP018227.1_4541,True,0.717012232150603,0.0,False
NZ_AP018227.1_4559,True,0.9363238944420903,0.0,False
NZ_AP018227.1_4802,True,0.9350535145176133,0.0,False
NZ_AP018227.1_4803,True,0.7657673288800209,0.0,False
NZ_AP018227.1_4964,True,0.5252884531968421,0.0,False
NZ_AP018227.1_5560,True,0.8238917324542379,0.0,False
NZ_AP018227.1_5722,True,0.9298241703151792,0.0,False
NZ_AP018227.1_5723,True,0.9998717575480406,0.0008,True
NZ_AP018227.1_6440,True,0.9988102658344717,0.0002,False
NZ_AP018227.1_6757,True,0.8633642751800121,0.0,False
NZ_AP018227.1_6939,True,0.7347965645874902,0.0,False
NZ_AP018227.1_6947,True,0.9992368523347831,0.0002,False
NZ_AP018227.1_7033,True,0.9598496706570362,0.0002,False
NZ_AP018227.1_7042,True,0.865706601891212,0.0002,False
NZ_AP018228.1_20,True,0.9815733855950008,0.0002,False
NZ_AP018228.1_96,True,0.9986872749854873,0.0,False
NZ_AP018228.1_137,True,0.9193997658259361,0.0,False
NZ_AP018229.1_35,True,0.8028107920534397,0.0,False
NZ_AP018230.1_45,True,0.9999806635293507,0.0006,True
NZ_PJIN01000010.1_2,True,0.8315259824759261,0.0,False
NZ_PJIN01000001.1_239,True,0.9961108737792412,0.0,False
NZ_PJIN01000001.1_252,True,0.9714566341038171,0.0,False
NZ_PJIN01000001.1_620,True,0.9851247204604077,0.0,False
NZ_PJIN01000004.1_289,True,0.890257655938232,0.0,False
NZ_PJIN01000005.1_160,True,0.999900075039816,0.0002,False
NZ_PJIN01000007.1_107,True,0.6713802377027848,0.0,False
NZ_PJIN01000007.1_165,True,0.9974344155297701,0.0006,True
NZ_PVNS01000001.1_260,True,0.9841605769116752,0.0002,False
NZ_PVNS01000001.1_261,True,0.9585197307425766,0.0,False
NZ_PVNS01000001.1_298,True,0.9949587083538791,0.0,False
NZ_PVNS01000013.1_19,True,0.992314808742905,0.0,False
NZ_PVNS01000013.1_20,True,0.9913791957173614,0.0,False
NZ_PVNS01000002.1_280,True,0.9955020013000555,0.0004,False
NZ_PVNS01000006.1_180,True,0.9919272101191605,0.0,False
NZ_QHKX01000001.1_475,True,0.9994716212590808,0.0012,True
NZ_QHKX01000001.1_537,True,0.9972110187601323,0.0002,False
NZ_QHKX01000001.1_552,True,0.9900655944783343,0.0004,False
NZ_QHKX01000001.1_852,True,0.9979219855948073,0.0,False
NZ_QHKX01000001.1_1004,True,0.9989618243919582,0.001,True
NZ_QHKX01000002.1_51,True,0.9979384170796621,0.0004,False
NZ_QHKX01000002.1_277,True,0.7835516613169081,0.0,False
NZ_QHKX01000002.1_279,True,0.9577828506844293,0.0,False
NZ_QHKX01000002.1_622,True,0.999515517038521,0.001,True
NZ_QHKX01000002.1_630,True,0.9995969589708238,0.0016,True
NZ_QHKX01000002.1_876,True,0.9994625568193171,0.0008,True
NZ_QHKX01000003.1_65,True,0.6508198143489199,0.0,False
NZ_QHKX01000003.1_198,True,0.8701309967901448,0.0,False
NZ_QHKX01000003.1_337,True,0.7483300078077557,0.0,False
NZ_QHKX01000003.1_466,True,0.9983878263544665,0.0002,False
NZ_QHKX01000003.1_678,True,0.9732693929834522,0.0002,False
NZ_QHKX01000003.1_747,True,0.9808726312799259,0.0004,False
NZ_QHKX01000004.1_310,True,0.9964264704847556,0.0002,False
NZ_CP029480.1_423,True,0.9937883108180158,0.0002,False
NZ_CP029480.1_834,True,0.9953877315913382,0.0,False
NZ_CP029480.1_871,True,0.9942456829384683,0.0,False
NZ_CP029480.1_881,True,0.9949464924282986,0.0,False
NZ_CP029480.1_933,True,0.7780862323241086,0.0002,False
NZ_CP029480.1_1481,True,0.9968825132963745,0.0002,False
NZ_CP029480.1_1753,True,0.96004269464839,0.0,False
NZ_CP029480.1_1805,True,0.9072911391500035,0.0,False
NZ_CP029480.1_1807,True,0.8834041814869437,0.0002,False
NZ_CP029480.1_2620,True,0.9985292175958089,0.0,False
NZ_CP029480.1_2864,True,0.9730911070783549,0.0004,False
NZ_CP029480.1_2980,True,0.9915534783107391,0.001,True
NZ_CP029480.1_2981,True,0.9971556020290564,0.0004,False
NZ_CP029480.1_3184,True,0.9983496696179314,0.0,False
NZ_CP029480.1_3457,True,0.8552095081113906,0.0,False
NZ_CP021081.1_133,True,0.551227552702351,0.0,False
NZ_CP021081.1_212,True,0.9882717177137045,0.0002,False
NZ_CP021081.1_247,True,0.9927840528452463,0.0004,False
NZ_CP021081.1_566,True,0.719875075908736,0.0,False
NZ_CP021081.1_1016,True,0.8005552181833955,0.0,False
NZ_CP021081.1_1398,True,0.8817558775049883,0.0002,False
NZ_CP021081.1_1438,True,0.5717879760562159,0.0,False
NZ_CP021081.1_2063,True,0.9993601718032803,0.0006,True
NZ_CP021081.1_2195,True,0.9333697935289341,0.0,False
NZ_CP021082.1_448,True,0.9820177383572825,0.0006,True
NZ_CP021083.1_256,True,0.9974605961154679,0.0006,True
NZ_CP021084.1_77,True,0.7612561811399323,0.0,False
NZ_RXLO01000001.1_445,True,0.9649461538400514,0.0,False
NZ_RXLO01000001.1_612,True,0.9978339076988004,0.0006,True
NZ_RXLO01000001.1_669,True,0.9998065044370343,0.001,True
NZ_RXLO01000010.1_54,True,0.8497440791185912,0.0002,False
NZ_RXLO01000015.1_71,True,0.39125531361152077,0.0,False
NZ_RXLO01000002.1_612,True,0.9985057775285893,0.0,False
NZ_RXLO01000003.1_587,True,0.5322286804892861,0.0,False
NZ_RXLO01000005.1_92,True,0.9983356904294778,0.0006,True
NZ_RXLO01000005.1_219,True,0.9980607620303538,0.0004,False
NZ_RXLO01000006.1_104,True,0.9973412545176134,0.0,False
NZ_RXLO01000007.1_37,True,0.763425002168821,0.0,False
NZ_RXLO01000007.1_226,True,0.8446256614904138,0.0,False
NZ_RXLO01000009.1_156,True,0.9202662242900153,0.0,False
NZ_RZNA01000003.1_42,True,0.9958937897072201,0.0004,False
NZ_RZNA01000003.1_55,True,0.9855347259917333,0.0004,False
NZ_RZNA01000003.1_167,True,0.9990191135308132,0.0012,True
NZ_RZNA01000004.1_75,True,0.9896539507069663,0.0004,False
NZ_RZNA01000012.1_23,True,0.8592868916457014,0.0,False
NZ_RZNA01000013.1_78,True,0.7254272577426911,0.0,False
NZ_RZNA01000031.1_49,True,0.848616292183569,0.0,False
NZ_RZNA01000031.1_51,True,0.9643442814084642,0.0004,False
NZ_RZNA01000040.1_53,True,0.99931464986623,0.001,True
NZ_RZNA01000040.1_271,True,0.9834282389371377,0.0004,False
NZ_RZNA01000040.1_369,True,0.8705647609959226,0.0,False
NZ_RZNA01000045.1_20,True,0.960596626534857,0.0,False
NZ_RZNA01000045.1_88,True,0.9980166460279101,0.0,False
NZ_RZNA01000048.1_62,True,0.9947561594433268,0.0002,False
NZ_RZNA01000052.1_22,True,0.977348135054653,0.0,False
NZ_RZMY01000003.1_10,True,0.9654870399025218,0.0004,False
NZ_RZMY01000003.1_13,True,0.8475752580897025,0.0,False
NZ_RZMY01000003.1_85,True,0.9987232047120846,0.0,False
NZ_RZMY01000012.1_28,True,0.9990188353579061,0.0012,True
NZ_RZMY01000013.1_391,True,0.9841112305904448,0.0004,False
NZ_RZMY01000013.1_633,True,0.9347387741422098,0.0002,False
NZ_RZMY01000016.1_180,True,0.7366183742517567,0.0,False
NZ_RZMY01000016.1_203,True,0.9990520000976454,0.0006,True
NZ_RZMY01000017.1_109,True,0.9851567930732036,0.0006,True
NZ_RZMY01000017.1_122,True,0.9938704277411016,0.0004,False
NZ_RZMY01000018.1_64,True,0.9943884967142027,0.0002,False
NZ_SGXC01000001.1_391,True,0.9989660028891532,0.0008,True
NZ_SGXC01000001.1_850,True,0.9992011534723101,0.001,True
NZ_SGXC01000001.1_1040,True,0.9147011597274506,0.0,False
NZ_SGXC01000001.1_1500,True,0.9989285017937035,0.0008,True
NZ_SGXC01000001.1_1961,True,0.9073362552873925,0.0,False
NZ_SGXC01000001.1_1987,True,0.9693999890849935,0.0004,False
NZ_SGXC01000002.1_547,True,0.8159104710679275,0.0,False
NZ_SGXC01000002.1_680,True,0.9748524945461281,0.0,False
NZ_SGXC01000002.1_765,True,0.7287238657066019,0.0,False
NZ_SGXC01000002.1_980,True,0.999943819015181,0.0006,True
NZ_PTQW01000012.1_6,True,0.992195915525235,0.0,False
NZ_PTQW01000014.1_75,True,0.9975885949524306,0.0,False
NZ_PTQW01000029.1_5,True,0.785113212457708,0.0,False
NZ_PTQW01000032.1_21,True,0.996936164113313,0.0008,True
NZ_PTQW01000040.1_14,True,0.9509621375433833,0.0006,True
NZ_PTQW01000057.1_4,True,0.903499239601085,0.0002,False
NZ_PTQW01000006.1_81,True,0.9305943113521553,0.0,False
NZ_PTQW01000009.1_66,True,0.8867875422920101,0.0006,True
NZ_PQVH01000005.1_160,True,0.86223648824499,0.0,False
NZ_PQVH01000008.1_12,True,0.9999452027083802,0.0002,False
NZ_PQVH01000008.1_85,True,0.7627309794395767,0.0,False
NZ_SJCO01000001.1_198,True,0.998347985460981,0.0002,False
NZ_SJCO01000001.1_604,True,0.9973982077350563,0.0,False
NZ_SJCO01000011.1_85,True,0.9992093784672795,0.0,False
NZ_SJCO01000011.1_195,True,0.9934275590743159,0.001,True
NZ_SJCO01000012.1_194,True,0.9935047785020935,0.0004,False
NZ_SJCO01000014.1_104,True,0.926826223692606,0.0002,False
NZ_SJCO01000014.1_119,True,0.9753571057349647,0.0004,False
NZ_SJCO01000017.1_45,True,0.9920882803173662,0.001,True
NZ_SJCO01000017.1_50,True,0.9638830557304173,0.0004,False
NZ_SJCO01000017.1_126,True,0.961443262736839,0.0002,False
NZ_SJCO01000019.1_6,True,0.9971834773796917,0.0002,False
NZ_SJCO01000003.1_16,True,0.9931685863583984,0.0008,True
NZ_SJCO01000003.1_61,True,0.9873776573187347,0.0002,False
NZ_SJCO01000021.1_38,True,0.9898665996740896,0.0002,False
NZ_SJCO01000022.1_8,True,0.978402412591309,0.0006,True
NZ_SJCO01000022.1_44,True,0.8922529712848096,0.0004,False
NZ_SJCO01000224.1_1,True,0.9999822730282146,0.0004,False
NZ_SJCO01000004.1_26,True,0.9900485972792848,0.0002,False
NZ_SJCO01000004.1_28,True,0.9869222053868876,0.0002,False
NZ_SJCO01000004.1_170,True,0.9973897941492211,0.0,False
NZ_SJCO01000005.1_93,True,0.9528219627220135,0.0006,True
NZ_SJCO01000005.1_171,True,0.8415025592088141,0.0,False
NZ_SJCO01000005.1_302,True,0.9999771115648286,0.0002,False
NZ_SJCO01000008.1_68,True,0.9416470149890457,0.0006,True
NZ_SJCO01000008.1_122,True,0.9946998013165973,0.0002,False
NZ_SJCO01000008.1_256,True,0.9994866695866665,0.0002,False
NZ_SJCO01000010.1_58,True,0.9981064173491901,0.0,False
NZ_BJKN01000001.1_274,True,0.9994857659695832,0.001,True
NZ_BJKN01000001.1_296,True,0.34189294699401407,0.0,False
NZ_BJKN01000001.1_422,True,0.9996701752159416,0.0004,False
NZ_BJKN01000001.1_501,True,0.8154767068621497,0.0004,False
NZ_BJKN01000001.1_812,True,0.9904626874346416,0.0014,True
NZ_BJKN01000001.1_904,True,0.9514042956161132,0.0,False
NZ_BJKN01000001.1_1121,True,0.6985338769844712,0.0,False
NZ_BJKN01000001.1_1123,True,0.9753561778352131,0.0002,False
NZ_BJKN01000001.1_1166,True,0.8920794656024985,0.0002,False
NZ_BJKN01000002.1_385,True,0.8138284028801943,0.0006,True
NZ_BJKN01000002.1_485,True,0.7890170903097077,0.0002,False
NZ_BJKN01000002.1_675,True,0.9887695666454962,0.0012,True
NZ_BJKN01000002.1_698,True,0.892946994014054,0.0,False
NZ_BJKN01000002.1_703,True,0.7961308232844626,0.0,False
NZ_BJKN01000002.1_707,True,0.9261433875927705,0.0,False
NZ_BJKN01000002.1_1145,True,0.9459980972057261,0.0,False
NZ_BJKN01000003.1_207,True,0.8762904485121887,0.0,False
NZ_BJKN01000003.1_271,True,0.8123536045805501,0.0002,False
NZ_BJKN01000003.1_363,True,0.7994274312483733,0.0,False
NZ_VFPQ01000001.1_302,True,0.9999897731839443,0.0004,False
NZ_VFPQ01000001.1_422,True,0.9993910205031424,0.001,True
NZ_VFPQ01000001.1_742,True,0.991867583522755,0.0002,False
NZ_VFPQ01000001.1_827,True,0.9993278700233131,0.0002,False
NZ_VFPQ01000001.1_869,True,0.9167216090743986,0.0002,False
NZ_VFPQ01000001.1_1306,True,0.9687182867503137,0.0,False
NZ_VFPQ01000001.1_1368,True,0.9992322597251394,0.001,True
NZ_VFPQ01000001.1_1638,True,0.998745866349936,0.0008,True
NZ_VFPQ01000001.1_2017,True,0.9857238150935451,0.0002,False
NZ_VFPQ01000001.1_2766,True,0.9976379634386772,0.0004,False
NZ_VFPQ01000001.1_2849,True,0.7727075561724647,0.0,False
NZ_VFPQ01000001.1_2851,True,0.9169311870117071,0.0004,False
NZ_VFPQ01000001.1_2862,True,0.8461872126312137,0.0,False
NZ_VFPQ01000001.1_2890,True,0.9937151094037932,0.0008,True
NZ_VFPQ01000001.1_2927,True,0.996241861016807,0.0002,False
NZ_VFPQ01000001.1_3392,True,0.9968836503339961,0.0002,False
NZ_VFPQ01000001.1_3442,True,0.998515857264892,0.001,True
NZ_VFPQ01000001.1_3509,True,0.9999418595972368,0.0014,True
NZ_VFPQ01000001.1_3935,True,0.859547150169168,0.0,False
NZ_VFPQ01000001.1_4258,True,0.9999486240594122,0.0002,False
NZ_VFPQ01000001.1_4283,True,0.6668690899626962,0.0,False
NZ_VFPQ01000001.1_4411,True,0.9973856715595123,0.0,False
NZ_VFPQ01000002.1_29,True,0.9950564702940329,0.0002,False
NZ_VFPQ01000002.1_254,True,0.6489980046846534,0.0,False
NZ_WEZQ01000009.1_73,True,0.9978256485081367,0.0002,False
NZ_WEZQ01000014.1_70,True,0.9844295529219877,0.0012,True
NZ_WEZQ01000002.1_15,True,0.7096382406523813,0.0,False
NZ_JABFHO010000001.1_168,True,0.999998129255713,0.0,False
NZ_JABFHO010000001.1_689,True,0.9901730981386335,0.0006,True
NZ_JABFHO010000001.1_1353,True,0.8570313177756571,0.0,False
NZ_JABFHO010000001.1_1401,True,0.9752987388440515,0.0006,True
NZ_JABFHO010000001.1_1499,True,0.9940248486292188,0.0002,False
NZ_JABFHO010000001.1_2046,True,0.8539949683352129,0.0002,False
NZ_JABFHO010000001.1_2326,True,0.7314999566235795,0.0,False
NZ_JABFHO010000001.1_2940,True,0.9838204733465803,0.0004,False
NZ_JABFHO010000001.1_3515,True,0.866660883143923,0.0002,False
NZ_JABFHO010000001.1_3627,True,0.993610929717364,0.0,False
NZ_JABFHO010000002.1_16,True,0.8984124230068534,0.0002,False
NZ_JABFHO010000002.1_46,True,0.6716404962262514,0.0,False
NZ_JABFHO010000002.1_91,True,0.9981315753506989,0.0,False
NZ_BMLQ01000002.1_110,True,0.9897645544554473,0.0002,False
NZ_BMLQ01000002.1_278,True,0.9976060385836764,0.0002,False
NZ_BMLQ01000003.1_151,True,0.861282206992279,0.0002,False
NZ_BMLQ01000006.1_41,True,0.9976776392635327,0.0006,True
NZ_BMLQ01000006.1_147,True,0.8331742864578815,0.0,False
NZ_BMLQ01000009.1_8,True,0.6116942829877678,0.0,False
NZ_BMLQ01000011.1_31,True,0.9394937773899839,0.0,False
NZ_BMLQ01000023.1_1,True,0.9995791661628667,0.0,False
NZ_BNCD01000001.1_109,True,0.9905689987335233,0.0,False
NZ_BNCD01000001.1_137,True,0.7667216101327319,0.0,False
NZ_BNCD01000001.1_306,True,0.999402320239634,0.0014,True
NZ_BNCD01000001.1_410,True,0.9652664237308626,0.0,False
NZ_BNCD01000001.1_509,True,0.9972839869649218,0.0,False
NZ_BNCD01000002.1_527,True,0.7708857465081982,0.0,False
NZ_BNCD01000003.1_116,True,0.9286939148955562,0.0002,False
NZ_BNCD01000003.1_176,True,0.9547750921666552,0.0002,False
NZ_BNCD01000003.1_344,True,0.9179464889589816,0.0,False
NZ_BNCD01000003.1_367,True,0.8773314826060553,0.0002,False
NZ_BNCD01000004.1_337,True,0.9977507682114726,0.0004,False
NZ_BNCD01000005.1_18,True,0.9999467327243161,0.0014,True
NZ_BNCD01000005.1_183,True,0.9680971336749465,0.0,False
NZ_BNCD01000009.1_34,True,0.9919219150354216,0.0004,False
NZ_BNCD01000009.1_213,True,0.9709873330444538,0.0004,False
NZ_BNCD01000010.1_134,True,0.7214366270495358,0.0,False
NZ_BNCD01000011.1_226,True,0.9994089365940337,0.001,True
NZ_BNCD01000012.1_159,True,0.96459856062506,0.0,False
NZ_BNCD01000012.1_212,True,0.9975898897655454,0.0002,False
NZ_BNCD01000013.1_183,True,0.6696451808796738,0.0,False
NZ_BNCD01000015.1_132,True,0.9998940223882775,0.0002,False
NZ_BNCD01000019.1_7,True,0.9994803699436915,0.001,True
NZ_BNCD01000020.1_102,True,0.9966887346433704,0.0,False
NZ_BNCD01000024.1_48,True,0.9558024827693327,0.0002,False
NZ_BNCD01000025.1_33,True,0.9936284925057887,0.0002,False
NZ_BNCD01000031.1_50,True,0.991808474852366,0.0012,True
NZ_BNCD01000035.1_31,True,0.9896454454206152,0.0012,True
NZ_JACJQY010000010.1_100,True,0.9965808863940483,0.0006,True
NZ_JACJQY010000015.1_36,True,0.9524600999594303,0.0,False
NZ_JACJQY010000016.1_15,True,0.6813568144356728,0.0,False
NZ_JACJQY010000016.1_57,True,0.998607985528853,0.0002,False
NZ_JACJQY010000020.1_76,True,0.859547150169168,0.0,False
NZ_JACJQY010000020.1_85,True,0.7908388999739742,0.0,False
NZ_JACJQY010000021.1_62,True,0.837858939880281,0.0,False
NZ_JACJQY010000025.1_67,True,0.9954601942137498,0.0006,True
NZ_JACJQY010000026.1_51,True,0.8130476273097944,0.0,False
NZ_JACJQY010000003.1_187,True,0.9999172131607085,0.0006,True
NZ_JACJQY010000031.1_35,True,0.9994713513599838,0.0006,True
NZ_JACJQY010000031.1_36,True,0.9630211860717631,0.0,False
NZ_JACJQY010000033.1_1,True,0.9815310775030657,0.0,False
NZ_JACJQY010000034.1_38,True,0.6313004250889217,0.0,False
NZ_JACJQY010000053.1_2,True,0.8220699227899714,0.0,False
NZ_JACJQY010000064.1_1,True,0.9857916284254891,0.0,False
NZ_JACJQY010000068.1_12,True,0.8662271189381452,0.0002,False
NZ_JACJQY010000007.1_120,True,0.9984953529128084,0.0,False
NZ_JACJQY010000072.1_4,True,0.9992861411025866,0.0008,True
NZ_JACJQY010000077.1_12,True,0.8387264682918365,0.0,False
NZ_JADEKP010000001.1_245,True,0.9994864546691608,0.0002,False
NZ_JADEKP010000001.1_251,True,0.9985101889596988,0.0008,True
NZ_JADEKP010000001.1_395,True,0.9932278028241582,0.0,False
NZ_JADEKP010000001.1_934,True,0.8572048234579682,0.0,False
NZ_JADEKP010000001.1_956,True,0.9989517544481653,0.0006,True
NZ_JADEKP010000001.1_1227,True,0.9995667609178044,0.0004,False
NZ_JADEKP010000001.1_1486,True,0.7726208033313091,0.0,False
NZ_JADEKP010000001.1_1553,True,0.7832914027934414,0.0,False
NZ_JADEKP010000012.1_38,True,0.99967510563336,0.0002,False
NZ_JADEKP010000002.1_30,True,0.9928415044892086,0.0002,False
NZ_JADEKP010000002.1_399,True,0.9072925226665647,0.0,False
NZ_JADEKP010000003.1_74,True,0.9251904681494765,0.0,False
NZ_JADAQY010000005.1_118,True,0.9926645351609954,0.0,False
NZ_JADWYU010000127.1_29,True,0.8242387438188601,0.0,False
NZ_JADWYU010000189.1_20,True,0.6986206298256268,0.0,False
NZ_JADWYU010000102.1_14,True,0.9973329263249552,0.0002,False
NZ_JADWYU010000207.1_15,True,0.9991155246977891,0.0014,True
NZ_JADWYU010000082.1_18,True,0.981365690465551,0.0004,False
NZ_JADWYU010000214.1_1,True,0.99921753141318,0.001,True
NZ_JADWYU010000217.1_2,True,0.992199953047067,0.0004,False
NZ_JADWYU010000236.1_18,True,0.9990199863770969,0.001,True
NZ_JADWYU010000240.1_9,True,0.9993823414072481,0.0012,True
NZ_JADWYU010000136.1_41,True,0.9930580545694588,0.0004,False
NZ_JADWYU010000138.1_63,True,0.9991694575309003,0.0008,True
NZ_JADWYU010000138.1_64,True,0.9990038255374167,0.0008,True
NZ_JADWYU010000097.1_10,True,0.9994435836603756,0.001,True
NZ_JADWYU010000097.1_32,True,0.9991346016839238,0.0014,True
NZ_JADWYU010000097.1_100,True,0.948829280874877,0.0,False
NZ_JADWYU010000377.1_1,True,0.6868222434284723,0.0,False
NZ_JADWYU010000383.1_6,True,0.9991671409498509,0.001,True
NZ_JADWYU010000143.1_26,True,0.9949916857665387,0.0004,False
NZ_JADWYU010000060.1_2,True,0.9993194446914369,0.0012,True
NZ_JADWYU010000203.1_61,True,0.9995876674959587,0.0012,True
NZ_JADWYU010000196.1_38,True,0.9976570703850578,0.0002,False
NZ_JADWYU010000131.1_29,True,0.9987669308185059,0.0006,True
NZ_JADWYU010000099.1_68,True,0.9992465363953643,0.001,True
NZ_JADWYU010000133.1_11,True,0.9698495338277962,0.0002,False
NZ_JADWYU010000117.1_26,True,0.9964041457676313,0.0018,True
NZ_JADWYU010000093.1_82,True,0.992112900983509,0.0002,False
NZ_JADWYU010000086.1_57,True,0.9883966111181383,0.0006,True
NZ_JADWYU010000088.1_42,True,0.9957095553407409,0.0,False
NZ_JADWYU010000090.1_34,True,0.9414276259891166,0.0,False
NZ_JADWYU010000090.1_48,True,0.9995093105474226,0.0008,True
NZ_JADWYU010000094.1_29,True,0.9940739345362029,0.0,False
NZ_JADWYU010000224.1_36,True,0.9976486576425063,0.0004,False
NZ_JADWYU010000226.1_5,True,0.9966139642785337,0.0002,False
NZ_JADWYU010000105.1_11,True,0.9991727146425962,0.0,False
NZ_JADWYU010000109.1_5,True,0.9996429543843528,0.0002,False
NZ_JADWYU010000096.1_5,True,0.9999862896899196,0.0004,False
NZ_JADWYU010000148.1_9,True,0.9980795712112562,0.0,False
NZ_JADWYU010000149.1_35,True,0.9999456098642758,0.0014,True
NZ_JADWYU010000150.1_7,True,0.999342178349995,0.0012,True
NZ_JADWYU010000150.1_9,True,0.9989958222396063,0.0012,True
NZ_JADWYU010000150.1_20,True,0.999273827855414,0.0012,True
NZ_JADWYU010000123.1_19,True,0.9990280487865238,0.0014,True
NZ_JADWYU010000123.1_26,True,0.9991413717929106,0.0012,True
NZ_JADWYU010000125.1_24,True,0.9705761081957889,0.0002,False
NZ_JADWYU010000125.1_28,True,0.9721631940903357,0.0,False
NZ_JADWYU010000126.1_27,True,0.9989526597063063,0.001,True
NZ_CP069127.1_881,True,0.9947127864786935,0.0,False
NZ_CP069127.1_974,True,0.8085364795697059,0.0,False
NZ_CP069127.1_1290,True,0.9923617289553811,0.0006,True
NZ_CP069127.1_2177,True,0.8791532922703219,0.0,False
NZ_CP069127.1_2454,True,0.7834649084757526,0.0,False
NZ_CP069127.1_2797,True,0.46777131951071405,0.0,False
NZ_CP069127.1_3422,True,0.6556779734536307,0.0,False
NZ_CP069127.1_3621,True,0.9995033114226448,0.001,True
NZ_CP069127.1_4197,True,0.9416422923320757,0.0,False
NZ_CP069127.1_4999,True,0.973010249978993,0.0,False
NZ_CP069127.1_5322,True,0.49856857812093347,0.0,False
NZ_JAFVMG010000001.1_62,True,0.9991118004908651,0.0002,False
NZ_JAFVMG010000001.1_545,True,0.8504381018478355,0.0,False
NZ_JAFVMG010000016.1_31,True,0.9999918862113935,0.0002,False
NZ_JAFVMG010000016.1_36,True,0.9999668027938146,0.0008,True
NZ_JAFVMG010000016.1_47,True,0.9992088003672197,0.0,False
NZ_JAFVMG010000025.1_13,True,0.40209941875596433,0.0,False
NZ_JAFVMG010000057.1_1,True,0.99609854129281,0.0002,False
NZ_JAFVMG010000059.1_1,True,0.9947570127023375,0.0,False
NZ_JAFVMG010000007.1_71,True,0.9902868344747044,0.0004,False
NZ_JAFVMG010000007.1_108,True,0.9999310634827069,0.0,False
NZ_JAFVMG010000009.1_81,True,0.9284596314501342,0.0002,False
NZ_JAGGOF010000010.1_121,True,0.9960683474574932,0.0002,False
NZ_JAGGOF010000117.1_2,True,0.9968397396418233,0.0004,False
NZ_JAGGOF010000011.1_43,True,0.6345102802116769,0.0004,False
NZ_JAGGOF010000013.1_34,True,0.8381191984037477,0.0,False
NZ_JAGGOF010000014.1_9,True,0.9942258151672468,0.0002,False
NZ_JAGGOF010000016.1_18,True,0.9973467543863984,0.0004,False
NZ_JAGGOF010000024.1_11,True,0.9992777460792399,0.0,False
NZ_JAGGOF010000035.1_54,True,0.9999982591615733,0.0014,True
NZ_JAGGOF010000035.1_55,True,0.9999063817100773,0.0008,True
NZ_JAGGOF010000059.1_14,True,0.995680684543245,0.001,True
NZ_JAGGOF010000062.1_67,True,0.9977182167587763,0.0,False
NZ_JAGGOF010000080.1_29,True,0.9971418439183128,0.0002,False
NZ_JAGGOF010000085.1_14,True,0.6234059165437668,0.0,False
NZ_FKIP01001221.1_3,True,0.9975759084540233,0.0008,True
NZ_FKIP01001062.1_3,True,0.9976991927516033,0.0002,False
NZ_FKIP01001062.1_5,True,0.9973616942073518,0.0,False
NZ_FKIP01000910.1_8,True,0.9998435186808581,0.0006,True
NZ_FKIP01000893.1_11,True,0.9936852894230812,0.0006,True
NZ_FKIP01000839.1_16,True,0.7086839593996703,0.0,False
NZ_FKIP01000838.1_2,True,0.9993422514787957,0.0014,True
NZ_FKIP01000838.1_5,True,0.9994511492843332,0.0012,True
NZ_FKIP01001230.1_1,True,0.9646762308946675,0.0004,False
NZ_FKIP01000289.1_5,True,0.9997046983192702,0.0002,False
NZ_FKIP01000255.1_1,True,0.996445592920932,0.0006,True
NZ_FKIP01000247.1_13,True,0.9992167304768877,0.0008,True
NZ_FKIP01000234.1_6,True,0.929564615261502,0.0002,False
NZ_FKIP01000859.1_1,True,0.9970730195549288,0.0,False
NZ_FKIP01000475.1_3,True,0.8471414938839247,0.0,False
NZ_FKIP01000267.1_7,True,0.9948124423228242,0.0,False
NZ_FKIP01000052.1_5,True,0.9991882465281856,0.001,True
NZ_FKIP01000560.1_4,True,0.996014255954209,0.0002,False
NZ_FKIP01000852.1_1,True,0.9959134364549589,0.0012,True
NZ_FKIP01000178.1_15,True,0.9961845551505523,0.0,False
NZ_FKIP01000737.1_7,True,0.7148434111217142,0.0,False
NZ_FKIP01000737.1_10,True,0.996861720361002,0.0002,False
NZ_FKIP01000148.1_10,True,0.9254915541963753,0.0,False
NZ_FKIP01000562.1_6,True,0.9992187676787907,0.001,True
NZ_FKIP01000165.1_4,True,0.9988843110802959,0.0012,True
NZ_FKIP01000340.1_9,True,0.7533616725947775,0.0,False
NZ_FKIP01000082.1_1,True,0.9989514080677934,0.0002,False
NZ_FKIP01000479.1_4,True,0.8305717012232151,0.0002,False
NZ_FKIP01000500.1_2,True,0.9995089111781207,0.0012,True
NZ_FKIP01000505.1_2,True,0.9507263992678121,0.0,False
NZ_FKIP01000599.1_3,True,0.9975954289816629,0.0,False
NZ_FKIP01000590.1_4,True,0.9641158335084973,0.0,False
NZ_FKIP01000111.1_10,True,0.5657152771753275,0.0002,False
NZ_FKIP01000698.1_2,True,0.998049794655009,0.0002,False
NZ_FKIP01000652.1_3,True,0.9183882621967085,0.0,False
NZ_FKIP01000886.1_10,True,0.700876203695671,0.0,False
NZ_FKIP01000669.1_2,True,0.998399054398517,0.0008,True
NZ_FKIP01000706.1_6,True,0.9952101635553517,0.0002,False
NZ_FKIP01001064.1_1,True,0.9815170206994384,0.0004,False
NZ_FKIP01000549.1_4,True,0.9998171234036338,0.0,False
NZ_FKIP01000814.1_11,True,0.9878071869859678,0.0002,False
NZ_FQTT01000012.1_168,True,0.8434978745553917,0.0,False
NZ_FQTT01000001.1_153,True,0.9999092427951124,0.0014,True
NZ_FQTT01000001.1_325,True,0.994291295198294,0.0004,False
NZ_FQTT01000009.1_135,True,0.9872119315794392,0.0014,True
NZ_FQTT01000011.1_70,True,0.9959109750018792,0.0,False
NZ_FQTT01000011.1_122,True,0.8342153205517481,0.0,False
NZ_FQTT01000011.1_271,True,0.9856874324880518,0.0,False
NZ_FQTT01000011.1_291,True,0.9958246164940701,0.0002,False
NZ_FQTT01000011.1_292,True,0.9906799876832724,0.0002,False
NZ_FQTT01000010.1_278,True,0.9967573512908134,0.0002,False
NZ_FQTT01000010.1_366,True,0.9203002847816384,0.0002,False
NZ_FQVN01000007.1_43,True,0.8488765507070356,0.0,False
NZ_FQVN01000007.1_125,True,0.9990931512465737,0.0002,False
NZ_FQVN01000007.1_287,True,0.9959080867737661,0.0006,True
NZ_FQVN01000006.1_103,True,0.9917772925807674,0.0002,False
NZ_FQVN01000006.1_271,True,0.9929448979088727,0.0,False
NZ_FQVN01000006.1_336,True,0.7696712067320205,0.0,False
NZ_FQVN01000006.1_410,True,0.9993159756539803,0.001,True
NZ_FQVN01000006.1_577,True,0.9452033720993341,0.0,False
NZ_FQVN01000005.1_354,True,0.9167395664731098,0.0,False
NZ_FQVN01000005.1_560,True,0.9993733743842766,0.0002,False
NZ_FQVN01000004.1_248,True,0.9941472744163048,0.0002,False
NZ_FQVN01000004.1_457,True,0.9960285001993953,0.0004,False
NZ_FQVN01000004.1_490,True,0.9994969051417907,0.001,True
NZ_FQVN01000004.1_554,True,0.9953009680187479,0.0002,False
NZ_FQVN01000009.1_90,True,0.9999339609734692,0.0014,True
NZ_FQVN01000009.1_226,True,0.8382927040860588,0.0,False
NZ_FQVN01000003.1_13,True,0.9923354020487204,0.0004,False
NZ_FQVN01000003.1_14,True,0.9932147124046637,0.0002,False
NZ_FQVN01000003.1_15,True,0.9924761608550323,0.0004,False
NZ_FQVN01000003.1_45,True,0.9947963033633818,0.0002,False
NZ_FQVN01000002.1_152,True,0.9978166002661352,0.0002,False
NZ_FQVN01000002.1_185,True,0.831352476793615,0.0002,False
NZ_FQVN01000002.1_385,True,0.9844113679428259,0.0002,False
NZ_FQVN01000002.1_409,True,0.9897131357766856,0.0,False
NZ_FQVN01000002.1_471,True,0.9817416363509163,0.0,False
NZ_FQVN01000001.1_327,True,0.9922790720898378,0.0012,True
NZ_FQVN01000001.1_334,True,0.6850871866053613,0.0,False
NZ_FQVN01000001.1_760,True,0.8899106445736098,0.0004,False
NZ_FQVN01000001.1_961,True,0.9930234183981859,0.0002,False
NZ_FQVN01000001.1_963,True,0.9924242651439603,0.0002,False
NZ_FQVN01000011.1_26,True,0.6508198143489199,0.0,False
NZ_FQVN01000019.1_44,True,0.9660618567346175,0.0004,False
NZ_FZMR01000019.1_150,True,0.9939345033196122,0.0002,False
NZ_FZMR01000024.1_10,True,0.959726664125143,0.0,False
NZ_FZMR01000038.1_9,True,0.9123833752082758,0.0,False
NZ_LT985323.1_107,True,0.9227860229639051,0.0,False
NZ_LT985323.1_969,True,0.9969162881674194,0.0,False
NZ_LT985323.1_1110,True,0.9866576376808436,0.001,True
NZ_LT985324.1_368,True,0.8336948035048147,0.0,False
NZ_LT985324.1_659,True,0.9978553991419844,0.0,False
NZ_LT985326.1_10,True,0.8324802637286371,0.0,False
NZ_LT985328.1_22,True,0.9997485342940469,0.0002,False
NZ_LT985328.1_32,True,0.7474624793962003,0.0,False
NZ_LT985348.1_2,True,0.7194413117029582,0.0,False
NZ_LT985349.1_2,True,0.6808362973887395,0.0,False
NZ_UTHA01000297.1_112,True,0.6016309534137243,0.0002,False
NZ_UTHA01000227.1_27,True,0.9999330568955715,0.0,False
NZ_UTHA01000227.1_326,True,0.9972302574403212,0.0,False
NZ_UTHA01000068.1_76,True,0.9344745872766729,0.0002,False
NZ_UTHA01000051.1_2,True,0.686301726381539,0.0,False
NZ_UTHA01000029.1_123,True,0.981613825454258,0.0002,False
NZ_UTHA01000188.1_138,True,0.8356033660102369,0.0,False
NZ_UTHA01000001.1_16,True,0.6304328966773662,0.0,False
NZ_UTHA01000001.1_385,True,0.9958864427827028,0.0002,False
NZ_UTHA01000001.1_728,True,0.9975883449906299,0.0002,False
NZ_UTHA01000171.1_53,True,0.9971791556122721,0.0002,False
NZ_UTHA01000078.1_80,True,0.9968444307363342,0.0002,False
NZ_UTHA01000125.1_98,True,0.997288006557352,0.0002,False
NZ_UTHA01000141.1_29,True,0.9383552776966024,0.0,False
NZ_UTHA01000184.1_13,True,0.9522187130108547,0.0,False
NZ_UTHA01000184.1_63,True,0.9923111578517863,0.0,False
NZ_UTHA01000184.1_65,True,0.9921499555406429,0.0,False
NZ_CAJFNR010000016.1_9,True,0.9341540065674088,0.0,False
NZ_CAJFNR010000027.1_6,True,0.7413030276741563,0.0,False
NZ_CAJFNR010000037.1_63,True,0.9998575188457776,0.001,True
NZ_BJKN01000002.1_431,False,0.8135681443567276,0.0004,False
JAGWYZ010000095.1_5,False,0.983238181065324,0.0002,False
WVXK01000097.1_13,False,0.9545037808009638,0.0,False
DSSB01000391.1_1,False,0.8690899626962783,0.0,False
NC_014917.1_69,False,0.7622972152337989,0.0,False
CACYFZ010000006.1_17,False,0.9828826519228193,0.0002,False
DFGE01000009.1_3,False,0.671727249067407,0.0,False
NZ_JADWYU010000295.1_2,False,0.9168332251152918,0.0002,False
JAFGCY010000035.1_16,False,0.9679966228786769,0.0,False
JAADFP010000150.1_4,False,0.9512364835914363,0.0002,False
JABDLO010000278.1_1,False,0.6744165871432289,0.0,False
CP002988.1_2057,False,0.7839854255226859,0.0,False
DDGC01000027.1_56,False,0.9786950281233904,0.0002,False
PBWH01000030.1_80,False,0.9180747368909552,0.0002,False
JAFGEW010000046.1_30,False,0.7665481044504208,0.0,False
DJVG01000048.1_4,False,0.8826234059165438,0.0,False
JAFGCY010000101.1_18,False,0.955176309239509,0.0,False
JABFGF010000005.1_185,False,0.9982908503242836,0.0002,False
CAIVGN010000112.1_12,False,0.8582458575518348,0.0,False
BMST01000002.1_457,False,0.99673054113124,0.0,False
JAADFP010000091.1_4,False,0.9768376371397721,0.0,False
JACPTH010000396.1_1,False,0.9847305513888196,0.0004,False
MNYI01000068.1_1,False,0.9702658243180039,0.0004,False
NZ_FQVN01000013.1_34,False,0.9016642961550048,0.0,False
QNDR01000006.1_38,False,0.7389607009629565,0.0002,False
JABIXH010000253.1_15,False,0.9506250101615773,0.0002,False
JAGOEH010000066.1_11,False,0.9952923871832869,0.0002,False
NZ_JPST01000015.1_83,False,0.9966299001804009,0.0002,False
NZ_JXCG01000001.1_76,False,0.9793141960759304,0.0006,True
NZ_JADWYU010000127.1_27,False,0.9729588149005848,0.0,False
DIWJ01000034.1_11,False,0.8184263034614384,0.0,False
JAAZOE010000008.1_1,False,0.9927278345510323,0.0,False
CACGHR010000006.1_15,False,0.7410427691506897,0.0,False
CAJUHL010000073.1_10,False,0.9988801547381272,0.0012,True
JAABRV010000076.1_3,False,0.9881475122175888,0.0,False
MWCD01000011.1_11,False,0.95505765249662,0.0002,False
USJX01000029.1_14,False,0.9212472395005965,0.0,False
DRYD01000247.1_7,False,0.952158344708687,0.0,False
SXND01000214.1_9,False,0.9997656078927362,0.0,False
JABFRY010000392.1_4,False,0.9999694717897336,0.0,False
QCFI01000012.1_51,False,0.9760782835278384,0.0,False
NZ_AWRU01000001.1_55,False,0.9518150295973709,0.0,False
JABDHD010000044.1_10,False,0.9963056055418612,0.0,False
DTOT01000113.1_3,False,0.9688688266134267,0.0002,False
CAIVGN010000234.1_87,False,0.9573235359641817,0.0,False
PBWH01000026.1_165,False,0.954831904485504,0.0,False
NZ_JAAIPW010000001.1_134,False,0.993665168994364,0.0004,False
JAFGCY010000074.1_28,False,0.8434978745553917,0.0,False
SYBY01000105.1_2,False,0.9498476913016957,0.0,False
DSSU01000362.1_1,False,0.985416703826197,0.0,False
DUMJ01000011.1_1,False,0.9946542985252209,0.0002,False
MNYV01000144.1_1,False,0.9998023830402837,0.0,False
WOZJ01000042.1_1,False,0.9947013346348764,0.0002,False
DIFC01000043.1_1,False,0.9896841194650163,0.0002,False
JAHIZU010000133.1_6,False,0.8624099939273011,0.0,False
VGJA01000020.1_9,False,0.9718914886672034,0.0002,False
MNUO01000065.1_10,False,0.7190075474971805,0.0,False
NC_017096.1_931,False,0.9031985765519934,0.0002,False
MFGS01000153.1_15,False,0.916888698415252,0.0002,False
JABDHD010000039.1_27,False,0.9851683296875726,0.0004,False
JAGOUY010000010.1_39,False,0.9916002361127894,0.0008,True
PEWQ01000196.1_4,False,0.6503860501431422,0.0,False
JAADIA010000059.1_1,False,0.9688943450621075,0.0,False
NZ_CP029480.1_2772,False,0.6953240218617159,0.0,False
DSKM01000009.1_311,False,0.9078353764034983,0.0002,False
PKTG01000081.1_17,False,0.9112776438270775,0.0002,False
QHSL01000071.1_56,False,0.9927251268821572,0.0002,False
JADJOY010000025.1_114,False,0.9898731946750544,0.0002,False
JAEOSL010000048.1_19,False,0.9998350194236867,0.0006,True
JACTNB010000023.1_15,False,0.985622896032365,0.0002,False
SLOM01000002.1_4,False,0.857638587663746,0.0,False
SICP01000014.1_19,False,0.990905996906347,0.0,False
JAHJDJ010000088.1_4,False,0.8316127353170817,0.0,False
CAJQMW010000547.1_3,False,0.8631040166565455,0.0002,False
JAFGEX010000313.1_15,False,0.9815977881490926,0.0002,False
JAFGWL010000056.1_223,False,0.8356033660102369,0.0,False
PLFD01000026.1_29,False,0.9999999805355014,0.001,True
CAJUHL010000046.1_8,False,0.939942997891942,0.0002,False
LCRX01000010.1_34,False,0.9866838557181588,0.0,False
CAISUK010000223.1_19,False,0.8075821983169948,0.0002,False
DSSB01000159.1_8,False,0.9962542605780079,0.0,False
JABDLO010000178.1_2,False,0.9956385494522788,0.0004,False
NZ_AWRU01000015.1_139,False,0.997213218849912,0.0004,False
JACTNB010000017.1_62,False,0.9993999680499148,0.0004,False
MWBZ01000148.1_2,False,0.9999651744902193,0.0014,True
JAFGAQ010000045.1_16,False,0.9360748837732006,0.0,False
WJKZ01000128.1_9,False,0.7411295219918452,0.0,False
NYZA01000219.1_21,False,0.9921446218618928,0.0004,False
JABWCD010000009.1_143,False,0.9707398929003327,0.0002,False
DDYN01000037.1_34,False,0.8156502125444608,0.0004,False
NZ_LT985339.1_1,False,0.9961009480091646,0.0,False
LJUI01000020.1_1,False,0.9259134658650237,0.0,False
NZ_LT985325.1_133,False,0.9236626697659431,0.0,False
LIUI01000106.1_2,False,0.9842411753286849,0.0,False
PWXJ01000107.1_5,False,0.8152164483386831,0.0002,False
DHZH01000003.1_148,False,0.913211591953472,0.0004,False
SOJN01000108.1_33,False,0.9719995798593807,0.0,False
PLFD01000025.1_148,False,0.7014834735837598,0.0,False
JAGALG010000249.1_1,False,0.9118332847586659,0.0002,False
NZ_FRCD01000032.1_7,False,0.9649064515341622,0.0,False
SHMX01000004.1_291,False,0.9896701330636651,0.0,False
WLFD01000134.1_6,False,0.9572540071418745,0.0,False
CAILUR010000079.1_2,False,0.8456666955842804,0.0,False
JAFYIZ010000008.1_2,False,0.949390308486673,0.0,False
PLDF01000361.1_14,False,0.9508868984890962,0.0,False
JAHDNF010000025.1_47,False,0.9914781552864123,0.0004,False
NZ_AP018227.1_3535,False,0.9994696975762765,0.0002,False
JACCUF010000274.1_1,False,0.9973270420406125,0.0,False
AWOA01000091.1_7,False,0.9930631388260979,0.0006,True
DSNN01000264.1_7,False,0.8601544200572568,0.0,False
JABIXH010000316.1_5,False,0.9838783269437855,0.0004,False
VXMB01000014.1_92,False,0.987227049183254,0.0,False
NZ_CP007062.1_837,False,0.9910465431624443,0.0004,False
MGFH01000248.1_9,False,0.9021607157345887,0.0,False
DDYN01000006.1_15,False,0.9885538431812744,0.0,False
PKTT01000065.1_46,False,0.988955961102162,0.0006,True
JACQOF010000079.1_1,False,0.8137416500390388,0.0,False
NZ_RXLO01000002.1_419,False,0.9984056437988584,0.0,False
JABWCD010000039.1_21,False,0.9512951432363436,0.0,False
SHMX01000001.1_539,False,0.8793267979526329,0.0002,False
JAFGCY010000095.1_81,False,0.9434652404367907,0.0,False
MGQK01000046.1_19,False,0.7976923744252624,0.0002,False
DFGE01000026.1_30,False,0.9843530918014597,0.0004,False
NZ_AP014612.1_1525,False,0.9995089024873028,0.0002,False
PLDF01000497.1_33,False,0.8551227552702351,0.0,False
VMTI01000073.1_1,False,0.8116595818513056,0.0002,False
MNYI01000220.1_6,False,0.9999728027399429,0.0008,True
WAQS01000008.1_22,False,0.6786674763598508,0.0,False
DLGL01000087.1_27,False,0.8086232324108614,0.0,False
NZ_CP015520.1_820,False,0.8020300164830398,0.0002,False
DSSC01000014.1_32,False,0.9937618372069944,0.0,False
NZ_NCSM01000072.1_3,False,0.8244990023423268,0.0,False
METK01000017.1_57,False,0.9258949045226219,0.0,False
UQCL01000019.1_20,False,0.9869155263204904,0.0002,False
SICP01000011.1_1,False,0.9814652745692528,0.0002,False
DAPM01000006.1_15,False,0.6967988201613603,0.0,False
JACMRP010000286.1_1,False,0.9655112844667632,0.0,False
DMSQ01000080.1_73,False,0.9675505870501754,0.0,False
JACTNB010000021.1_37,False,0.9911881735438998,0.0,False
JADGAT010000240.1_2,False,0.987023458845276,0.0,False
JACPWU010000051.1_12,False,0.7389607009629565,0.0,False
PLDF01000211.1_8,False,0.9989922252369839,0.0002,False
DJVG01000033.1_21,False,0.963589206454368,0.0002,False
NZ_PTQW01000046.1_5,False,0.9927150898307804,0.0,False
JABDHD010000124.1_11,False,0.999084103890483,0.0002,False
NZ_LT985324.1_996,False,0.9549003163809722,0.0,False
JAFGGD010000026.1_19,False,0.8109655591220613,0.0,False
JAGXTL010000102.1_18,False,0.6953240218617159,0.0,False
NZ_JACJQY010000060.1_10,False,0.9569672504058466,0.0,False
SKQU01000002.1_4,False,0.9507900408233038,0.0,False
JAFUHT010000009.1_27,False,0.9776993300190038,0.0,False
JABDLO010000369.1_1,False,0.9738855430955154,0.0,False
DNCN01000013.1_1,False,0.9914676822624111,0.0,False
WAQR01000077.1_4,False,0.8946820508371649,0.0,False
JAADFP010000159.1_3,False,0.959186911953905,0.0,False
PKTG01000100.1_28,False,0.8664873774616119,0.0,False
CADBLV010000148.1_4,False,0.9760480356322109,0.0,False
KI543219.1_61,False,0.9999999047546643,0.0006,True
LCRX01000015.1_55,False,0.9992435801096693,0.0004,False
JAFGTC010000053.1_2,False,0.9346549577154905,0.0002,False
JABWCP010000008.1_67,False,0.9715934088984122,0.0,False
QMTU01000001.1_37,False,0.8305717012232151,0.0,False
JACTNB010000013.1_264,False,0.9999329817405882,0.0002,False
PUNC01000010.1_19,False,0.9985887265735551,0.0,False
QMNL01000335.1_4,False,0.9689413126036134,0.0004,False
MFPR01000028.1_323,False,0.9547551623366052,0.0,False
NZ_JADWYU010000098.1_48,False,0.9599475743187376,0.0,False
NYYY01000080.1_12,False,0.9955791858214291,0.0002,False
JACPSX010000211.1_1,False,0.9209449270432828,0.0,False
NZ_CP016279.1_5390,False,0.7949162835082849,0.0,False
SFEJ01000051.1_2,False,0.9008318930454152,0.0,False
JAFGEX010000372.1_2,False,0.9994116331676658,0.0004,False
NZ_AP013035.1_321,False,0.9996441748822219,0.0002,False
JAFCFP010000028.1_12,False,0.8507851132124578,0.0,False
SHYX01000001.1_11,False,0.9603675222383888,0.0002,False
JAFGUZ010000021.1_6,False,0.9995866656055865,0.0,False
CAJQMW010000274.1_5,False,0.9215550053942578,0.0006,True
QZKI01000039.1_1,False,0.9901287591124522,0.0,False
MWBZ01000123.1_5,False,0.9091477099326658,0.0,False
DSCM01000078.1_3,False,0.996122228920512,0.0006,True
NZ_JACJQY010000059.1_5,False,0.9982014246395069,0.0004,False
WRBD01000048.1_11,False,0.7554437407825106,0.0,False
RFIY01000077.1_6,False,0.9999652487680907,0.0004,False
JACPAV010000005.1_126,False,0.9664116274054488,0.0,False
MGFH01000044.1_2,False,0.9816141403084373,0.0,False
CAIWTR010000045.1_2,False,0.9777958776728212,0.0002,False
NZ_RXLO01000009.1_39,False,0.9948722084634654,0.0,False
WFTM01000234.1_11,False,0.898325670165698,0.0,False
JADQBH010000021.1_1,False,0.9835603655672933,0.0002,False
URWG01000033.1_10,False,0.9971860108057042,0.0002,False
JABIXH010000125.1_25,False,0.999556445319756,0.0,False
PAZD01000050.1_13,False,0.8932072525375206,0.0,False
SLNR01000044.1_4,False,0.9017501542378952,0.0,False
SHYX01000021.1_30,False,0.9911987749933052,0.0,False
QIFF01000170.1_6,False,0.7800815476706862,0.0,False
VGJA01000020.1_8,False,0.9274430716987151,0.0,False
DNCN01000162.1_1,False,0.9499548757078158,0.0002,False
NZ_CP029480.1_713,False,0.9990518066383162,0.0002,False
DSUT01000050.1_2,False,0.9764649987739179,0.0,False
JAGVWA010000003.1_44,False,0.9621106506425956,0.0006,True
VXMB01000009.1_1500,False,0.7943957664613516,0.0,False
BDTG01000014.1_15,False,0.9739398646606243,0.0,False
WFRF01000054.1_4,False,0.8170382580029496,0.0004,False
PWNJ01000074.1_3,False,0.7306324282120239,0.0,False
NZ_LR216287.1_977,False,0.999237163780576,0.001,True
JAAYVF010000046.1_12,False,0.9988626150357671,0.0006,True
WGBT01000193.1_1,False,0.9768274308135266,0.0002,False
PLDF01000175.1_31,False,0.9822969807501304,0.0,False
JAFCFP010000031.1_6,False,0.9682986840451102,0.0,False
JAFRZH010000011.1_18,False,0.9342449465616807,0.0,False
NZ_AP018227.1_3826,False,0.999848467526603,0.0002,False
LJUD01000019.1_10,False,0.9930298262385595,0.0002,False
SYBY01000467.1_3,False,0.9916911812811618,0.0,False
JAGOEH010000041.1_17,False,0.8624099939273011,0.0,False
NZ_FRCD01000005.1_67,False,0.9889919001698216,0.0,False
NZ_CP016279.1_2654,False,0.9052380867177322,0.0,False
NZ_JAAIPW010000005.1_150,False,0.9930366180981295,0.0002,False
NZ_AP018227.1_1938,False,0.9955693353872286,0.0006,True
DSNQ01000062.1_29,False,0.9948811223451053,0.0002,False
NZ_JH815593.1_1383,False,0.984304150161702,0.0004,False
PLYD01000285.1_4,False,0.9961811974755483,0.0004,False
NZ_FKIP01001198.1_4,False,0.9911518312752007,0.0,False
PBWH01000006.1_584,False,0.9450872965176887,0.0002,False
JABMRT010000193.1_16,False,0.8867875422920101,0.0,False
NBMB01000017.1_33,False,0.9865558874920868,0.0,False
JABDLO010000464.1_2,False,0.9983616430308723,0.0002,False
CACZLA010000002.1_54,False,0.9534364031129751,0.0,False
DDGC01000023.1_125,False,0.6723345189554958,0.0,False
NDHY01000003.1_61,False,0.7476359850785114,0.0,False
NZ_NCSM01000007.1_196,False,0.9827311574446167,0.0,False
NZ_JABFHO010000001.1_2513,False,0.9726852957544679,0.0002,False
NZ_QHKX01000001.1_1062,False,0.9926437245579379,0.0,False
NZ_AGJL01000005.1_35,False,0.6730285416847401,0.0,False
VXWP01000046.1_18,False,0.9996081450578536,0.0004,False
JAGOBX010000016.1_7,False,0.7184002776090918,0.0,False
SVSB01000016.1_24,False,0.9809357517548581,0.0,False
WFTM01000108.1_3,False,0.9940840869860772,0.0004,False
BMST01000002.1_376,False,0.9997447178787751,0.0002,False
LIUI01000152.1_1,False,0.916736739617423,0.0002,False
RFHX01000280.1_3,False,0.9610300713726394,0.0,False
JAFGTL010000168.1_3,False,0.7165784679448252,0.0,False
JACRPW010000068.1_1,False,0.9539147024777315,0.0002,False
DCUM01000163.1_7,False,0.6828316127353171,0.0,False
MNYV01000175.1_11,False,0.7214366270495358,0.0002,False
JAHIPN010000316.1_2,False,0.9310234779128717,0.0002,False
DSKM01000001.1_3,False,0.8495705734362801,0.0,False
BMST01000014.1_21,False,0.8755096729417888,0.0002,False
NZ_CP069127.1_3366,False,0.9189513162416527,0.0004,False
JACRLM010000031.1_1,False,0.910316790791352,0.0,False
VBAP01000067.1_1,False,0.9808907387773999,0.0002,False
JABWCQ010000006.1_17,False,0.9995273743632848,0.0004,False
CACZFN010000017.1_64,False,0.8387264682918365,0.0,False
JAHIPN010000027.1_3,False,0.934801762417502,0.0,False
LUZY01000008.1_270,False,0.9353703524483814,0.0,False
JACQOF010000078.1_1,False,0.9575019538745465,0.0002,False
PLDF01000183.1_22,False,0.9377440075759336,0.0,False
MVZB01000050.1_5,False,0.9874114116033293,0.0008,True
NZ_JPST01000033.1_10,False,0.7789537607356641,0.0,False
WLFD01000080.1_6,False,0.8759434371475666,0.0002,False
CACMQN010000011.1_21,False,0.9812135207580424,0.0,False
NZ_JAGGOF010000035.1_25,False,0.9028511520516376,0.0002,False
DHPR01000012.1_227,False,0.943707166647412,0.0,False
SLGQ01000008.1_6,False,0.9144810495654032,0.0,False
JAFYIZ010000004.1_8,False,0.999096557844271,0.0002,False
JACMRP010000363.1_1,False,0.9947882648397512,0.0,False
CAIVGN010000006.1_27,False,0.9888804367360446,0.0002,False
NZ_BDAU01000026.1_13,False,0.7876290448512189,0.0,False
JAAYVF010000043.1_9,False,0.9752075923711686,0.0,False
DBPU01000119.1_8,False,0.999055955897243,0.0002,False
NZ_CP060488.1_2321,False,0.9982056267144833,0.0,False
JAFANK010000197.1_3,False,0.9985146142171702,0.0006,True
LJUI01000057.1_10,False,0.992293269103515,0.0018,True
WRMI01000035.1_14,False,0.7799947948295307,0.0006,True
CAJUIP010000064.1_15,False,0.9100921736667656,0.0,False
JABMRT010000066.1_10,False,0.6418842717098985,0.0,False
NZ_AP013035.1_169,False,0.9955595029090941,0.0012,True
LMZT01000115.1_55,False,0.9331323231269132,0.0,False
NZ_CP016279.1_9266,False,0.9995669837391427,0.0004,False
JADGDI010000081.1_7,False,0.9985936725109021,0.0002,False
PKWQ01000094.1_5,False,0.9996690363055606,0.0,False
JADQBH010000068.1_14,False,0.6623579422226078,0.0,False
DMSQ01000021.1_52,False,0.9250339439206985,0.0,False
JACPUC010000028.1_18,False,0.7141493883924699,0.0,False
NZ_FKIP01001207.1_1,False,0.6971458315259825,0.0,False
DGKK01000055.1_16,False,0.9821605406284524,0.0002,False
DLYX01000506.1_3,False,0.9381221659657817,0.0,False
PEWQ01000174.1_1,False,0.8474885052485469,0.0004,False
CP002989.1_191,False,0.7406957577860674,0.0,False
URIY01000024.1_27,False,0.9814884331533344,0.0002,False
JABWCD010000015.1_94,False,0.9511470163891317,0.0,False
SVSB01000021.1_42,False,0.967602158340751,0.0,False
CAIQVJ010000068.1_1,False,0.9374613748902951,0.0,False
JAFCDI010000012.1_33,False,0.658280558688297,0.0,False
CAISUK010000315.1_5,False,0.9857314709252238,0.0,False
PAZD01000052.1_11,False,0.6378936410167433,0.0,False
NC_018649.1_2188,False,0.9015489630831225,0.0,False
CACMQN010000011.1_4,False,0.990639053788516,0.0002,False
DITF01000246.1_7,False,0.8899106445736098,0.0,False
JAGOUY010000003.1_32,False,0.9691609282042896,0.0,False
NZ_FQTT01000009.1_257,False,0.9680584857702451,0.0,False
JADJOY010000023.1_21,False,0.38830571701223215,0.0,False
DSSB01000586.1_1,False,0.9809804648155069,0.0004,False
MFPR01000033.1_26,False,0.9538514031470805,0.0,False
DSWB01000657.1_7,False,0.9996051343023535,0.0006,True
VBJS01000161.1_1,False,0.964828065869995,0.0002,False
OMZR01000052.1_15,False,0.9764386412953746,0.0,False
JADJOY010000032.1_84,False,0.9876586331981043,0.0,False
MDLB01000075.1_4,False,0.7586535959052659,0.0,False
JADQBH010000020.1_1,False,0.9959310397595483,0.0002,False
CAIWTR010000081.1_5,False,0.9942775683274548,0.0,False
JAGOBX010000381.1_3,False,0.6851739394465168,0.0,False
RFFQ01000075.1_9,False,0.9914315762265907,0.0002,False
CP036261.1_5092,False,0.99065970974476,0.0,False
NZ_LR216287.1_2345,False,0.9986117217092383,0.0002,False
JAFGEW010000076.1_75,False,0.9353522830851415,0.0,False
NZ_JPST01000021.1_17,False,0.9991744377175541,0.0002,False
DSCM01000051.1_38,False,0.9679577699711946,0.0002,False
NZ_KB908323.1_128,False,0.9607307958951723,0.0002,False
JAAOXX010000050.1_1,False,0.9611193851929118,0.0,False
MVCR01000080.1_4,False,0.7910124056562853,0.0,False
JAFGEV010000310.1_19,False,0.9991131113985974,0.0002,False
JAHJDO010000130.1_12,False,0.8134813915155721,0.0,False
CAIVGN010000099.1_1,False,0.984514794405942,0.0,False
NVVD01000019.1_9,False,0.9201079137290051,0.0,False
JAFGAQ010000133.1_5,False,0.8446256614904138,0.0,False
JAEELG010000048.1_11,False,0.9926603048882123,0.0002,False
JAHITZ010000052.1_13,False,0.5221653509152425,0.0002,False
JAFGBW010000228.1_8,False,0.9297180466575694,0.0,False
PWOD01000046.1_1,False,0.9263852005996349,0.0002,False
MVCZ01000199.1_1,False,0.9952776189621568,0.0002,False
CAJUHL010000013.1_40,False,0.6112605187819901,0.0,False
PAQS01000047.1_86,False,0.8765507070356554,0.0,False
NZ_JAAIPW010000055.1_3,False,0.7708857465081982,0.0,False
LQMQ01000020.1_1,False,0.7204823457968248,0.0,False
LMZT01000148.1_26,False,0.965412714508475,0.0,False
JABWBZ010000034.1_11,False,0.998598526018182,0.0002,False
JACRMA010000025.1_1,False,0.9970965271372715,0.0002,False
NZ_LBMK01000001.1_344,False,0.9997363275642616,0.0012,True
DITF01000033.1_2,False,0.9755441954463261,0.0,False
CP002989.1_524,False,0.9902778951029517,0.0,False
JAFTKO010000033.1_10,False,0.8674416587143229,0.0,False
SFNH01000063.1_10,False,0.9257762164832579,0.0,False
CACGJS010000002.1_22,False,0.9981284475982126,0.0006,True
JAEELG010000078.1_53,False,0.9999993890897436,0.0004,False
PMWA01000066.1_3,False,0.9553481024349068,0.0002,False
MFGS01000049.1_17,False,0.858592868916457,0.0002,False
DSNN01000008.1_4,False,0.9495160713773567,0.0004,False
JAGXKI010000060.1_1,False,0.9640731354531302,0.0004,False
JABFGF010000009.1_111,False,0.9913533484447785,0.0002,False
DLPB01000029.1_66,False,0.9744977462965815,0.0002,False
JAAYRV010000176.1_10,False,0.999997663997262,0.001,True
JACPWU010000013.1_21,False,0.9545032210499601,0.0,False
NZ_FRCD01000023.1_17,False,0.9334168049478837,0.0,False
LDXN01000088.1_1,False,0.9999951614409566,0.0002,False
NZ_CP015520.1_401,False,0.8443654029669472,0.0,False
PLPI01000008.1_6,False,0.7451201526850004,0.0,False
NZ_RXLO01000003.1_439,False,0.9999599270686323,0.0002,False
NC_007759.1_1312,False,0.9908534638091664,0.0,False
NC_007759.1_1976,False,0.7675023857031318,0.0,False
JAGWYZ010000002.1_24,False,0.864925826320812,0.0,False
JABMRT010000110.1_19,False,0.9915001704852457,0.0,False
NZ_SJCO01000369.1_1,False,0.92243084615691,0.0,False
JABMRT010000027.1_21,False,0.9797073679445079,0.0,False
NZ_BNCD01000014.1_172,False,0.8079292096816171,0.0,False
JAFGIQ010000099.1_31,False,0.9086573896962076,0.0004,False
NZ_CP015520.1_1004,False,0.7227379196668691,0.0,False
DLGL01000126.1_10,False,0.9886227291434477,0.0002,False
WJKZ01000198.1_1,False,0.9953164640009725,0.0002,False
NZ_LMIV01000001.1_1405,False,0.8714322894074781,0.0,False
NZ_FQTT01000001.1_3,False,0.872993840548278,0.0002,False
JACIXQ010000019.1_26,False,0.9916275937803998,0.0004,False
JACIXS010000401.1_1,False,0.8969376247072092,0.0002,False
JACQOF010000036.1_28,False,0.9364164100160436,0.0,False
JADBKU010000013.1_60,False,0.9877371004793828,0.0004,False
DCAZ01000147.1_15,False,0.9644168925174065,0.0,False
QJVW01000034.1_11,False,0.986477600042555,0.0,False
DLGL01000087.1_2,False,0.8242387438188601,0.0002,False
PMZC01000301.1_4,False,0.7180532662444695,0.0,False
JAFGGD010000031.1_59,False,0.8979786588010757,0.0,False
BDTM01000016.1_113,False,0.9225023296449353,0.0004,False
JWIH01000011.1_73,False,0.9996726749131973,0.0002,False
JAEOSL010000100.1_7,False,0.9530748438355292,0.0,False
JAEOSL010000074.1_8,False,0.921070490181921,0.0,False
JABMQX010000155.1_2,False,0.9576589591148617,0.0,False
WFTM01000226.1_6,False,0.7943957664613516,0.0,False
NZ_AP018227.1_105,False,0.9947582027943576,0.0008,True
JACPTH010000567.1_6,False,0.9999081685305573,0.0004,False
JACOUC010000061.1_12,False,0.9531051361246118,0.0,False
JACRAC010000011.1_10,False,0.864925826320812,0.0,False
NZ_JABASS010000001.1_93,False,0.7223041554610914,0.0,False
NZ_CP069127.1_1748,False,0.9573632120109543,0.0002,False
WYBT01000030.1_314,False,0.9945671228473977,0.0,False
DSSU01000050.1_1,False,0.998459000127553,0.0004,False
MGPE01000015.1_107,False,0.9993023906417189,0.0004,False
PFSX01000020.1_1,False,0.9325286752018656,0.0002,False
NZ_FKIP01001233.1_3,False,0.9441152800950304,0.0,False
NZ_VFPQ01000001.1_4243,False,0.9990584880122195,0.0002,False
JAFGTL010000045.1_5,False,0.8860935195627657,0.0006,True
DHHE01000043.1_2,False,0.7627309794395767,0.0,False
NZ_LMKQ01000004.1_189,False,0.9922466111054608,0.0004,False
JAFYIM010000263.1_1,False,0.861282206992279,0.0,False
MVCZ01000044.1_5,False,0.990607434359003,0.0,False
NVVD01000002.1_197,False,0.6909863798039386,0.0,False
NZ_SGXC01000001.1_2372,False,0.8565975535698794,0.0,False
NZ_JADEKP010000001.1_906,False,0.9863081949680296,0.0002,False
NZ_PJIN01000002.1_472,False,0.9999864648782674,0.0002,False
NZ_KB908330.1_2,False,0.9808720674715259,0.0,False
NZ_BNCD01000054.1_4,False,0.9931269195954514,0.0,False
JAFGWL010000046.1_11,False,0.8181660449379717,0.0,False
NZ_UTHA01000210.1_84,False,0.994363503982988,0.0002,False
JACPAV010000004.1_84,False,0.9978668132087235,0.0,False
JAFGEW010000092.1_32,False,0.9240126492062909,0.0,False
NZ_RXLO01000005.1_158,False,0.9985534632902995,0.0,False
NZ_CAJFNR010000021.1_2,False,0.9890631515055243,0.0,False
CAIQVJ010000019.1_126,False,0.9752446857611384,0.0,False
NC_014654.1_1691,False,0.7965645874902403,0.0,False
NZUQ01000073.1_15,False,0.5769063936843931,0.0,False
JAFANK010000192.1_4,False,0.8726468291836558,0.0,False
JABWCD010000044.1_1,False,0.9982050421597138,0.0002,False
WRBD01000012.1_44,False,0.9749557393154465,0.0,False
JAATVM010000047.1_1,False,0.9640514674553712,0.0002,False
CAIWTR010000076.1_2,False,0.8711720308840114,0.0,False
WJOT01000050.1_1,False,0.9311873336743375,0.0,False
QIJE01000036.1_1,False,0.9895505618398122,0.0,False
NZ_JAFVMG010000036.1_1,False,0.9949363536434533,0.0,False
ONXP01000012.1_9,False,0.9151945747039817,0.0,False
RFFU01000076.1_20,False,0.9367487801777385,0.0002,False
NZ_LMGK01000024.1_305,False,0.9999593749606718,0.0008,True
DIVR01000056.1_33,False,0.9999763919987275,0.0004,False
DHHE01000096.1_11,False,0.9797609001270171,0.0002,False
JAFRXC010000010.1_1,False,0.9998352838012505,0.0,False
WYBT01000002.1_75,False,0.925886069808864,0.0,False
DSWB01000279.1_1,False,0.9985246498219278,0.0002,False
VMTI01000233.1_6,False,0.9508344565707957,0.0,False
PAYP01000110.1_5,False,0.98861103017613,0.0004,False
WFPJ01000110.1_4,False,0.7509325930424221,0.0,False
NZ_LT907975.1_219,False,0.9866519951026824,0.0002,False
PKTG01000147.1_4,False,0.9964709210088087,0.0002,False
JAAYZI010000319.1_3,False,0.9766333824990819,0.0,False
WSXW01000036.1_8,False,0.9853741401173796,0.0002,False
MNUO01000116.1_2,False,0.9125134058362327,0.0002,False
NVVD01000001.1_491,False,0.695497527544027,0.0,False
QNVD01000233.1_3,False,0.8365576472629479,0.0,False
JABFGF010000006.1_203,False,0.6610566496052745,0.0,False
NZ_JOOE01000004.1_193,False,0.9706411759656752,0.0,False
JAATVM010000023.1_6,False,0.9733091958635993,0.0,False
VGIW01000030.1_15,False,0.9197990369569222,0.0,False
DITF01000009.1_23,False,0.9635630171336897,0.0,False
JACPSX010000025.1_6,False,0.9554824711946828,0.0,False
CAIQVJ010000017.1_6,False,0.9420559206216954,0.0,False
NZ_SGXC01000002.1_1092,False,0.9854357942152991,0.0004,False
JAAYHG010000088.1_20,False,0.9974566775126804,0.0002,False
JAADIO010000019.1_9,False,0.6229721523379891,0.0,False
JABDHD010000122.1_1,False,0.9876763112423171,0.0002,False
JACRLM010000087.1_60,False,0.9146036145119906,0.0004,False
JAFANK010000048.1_2,False,0.9456770769368851,0.0002,False
JAFGEQ010000012.1_196,False,0.9496397406176988,0.0,False
PLDF01000439.1_4,False,0.9804095840657607,0.0,False
PWNJ01000122.1_2,False,0.8835776871692548,0.0,False
JABDLO010000440.1_1,False,0.9990190002101369,0.0004,False
CACZLA010000007.1_49,False,0.9592639481707264,0.0,False
JACMRP010000350.1_1,False,0.9917049168114775,0.0002,False
MFGS01000004.1_6,False,0.9823984088164748,0.0,False
WLFD01000184.1_3,False,0.9381740985758121,0.0002,False
JAFGCY010000108.1_22,False,0.9831720947936795,0.0,False
JACRDZ010000160.1_5,False,0.8263208120065932,0.0,False
NZ_NCSM01000070.1_40,False,0.9726840028973849,0.0,False
JADJOY010000015.1_4,False,0.9926374956853946,0.0,False
DSNQ01000059.1_8,False,0.3408519129001475,0.0002,False
JAHJDJ010000286.1_6,False,0.9989632404146124,0.0,False
JAFRZH010000024.1_35,False,0.7891038431508632,0.0,False
SBFR01000183.1_10,False,0.9436806494741797,0.0,False
CADCWE010000120.1_6,False,0.999995438870381,0.0008,True
PUNC01000034.1_2,False,0.5847141493883925,0.0,False
NZ_KB290718.1_43,False,0.6015442005725687,0.0,False
WRMI01000015.1_1,False,0.9742353599503877,0.0002,False
JAGOBX010000436.1_3,False,0.9999886265638649,0.0008,True
URIY01000008.1_12,False,0.9975586884571531,0.0,False
DF820456.1_977,False,0.8027240392122842,0.0004,False
JAAZOE010000100.1_7,False,0.8873948121800989,0.0,False
JADGAT010000008.1_20,False,0.979959334415788,0.0002,False
JAFRZH010000029.1_25,False,0.7038258002949597,0.0,False
QMTU01000004.1_15,False,0.9898529703903737,0.0002,False
JAGACY010000094.1_3,False,0.9105145391182351,0.0,False
DGKK01000029.1_31,False,0.9596582762691228,0.001,True
QCTB01000029.1_17,False,0.6780602064717619,0.0,False
JADGAT010000087.1_13,False,0.817732280732194,0.0,False
MVCZ01000102.1_8,False,0.9548892994848934,0.0,False
DF820455.1_247,False,0.9999999894344788,0.0006,True
NZ_PVNS01000011.1_14,False,0.9948789586202615,0.0004,False
DJVG01000038.1_14,False,0.9711386088181605,0.0002,False
QHSL01000058.1_5,False,0.8592868916457014,0.0,False
JACPWU010000012.1_8,False,0.9700020228219871,0.0,False
NZ_JAFCMM010000002.1_335,False,0.9640516115938521,0.0,False
JABWCQ010000023.1_2,False,0.7949162835082849,0.0,False
JAFGUZ010000112.1_32,False,0.9976413109401618,0.0008,True
PWGE01000235.1_9,False,0.9986717439506745,0.0004,False
NZ_BAEO01000015.1_62,False,0.9580477349195604,0.0002,False
PMZC01000269.1_4,False,0.9999078390596241,0.0004,False
NZ_JAGGOF010000107.1_41,False,0.9991828331756764,0.0004,False
DREG01000152.1_2,False,0.9916679356510596,0.001,True
LMZT01000075.1_12,False,0.9678902721685964,0.0002,False
DLGL01000005.1_24,False,0.9127214677149591,0.0002,False
JAHJLF010000068.1_28,False,0.9998917482738074,0.0004,False
NZ_CP027570.1_1949,False,0.9860083639068921,0.0002,False
JABMQX010000036.1_2,False,0.9416487079624598,0.0004,False
JAFGND010000008.1_10,False,0.9303642171346823,0.0,False
NZ_RZNA01000018.1_115,False,0.7889303374685521,0.0,False
NZ_AFXQ01000016.1_23,False,0.9356702426438314,0.0002,False
MGFH01000193.1_23,False,0.9023704566285878,0.0,False
CP054183.1_1355,False,0.9118738070896116,0.0012,True
JACTNB010000034.1_1,False,0.8980654116422313,0.0,False
WQSZ01000016.1_2,False,0.8588531274399237,0.0,False
NZ_CP069127.1_787,False,0.9693148786727236,0.0002,False
CAIQVJ010000028.1_55,False,0.9487550067185596,0.0,False
JAFTSJ010000034.1_13,False,0.9094904881179036,0.0,False
NZ_LR216287.1_2910,False,0.8616292183569012,0.0002,False
NZ_CP007062.1_1930,False,0.9859364785500961,0.0002,False
JAAZOE010000122.1_4,False,0.7975188687429513,0.0002,False
NZ_LMIV01000001.1_1516,False,0.9999376818044673,0.0004,False
NZ_RXLO01000004.1_274,False,0.9863297252821713,0.0002,False
NZ_AP018227.1_120,False,0.9860529315700396,0.0004,False
JACOWJ010000026.1_5,False,0.9794813353179362,0.0002,False
CP002988.1_1333,False,0.9908418308360601,0.0002,False
NZ_FRCD01000017.1_75,False,0.9930249391756718,0.0002,False
JABXHY010000025.1_220,False,0.9881777568661998,0.0,False
JABWBZ010000016.1_11,False,0.9373611371984834,0.0002,False
JAFGTC010000231.1_1,False,0.9591500848552608,0.0002,False
NZ_BNCD01000004.1_248,False,0.9050782097351249,0.0004,False
JAGXKI010000004.1_55,False,0.9764187834803628,0.0002,False
SLOM01000061.1_12,False,0.9993821671511617,0.0,False
MWCZ01000595.1_2,False,0.706254879847315,0.0,False
QHSL01000091.1_20,False,0.8821028888696105,0.0,False
JADJOY010000026.1_29,False,0.9926804841613122,0.0,False
USJX01000067.1_2,False,0.8086232324108614,0.0,False
NC_014654.1_542,False,0.9696503524477748,0.0004,False
JACCLG010000050.1_69,False,0.898325670165698,0.0,False
JAHJLF010000039.1_59,False,0.9631303849771007,0.0002,False
JABFRY010000100.1_9,False,0.9535942391796809,0.0,False
CACZLA010000022.1_7,False,0.9634954656038126,0.0,False
JAFAZD010000151.1_42,False,0.9278153269851585,0.0004,False
NZ_JXCG01000001.1_291,False,0.956180164556177,0.0,False
URIY01000024.1_13,False,0.9991876635299045,0.0004,False
WFTM01000249.1_3,False,0.9963358995850523,0.0006,True
JAGVWD010000006.1_9,False,0.9972307109845227,0.0002,False
JAHJDJ010000199.1_1,False,0.948825535027713,0.0002,False
PMZC01000028.1_13,False,0.8900841502559209,0.0002,False
JAFTKO010000033.1_17,False,0.9963677282678289,0.0002,False
NZ_JADWYU010000178.1_5,False,0.966308980972893,0.0004,False
QZKI01000095.1_57,False,0.9999241877306339,0.0002,False
DITF01000109.1_2,False,0.9192288065116537,0.0,False
DHPR01000004.1_9,False,0.8187733148260605,0.0,False
NZ_FQVN01000006.1_202,False,0.9925359515169442,0.0,False
CAJIYM010000001.1_15,False,0.9999974061855227,0.0002,False
JAFGGD010000001.1_2,False,0.9827937142849675,0.0,False
WLFD01000061.1_6,False,0.934812365967355,0.0,False
QGUP01000620.1_2,False,0.9678897644539256,0.0,False
JAFYIM010000213.1_6,False,0.9943986423555624,0.0002,False
RFHX01000273.1_4,False,0.9789409131268604,0.0,False
JAFGUZ010000232.1_12,False,0.9172533696475889,0.0,False
WFTM01000483.1_1,False,0.9295653775449173,0.0002,False
JAFUHT010000018.1_4,False,0.9998278080672234,0.0004,False
NZ_JACJQY010000037.1_7,False,0.9979559544103757,0.0,False
JAFCDI010000010.1_26,False,0.9738256814783589,0.0012,True
SHMX01000005.1_206,False,0.8342153205517481,0.0,False
MFGS01000190.1_7,False,0.6653075388218964,0.0,False
PKTG01000122.1_143,False,0.7864145050750412,0.0,False
NZ_AP014612.1_1952,False,0.9643408555626167,0.0,False
WLFD01000039.1_1,False,0.9997445649430893,0.0004,False
SYBY01000391.1_10,False,0.7288106185477574,0.0,False
PWFS01000089.1_1,False,0.9876467676386909,0.0006,True
JAFGBW010000232.1_1,False,0.8102715363928169,0.0,False
JACRLM010000039.1_24,False,0.9827565552162802,0.0,False
NZ_BDAU01000003.1_7,False,0.9991850072194838,0.0002,False
PKTT01000032.1_54,False,0.9653790883861177,0.0,False
JABIXH010000264.1_11,False,0.854775743905613,0.0,False
JADJOY010000018.1_106,False,0.9091081972968247,0.0,False
NZ_JXCG01000003.1_24,False,0.9959831195240688,0.0006,True
PLFD01000061.1_71,False,0.9815430382138547,0.0,False
JABFRY010000310.1_5,False,0.9999591341603203,0.0002,False
AWOA01000138.1_1,False,0.9889804395872606,0.0,False
PDQT01000109.1_11,False,0.8028975448945953,0.0,False
JWIH01000021.1_370,False,0.909563618853147,0.0,False
JAFCDI010000004.1_50,False,0.9969639659864244,0.0,False
WJKZ01000067.1_4,False,0.9831585683837383,0.0,False
NZ_JH378948.1_9,False,0.9756358916938652,0.0,False
SLNR01000066.1_3,False,0.9979494099333385,0.0002,False
NZ_JABFHO010000001.1_1358,False,0.999689249378545,0.0002,False
LUZY01000014.1_63,False,0.6645267632514965,0.0002,False
DVAE01000025.1_12,False,0.9543704740135928,0.0002,False
NZ_SGXC01000002.1_317,False,0.8637980393857899,0.0,False
NZ_VFPQ01000001.1_2536,False,0.9878750765914603,0.0004,False
SBFR01000093.1_13,False,0.9997043766753165,0.0002,False
JAADIC010000288.1_10,False,0.8508718660536132,0.0,False
AQRW01000163.1_17,False,0.6293918625834997,0.0002,False
NZ_JAGGOF010000097.1_10,False,0.7592608657933547,0.0,False
JADQBH010000163.1_2,False,0.9999245260408094,0.0014,True
JACPSX010000031.1_1,False,0.9996261336714726,0.0002,False
LJUI01000037.1_13,False,0.9894400180746216,0.0002,False
WUAI01000005.1_21,False,0.9930321319199464,0.0002,False
LDXN01000060.1_6,False,0.9626258600686284,0.0,False
JAGCDY010000120.1_19,False,0.9715994567516147,0.0004,False
WJOT01000109.1_1,False,0.890257655938232,0.0,False
PAYP01000064.1_11,False,0.8237182267719267,0.0,False
MFPR01000012.1_7,False,0.9870649708542183,0.0004,False
JAFGKQ010000108.1_2,False,0.7513663572481999,0.0,False
SBFR01000093.1_26,False,0.9958735030876716,0.0002,False
NZ_KZ293963.1_2264,False,0.9189777267826066,0.0,False
JABMQX010000330.1_5,False,0.9182543019905773,0.0002,False
NZ_JOOE01000002.1_797,False,0.9905259625579789,0.0,False
CAJOEW010000022.1_26,False,0.8180792920968162,0.0,False
PAQS01000047.1_3,False,0.9789084390217662,0.0,False
QLTX01000002.1_30,False,0.923371423013735,0.0,False
NZ_CP015423.1_5105,False,0.7079031838292704,0.0,False
CP046180.1_643,False,0.9749602411603248,0.0002,False
NZ_JABFHO010000001.1_3501,False,0.3968074954454759,0.0,False
JACQOV010000026.1_19,False,0.9815126780813932,0.0002,False
JAGOUY010000007.1_23,False,0.979996447080501,0.0002,False
MWCD01000084.1_5,False,0.9903023728041068,0.0,False
JADBKU010000034.1_3,False,0.7326277435586015,0.0,False
JAFGTC010000083.1_18,False,0.9578650716837811,0.0,False
NZ_PJIN01000001.1_557,False,0.9109540773768283,0.0,False
WFPJ01000107.1_2,False,0.9888480042856472,0.0004,False
NC_015499.1_937,False,0.8869610479743212,0.0,False
CAIVDM010000191.1_145,False,0.8937277695844539,0.0,False
NVVD01000014.1_57,False,0.9956308764422761,0.0008,True
VBOW01000007.1_1,False,0.9710296289456751,0.0002,False
NZ_AGJL01000077.1_5,False,0.8074086926346837,0.0,False
RFFQ01000170.1_34,False,0.9972499008481306,0.0004,False
CAJUHL010000034.1_4,False,0.6864752320638501,0.0,False
WVXK01000056.1_18,False,0.809664266504728,0.0,False
QCFI01000035.1_6,False,0.932796275379997,0.0,False
NZ_CP016279.1_2238,False,0.9944068075213996,0.0002,False
JAGOBX010000344.1_5,False,0.9907521953533103,0.0002,False
DAPM01000011.1_19,False,0.9923922309474447,0.0,False
VBOW01000004.1_10,False,0.8572915762991238,0.0,False
WRBD01000001.1_139,False,0.9489762642684898,0.0,False
JAFGKM010000081.1_3,False,0.4903270582111564,0.0,False
JACRPW010000022.1_13,False,0.9999805305498741,0.0012,True
SXND01000282.1_61,False,0.997592196018599,0.001,True
CP002988.1_2432,False,0.9999903381621513,0.0002,False
PWGE01000378.1_2,False,0.9824789019552704,0.0002,False
SYBY01000530.1_2,False,0.9220373521628045,0.0002,False
PDQT01000263.1_1,False,0.9997373506528766,0.0002,False
JAHJDR010000244.1_6,False,0.9480499281368562,0.0,False
LJUY01000019.1_16,False,0.993748032712906,0.0012,True
NZ_KB899040.1_157,False,0.9311860949219026,0.0,False
JADJYS010000028.1_7,False,0.7603018998872213,0.0002,False
NC_014836.1_2008,False,0.8307452069055261,0.0002,False
LIUI01000029.1_3,False,0.6921141667389606,0.0,False
DSCM01000091.1_4,False,0.9526030219239807,0.0004,False
NZ_BJKN01000001.1_246,False,0.9988244184517363,0.0008,True
JWIH01000020.1_15,False,0.9876011954090345,0.0002,False
PKTT01000029.1_1,False,0.9852486134285018,0.0,False
QZKU01000085.1_32,False,0.9685736658719549,0.0002,False
JAFRSI010000079.1_1,False,0.9455399951068802,0.0,False
QNEG01000295.1_1,False,0.9912581169754474,0.0,False
NZ_JXCG01000003.1_127,False,0.8963303548191204,0.0002,False
JAFTSJ010000013.1_1,False,0.8105317949162835,0.0,False
JAFSDM010000016.1_57,False,0.8209421358549492,0.0,False
NZ_BNCD01000021.1_76,False,0.9956946845239213,0.0,False
NZ_PVNS01000014.1_25,False,0.982143621899079,0.0002,False
SXND01000142.1_14,False,0.997770749671522,0.0004,False
JACPUR010000037.1_79,False,0.9358174898501226,0.0,False
DF820457.1_28,False,0.9518804674742469,0.0,False
DRTT01000140.1_1,False,0.9360484532262884,0.0002,False
JAADIC010000012.1_5,False,0.8143489199271277,0.0,False
NZ_RXLO01000003.1_275,False,0.9776142690216458,0.0,False
NZ_CP007062.1_1824,False,0.9995906896271924,0.0006,True
NZ_CP016279.1_3385,False,0.9972445014026357,0.0004,False
JACPWU010000063.1_29,False,0.9062291367583862,0.0002,False
JAAYVF010000113.1_29,False,0.8382927040860588,0.0,False
JAGWYZ010000043.1_9,False,0.9787660023993394,0.0002,False
JAGXTL010000049.1_2,False,0.9083518703547557,0.0,False
NZ_FKIP01000837.1_7,False,0.9110688593003905,0.0,False
JACIXR010000003.1_149,False,0.8878285763858766,0.0,False
JAFGGD010000034.1_239,False,0.9652949542618842,0.0,False
NZ_WEZQ01000019.1_86,False,0.9880322042173456,0.0002,False
JAHIPN010000244.1_5,False,0.8640582979092565,0.0002,False
NZ_FCNU01000002.1_13,False,0.9894684011502728,0.0,False
MHDQ01000068.1_4,False,0.825973800641971,0.0,False
PEWQ01000165.1_3,False,0.9429884804623857,0.0,False
JAFGKQ010000237.1_19,False,0.7954368005552181,0.0,False
JAAYAK010000117.1_24,False,0.9946396842727865,0.0,False
JAAYCF010000097.1_1,False,0.9599295821367617,0.0,False
PMZC01000272.1_34,False,0.9356000591183468,0.0006,True
JAAYXC010000369.1_1,False,0.9947307725663952,0.0002,False
JAAYCL010000004.1_19,False,0.9998851379260693,0.0002,False
NZ_BDAU01000019.1_94,False,0.9980273109048229,0.0002,False
JAGACY010000017.1_4,False,0.9488177085719995,0.0,False
NZ_NCSM01000014.1_332,False,0.998679177239813,0.0006,True
NZ_KZ293963.1_2328,False,0.9722818706121938,0.0002,False
NZ_KB899040.1_1084,False,0.9454376087362807,0.0,False
JAFGND010000077.1_13,False,0.6722477661143402,0.0,False
DF820456.1_876,False,0.9165158143187673,0.0002,False
QLTX01000001.1_59,False,0.9995233583133407,0.0002,False
DDWC01000029.1_4,False,0.9974505790343124,0.0,False
NZ_CP015423.1_3823,False,0.930462802315665,0.0,False
NZ_CP069127.1_2754,False,0.8219831699488158,0.0,False
JAHDNF010000011.1_61,False,0.9728366016743415,0.0002,False
PLPI01000141.1_45,False,0.9906284639326808,0.0004,False
WVXK01000001.1_1,False,0.9417251105091503,0.0,False
JAAYVF010000117.1_2,False,0.6005031664787022,0.0,False
JABXHY010000042.1_4,False,0.9999999221433736,0.001,True
JAFGEV010000177.1_6,False,0.9967021673808644,0.0,False
MVZB01000090.1_6,False,0.6228853994968335,0.0,False
RFFQ01000196.1_9,False,0.8248460137069489,0.0,False
BMST01000019.1_11,False,0.9943778095414584,0.0004,False
WJMB01000345.1_4,False,0.8618894768803679,0.0,False
JAGVWA010000014.1_55,False,0.8683959399670339,0.0,False
DRXT01000042.1_20,False,0.9880591047286389,0.0002,False
CAIVGN010000157.1_24,False,0.8834909343280992,0.0006,True
JABWCP010000001.1_8,False,0.9925365560260306,0.0,False
NZ_JACJQY010000006.1_26,False,0.915420729224804,0.0,False
NZWP01000022.1_44,False,0.6403227205690987,0.0002,False
NZ_PJIN01000005.1_108,False,0.8634510280211677,0.0002,False
QHSL01000039.1_9,False,0.9893115466448604,0.0004,False
WTCB01000013.1_10,False,0.9998371582906302,0.0004,False
VGJA01000042.1_11,False,0.8736878632775223,0.0,False
DF820459.1_206,False,0.9428575045023497,0.0,False
CAJKKX010000043.1_10,False,0.9626554968919634,0.0002,False
JACPWU010000050.1_26,False,0.8637980393857899,0.0,False
NZ_KB899040.1_17,False,0.9407559137883218,0.0,False
JWIH01000017.1_277,False,0.996857994500128,0.0002,False
QZJZ01000064.1_5,False,0.7674156328619762,0.0,False
JACPSX010000063.1_2,False,0.9866049301127816,0.0004,False
JAEEIL010000044.1_25,False,0.7159711980567364,0.0,False
NZ_LMKQ01000002.1_44,False,0.9949076140353016,0.0006,True
DSSU01000422.1_6,False,0.714322894074781,0.0,False
NZ_VFPQ01000001.1_2873,False,0.8749891558948556,0.0002,False
JACRMA010000004.1_15,False,0.781469593129175,0.0,False
CAJOEW010000031.1_2,False,0.9988916683373632,0.0004,False
JAEOSL010000055.1_9,False,0.8506116075301466,0.0,False
JAEEOX010000206.1_5,False,0.980765252468807,0.0002,False
JACQWU010000021.1_2,False,0.9487732815762013,0.0,False
MWCZ01000306.1_6,False,0.8242387438188601,0.0,False
DUMJ01000026.1_40,False,0.9135209361177702,0.0,False
JAHITZ010000038.1_7,False,0.9461938970896947,0.0004,False
JAADFP010000068.1_4,False,0.9351767113672957,0.0,False
QMNL01000075.1_2,False,0.9582994780298058,0.0,False
DRYD01000045.1_13,False,0.9990522721653566,0.0002,False
LQMQ01000001.1_5,False,0.9941758168427125,0.0,False
JABFGF010000013.1_77,False,0.9759704394602183,0.0,False
JAFGUZ010000067.1_4,False,0.9457790951482554,0.0002,False
DIFC01000091.1_13,False,0.7951765420317516,0.0,False
JACPUC010000008.1_175,False,0.9870441644476945,0.0002,False
SLDX01000126.1_7,False,0.902640956151444,0.0004,False
JABFGF010000005.1_93,False,0.9360432708207181,0.0,False
JAFGIT010000162.1_1,False,0.967624292816928,0.0,False
PLDF01000032.1_3,False,0.9997680327653294,0.0002,False
NZ_FRCD01000019.1_8,False,0.9997182712727316,0.0002,False
QHUM01000018.1_24,False,0.9662891308176808,0.0002,False
DIFC01000001.1_42,False,0.7579595731760215,0.0,False
CP054183.1_1853,False,0.9744946974901835,0.001,True
JADBKU010000035.1_12,False,0.9544914119922439,0.0,False
NZ_FKIP01000887.1_5,False,0.9960415186166011,0.0002,False
NZ_PQVH01000008.1_99,False,0.7920534397501519,0.0004,False
WYBT01000041.1_25,False,0.8191203261906828,0.0,False
SXND01000022.1_7,False,0.9796744420098665,0.0,False
JADBKU010000016.1_81,False,0.9027825269109542,0.0002,False
WYBT01000041.1_42,False,0.999678020500374,0.0002,False
CAJUHL010000036.1_18,False,0.7786067493710419,0.0,False
JAFGBW010000138.1_4,False,0.9756168652399317,0.0,False
BMST01000002.1_357,False,0.9981925311886309,0.0,False
CAIQVJ010000125.1_46,False,0.9546050113118962,0.0,False
NZ_PVNS01000007.1_139,False,0.9051581279514077,0.0,False
PLDF01000282.1_6,False,0.9976368444978502,0.0006,True
WYBT01000012.1_83,False,0.9999023274439791,0.0002,False
JAFGEW010000076.1_40,False,0.853214192764813,0.0,False
WSZW01000010.1_5,False,0.811399323327839,0.0,False
JACQPJ010000057.1_5,False,0.9372578441431977,0.0,False
DSCM01000100.1_11,False,0.9850824319436854,0.0,False
NZ_CP021081.1_1823,False,0.8988461872126312,0.0,False
JAFGBW010000193.1_2,False,0.8936410167432983,0.0,False
SFNH01000177.1_4,False,0.9591358630418393,0.0,False
JAAYVF010000050.1_9,False,0.9684574623601411,0.0,False
JAERTH010000084.1_4,False,0.9931767305761973,0.0002,False
NC_011661.1_1242,False,0.9924882202104836,0.0002,False
JACQWU010000033.1_4,False,0.9973111894870831,0.001,True
NZ_CP014223.1_2271,False,0.9997312971234694,0.0006,True
QMTU01000051.1_4,False,0.9929804465817159,0.0002,False
NZ_KZ293963.1_1686,False,0.8362106358983257,0.0,False
JAFGTL010000482.1_8,False,0.8310922182701483,0.0002,False
NBMB01000003.1_31,False,0.9694241063924168,0.0,False
JADHWK010000002.1_11,False,0.9945249431382593,0.0,False
PKWQ01000244.1_11,False,0.9988799716146536,0.0004,False
NZ_AWRU01000002.1_209,False,0.9627041525698552,0.0002,False
JAFGBE010000046.1_15,False,0.9223366255115536,0.0,False
PUNC01000218.1_5,False,0.6774529365836731,0.0,False
NZ_AFXQ01000005.1_87,False,0.5673635811572829,0.0,False
JAAYZI010000002.1_6,False,0.9726885991656102,0.0,False
NZUQ01000006.1_20,False,0.9453724525932461,0.0004,False
NZ_JOOE01000002.1_14,False,0.9428744080911802,0.0,False
VGJA01000138.1_3,False,0.685347445128828,0.0,False
JACQPJ010000023.1_42,False,0.786848269280819,0.0,False
PLDF01000513.1_63,False,0.9968825243844784,0.0002,False
NZ_JAAIPW010000003.1_178,False,0.9176888028452408,0.0002,False
NZ_AP018227.1_3341,False,0.9998995690813103,0.0,False
PKWQ01000440.1_20,False,0.9999773482084101,0.0004,False
NZ_AGJL01000021.1_1,False,0.9635573756625713,0.0,False
CACGSI010000102.1_2,False,0.9468400008832258,0.0,False
SXND01000049.1_1,False,0.9832093429959539,0.0,False
NZ_JABFHO010000001.1_2765,False,0.8044590960353951,0.0,False
PEWQ01000117.1_14,False,0.9849845273740331,0.0002,False
NC_021031.1_2390,False,0.9434351092620702,0.0,False
NZ_SJCO01000011.1_212,False,0.9629755862178939,0.0,False
JAFGIT010000140.1_2,False,0.9948470802784484,0.0004,False
JAHIPN010000216.1_6,False,0.9861458600508957,0.0,False
NZ_LT985325.1_244,False,0.977736328276034,0.0,False
NZ_LT985325.1_188,False,0.9998745926402408,0.0012,True
PEWQ01000001.1_6,False,0.9769928542071872,0.0,False
JAFGGD010000030.1_195,False,0.9890542471985379,0.0,False
DF820460.1_10,False,0.7944825193025071,0.0,False
JACPSX010000240.1_13,False,0.9949211084991797,0.0004,False
DRXT01000048.1_16,False,0.8962436019779648,0.0,False
PLDF01000375.1_23,False,0.9664447378908936,0.0,False
NYYY01000081.1_6,False,0.632775223388566,0.0,False
JAAYAK010000068.1_23,False,0.7424308146091785,0.0,False
DSWB01000128.1_1,False,0.8969376247072092,0.0002,False
AWOA01000042.1_13,False,0.8598074086926347,0.0002,False
NZ_AP018229.1_71,False,0.8834041814869437,0.0,False
NIRF01000001.1_189,False,0.9999438084696355,0.0002,False
NZ_BDAU01000054.1_20,False,0.9992904795588219,0.0006,True
NZ_FKIP01001207.1_5,False,0.9973018640285709,0.0006,True
MGQK01000016.1_20,False,0.9102052110093686,0.0006,True
NIRF01000001.1_227,False,0.8806280905699662,0.0,False
WAQR01000278.1_13,False,0.9134131758792736,0.0,False
DRYD01000248.1_15,False,0.9967641878479454,0.0006,True
NZ_FQVN01000013.1_18,False,0.999472712987773,0.0006,True
NZ_AGJL01000060.1_1,False,0.9684919696309597,0.0002,False
JAAYVF010000087.1_83,False,0.9097258151303189,0.0002,False
PFND01000098.1_12,False,0.9999152731975497,0.0,False
SXND01000044.1_31,False,0.9998290738897606,0.001,True
JAGXKI010000050.1_2,False,0.9729896845578214,0.0,False
AQRW01000157.1_3,False,0.5523553396373732,0.0,False
NZ_JAFCMM010000006.1_119,False,0.936208498407858,0.0002,False
JAFGBE010000079.1_2,False,0.9983312866929297,0.0004,False
CADBLV010000073.1_1,False,0.9916078429600317,0.0002,False
NZ_FRCD01000019.1_69,False,0.9828457317718048,0.0002,False
NZ_LR216287.1_1752,False,0.8226771926780602,0.0,False
CP002988.1_2267,False,0.959727370703362,0.0002,False
USIB01000021.1_10,False,0.9239480076405967,0.0,False
MNUO01000049.1_19,False,0.7663745987681096,0.0,False
WAQR01000120.1_2,False,0.9986921493225377,0.0002,False
CAIVDM010000191.1_61,False,0.9406876877332246,0.0004,False
UQCL01000061.1_9,False,0.9100279532426556,0.0,False
JACTNB010000001.1_13,False,0.9366417761141597,0.0,False
SHYX01000002.1_170,False,0.8942482866313872,0.0,False
DITF01000036.1_1,False,0.9953156107693408,0.0,False
NBMB01000012.1_58,False,0.9500714962675852,0.0,False
CAJMJN010000034.1_10,False,0.9989989850142059,0.0002,False
CAIWTR010000029.1_6,False,0.8821896417107661,0.0002,False
PLDF01000508.1_18,False,0.8374251756745034,0.0,False
JAFSWN010000144.1_17,False,0.7876290448512189,0.0,False
JADJOY010000036.1_8,False,0.927959669147111,0.0002,False
MVCZ01000020.1_3,False,0.9103941103546538,0.0,False
DBJE01000001.1_105,False,0.9990514840884187,0.0002,False
JAAYNI010000071.1_33,False,0.6474364535438536,0.0,False
JAHJDR010000259.1_2,False,0.6136895983343454,0.0,False
NZ_CP016279.1_9576,False,0.795263294872907,0.0,False
JACPHL010000105.1_6,False,0.9502771745355807,0.0,False
VBOW01000004.1_8,False,0.9088239518673332,0.0,False
NZ_LR216287.1_1854,False,0.869523726902056,0.0,False
QNDR01000012.1_39,False,0.9454819254752104,0.0,False
NZ_AWRU01000025.1_10,False,0.9812913956859614,0.0002,False
CAJOEW010000029.1_8,False,0.9867367898370207,0.0,False
WBXH01000014.1_6,False,0.9885282264333763,0.0002,False
JAAYZI010000070.1_5,False,0.9680832038472595,0.0002,False
JAAYAK010000255.1_4,False,0.707989936670426,0.0002,False
DRXT01000037.1_8,False,0.7635117550099766,0.0,False
JACRLM010000017.1_2,False,0.7835516613169081,0.0,False
JAFANK010000139.1_10,False,0.9952889445867404,0.0006,True
WFTM01000469.1_14,False,0.9947324230878138,0.0,False
VXMB01000009.1_198,False,0.9998777524649969,0.0002,False
SHYX01000020.1_8,False,0.6702524507677626,0.0,False
JADGAT010000001.1_86,False,0.9223091604597982,0.0,False
AQRW01000149.1_1,False,0.9759956446088519,0.0,False
SHYX01000001.1_153,False,0.9844443893845183,0.0,False
JAFTKO010000032.1_44,False,0.471414938839247,0.0,False
JAFGIQ010000077.1_5,False,0.9705360230329629,0.0,False
QGUP01000564.1_2,False,0.9834624041604026,0.0006,True
QLTX01000192.1_3,False,0.9954030408804952,0.0004,False
JAAYVF010000046.1_1,False,0.9526316402404627,0.0,False
NZ_LT985324.1_754,False,0.8385529626095255,0.0,False
USJX01000066.1_14,False,0.9686748714654544,0.0002,False
QZKU01000071.1_10,False,0.992060551765153,0.0002,False
NZUQ01000083.1_20,False,0.9985812996389977,0.0004,False
JAFGTL010000238.1_11,False,0.9987729908894826,0.0004,False
NZ_LT985324.1_245,False,0.9631732772913296,0.0002,False
NZ_RZMY01000017.1_176,False,0.9980272268286272,0.0004,False
NZ_BAEO01000013.1_66,False,0.9423412352850938,0.0,False
JADGAT010000010.1_19,False,0.7598681356814435,0.0,False
QZKI01000014.1_9,False,0.9341072310141931,0.0,False
JABWCD010000005.1_278,False,0.9437019990484159,0.0,False
JAFYIM010000373.1_1,False,0.9879922203378189,0.0004,False
DLGL01000123.1_10,False,0.7819901101761083,0.0,False
WYBT01000004.1_89,False,0.9362409244276193,0.0,False
JAHJDJ010000188.1_3,False,0.9999270621031747,0.0002,False
JWIH01000010.1_160,False,0.8107053005985946,0.0,False
NZ_BDAU01000013.1_198,False,0.5778606749371041,0.0,False
NC_022792.1_655,False,0.8362106358983257,0.0,False
DTCJ01000038.1_4,False,0.759607877157977,0.0,False
MWCZ01000598.1_2,False,0.9586005002690572,0.0,False
JAHJDR010000340.1_9,False,0.9376106411379372,0.0,False
DITF01000197.1_2,False,0.8274485989416154,0.0,False
DSUT01000152.1_8,False,0.8735143575952112,0.0,False
OMZR01000012.1_2,False,0.9998162535942781,0.0002,False
NZ_FCNU01000028.1_25,False,0.9999377569879746,0.0006,True
QZJZ01000014.1_22,False,0.991399571758269,0.0,False
QZKU01000004.1_37,False,0.9999651220967188,0.0002,False
JABDLO010000465.1_7,False,0.957848944573495,0.0002,False
NZ_NCSM01000056.1_59,False,0.9775562714432701,0.0,False
JACMRP010000008.1_2,False,0.9960688409716925,0.0002,False
SHYX01000027.1_30,False,0.9996674139405965,0.0,False
JAAYNI010000072.1_15,False,0.9773201928598304,0.0008,True
PWXJ01000249.1_4,False,0.9929550084081515,0.0002,False
DITF01000223.1_7,False,0.9994598366501827,0.0,False
NZ_RXLO01000001.1_546,False,0.9729899290546261,0.0,False
JAHIPN010000422.1_1,False,0.821375900060727,0.0,False
JAGPNE010000012.1_13,False,0.9913183931067486,0.0008,True
JABXHY010000009.1_42,False,0.9999761312172148,0.0012,True
NZ_RZMY01000003.1_444,False,0.8899106445736098,0.0,False
LDXN01000013.1_32,False,0.971970601677955,0.0,False
NZ_JABFHO010000001.1_607,False,0.9993593826357862,0.0008,True
MGFH01000200.1_11,False,0.9013005753546289,0.0,False
WYBT01000021.1_315,False,0.9897971029899891,0.0002,False
DCUM01000252.1_16,False,0.9998918962468736,0.0004,False
JAFGAQ010000378.1_1,False,0.912598761636659,0.0,False
QGUP01000132.1_8,False,0.9907752912066049,0.0,False
PXPD01000015.1_33,False,0.9131087875725632,0.0,False
URWG01000035.1_5,False,0.8650993320031231,0.0,False
SHYX01000047.1_20,False,0.9215333124706218,0.0,False
QCFI01000008.1_78,False,0.8971978832306758,0.0,False
CAAEXI010000008.1_20,False,0.9995276267236015,0.0,False
CAIOLV010000149.1_1,False,0.9686653305795387,0.0002,False
MWBZ01000024.1_36,False,0.9060071180821243,0.0,False
PLDF01000246.1_3,False,0.9914550048892873,0.0,False
CAJUHL010000185.1_4,False,0.8717793007721003,0.0,False
CP002989.1_133,False,0.9631389245586085,0.0002,False
JADGAT010000042.1_2,False,0.9489796312871333,0.0002,False
JAFGBW010000039.1_43,False,0.9387637557684461,0.0002,False
JAGOEH010000222.1_6,False,0.905860453907578,0.0,False
CACXDF010000124.1_1,False,0.9103188156447325,0.0,False
CAJUHL010000001.1_38,False,0.9407436738206043,0.0,False
JADJOY010000060.1_2,False,0.9906780891048963,0.0,False
SYBY01000337.1_4,False,0.99613916349272,0.0,False
DJVC01000111.1_50,False,0.9506528638439024,0.0004,False
LIUI01000155.1_75,False,0.918384083779882,0.0,False
JACPUR010000019.1_101,False,0.9647066498804261,0.0002,False
OMZR01000058.1_4,False,0.6645267632514965,0.0,False
JAFGDH010000001.1_25,False,0.7389607009629565,0.0,False
SHYX01000036.1_6,False,0.7656805760388653,0.0002,False
MGRR01000115.1_28,False,0.999495440676463,0.0,False
MNUO01000040.1_1,False,0.9785389823083912,0.0,False
SXND01000022.1_42,False,0.9829200474695899,0.0006,True
NZ_BDAU01000011.1_48,False,0.9956600345896259,0.0004,False
PMZC01000047.1_36,False,0.9857978904806038,0.0002,False
JAFANK010000011.1_1,False,0.976013375050766,0.0,False
NZ_JADWYU010000085.1_44,False,0.9797966363565183,0.0002,False
JACMRP010000343.1_9,False,0.6764119024898065,0.0,False
JADGDI010000034.1_9,False,0.8154767068621497,0.0,False
NZ_CP016279.1_8188,False,0.9868915103059295,0.0004,False
JABMQX010000243.1_5,False,0.9981082071353706,0.0002,False
WSZW01000020.1_3,False,0.9596435237677822,0.0,False
VBAP01000105.1_4,False,0.9727254007231442,0.0,False
JAFGCY010000057.1_6,False,0.8787195280645441,0.0,False
NZ_FQVN01000002.1_247,False,0.8414158063676586,0.0002,False
NC_021031.1_325,False,0.9632866674382194,0.0006,True
VXMB01000014.1_112,False,0.9340665767587011,0.0,False
NZ_AWRU01000012.1_96,False,0.9895168830839955,0.0,False
WRBD01000027.1_11,False,0.9910816387587594,0.0002,False
DSCS01000007.1_8,False,0.9883027052324748,0.0004,False
JAGACY010000333.1_5,False,0.9545178211784718,0.0,False
JAGORV010000028.1_8,False,0.848616292183569,0.0,False
JADQBH010000186.1_33,False,0.9941368169020307,0.0002,False
DRXT01000033.1_20,False,0.9051837177338474,0.0,False
JACNFQ010000089.1_87,False,0.9196589629203521,0.0,False
PUNC01000097.1_3,False,0.9983196966691955,0.0,False
DIWJ01000003.1_7,False,0.9554670382196825,0.0,False
DLGL01000126.1_16,False,0.9252607396247765,0.0,False
JACPSX010000054.1_8,False,0.9515238654342376,0.0,False
JABWCD010000035.1_2,False,0.9257057796962087,0.0,False
JAEOSL010000065.1_16,False,0.9914781437947507,0.0004,False
DITF01000382.1_1,False,0.9995464981358589,0.0012,True
PLDF01000218.1_19,False,0.9829093808152244,0.001,True
JACQOV010000095.1_52,False,0.9914584366754033,0.0004,False
JACCUF010000218.1_1,False,0.9923149080300372,0.0,False
VGJA01000126.1_1,False,0.9804115601642686,0.0002,False
WSZW01000137.1_1,False,0.9422119753507331,0.0,False
CAJFVT010000017.1_21,False,0.7878893033746855,0.0,False
QLTX01000039.1_12,False,0.9684283837275873,0.0,False
JAFUYQ010000026.1_17,False,0.9945214958899863,0.0002,False
CAJUHL010000034.1_2,False,0.8683091871258783,0.0,False
JAHJDJ010000176.1_7,False,0.9635507955574584,0.0002,False
JAFZBN010000017.1_37,False,0.9600563839508859,0.0,False
CAJIYM010000003.1_193,False,0.963295730916307,0.0002,False
NZ_JAGI01000003.1_265,False,0.9991281882111831,0.0004,False
JAAYVF010000008.1_61,False,0.5934761863451028,0.0,False
CAIVGN010000187.1_37,False,0.9797494044097482,0.0,False
JAFUHT010000062.1_4,False,0.9317081796681719,0.0002,False
JACIXG010000103.1_16,False,0.9923551248909596,0.0,False
MGFH01000046.1_8,False,0.7819033573349528,0.0,False
MFAF01000062.1_2,False,0.9904805818364721,0.0006,True
PMZC01000052.1_40,False,0.9972471381889009,0.0,False
JAAYXZ010000126.1_9,False,0.9613939555441506,0.0,False
JAFGAQ010000169.1_22,False,0.9958315063089455,0.0006,True
NZ_JABFHO010000001.1_2485,False,0.9969007358229989,0.0002,False
OMZR01000124.1_10,False,0.9795948743324093,0.0,False
CP002988.1_2818,False,0.9909771566879794,0.0002,False
JAGCPB010000058.1_28,False,0.7709724993493537,0.0002,False
URIY01000020.1_9,False,0.9193122062795401,0.0002,False
WAMD01000012.1_5,False,0.7991671727249068,0.0,False
WJLY01000225.1_1,False,0.9999051272585425,0.0006,True
DDGC01000028.1_108,False,0.9999999881643006,0.0008,True
CAIVGN010000010.1_13,False,0.9603173127208477,0.0,False
BDTM01000081.1_6,False,0.9925910491471726,0.0002,False
NZ_CP016279.1_445,False,0.9953975803727338,0.0002,False
DEYK01000054.1_132,False,0.8435846273965473,0.0002,False
JAFGTC010000261.1_38,False,0.9762363135146354,0.0002,False
JAFGND010000039.1_25,False,0.9930319965978321,0.0002,False
JAGALG010000009.1_5,False,0.6843064110349614,0.0,False
JACRMA010000026.1_14,False,0.8910384315086319,0.0,False
PAQS01000016.1_61,False,0.8411555478441919,0.0,False
JAFGKQ010000334.1_4,False,0.930140264017863,0.0,False
NZ_NCSM01000007.1_226,False,0.816951505161794,0.0,False
WJOT01000104.1_21,False,0.9824543203994558,0.0,False
QHSL01000079.1_49,False,0.9873671897711948,0.0002,False
DHZH01000008.1_190,False,0.9340556127152765,0.0,False
NZ_KZ293963.1_4020,False,0.8505248546889911,0.0,False
DUMP01000151.1_1,False,0.7758306584540644,0.0,False
JAFGEQ010000015.1_133,False,0.9895781061426128,0.0,False
JAAYZI010000010.1_5,False,0.9754268240620974,0.0002,False
QIFF01000364.1_3,False,0.9991554540062049,0.0004,False
MFGS01000093.1_5,False,0.8382059512449033,0.0,False
JAGCDY010000128.1_13,False,0.9260859771658525,0.0,False
NZ_SJCO01000035.1_16,False,0.9996999171416445,0.0008,True
UQCL01000068.1_3,False,0.8638847922269455,0.0,False
JAADIO010000062.1_7,False,0.9967821675065386,0.0002,False
NZ_CP016279.1_893,False,0.9945355863724826,0.0002,False
NZ_LMIV01000001.1_219,False,0.9846094722741768,0.0002,False
MGFH01000159.1_9,False,0.9555765476448851,0.0,False
NZ_LMKQ01000001.1_917,False,0.9972972574493417,0.0,False
JAGACY010000061.1_1,False,0.9027273710256828,0.0,False
DRYD01000236.1_2,False,0.7092044764466037,0.0,False
DSSC01000017.1_123,False,0.9965043657165911,0.0,False
SFNH01000103.1_5,False,0.7994274312483733,0.0008,True
QCTB01000019.1_14,False,0.9964007628587616,0.0002,False
JAGWYZ010000018.1_30,False,0.9887398143793236,0.0,False
DHHE01000006.1_8,False,0.9999549477228917,0.0008,True
JACPHL010000300.1_12,False,0.781469593129175,0.0002,False
JABIXH010000052.1_3,False,0.9201156524659146,0.0,False
CAIQVJ010000042.1_5,False,0.9910828781843918,0.0002,False
SLGQ01000254.1_7,False,0.9478845504527815,0.0006,True
JAFGTL010000551.1_3,False,0.7708857465081982,0.0,False
JADJOY010000018.1_67,False,0.8354298603279258,0.0,False
JAGCPB010000067.1_5,False,0.9791821746849436,0.0008,True
JABWCQ010000001.1_18,False,0.9652669659469021,0.0,False
JAAYVF010000006.1_64,False,0.9963105667041807,0.0004,False
JAAYVF010000076.1_22,False,0.998374198626017,0.001,True
JADJOY010000009.1_231,False,0.9791104239417212,0.0004,False
CAIQVJ010000095.1_24,False,0.861282206992279,0.0004,False
JAFGND010000036.1_3,False,0.9602959590682091,0.0002,False
SXND01000041.1_15,False,0.920690035967026,0.0,False
SLGR01000113.1_2,False,0.9859668136250608,0.0004,False
JADIMU010000022.1_47,False,0.9293206440915334,0.0,False
JAGVWA010000005.1_1,False,0.8167779994794829,0.0,False
NZ_JADWYU010000046.1_3,False,0.9762037190086174,0.0,False
NZ_RZMY01000018.1_518,False,0.9774951694180687,0.0002,False
WSZW01000031.1_2,False,0.9970986184827132,0.0004,False
NZ_JACJQY010000015.1_87,False,0.9923221453800803,0.0006,True
JACPWU010000062.1_21,False,0.8784592695410774,0.0,False
NZ_LMKQ01000001.1_2151,False,0.8505248546889911,0.0004,False
JACRAC010000048.1_4,False,0.9438376464340181,0.0,False
JAAZOE010000319.1_3,False,0.999966121783797,0.001,True
NZ_JPST01000021.1_69,False,0.9786971201882344,0.0,False
NZ_JADWYU010000389.1_8,False,0.7287238657066019,0.0,False
JABFGF010000003.1_272,False,0.9461319143532075,0.0,False
JABMQX010000229.1_3,False,0.9764473614251117,0.0008,True
WYBT01000035.1_112,False,0.6919406610566496,0.0,False
NZWP01000012.1_76,False,0.9933835100112111,0.0006,True
NZ_NCSM01000048.1_30,False,0.9971145503557717,0.0002,False
NZ_CP015423.1_250,False,0.9996703940633946,0.0006,True
PLFD01000016.1_81,False,0.34909343280992444,0.0,False
NZ_FKIP01000380.1_4,False,0.8120933460570834,0.0,False
JABXHY010000055.1_10,False,0.9916150342003598,0.0002,False
JAAOXU010000002.1_12,False,0.7504120759954889,0.0004,False
SHMX01000001.1_611,False,0.9822013946139581,0.0002,False
NZ_WEZQ01000001.1_13,False,0.9832492058210465,0.0002,False
DREG01000367.1_12,False,0.9287357339328312,0.0002,False
LJUD01000198.1_2,False,0.9999020919537357,0.0002,False
JACQWU010000076.1_10,False,0.9999942791806338,0.0004,False
JAGWYZ010000201.1_4,False,0.9848343812003221,0.0002,False
JAEEIL010000032.1_125,False,0.9999763694650704,0.0008,True
JAHITZ010000028.1_29,False,0.7913594170209074,0.0,False
JAFGGD010000030.1_15,False,0.9967202407662982,0.0,False
VGJA01000023.1_2,False,0.9967988826875642,0.0,False
NZ_JOOE01000001.1_1314,False,0.9911577186017111,0.0,False
CAISUK010000540.1_17,False,0.9899334109535463,0.0002,False
JADQBH010000158.1_12,False,0.9582169863097897,0.0,False
JAGCDY010000107.1_21,False,0.9801136511297368,0.0002,False
DDWC01000237.1_7,False,0.9999999917407562,0.0004,False
NZ_JAFVMG010000003.1_106,False,0.8758566843064111,0.0,False
JAAYXC010000202.1_9,False,0.9998113467658273,0.0002,False
DRXH01000141.1_7,False,0.9907780451421638,0.0002,False
QMTU01000083.1_1,False,0.7288106185477574,0.0,False
CP002988.1_683,False,0.9979231157387127,0.0002,False
JACMRP010000322.1_5,False,0.9955186737451174,0.0006,True
QMNP01000073.1_5,False,0.9407341656558205,0.0,False
JACQWU010000175.1_5,False,0.8678754229201007,0.0,False
DSCM01000010.1_15,False,0.9919091167261606,0.0002,False
JAGOBX010000029.1_11,False,0.9929074854699687,0.0002,False
DMSQ01000084.1_67,False,0.9427526069477544,0.0,False
JAAYNI010000033.1_104,False,0.9438901272250507,0.0,False
MWBZ01000110.1_2,False,0.9995084554721125,0.0002,False
NZ_LBMK01000002.1_1939,False,0.9990316115606566,0.0002,False
CAJKKX010000066.1_1,False,0.9394536137213054,0.0008,True
MGPE01000002.1_149,False,0.9937197485655959,0.0002,False
NZ_CP007062.1_1590,False,0.996248223708265,0.0004,False
JACRDZ010000278.1_2,False,0.983267116664311,0.0,False
QMTU01000118.1_1,False,0.8688297041728117,0.0,False
NYZA01000095.1_6,False,0.8681356814435672,0.0,False
PLYD01000054.1_2,False,0.9667758195503157,0.0,False
NZ_CP029480.1_2001,False,0.9745559986116819,0.0,False
JACRLM010000046.1_27,False,0.969344965807538,0.0002,False
JAAYCF010000178.1_6,False,0.8787195280645441,0.0004,False
CAIQVJ010000027.1_88,False,0.9721149257858172,0.0,False
MGPE01000006.1_95,False,0.9903774518989574,0.0002,False
SYBY01000065.1_6,False,0.9818101860204724,0.0,False
JACIXG010000031.1_24,False,0.9999919454267218,0.0004,False
PWHN01000057.1_84,False,0.7841589312049969,0.0002,False
CAISUK010000681.1_4,False,0.9409271160153393,0.0,False
CACMQN010000001.1_124,False,0.8567710592521905,0.0,False
WUAI01000030.1_32,False,0.9750168201744561,0.0002,False
NZ_AP018227.1_282,False,0.9479772084125813,0.0,False
NZ_JH378980.1_7,False,0.976900757031935,0.0,False
JABXHY010000003.1_59,False,0.9998474605505101,0.0,False
JAHJSX010000133.1_3,False,0.9481605171230478,0.0,False
NZ_CP015520.1_1764,False,0.8188600676672161,0.0,False
WFPJ01000116.1_3,False,0.8043723431942396,0.0,False
JAFKJK010000007.1_167,False,0.9646878767964917,0.0004,False
NZ_JH815593.1_1282,False,0.9802636902502403,0.0002,False
MNUP01000040.1_10,False,0.8446256614904138,0.0,False
QLUP01000016.1_8,False,0.9977816331650926,0.0,False
DSNQ01000038.1_23,False,0.8640582979092565,0.0002,False
NZ_AGJL01000001.1_78,False,0.9992916633508495,0.0018,True
DSNN01000257.1_1,False,0.964958282301667,0.0,False
NZ_KB908352.1_12,False,0.8565975535698794,0.0,False
JAFTKO010000021.1_70,False,0.891992712761343,0.0,False
NZ_JADWYU010000248.1_26,False,0.7747896243601978,0.0002,False
NVVD01000004.1_63,False,0.9988774531850887,0.0,False
SYBY01000133.1_6,False,0.9607111034913728,0.0,False
JAFYIZ010000026.1_77,False,0.999763161871614,0.0006,True
DEYK01000066.1_41,False,0.9162967272248669,0.0,False
JACPSX010000269.1_8,False,0.9467323376220539,0.0,False
JAFTSJ010000040.1_7,False,0.9736762968298379,0.0,False
QIFF01000002.1_6,False,0.9410893486418079,0.0002,False
CAIQVJ010000103.1_86,False,0.9841283858775893,0.0002,False
NZ_BDAU01000031.1_5,False,0.6515138370781643,0.0,False
NZ_SGXC01000002.1_896,False,0.9993264477033207,0.0008,True
JAGOUY010000005.1_52,False,0.9684457128222064,0.0002,False
PMWA01000062.1_61,False,0.9912348788474734,0.0002,False
JABIXH010000280.1_1,False,0.8979786588010757,0.0,False
USJX01000128.1_4,False,0.9723639466206828,0.0004,False
JACMRP010000393.1_2,False,0.9357832921912829,0.0002,False
DIWJ01000067.1_4,False,0.9483943745944519,0.0,False
MWCD01000044.1_16,False,0.8727335820248113,0.0,False
JAFGEW010000034.1_40,False,0.947809938597931,0.0,False
SYBY01000204.1_9,False,0.9909417158124019,0.0,False
JAFKJK010000013.1_62,False,0.9811538572362929,0.0,False
LMZT01000060.1_24,False,0.9993993500143675,0.0006,True
JABWCP010000021.1_53,False,0.8821028888696105,0.0,False
JABMRT010000014.1_12,False,0.9843859966889891,0.0002,False
NZ_RZMY01000018.1_226,False,0.9863311893903499,0.0002,False
DRUY01000016.1_1,False,0.7522338856597554,0.0,False
NZ_CP015455.1_2688,False,0.8670946473497007,0.0,False
DSCM01000001.1_20,False,0.73713889129869,0.0002,False
DCUM01000246.1_6,False,0.9907058850470537,0.0,False
NZ_FKIP01000632.1_7,False,0.9636817451049983,0.0002,False
VBJS01000040.1_12,False,0.9288948922730473,0.0002,False
PAYP01000016.1_1,False,0.952280766331275,0.0002,False
WTCB01000021.1_10,False,0.9665159715601149,0.0,False
JADJOY010000023.1_35,False,0.9923471729041057,0.0002,False
NZ_JADWYU010000201.1_31,False,0.9580910375495183,0.0,False
JAEEJP010000010.1_9,False,0.8604146785807235,0.0,False
QJVW01000121.1_4,False,0.9014926294283908,0.0,False
JACQOF010000096.1_6,False,0.9631086738128152,0.0,False
NZ_JADWYU010000379.1_3,False,0.9608465154030635,0.0,False
JAFGCY010000047.1_1,False,0.9678741159516357,0.0,False
NC_018649.1_568,False,0.7366183742517567,0.0,False
JAFANK010000301.1_2,False,0.9998155013582501,0.0008,True
JAHJDO010000061.1_1,False,0.9973100318374916,0.0002,False
WRMI01000065.1_11,False,0.9434224974772509,0.0,False
DSSU01000404.1_6,False,0.654463433677453,0.0,False
NZ_LT985326.1_87,False,0.9994642345763136,0.0004,False
JAFSWN010000164.1_21,False,0.9934340663085178,0.0002,False
NZ_CP015455.1_2742,False,0.9801034139232897,0.0,False
NZ_KZ293963.1_3210,False,0.9231662506354068,0.0002,False
NZ_JACJQY010000026.1_34,False,0.9428763354134284,0.0,False
WAMD01000029.1_1,False,0.865706601891212,0.0,False
DDWC01000014.1_16,False,0.9604936863507323,0.0,False
PAYP01000102.1_12,False,0.6994014053960267,0.0,False
DIVR01000013.1_5,False,0.6299991324715885,0.0002,False
CACXDF010000011.1_11,False,0.9972739477100375,0.0,False
JABWCQ010000004.1_28,False,0.8922529712848096,0.0,False
DSCM01000108.1_7,False,0.9987430436157311,0.0,False
JACMRP010000043.1_6,False,0.9633754153988757,0.0,False
JABWBZ010000295.1_1,False,0.9765355667341583,0.0,False
JABWCD010000003.1_245,False,0.994809505103665,0.0002,False
NZ_RZMY01000017.1_186,False,0.9910968524667388,0.0004,False
METK01000008.1_24,False,0.8069749284289061,0.0,False
NBMB01000056.1_6,False,0.9858471058166711,0.0,False
DHZH01000001.1_436,False,0.9533388486560042,0.0,False
VGJA01000044.1_1,False,0.9809403637294051,0.0,False
JADHUQ010000085.1_7,False,0.8295306671293485,0.0,False
WRBD01000010.1_53,False,0.820595124490327,0.0,False
JAFGIQ010000128.1_5,False,0.9800459596652841,0.0002,False
CADCWE010000113.1_30,False,0.9569720707444652,0.0,False
NZ_JADWYU010000373.1_1,False,0.9895129978914382,0.0,False
DIFC01000039.1_22,False,0.9808044329442343,0.0006,True
LJUY01000078.1_4,False,0.99118604781843,0.0002,False
LCRX01000013.1_28,False,0.4871172030884011,0.0,False
NZ_FQVN01000013.1_99,False,0.9998966652876291,0.0004,False
JACPTH010000067.1_10,False,0.9782364840955206,0.0006,True
WYBT01000021.1_38,False,0.9891846676944713,0.0,False
AQRW01000168.1_1,False,0.7348833174286458,0.0,False
JACTNB010000013.1_244,False,0.9937863462190749,0.0004,False
NZ_BNCD01000003.1_48,False,0.9993461857360636,0.0,False
VBAP01000060.1_9,False,0.7632514964865099,0.0004,False
VXWP01000091.1_79,False,0.9982853028537974,0.0002,False
DLGL01000009.1_26,False,0.9223724392055103,0.0002,False
SFNH01000076.1_2,False,0.9052272853715508,0.0,False
JAAYNI010000055.1_6,False,0.9698292170924441,0.0,False
WRBD01000007.1_72,False,0.9995501870282889,0.0006,True
MNYI01000006.1_9,False,0.9441767793409186,0.0,False
JAADIC010000061.1_4,False,0.9866235596359998,0.0004,False
NZ_NCSM01000010.1_3,False,0.9879065969831113,0.0002,False
JAFGND010000002.1_10,False,0.9694579404926497,0.0002,False
CAIWTR010000148.1_7,False,0.7737485902663312,0.0,False
NZ_LMGK01000009.1_36,False,0.7196148173852693,0.0,False
WALD01000051.1_2,False,0.998613857416714,0.0004,False
NZ_BDAU01000035.1_18,False,0.9758171502769499,0.0002,False
CACGJS010000003.1_24,False,0.937817895904259,0.0,False
NZ_NCSM01000007.1_559,False,0.9923080764646968,0.0002,False
PUNC01000242.1_11,False,0.9317547842435381,0.0,False
JAFGTC010000285.1_32,False,0.9924819919758853,0.0,False
JACRMA010000065.1_7,False,0.9915816806805127,0.0008,True
JAFUYQ010000030.1_15,False,0.9998996325372479,0.0004,False
NZ_JOOE01000002.1_555,False,0.999116587898665,0.0002,False
JWIH01000018.1_185,False,0.9996215626122121,0.0004,False
NC_007759.1_2457,False,0.815042942656372,0.0002,False
QMNL01000069.1_4,False,0.9954314051134309,0.0002,False
METK01000019.1_6,False,0.977281344382542,0.0002,False
SXND01000050.1_13,False,0.9895174497513591,0.0004,False
SVSB01000007.1_11,False,0.6690379109915849,0.0,False
NZ_KB290709.1_29,False,0.985516744905778,0.0,False
WLFD01000122.1_9,False,0.9985762028196042,0.0002,False
JAFGUZ010000083.1_57,False,0.8319597466817038,0.0,False
JADBKU010000034.1_15,False,0.9922005352122263,0.0,False
CAIQVJ010000027.1_49,False,0.9871149243996915,0.0,False
JADQBH010000125.1_1,False,0.9999715341549682,0.0002,False
NZ_CP015520.1_1434,False,0.99145407976915,0.0004,False
NZ_PJIN01000013.1_66,False,0.9996892555087964,0.0,False
NZ_JABFHO010000001.1_1490,False,0.9926739593992568,0.0002,False
SVSB01000009.1_10,False,0.9800458316486002,0.0,False
PBWH01000006.1_349,False,0.9994124096272282,0.0,False
JAHIPN010000348.1_1,False,0.9477124375236943,0.0,False
CAJUHL010000004.1_62,False,0.7458141754142448,0.0,False
NZ_AFXQ01000008.1_74,False,0.9989208318663435,0.0004,False
NZ_JAAIPW010000012.1_40,False,0.9998283790788373,0.0002,False
DRUY01000243.1_5,False,0.9409669458660909,0.0,False
NZ_JAAIPW010000001.1_295,False,0.8558167779994795,0.0002,False
JABFGF010000004.1_332,False,0.9997339193077176,0.0004,False
JAGXKI010000046.1_15,False,0.8195540903964604,0.0,False
JACQPJ010000056.1_10,False,0.8945952979960093,0.0,False
OMZR01000083.1_1,False,0.6918539082154941,0.0,False
SKQU01000029.1_3,False,0.9996764518151257,0.0004,False
JAFGAQ010000175.1_1,False,0.7796477834649085,0.0,False
DMSQ01000084.1_12,False,0.992131737690957,0.0,False
NZ_JABFHO010000001.1_2364,False,0.997119909193043,0.0002,False
NZ_PTQW01000012.1_112,False,0.963483049500538,0.0,False
NZ_JAFCMM010000001.1_76,False,0.9753576514612863,0.0002,False
JACTNB010000019.1_101,False,0.9914173671270311,0.0004,False
PAQS01000032.1_24,False,0.9627099477536648,0.0,False
CAIQVJ010000082.1_3,False,0.5730025158323935,0.0,False
URUF01000018.1_22,False,0.9903569600782636,0.0004,False
NZ_LT907975.1_3129,False,0.987005642513168,0.0006,True
JAFGTC010000020.1_1,False,0.9999371704212237,0.0004,False
QJVW01000079.1_93,False,0.9989568708302092,0.0006,True
CAISUK010000216.1_3,False,0.8212023943784159,0.0,False
NZ_CP015520.1_1221,False,0.8518261473063243,0.0,False
MWCZ01000098.1_5,False,0.769757959573176,0.0,False
VBAP01000034.1_7,False,0.9947673193968275,0.0,False
JABWBZ010000338.1_4,False,0.9846373284520712,0.0,False
WAQS01000245.1_5,False,0.8952893207252538,0.0,False
QZKI01000017.1_18,False,0.859547150169168,0.0,False
JAFGKQ010000036.1_3,False,0.9879108069331116,0.0012,True
SKQU01000360.1_2,False,0.9845677558145381,0.0002,False
JAFAZD010000059.1_19,False,0.9708218390441684,0.0,False
NZ_CP021081.1_2314,False,0.9361009527360127,0.0,False
JACMRP010000113.1_5,False,0.9292539349554838,0.0,False
JAHIPN010000267.1_13,False,0.8539082154940574,0.0002,False
NZ_LT907975.1_114,False,0.9977191511484584,0.0,False
JAEEJP010000095.1_15,False,0.9828235926550283,0.0,False
NBMB01000052.1_13,False,0.9623274959224227,0.0,False
SLGQ01000167.1_17,False,0.9602837293760798,0.0002,False
MVCZ01000060.1_18,False,0.8608484427865013,0.0,False
JACPHL010000008.1_2,False,0.8660536132558341,0.0,False
NZ_LR216287.1_1407,False,0.9910565409422047,0.0004,False
PAYP01000075.1_6,False,0.8932940053786762,0.0,False
LQMQ01000014.1_12,False,0.9100336669139436,0.0002,False
NC_015499.1_867,False,0.9786165132494234,0.0002,False
PLDF01000182.1_29,False,0.9447098374992551,0.0,False
MGFH01000049.1_7,False,0.9599204794740753,0.0,False
CADCWE010000201.1_19,False,0.9862044589532879,0.0,False
JACIXQ010000023.1_6,False,0.9373939714232473,0.0,False
QZKU01000003.1_6,False,0.8849657326277436,0.0,False
JAHJLF010000053.1_3,False,0.8252797779127267,0.0,False
PWNJ01000145.1_5,False,0.9408813686683236,0.0,False
DRYD01000195.1_12,False,0.904922540987949,0.0,False
JAEELG010000051.1_7,False,0.998930376152029,0.0,False
CP051243.1_1375,False,0.9485652550033404,0.0002,False
VBAP01000029.1_30,False,0.8563372950464128,0.0,False
JAFGOL010000244.1_3,False,0.9974819147382502,0.0,False
JAFGGD010000030.1_73,False,0.9942338008403087,0.0,False
WVXK01000058.1_23,False,0.9999984566397029,0.0002,False
NZ_BNCD01000016.1_159,False,0.9996405757484474,0.0,False
JAAYXC010000163.1_1,False,0.8970243775483647,0.0,False
DDGC01000028.1_36,False,0.9677763210139407,0.0,False
RFHX01000184.1_8,False,0.9859413701012125,0.0002,False
QMNL01000035.1_9,False,0.960000238137376,0.0,False
NZ_CP016279.1_3427,False,0.999997274239459,0.0002,False
JAFGBW010000127.1_1,False,0.7411295219918452,0.0,False
JACNFQ010000052.1_27,False,0.9999168360930499,0.0,False
NZWP01000016.1_1,False,0.999035194151628,0.0,False
JACIXS010000340.1_1,False,0.9990701792826044,0.0004,False
JAFAZD010000028.1_7,False,0.9839382680214155,0.0,False
JAFGDH010000036.1_27,False,0.7831178971111303,0.0006,True
NZ_LBMK01000001.1_545,False,0.9847163856605297,0.0004,False
WRMI01000002.1_53,False,0.999483486023876,0.0002,False
NZ_JACJQY010000046.1_46,False,0.9996078885573398,0.0002,False
QMNL01000022.1_6,False,0.9934562738606165,0.0002,False
PWXJ01000151.1_1,False,0.945047693905887,0.0004,False
DMSQ01000040.1_67,False,0.9914175510366474,0.0004,False
JAFZBN010000016.1_21,False,0.9798428826805435,0.0002,False
JAFUHT010000054.1_68,False,0.9988876287319639,0.0,False
NZ_AP014612.1_225,False,0.9726367055985947,0.0004,False
NZ_FKIP01001289.1_5,False,0.8924264769671206,0.0,False
WGBT01000133.1_8,False,0.8921662184436541,0.0002,False
PAYP01000056.1_12,False,0.9629513610332817,0.0002,False
DEYK01000008.1_2,False,0.9573938353779723,0.0,False
DDYN01000005.1_125,False,0.9974528063557635,0.0,False
NZ_CP060488.1_3715,False,0.9707226377454231,0.0,False
NZ_FKIP01001182.1_4,False,0.9631050871771858,0.0002,False
LIUI01000011.1_42,False,0.9791946998333102,0.0,False
MFGS01000060.1_8,False,0.9006484782891562,0.0,False
PLDF01000094.1_3,False,0.9995058366497853,0.0006,True
MVCZ01000175.1_4,False,0.9252937873364068,0.0,False
KI543203.1_15,False,0.859547150169168,0.0,False
JAFMIT010000073.1_8,False,0.9486804896823027,0.0,False
CAISUK010000478.1_22,False,0.9949770060177261,0.0006,True
NZ_CP021082.1_578,False,0.9025740478626602,0.0002,False
JACIXG010000137.1_1,False,0.9952155995437196,0.0002,False
JAAYZI010000033.1_7,False,0.9813270193504203,0.0006,True
JAAYCF010000240.1_1,False,0.9864698505218642,0.0,False
JACNFQ010000033.1_2,False,0.9968847442288034,0.0,False
PLDF01000500.1_15,False,0.9918475611807538,0.0,False
LIUI01000124.1_1,False,0.9602932326760458,0.0,False
JADJOY010000037.1_32,False,0.9660742182515675,0.0,False
JAEOSL010000032.1_25,False,0.8442786501257916,0.0004,False
QNDR01000053.1_17,False,0.9958976374623894,0.0006,True
JACQOF010000119.1_1,False,0.9588955756238748,0.0,False
JAFGEV010000330.1_2,False,0.9031635917534199,0.0,False
JAFGCY010000049.1_6,False,0.9999673435736843,0.0014,True
MWCD01000036.1_38,False,0.6931552008328272,0.0,False
SYBY01000391.1_27,False,0.9824594957602778,0.0002,False
NZ_NCSM01000003.1_111,False,0.985415428482537,0.0,False
DSUT01000123.1_1,False,0.999270810589478,0.0002,False
NZ_JAAIPW010000014.1_53,False,0.9997419793630691,0.0004,False
DIVR01000025.1_7,False,0.8934675110609872,0.0,False
JAFGOL010000232.1_1,False,0.8516526416240132,0.0,False
BMST01000008.1_391,False,0.9826606842908971,0.0,False
JAADIC010000219.1_4,False,0.9772357933021465,0.0,False
NZ_RXLO01000018.1_43,False,0.8772447297648998,0.0,False
JAERTH010000179.1_5,False,0.9740825939151355,0.0,False
JAGXTL010000064.1_22,False,0.9954338364864821,0.0004,False
NC_021031.1_1352,False,0.8794135507937885,0.0,False
CACGHR010000014.1_18,False,0.9914705806822963,0.0,False
JAHKBB010000130.1_1,False,0.9962433187904365,0.0,False
JAAYXC010000447.1_7,False,0.9809869757899695,0.0008,True
JAGVWA010000009.1_36,False,0.7210028628437581,0.0,False
NZ_JAAIPW010000008.1_100,False,0.83768543419797,0.0,False
BDTG01000013.1_37,False,0.9739205840150045,0.0,False
DMSQ01000082.1_81,False,0.978998144743861,0.0002,False
DSNN01000206.1_1,False,0.9848884820346764,0.001,True
JACQOV010000096.1_3,False,0.7976056215841069,0.0,False
SICP01000007.1_16,False,0.9564089849966119,0.0002,False
NZ_LR216287.1_2447,False,0.9246078713994651,0.0,False
JAHJDR010000164.1_1,False,0.9890783619662926,0.0004,False
JAGACY010000463.1_2,False,0.951491804849086,0.0,False
JABDLO010000481.1_8,False,0.9966064471615984,0.0,False
JABXHY010000053.1_43,False,0.959851270996316,0.0002,False
JACRGW010000158.1_26,False,0.9637965015782413,0.0002,False
WFPJ01000122.1_4,False,0.9372051760819466,0.0,False
JABDLO010000163.1_5,False,0.8728203348659669,0.0,False
JADJOY010000051.1_1,False,0.9029967303597736,0.0,False
OMZR01000024.1_28,False,0.9089568297751004,0.0,False
DEYK01000002.1_47,False,0.8323935108874816,0.0,False
DSWB01000003.1_6,False,0.9019236672932844,0.0,False
WJOT01000086.1_10,False,0.7822503686995749,0.0004,False
JAFAZD010000328.1_5,False,0.9870532049778965,0.0,False
NZ_UTHA01000221.1_88,False,0.9124423628308771,0.0,False
NZ_CP021081.1_880,False,0.9801260905373926,0.0002,False
JABWCD010000003.1_223,False,0.9874575555216224,0.0002,False
NZ_JADWYU010000203.1_2,False,0.9999488698709224,0.0002,False
QZJZ01000096.1_7,False,0.9749052353209711,0.0,False
JAFGND010000077.1_22,False,0.8605014314218791,0.0,False
RFHX01000241.1_3,False,0.815997223909083,0.0002,False
JAEELG010000032.1_24,False,0.9532494766165027,0.0002,False
DLGL01000126.1_25,False,0.9978201664782742,0.0,False
CAIQVJ010000117.1_12,False,0.8907781729851653,0.0,False
NZ_LT985324.1_811,False,0.9046458370544284,0.0,False
MDLB01000094.1_20,False,0.7092912292877592,0.0,False
JAFGKM010000005.1_58,False,0.5186952372690206,0.0002,False
QCTB01000008.1_32,False,0.9946223547328233,0.0002,False
JAHDNF010000012.1_108,False,0.9209484169742123,0.0004,False
JACPAV010000003.1_150,False,0.9928410899212786,0.0,False
JADGAT010000239.1_3,False,0.9695894882833661,0.0002,False
NZ_CP016279.1_2484,False,0.9874915762104098,0.0,False
NZ_LT985323.1_1001,False,0.9538160014741709,0.0,False
PUNJ01000100.1_8,False,0.9769268080480614,0.0002,False
JACRJN010000057.1_8,False,0.9910563778719267,0.0002,False
WQSZ01000004.1_33,False,0.834041814869437,0.0,False
PWOD01000229.1_24,False,0.9383913179507993,0.0,False
NZ_LR216287.1_626,False,0.9768894235553135,0.0002,False
NZ_LBMK01000001.1_514,False,0.983924709969896,0.0002,False
PFND01000053.1_2,False,0.9442192100003952,0.0,False
DREG01000255.1_1,False,0.9752003862001422,0.0002,False
NZ_CP015455.1_908,False,0.9938213914109578,0.0004,False
NZ_LT907975.1_3063,False,0.9999756583941279,0.0002,False
NZ_FKIP01000818.1_2,False,0.9720672996815926,0.0,False
SFEJ01000009.1_22,False,0.4174546716404962,0.0002,False
WGBT01000137.1_6,False,0.9948712627362595,0.0,False
DSKM01000012.1_215,False,0.9819943069615706,0.0002,False
JADBKU010000035.1_16,False,0.9829730327349729,0.0002,False
JACPSX010000122.1_10,False,0.9375353504269541,0.0,False
NZ_PVNS01000005.1_190,False,0.959140894826773,0.0006,True
SLGQ01000021.1_9,False,0.9429361263958472,0.0,False
JACCUF010000018.1_5,False,0.9999801534386827,0.0002,False
NZ_BAEO01000005.1_55,False,0.8271015875769931,0.0002,False
JACPTH010000579.1_3,False,0.8786327752233886,0.0,False
KI543196.1_4,False,0.7439056129088227,0.0,False
LMZT01000049.1_11,False,0.7289841242300685,0.0,False
JAHIPN010000219.1_3,False,0.9622088128877437,0.0002,False
MDLB01000099.1_19,False,0.997935972600299,0.0006,True
QJVW01000036.1_10,False,0.8688297041728117,0.0002,False
PUNC01000058.1_3,False,0.6253144790491889,0.0,False
WLFD01000099.1_1,False,0.9170909116639779,0.0002,False
JABWCQ010000010.1_127,False,0.912872025296359,0.0004,False
JAGWYZ010000300.1_1,False,0.8048061074000173,0.0,False
NZ_KZ293963.1_2121,False,0.9948681511213358,0.001,True
NZ_JH378957.1_14,False,0.9924747999100363,0.001,True
NZ_CP021081.1_200,False,0.9025769190154233,0.0,False
MNYW01000176.1_16,False,0.8806280905699662,0.0,False
CAIVDM010000199.1_2,False,0.7726208033313091,0.0,False
QGUP01000456.1_2,False,0.9980286636521961,0.0002,False
NZ_NCSM01000009.1_97,False,0.9958074743083807,0.0002,False
DSKM01000001.1_278,False,0.7663745987681096,0.0,False
NZ_CP015423.1_4016,False,0.9955186915951814,0.0002,False
JAFGKQ010000083.1_5,False,0.9028896842624283,0.0002,False
MWCZ01000427.1_3,False,0.8285763858766375,0.0002,False
WTCB01000109.1_1,False,0.9590493786316509,0.0,False
NZ_CP069127.1_4073,False,0.6556779734536307,0.0,False
JAEEJP010000102.1_8,False,0.9713655292588775,0.0006,True
NC_007759.1_1514,False,0.8941615337902317,0.0,False
NZ_UTHA01000078.1_231,False,0.9993213558350682,0.0006,True
JAAYVF010000085.1_111,False,0.9608698494273118,0.0,False
SYBY01000457.1_4,False,0.9991531901296241,0.0006,True
NZ_LBMK01000005.1_17,False,0.9953229794605701,0.0006,True
NZ_JAGGOF010000107.1_15,False,0.9904347998225843,0.0,False
NYYY01000055.1_3,False,0.980490189098531,0.0,False
MWCD01000096.1_6,False,0.9990449452783304,0.0,False
PWNJ01000139.1_10,False,0.8038518261473063,0.0,False
URUF01000008.1_73,False,0.984821070242689,0.0002,False
NZ_JPST01000008.1_45,False,0.8890431161620543,0.0,False
JAFGEV010000091.1_12,False,0.9021443084064216,0.0002,False
JAFUYQ010000020.1_33,False,0.9672760661939547,0.0,False
SLGQ01000156.1_5,False,0.9733456508979567,0.0,False
NZ_BAEO01000007.1_116,False,0.9925603630372662,0.0,False
PLDF01000411.1_15,False,0.9627439477003494,0.0,False
DTCJ01000014.1_3,False,0.9684654364037394,0.0,False
PUNJ01000089.1_3,False,0.9795953645157965,0.0,False
PLDF01000312.1_1,False,0.9999629336326255,0.001,True
NZ_JPST01000061.1_1,False,0.9903487763998123,0.0004,False
NZ_CP060488.1_3297,False,0.9830854109925058,0.0,False
AWOA01000084.1_5,False,0.9937125939038423,0.0002,False
NZ_CP021081.1_2515,False,0.7039993059772708,0.0,False
NZ_JADEKP010000002.1_114,False,0.9259424782763743,0.0,False
JAGWYZ010000235.1_1,False,0.93552077808421,0.0,False
NVVD01000046.1_2,False,0.9658153372440631,0.0,False
NZ_JACJQY010000017.1_1,False,0.9966755826941815,0.0,False
QHUM01000063.1_58,False,0.9486784483558788,0.0,False
JABLWY010000001.1_62,False,0.8231977097249935,0.0,False
NZ_CP021082.1_437,False,0.9458244286881456,0.0,False
JADQBH010000183.1_3,False,0.9998151496833306,0.001,True
DTOT01000014.1_6,False,0.8416760648911252,0.0,False
USJX01000046.1_11,False,0.9971000442478444,0.0,False
MWCZ01000068.1_1,False,0.9765904872393456,0.0,False
JADJYS010000036.1_7,False,0.991504329713815,0.0,False
NZ_LBMK01000008.1_99,False,0.9999961641890857,0.0012,True
JAGWYZ010000085.1_18,False,0.7819033573349528,0.0006,True
VGJA01000154.1_1,False,0.9751804618165745,0.0002,False
JAFAZD010000223.1_4,False,0.9997336598031654,0.0002,False
PAQS01000010.1_1,False,0.9972368087333282,0.0002,False
SOJN01000144.1_4,False,0.9913283101413506,0.0002,False
JABXHY010000030.1_1,False,0.8660536132558341,0.0,False
KI543205.1_10,False,0.7367051270929122,0.0,False
QLUP01000112.1_1,False,0.6902923570746942,0.0,False
JACIXS010000301.1_3,False,0.9410418149086766,0.0,False
JACTNB010000036.1_183,False,0.9602663917057751,0.0,False
JAAYAK010000163.1_1,False,0.9999954828714723,0.0002,False
DLYX01000551.1_5,False,0.9869671633467522,0.0,False
PLOF01000109.1_10,False,0.9107621162554789,0.0,False
NZ_CP016279.1_9267,False,0.9987194014547416,0.0002,False
RFHX01000226.1_2,False,0.9860898748104817,0.0,False
NZ_JAGI01000002.1_3113,False,0.9997303950441547,0.0,False
JAEEIL010000042.1_4,False,0.995895672658518,0.0002,False
NZ_AP013035.1_775,False,0.9599369076143064,0.0008,True
JAFGEX010000114.1_2,False,0.3356467424308146,0.0,False
DSKM01000006.1_60,False,0.9933515002065983,0.0004,False
LIUI01000085.1_9,False,0.9066465056393075,0.0,False
DLGL01000005.1_50,False,0.766895115815043,0.0,False
NZ_FQTT01000013.1_196,False,0.997319118746896,0.0,False
NZUQ01000040.1_18,False,0.7481565021254446,0.0002,False
CAIVGN010000044.1_1,False,0.7800815476706862,0.0,False
NZ_CP012328.1_384,False,0.9986536220646258,0.0002,False
MVCZ01000190.1_2,False,0.9899430885744256,0.0004,False
DSSU01000361.1_12,False,0.9476360381899639,0.0,False
CAIVGN010000196.1_27,False,0.8744686388479223,0.0,False
MGPE01000018.1_18,False,0.9804341600967902,0.0,False
DLMW01000050.1_5,False,0.9124945817713105,0.0,False
NVVD01000019.1_58,False,0.9936699716710173,0.0,False
WUAI01000011.1_29,False,0.981571881725747,0.0002,False
JAGOUY010000002.1_92,False,0.9943499320381246,0.0006,True
MWBZ01000194.1_1,False,0.8560770365229461,0.0,False
JAEEJP010000044.1_28,False,0.9813382556236309,0.0,False
QCTB01000020.1_27,False,0.9558565318985399,0.0,False
JABMQX010000571.1_3,False,0.9998467866482293,0.0004,False
NZ_LT985324.1_480,False,0.9928726422516498,0.0,False
LCRX01000009.1_78,False,0.6572395245944305,0.0,False
KI543197.1_126,False,0.8735143575952112,0.0,False
JAFGTC010000311.1_33,False,0.7669818686561984,0.0002,False
JAGORV010000011.1_25,False,0.8493103149128134,0.0,False
JAGYOC010000114.1_1,False,0.9982854526153242,0.0002,False
RFFQ01000005.1_14,False,0.9999343005810417,0.0,False
PAQS01000001.1_4,False,0.9838680058901342,0.0,False
JACIXG010000014.1_43,False,0.9929188894759665,0.0,False
PLDF01000230.1_47,False,0.9710657182465798,0.0,False
QMNL01000211.1_3,False,0.9376092360471463,0.0,False
CAIVDM010000130.1_1,False,0.9742383303370596,0.0,False
PKWQ01000376.1_6,False,0.9618478228023852,0.0,False
JACPUC010000001.1_1,False,0.9989309249918649,0.0002,False
JAFGTL010000032.1_7,False,0.9639276522398651,0.0,False
CAILUR010000158.1_8,False,0.9857875046094791,0.0002,False
JWIH01000024.1_330,False,0.8889563633208988,0.0,False
SFNH01000060.1_2,False,0.9945647451083236,0.0002,False
JADJOY010000054.1_24,False,0.9302527150223151,0.0,False
CP002988.1_2538,False,0.9359560860852932,0.0,False
DREG01000096.1_10,False,0.9971138416241812,0.0002,False
DVAE01000030.1_31,False,0.9129557572524585,0.0,False
DMSQ01000056.1_10,False,0.9996611321773836,0.0002,False
MWCD01000040.1_20,False,0.7419102975622451,0.0,False
NZ_JADWYU010000204.1_13,False,0.9983940465817903,0.0002,False
JADGDI010000009.1_20,False,0.9835464842649795,0.0002,False
NC_015499.1_25,False,0.998045392297016,0.0,False
ONXP01000041.1_22,False,0.9420628461418107,0.0,False
SFEJ01000022.1_14,False,0.9868448479188675,0.0006,True
DSSU01000340.1_21,False,0.8899106445736098,0.0,False
PMWA01000062.1_28,False,0.6733755530493624,0.0,False
SLOM01000249.1_1,False,0.795263294872907,0.0,False
JAAYZI010000339.1_2,False,0.9925804401977052,0.0002,False
NC_007759.1_183,False,0.7372256441398456,0.0004,False
CAIVDM010000199.1_17,False,0.9806265328597807,0.0004,False
CAIJMQ010000090.1_3,False,0.9999650806299989,0.0008,True
NZ_CP027570.1_1450,False,0.6716404962262514,0.0,False
NZ_CP015423.1_3510,False,0.7672421271796651,0.0002,False
PMZC01000089.1_28,False,0.9266959526298979,0.0002,False
NZ_RZNA01000005.1_134,False,0.9979593296980143,0.0002,False
LIUI01000066.1_9,False,0.8976316474364535,0.0,False
JAFGCY010000022.1_15,False,0.9902394746054047,0.0004,False
JACRDZ010000082.1_5,False,0.9841851068784525,0.0008,True
NZ_CP015423.1_3532,False,0.8959833434544981,0.0,False
JAFYIM010000482.1_3,False,0.9921877002877785,0.0004,False
NZ_NCSM01000020.1_18,False,0.9286006394352864,0.0,False
PWXJ01000093.1_2,False,0.614730632428212,0.0,False
JAFUYQ010000010.1_7,False,0.5199097770451983,0.0,False
JABWCP010000025.1_23,False,0.6404094734102542,0.0,False
PAYP01000102.1_15,False,0.961003102274417,0.0004,False
DMSQ01000012.1_4,False,0.985352388552758,0.0002,False
MFGS01000102.1_11,False,0.9109191101609413,0.0,False
BMST01000001.1_205,False,0.9927049683356921,0.0002,False
WRMI01000107.1_2,False,0.9949726122658687,0.0,False
WRBD01000002.1_93,False,0.8693502212197449,0.0,False
JACRJN010000032.1_52,False,0.995916875811321,0.0,False
SHMX01000016.1_7,False,0.7834649084757526,0.0,False
JABXHY010000093.1_2,False,0.9510699513358862,0.0,False
NZ_CP021083.1_51,False,0.898499175848009,0.0,False
NZ_AP018227.1_4201,False,0.9964857630927588,0.0002,False
PAYP01000010.1_48,False,0.9914413313771032,0.0002,False
WJMB01000394.1_5,False,0.9326215400887208,0.0,False
JAFAZD010000038.1_34,False,0.9801708656439644,0.0004,False
SYBY01000391.1_73,False,0.9989628622099898,0.0006,True
JAEOSL010000011.1_46,False,0.9326472609112935,0.0,False
VBOW01000001.1_3,False,0.9290865442183573,0.0,False
JAAYCL010000021.1_10,False,0.8727335820248113,0.0002,False
WYBT01000041.1_9,False,0.9380568297878346,0.0002,False
JACPSX010000063.1_6,False,0.9978118406910635,0.0002,False
DJVC01000078.1_3,False,0.9780855863400465,0.0,False
PLDF01000504.1_31,False,0.7986466556779734,0.0,False
JAHIPN010000182.1_5,False,0.9569017515353853,0.0,False
NYZA01000095.1_5,False,0.9480594889694262,0.0004,False
JAHIPN010000335.1_1,False,0.982520544742956,0.0002,False
DITF01000029.1_4,False,0.8877418235447211,0.0,False
JAGWXF010000006.1_79,False,0.9988161998031272,0.0004,False
PLDF01000202.1_38,False,0.9953815817082321,0.0004,False
JAADIA010000038.1_12,False,0.9389794719575275,0.0,False
NZUQ01000088.1_25,False,0.882970417281166,0.0004,False
NZ_VFPQ01000001.1_2444,False,0.9999645238535889,0.0004,False
MWCD01000011.1_17,False,0.7909256528151297,0.0,False
RFHX01000024.1_8,False,0.9921180325743751,0.0,False
JAHKBB010000039.1_13,False,0.9956419565699688,0.0002,False
JAFGIQ010000245.1_2,False,0.997442272246657,0.0004,False
LMZT01000133.1_1,False,0.9921355892022602,0.0,False
NZ_FQVN01000001.1_194,False,0.9865358740215399,0.0,False
NIRF01000015.1_4,False,0.9468667889902271,0.0,False
JAFUHT010000030.1_74,False,0.7240392122842023,0.0,False
NZ_FKIP01000402.1_2,False,0.9413888426700316,0.0,False
SYBY01000022.1_4,False,0.9998516238737225,0.0006,True
JABIXH010000150.1_3,False,0.9595132879136427,0.0,False
LCRX01000011.1_71,False,0.6986206298256268,0.0,False
LMZT01000143.1_9,False,0.8222434284722825,0.0,False
DSSU01000350.1_22,False,0.9793780842594387,0.0008,True
JAFGND010000060.1_47,False,0.9944856217666481,0.0002,False
PKTG01000062.1_10,False,0.991792971585854,0.0,False
MGRR01000034.1_2,False,0.940462745181527,0.0002,False
NZ_NCSM01000013.1_71,False,0.973915709778119,0.0004,False
JAAOXU010000002.1_2,False,0.7076429253058037,0.0,False
JABWCD010000015.1_102,False,0.9821207898003963,0.0002,False
NZ_JADWYU010000091.1_33,False,0.9833023804690286,0.0,False
JAATVM010000017.1_20,False,0.6640062462045632,0.0,False
CP054183.1_1958,False,0.9767748439993714,0.0,False
MNUP01000135.1_12,False,0.8870478008154767,0.0,False
CACMQN010000005.1_4,False,0.9791148665237754,0.0,False
DSSB01000204.1_2,False,0.9891649805566837,0.0002,False
OMZR01000052.1_14,False,0.945613201789022,0.0002,False
NZ_FQVN01000003.1_71,False,0.9999845823142246,0.0002,False
DSSC01000010.1_64,False,0.9578947244554769,0.0,False
JAAYKP010000139.1_2,False,0.6228853994968335,0.0,False
MVCZ01000092.1_7,False,0.8505248546889911,0.0,False
DTLL01000073.1_2,False,0.999599789272331,0.0004,False
JAHJDR010000161.1_5,False,0.9030777738769329,0.0,False
JABMQX010000028.1_2,False,0.993468102715756,0.0,False
CAIQVJ010000027.1_81,False,0.9391095601810121,0.0,False
JAHIKO010000053.1_1,False,0.9793814406203502,0.0002,False
NZ_LT985324.1_452,False,0.7571787976056216,0.0,False
NYZA01000021.1_15,False,0.9951075044812885,0.0004,False
JACIXG010000043.1_19,False,0.919788613713233,0.0,False
DLYX01000114.1_2,False,0.9341896494413633,0.0,False
JAFGKM010000042.1_1,False,0.9879427623336355,0.0,False
NZ_CP069127.1_3267,False,0.8419363234145918,0.0,False
JACRLM010000014.1_19,False,0.7610826754576212,0.0,False
JACIXS010000252.1_2,False,0.9748665764787747,0.0002,False
SXND01000269.1_9,False,0.9894596569099483,0.0,False
CP051243.1_2774,False,0.997678452649335,0.0,False
KI543197.1_241,False,0.8824499002342326,0.0,False
NZ_BMLQ01000009.1_79,False,0.9966317389366762,0.0002,False
JAFGEV010000065.1_11,False,0.9865676171136304,0.0002,False
JAGXKI010000014.1_10,False,0.7280298429773575,0.0,False
JAEOSL010000156.1_7,False,0.9997803120112876,0.0002,False
PNNP01000056.1_1,False,0.7835516613169081,0.0,False
NZUQ01000163.1_10,False,0.9999692497264553,0.0002,False
PLDF01000298.1_2,False,0.9595069823549129,0.0,False
JACRIV010000022.1_14,False,0.9914273395557996,0.0,False
JAFGIQ010000321.1_8,False,0.9546116741232261,0.0004,False
JACCUF010000302.1_2,False,0.9852689019240928,0.0004,False
NZ_FKIP01001115.1_2,False,0.4276047540556953,0.0,False
JADGAT010000028.1_13,False,0.8271015875769931,0.0002,False
JACPUR010000035.1_70,False,0.9100968918415436,0.0002,False
PUNC01000131.1_1,False,0.9918684703489989,0.0002,False
NZ_JACJQY010000002.1_81,False,0.9944082541237818,0.0,False
NZ_LBMK01000002.1_75,False,0.9999998551102925,0.0004,False
NZ_JADWYU010000103.1_60,False,0.9990198258895299,0.0002,False
USJX01000122.1_5,False,0.932698358740441,0.0002,False
NC_022792.1_1035,False,0.9089978378043192,0.0,False
JABWBZ010000185.1_1,False,0.9976498081338591,0.0,False
QNVD01000028.1_5,False,0.9900023508848977,0.0002,False
DRYD01000082.1_16,False,0.9976967275736319,0.0002,False
PXPD01000041.1_27,False,0.8395072438622365,0.0004,False
JAFUHT010000094.1_14,False,0.9769627917589989,0.0,False
NZUQ01000142.1_1,False,0.8796738093172551,0.0,False
PLOF01000091.1_8,False,0.9999713920587258,0.0002,False
PLDF01000205.1_21,False,0.9917615825238308,0.0,False
JAADIO010000058.1_4,False,0.9370355678645139,0.0004,False
LCRX01000018.1_7,False,0.9225435423902143,0.0002,False
NIRF01000004.1_100,False,0.6111737659408346,0.0,False
SFNH01000139.1_2,False,0.9499713433095271,0.001,True
NZ_AWNK01000006.1_22,False,0.829443914288193,0.0,False
SKQU01000026.1_24,False,0.9998223059907972,0.0,False
NZ_JAFCMM010000001.1_466,False,0.9237652587196011,0.0002,False
JAERTH010000031.1_65,False,0.9830473789027919,0.0004,False
LMZT01000061.1_11,False,0.7485035134900668,0.0,False
JAAYCL010000032.1_30,False,0.9694916753126384,0.0,False
NZ_LMGK01000022.1_234,False,0.9415158184194274,0.0002,False
PLPI01000145.1_33,False,0.9683437312540352,0.0,False
URUF01000055.1_4,False,0.8239784852953934,0.0002,False
WJKZ01000222.1_6,False,0.9974277233392201,0.0004,False
MWBZ01000135.1_9,False,0.8735143575952112,0.0004,False
NC_014926.1_1527,False,0.986598393431557,0.0,False
JADGAT010000099.1_8,False,0.7495445475839334,0.0,False
WVXK01000023.1_86,False,0.6059685954715017,0.0,False
NZ_CP012328.1_432,False,0.9609190796934568,0.0,False
JACRPW010000034.1_6,False,0.9627873311295407,0.0,False
WAQS01000135.1_3,False,0.8383794569272144,0.0,False
PFND01000005.1_1,False,0.9650979921365508,0.0,False
LJUD01000298.1_3,False,0.907155515207373,0.0002,False
SBFR01000093.1_25,False,0.9337597229782626,0.0,False
WJKZ01000106.1_13,False,0.8991064457360979,0.0,False
NZ_QHKX01000001.1_614,False,0.9897314629695335,0.0002,False
NZ_KZ293963.1_259,False,0.998925636656206,0.0006,True
JAGCPB010000044.1_86,False,0.9955194025800794,0.0002,False
NZ_AP018227.1_4120,False,0.7482432549666002,0.0,False
LIUI01000027.1_18,False,0.9992937485172037,0.0002,False
BDTG01000045.1_6,False,0.8814956189815216,0.0,False
JAFGTC010000138.1_24,False,0.9772072778207206,0.0004,False
JAFGTC010000052.1_1,False,0.9661914032082326,0.0,False
WRBD01000007.1_7,False,0.9994117826857505,0.0,False
JAGWYZ010000157.1_1,False,0.9855256718403663,0.0,False
MNYI01000040.1_1,False,0.9729232024070235,0.0,False
JAFGEQ010000019.1_224,False,0.9943708906316853,0.0002,False
JAFGEX010000110.1_3,False,0.9720515276106216,0.0,False
NZ_NCSM01000076.1_59,False,0.9999842568325631,0.0008,True
NZ_JABFHO010000001.1_3319,False,0.9982682621827779,0.0002,False
JADJYS010000001.1_160,False,0.9145530963113773,0.0,False
CAIWTR010000040.1_1,False,0.9989266100807743,0.0002,False
JAEEJP010000037.1_5,False,0.9995392359414156,0.0002,False
QHUM01000057.1_65,False,0.9768869205314681,0.0,False
NZ_AWNK01000014.1_9,False,0.9981971987105762,0.0004,False
QNDR01000086.1_9,False,0.9782268189107949,0.0002,False
JABMQX010000231.1_1,False,0.9876653733049823,0.0004,False
CAJMJN010000019.1_2,False,0.9753353835442351,0.0,False
DCHV01000072.1_27,False,0.9896056779088319,0.001,True
JACQWU010000155.1_1,False,0.9454385444071627,0.0002,False
JAEOSL010000011.1_31,False,0.9679588575893636,0.0002,False
CAIVDM010000112.1_28,False,0.9853428476018591,0.0,False
NC_021031.1_48,False,0.9034310502411055,0.0002,False
SXND01000105.1_3,False,0.7707122408258871,0.0,False
NZ_VFPQ01000001.1_2556,False,0.9335749435195523,0.0,False
JABDLO010000427.1_3,False,0.975139527444904,0.0004,False
LDXN01000016.1_15,False,0.9444942312953655,0.0,False
JAHJDO010000042.1_40,False,0.9999074317815567,0.0,False
SHYX01000058.1_10,False,0.9669484117999109,0.0,False
PNNP01000006.1_22,False,0.9699001393995121,0.0004,False
NZ_NCSM01000012.1_140,False,0.9985238556985537,0.0008,True
JABDLO010000222.1_11,False,0.9918061142877074,0.0002,False
BDTM01000136.1_18,False,0.921599064017469,0.0,False
PXPD01000015.1_58,False,0.9656402560709071,0.0002,False
JAFGBE010000149.1_6,False,0.9820805429537883,0.0,False
NZ_FKIP01000655.1_6,False,0.9979108131570311,0.0004,False
NZ_JAGI01000003.1_31,False,0.9838574574070507,0.0002,False
MWCZ01000033.1_6,False,0.8980654116422313,0.0,False
CAIVDM010000192.1_1,False,0.8167779994794829,0.0,False
NZ_JACJQY010000001.1_192,False,0.9970126916074002,0.0002,False
CADCCW010000013.1_50,False,0.8925999826494317,0.0,False
JAFYIM010000099.1_1,False,0.8853127439923657,0.0,False
JAATVM010000168.1_12,False,0.9440476805893575,0.0,False
JAFGEV010000131.1_3,False,0.9999886197932909,0.0002,False
CAJUKE010000012.1_21,False,0.8976316474364535,0.0002,False
WFPJ01000135.1_7,False,0.8433243688730806,0.0004,False
MWCD01000145.1_1,False,0.9764345627480369,0.0002,False
WJOT01000058.1_17,False,0.8298776784939706,0.0002,False
JAGOEH010000003.1_52,False,0.9502487257020371,0.0002,False
JAFSDM010000016.1_1,False,0.9531661613251816,0.0,False
NC_015499.1_1245,False,0.8971111303895203,0.0004,False
JAAYNI010000034.1_1,False,0.9932851020869351,0.0002,False
BDTM01000109.1_4,False,0.9448090899870623,0.0,False
NZ_JAFVMG010000004.1_92,False,0.9011198471640584,0.0002,False
QNEG01000321.1_1,False,0.9486925575707446,0.0,False
JAFGBW010000224.1_4,False,0.9867670776525264,0.0,False
VGIW01000062.1_13,False,0.9635298966706469,0.0,False
JADHWK010000076.1_5,False,0.9732904459528238,0.0,False
SVSB01000004.1_7,False,0.9844663386585107,0.0002,False
JAEEJP010000097.1_7,False,0.8345623319163703,0.0,False
JACIXG010000111.1_13,False,0.9999642109375118,0.0004,False
MGRR01000043.1_1,False,0.7494577947427778,0.0,False
JAEOSL010000087.1_17,False,0.930056939962416,0.0,False
PMZC01000186.1_2,False,0.9705499449452738,0.0,False
JAFGWL010000001.1_31,False,0.9988762262145938,0.0002,False
NZ_JADAQY010000003.1_120,False,0.9908480452632864,0.0002,False
SXND01000017.1_9,False,0.9988005538194915,0.0,False
LJUI01000146.1_10,False,0.9998267195297028,0.0,False
SYBY01000528.1_32,False,0.6575865359590527,0.0,False
WJKZ01000090.1_2,False,0.9930496214089078,0.0004,False
JAFGUZ010000094.1_2,False,0.9350367201380296,0.0002,False
NZ_AP018227.1_1733,False,0.9656759882133044,0.0,False
JAFCDI010000006.1_4,False,0.9548879823659534,0.0,False
JADJOY010000051.1_15,False,0.8395072438622365,0.0,False
NZ_QHKX01000001.1_499,False,0.9983141144580472,0.0004,False
DCAZ01000011.1_2,False,0.9990063254075104,0.0004,False
JACPSX010000122.1_11,False,0.8686561984905006,0.0002,False
WJMB01000384.1_1,False,0.9439899349321359,0.0002,False
MVCR01000019.1_6,False,0.8842717098984991,0.0,False
JACNFQ010000031.1_10,False,0.5683178624099939,0.0,False
NZ_CP015520.1_713,False,0.7894508545154854,0.0002,False
PDQT01000172.1_2,False,0.9537807398185183,0.0,False
JAGVWD010000021.1_13,False,0.9862449735295648,0.0002,False
KI543214.1_248,False,0.6557647262947861,0.0,False
JAFCFP010000004.1_34,False,0.951758243986599,0.0,False
NZ_JABFHO010000002.1_98,False,0.9882238177072791,0.0002,False
JAGYOC010000321.1_2,False,0.9329499956974409,0.0,False
JACMRP010000273.1_6,False,0.9794037259534378,0.0,False
MFAF01000016.1_29,False,0.963171285249291,0.0002,False
NC_021031.1_1683,False,0.8199011017610827,0.0,False
JAFCDI010000019.1_16,False,0.9999991268208228,0.0,False
MFPR01000041.1_87,False,0.9812417476879391,0.0006,True
JAFGJP010000043.1_12,False,0.9239604168751793,0.0002,False
CAJMJN010000001.1_70,False,0.9968910075435373,0.0,False
NZ_SJCO01000016.1_15,False,0.9573662012644167,0.0002,False
NZ_FKIP01000825.1_5,False,0.7747028715190423,0.0,False
DCAZ01000084.1_3,False,0.7524073913420665,0.0,False
NZ_LBMK01000007.1_80,False,0.9988843341454294,0.001,True
WFPJ01000037.1_10,False,0.8906046673028541,0.0006,True
JAFGEV010000297.1_3,False,0.9553217649317223,0.0,False
NZ_CP016279.1_6621,False,0.9969725950094342,0.0002,False
NYZA01000195.1_1,False,0.859547150169168,0.0,False
CACKFQ010000007.1_15,False,0.9846866970166946,0.0,False
NZ_SGXC01000001.1_170,False,0.9819265174086811,0.0006,True
JAFUYQ010000016.1_79,False,0.7404354992626009,0.0,False
QCTB01000020.1_11,False,0.6919406610566496,0.0,False
SLGR01000239.1_5,False,0.8344755790752147,0.0,False
NC_022792.1_1239,False,0.8633642751800121,0.0,False
NZ_AP018229.1_99,False,0.9137757317620296,0.0,False
JACPAV010000002.1_298,False,0.8660536132558341,0.0,False
NZ_JACJQY010000016.1_80,False,0.9998989509472039,0.0004,False
CAJUIP010000004.1_73,False,0.9995577876721264,0.0,False
PWOA01000069.1_28,False,0.8018565108007287,0.0,False
CADCWE010000270.1_2,False,0.7907521471328186,0.0004,False
CP036261.1_5299,False,0.7844191897284636,0.0,False
JACPAV010000020.1_74,False,0.7819901101761083,0.0,False
JAFGCY010000105.1_2,False,0.8596339030103236,0.0,False
JAHIKO010000081.1_1,False,0.964292350764458,0.0,False
PWFS01000001.1_38,False,0.9054724890991546,0.0,False
MGRR01000094.1_23,False,0.9342795841648682,0.0002,False
JACPHL010000134.1_2,False,0.9903174956993686,0.0006,True
BMST01000003.1_97,False,0.9955508352373661,0.0002,False
MWBZ01000025.1_14,False,0.6418842717098985,0.0,False
MWBZ01000026.1_30,False,0.9810198759576345,0.0,False
DLYX01000455.1_4,False,0.9604637099730645,0.0,False
NZ_BNCD01000009.1_124,False,0.9999617175338703,0.0004,False
JAAYNI010000038.1_13,False,0.829443914288193,0.0,False
JAHIZU010000284.1_4,False,0.9977505782846096,0.0002,False
JAAYXC010000357.1_4,False,0.9795346779836399,0.0,False
CAJKKX010000004.1_8,False,0.9970574989339839,0.0004,False
JAGOBX010000179.1_4,False,0.9266105670305154,0.0,False
WYBT01000041.1_76,False,0.905518194389091,0.0,False
CAIVGN010000048.1_59,False,0.9003619534929435,0.0002,False
PLDF01000446.1_9,False,0.8971978832306758,0.0,False
NZ_JPST01000036.1_74,False,0.9965287534771267,0.0006,True
JAHJDJ010000078.1_1,False,0.9754197921495533,0.0,False
JACPQY010000037.1_12,False,0.8262340591654377,0.0,False
JAAYEQ010000025.1_182,False,0.7428645788149562,0.0,False
NZ_NCSM01000011.1_313,False,0.8949423093606316,0.0016,True
JAGXTL010000085.1_2,False,0.7478094907608224,0.0004,False
JABWBZ010000228.1_5,False,0.5257222174026199,0.0,False
JAABRV010000176.1_7,False,0.9852270284512333,0.0,False
QLTX01000078.1_10,False,0.9997648078572883,0.0002,False
PUNJ01000063.1_3,False,0.7025245076776264,0.0,False
CAJQMW010000217.1_4,False,0.7589138544287325,0.0,False
JAHJSX010000193.1_2,False,0.7659408345623319,0.0,False
NZ_BDAU01000031.1_93,False,0.983925244779701,0.0,False
DJVG01000035.1_6,False,0.9820736277685962,0.0,False
JAAYVF010000104.1_14,False,0.7354038344755791,0.0,False
NZ_CP012328.1_121,False,0.7726208033313091,0.0,False
JABWCD010000006.1_170,False,0.9974786042654938,0.0004,False
ONGA01000012.1_47,False,0.9370251585683278,0.0002,False
DSKM01000002.1_122,False,0.8808015962522773,0.0,False
PLYD01000129.1_13,False,0.9937884240554166,0.0,False
MGFH01000210.1_3,False,0.8082762210462393,0.0,False
JAFUHT010000034.1_17,False,0.6271362887134554,0.0,False
JACPQY010000024.1_137,False,0.8225904398369046,0.0,False
WJLY01000227.1_9,False,0.7281165958185131,0.0002,False
NZ_AP018229.1_25,False,0.9696726938443061,0.0,False
MNYV01000028.1_10,False,0.97541586231645,0.0002,False
JAAYNI010000010.1_58,False,0.926844164427963,0.0002,False
JAADIA010000049.1_37,False,0.9944113752834242,0.0,False
NZ_PVNS01000004.1_45,False,0.9977957075693975,0.0004,False
CADCWE010000217.1_3,False,0.9940227626090862,0.0,False
NZ_CP015423.1_1644,False,0.9999351457516,0.0006,True
JADJOY010000010.1_136,False,0.9436379914896195,0.0,False
NZ_LBMK01000006.1_165,False,0.9735775762855335,0.0,False
AWOA01000019.1_47,False,0.9460379377861403,0.0,False
MWCD01000025.1_23,False,0.9818807700307994,0.0,False
JAAYCL010000038.1_44,False,0.9892985443482607,0.0,False
NZ_BDAU01000031.1_43,False,0.9978148038856464,0.0004,False
JABMQX010000669.1_3,False,0.9906043461686272,0.0004,False
PKTG01000085.1_55,False,0.8383794569272144,0.0,False
NZ_NCSM01000003.1_229,False,0.9851244553324937,0.0012,True
PAZD01000057.1_13,False,0.9053573920594838,0.0002,False
MWCZ01000379.1_3,False,0.8979786588010757,0.0,False
JAFGEX010000110.1_5,False,0.9286649675817592,0.0,False
QZKU01000145.1_28,False,0.9374485290761398,0.0,False
JAFGEW010000029.1_33,False,0.970052899986198,0.0,False
DRYD01000228.1_5,False,0.9080292692065751,0.0,False
NZ_VFPQ01000001.1_257,False,0.7621237095514878,0.0,False
NZ_CP012328.1_825,False,0.7708857465081982,0.0,False
CP002989.1_173,False,0.9149269084894256,0.0,False
CAIVGN010000027.1_1,False,0.8934675110609872,0.0,False
CAIQVJ010000108.1_37,False,0.6997484167606489,0.0,False
WAQR01000263.1_7,False,0.9635887211450892,0.0002,False
JACCLG010000050.1_72,False,0.988606933458746,0.0002,False
NZ_AWRU01000001.1_7,False,0.987711433015761,0.0,False
NZ_AP018227.1_920,False,0.9882355864797129,0.0004,False
PBWH01000034.1_35,False,0.9868840137048658,0.0004,False
NZ_BMLQ01000002.1_171,False,0.9702058690047903,0.0,False
PWGE01000168.1_1,False,0.9842857361913804,0.0002,False
NZ_NCSM01000015.1_22,False,0.9715368247169672,0.0,False
NZ_FQVN01000001.1_435,False,0.9964503419612173,0.0,False
JACQWU010000209.1_6,False,0.9857483962323623,0.0006,True
JAHKBB010000043.1_1,False,0.9978622142768859,0.0006,True
DSCS01000026.1_16,False,0.9936169923920061,0.0008,True
CACXDF010000093.1_3,False,0.9761392200110357,0.0002,False
NZ_RZMY01000016.1_189,False,0.9408972565621466,0.0,False
JAGVWD010000018.1_17,False,0.952493435102096,0.0,False
JAFGGD010000055.1_54,False,0.9625815374470947,0.0,False
NZ_LMKQ01000001.1_621,False,0.9862680499280223,0.0,False
NZ_JADEKP010000001.1_573,False,0.9006348305203657,0.0,False
JACMRP010000110.1_12,False,0.8418495705734362,0.0,False
NZ_JAGGOF010000045.1_121,False,0.8962436019779648,0.0,False
DIVR01000045.1_105,False,0.9927033831689206,0.0,False
NZ_NCSM01000018.1_370,False,0.9986621832311263,0.0002,False
JADJYS010000001.1_143,False,0.9491560874870422,0.0002,False
PLYD01000145.1_17,False,0.9996637163453992,0.0,False
NZ_FKIP01001263.1_3,False,0.984272469462377,0.0002,False
JABFGF010000002.1_460,False,0.9999081161453847,0.0,False
WTCB01000009.1_10,False,0.7541424481651774,0.0,False
JABMRT010000291.1_2,False,0.4800034701136462,0.0,False
MGRR01000123.1_4,False,0.9159418136448437,0.0,False
DSSB01000166.1_2,False,0.9999044706389998,0.0002,False
WVXK01000056.1_38,False,0.9948700299638494,0.0006,True
CACZFN010000015.1_18,False,0.9107465815889108,0.0,False
NZ_JADWYU010000208.1_9,False,0.9967593971455767,0.0,False
NZ_FRCD01000006.1_198,False,0.9899837629972563,0.0006,True
DSCM01000004.1_2,False,0.9840155852192362,0.0002,False
CAIQVJ010000101.1_10,False,0.8856597553569879,0.0,False
SFEJ01000013.1_8,False,0.9607485811316661,0.0004,False
NZ_SJCO01000013.1_156,False,0.9075059558829773,0.0,False
CACZFN010000015.1_51,False,0.9654081297202068,0.0004,False
JADJOY010000003.1_337,False,0.7389607009629565,0.0002,False
NZ_FRCD01000010.1_96,False,0.9950805349991536,0.0008,True
JAHJDR010000100.1_1,False,0.9999963585966275,0.0004,False
JABXHY010000034.1_72,False,0.9137715467696089,0.0,False
WYBT01000024.1_148,False,0.46178537347098114,0.0,False
CAIOLV010000004.1_5,False,0.9648568537711428,0.0002,False
PLFD01000057.1_206,False,0.9088176632214542,0.0,False
WJOT01000040.1_13,False,0.9005091292801677,0.0,False
NZ_RZNA01000003.1_304,False,0.997214058898916,0.0,False
SXND01000224.1_19,False,0.8428038518261473,0.0,False
NZ_RZNA01000040.1_354,False,0.9433216221413415,0.0,False
SLDX01000037.1_5,False,0.9991040933206858,0.0002,False
QGUP01000150.1_1,False,0.7888435846273966,0.0,False
JAFGND010000041.1_4,False,0.9646046290000887,0.0,False
JAAYAK010000127.1_3,False,0.9962010036603949,0.0008,True
NZ_LT985324.1_270,False,0.8889563633208988,0.0,False
DIWJ01000070.1_13,False,0.9996220929182269,0.0002,False
NZ_JH379016.1_36,False,0.9466344393398046,0.0002,False
WFRF01000254.1_6,False,0.9463554782575182,0.0002,False
NZ_FRCD01000003.1_107,False,0.8080159625227726,0.0,False
WJMB01000014.1_2,False,0.9993333101865942,0.0002,False
DSWB01000546.1_3,False,0.9785842973478707,0.0,False
WUAI01000006.1_78,False,0.995579292041808,0.0,False
SYBY01000390.1_10,False,0.9897326579342083,0.0002,False
WOZJ01000057.1_230,False,0.8039385789884619,0.0,False
PWXJ01000159.1_3,False,0.7038258002949597,0.0,False
JAAYRV010000091.1_5,False,0.9806508758952489,0.0,False
PLDF01000499.1_11,False,0.9986839286043776,0.0002,False
NVVD01000007.1_65,False,0.9607336319739744,0.0,False
NZ_AFXQ01000027.1_28,False,0.9720827368725391,0.0002,False
WGBT01000260.1_10,False,0.9878833835907218,0.0,False
RFFQ01000173.1_27,False,0.9698892747722776,0.0002,False
DSKM01000001.1_128,False,0.976171157850341,0.0002,False
BMST01000005.1_94,False,0.9973648647913792,0.0002,False
WUAI01000022.1_18,False,0.9329058774846684,0.0002,False
SVSB01000002.1_32,False,0.9949229665898489,0.0002,False
DLMW01000006.1_12,False,0.9607208320368013,0.0,False
NZ_AP013035.1_1660,False,0.9919628596793634,0.0,False
JABMQX010000386.1_1,False,0.8277956103062375,0.0004,False
CACXDF010000305.1_4,False,0.9870219141154738,0.0,False
PLDF01000473.1_44,False,0.9894158414973767,0.0002,False
NVVD01000015.1_52,False,0.9287027141099694,0.0,False
NC_015499.1_1170,False,0.9987810321920695,0.0002,False
JAFTKO010000022.1_19,False,0.9999999160158356,0.0002,False
JAHDNF010000012.1_37,False,0.9296702494404496,0.0,False
NZ_JADWYU010000141.1_12,False,0.9990857410070695,0.0,False
JADJOY010000023.1_165,False,0.9567375052647471,0.0002,False
SVSB01000011.1_27,False,0.9078684765595993,0.0,False
JAFKJK010000010.1_121,False,0.9438420930555769,0.0,False
NC_007759.1_2138,False,0.9921359039751468,0.0002,False
DCAZ01000038.1_19,False,0.9265900445701623,0.0004,False
JACRJN010000021.1_19,False,0.9978035709772607,0.0,False
PWOA01000069.1_13,False,0.8714322894074781,0.0,False
MGRR01000006.1_4,False,0.794135507937885,0.0,False
JAADHJ010000006.1_69,False,0.9948112920604284,0.0002,False
JACPUC010000007.1_18,False,0.9300169985546809,0.0002,False
JAHJLF010000041.1_51,False,0.9375096061287588,0.0,False
WRMI01000086.1_13,False,0.9954335759231239,0.0004,False
NZ_BNCD01000008.1_88,False,0.9977751864620682,0.0002,False
JABWBZ010000041.1_8,False,0.9242546607446955,0.0,False
JAFGEQ010000023.1_85,False,0.9999090923067293,0.0002,False
QNDR01000066.1_5,False,0.9865611087909191,0.0,False
PXPD01000050.1_26,False,0.906665690078112,0.0,False
NZ_JAGI01000002.1_96,False,0.7380064197102455,0.0002,False
PLDF01000210.1_49,False,0.993950736155844,0.0,False
JAFGEV010000131.1_4,False,0.8596339030103236,0.0,False
CP046180.1_879,False,0.9451647637137917,0.0,False
NZ_CAJFNR010000042.1_4,False,0.9997215376563584,0.0002,False
JAFANK010000015.1_1,False,0.919662875453408,0.0,False
JAFKJK010000011.1_2,False,0.9866448517930979,0.0,False
JAFAZD010000184.1_10,False,0.9986642055978192,0.0,False
MGRR01000044.1_7,False,0.9814390618744069,0.0,False
CAIVGN010000192.1_21,False,0.9282433823456351,0.0,False
VGIW01000068.1_3,False,0.9636650984856799,0.0,False
NZ_BDAU01000052.1_23,False,0.9965958823097274,0.0004,False
NZ_SJCO01000016.1_115,False,0.9962406250059028,0.0002,False
QNVD01000244.1_3,False,0.9997845727615191,0.0012,True
CAIVGN010000021.1_20,False,0.9841921174549896,0.0,False
NZ_LT985323.1_648,False,0.9952078541217445,0.0004,False
NC_014836.1_712,False,0.8353431074867702,0.0,False
NC_022792.1_842,False,0.914533772081902,0.0,False
RFHX01000035.1_16,False,0.8147826841329053,0.0,False
JAFGIQ010000257.1_3,False,0.9991446272123096,0.0014,True
DJVG01000053.1_18,False,0.9594941655959462,0.0002,False
QZKI01000142.1_21,False,0.34050490153552526,0.0,False
RFIY01000269.1_3,False,0.9893181179465298,0.0,False
JAFGJP010000171.1_2,False,0.8856597553569879,0.0,False
DTOT01000013.1_2,False,0.7454671640496227,0.0,False
JACMRP010000318.1_6,False,0.8480090222954801,0.0,False
JACIXS010000341.1_1,False,0.9920980935337002,0.0,False
CACZLA010000001.1_65,False,0.998444108310679,0.001,True
CAIVGN010000141.1_6,False,0.9872502400105312,0.0,False
DMSQ01000032.1_12,False,0.9870102447065363,0.0,False
JAFAZD010000376.1_7,False,0.9814940261367546,0.0006,True
JABDHD010000170.1_3,False,0.6358983256701657,0.0,False
JAFGEW010000076.1_33,False,0.970713268926021,0.0004,False
JACQOF010000058.1_1,False,0.9985946158133777,0.0002,False
NZ_PTQW01000040.1_15,False,0.9543841653578627,0.0,False
NZ_JADWYU010000028.1_13,False,0.9797628241730378,0.0,False
CP002988.1_1108,False,0.9764706710758913,0.0,False
MGQK01000103.1_3,False,0.9445798048716548,0.0,False
SKQU01000035.1_2,False,0.9199462275814891,0.0,False
JACRMA010000021.1_31,False,0.8985859286891645,0.0,False
CAJQMW010000395.1_5,False,0.999989861249681,0.0,False
DLYX01000064.1_1,False,0.8029842977357509,0.0002,False
JAAYAK010000237.1_21,False,0.685347445128828,0.0,False
MVZB01000378.1_4,False,0.9705796486908269,0.0,False
JAFYIM010000202.1_1,False,0.9583679882117417,0.0004,False
CAIQVJ010000134.1_9,False,0.9842021051279899,0.0,False
NZ_LBMK01000002.1_1687,False,0.8991931985772534,0.0,False
JAHITZ010000020.1_1,False,0.795263294872907,0.0,False
DDYN01000049.1_28,False,0.9961706341925323,0.0,False
MWCZ01000255.1_5,False,0.8847922269454325,0.0002,False
VGIX01000002.1_124,False,0.9296033020823273,0.0,False
PLDF01000279.1_2,False,0.8342153205517481,0.0002,False
JAAYNI010000052.1_5,False,0.9984235494792907,0.0002,False
JACIXS010000411.1_2,False,0.7863277522338856,0.0,False
CAADSM010000149.1_21,False,0.9981700303883382,0.0002,False
DMSQ01000095.1_18,False,0.9969468979935329,0.0004,False
CAIVGN010000189.1_47,False,0.9275700666943998,0.0,False
QGUP01000125.1_6,False,0.9176715673207078,0.0002,False
JACMRP010000059.1_1,False,0.993475049950002,0.0008,True
DTND01000307.1_6,False,0.9974224063778991,0.0004,False
JAGOBX010000060.1_9,False,0.9846119509545409,0.0002,False
NZ_KB899040.1_910,False,0.8579855990283681,0.0,False
SXND01000280.1_28,False,0.9904411020494407,0.0002,False
LDXN01000001.1_122,False,0.7017437321072265,0.0,False
JAFGEV010000438.1_1,False,0.9877919157036598,0.0,False
NZ_VFPQ01000001.1_4420,False,0.9881761488901027,0.0002,False
NZ_BMLQ01000001.1_589,False,0.9965287052742782,0.0,False
CADBLV010000316.1_12,False,0.9408923323096889,0.0,False
JACIXQ010000024.1_28,False,0.8792400451114774,0.0,False
WAMD01000004.1_3,False,0.9891650797616599,0.0002,False
JAFGEW010000041.1_25,False,0.9553289578528523,0.0,False
NZ_JADWYU010000230.1_18,False,0.9818654730497474,0.0,False
JAGXKI010000017.1_10,False,0.8312657239524595,0.0002,False
MWCD01000007.1_48,False,0.8312657239524595,0.0,False
DSSU01000051.1_2,False,0.8505248546889911,0.0,False
NZ_CP015423.1_243,False,0.9597229407052623,0.0,False
CAJQMW010000317.1_4,False,0.890431161620543,0.0006,True
NZ_JOOE01000001.1_880,False,0.9370750115856968,0.0,False
JACQOF010000099.1_2,False,0.9262433495650347,0.0,False
JABWCD010000010.1_9,False,0.9919158297995342,0.0008,True
JWIH01000006.1_17,False,0.988863341200273,0.0002,False
JAFGTC010000102.1_1,False,0.9503379569898837,0.0002,False
MNYI01000141.1_14,False,0.9951242486628257,0.0002,False
JAAYCL010000042.1_46,False,0.9999821144241343,0.0012,True
QCFI01000003.1_98,False,0.9771632628585935,0.0,False
SHYX01000031.1_31,False,0.9466271273622386,0.0,False
MFAF01000102.1_56,False,0.8604146785807235,0.0,False
CACGHR010000018.1_8,False,0.8460137069489025,0.0002,False
NZ_BAEO01000002.1_107,False,0.9885973908210145,0.0002,False
DSWB01000222.1_8,False,0.9835029027267981,0.0,False
NZ_KZ293963.1_841,False,0.9958893663465745,0.0002,False
JADIMU010000042.1_25,False,0.999332721829999,0.0004,False
NZ_JADWYU010000116.1_21,False,0.9647965669469943,0.0002,False
NZ_JADWYU010000138.1_57,False,0.9999998056006686,0.001,True
JAFMIT010000017.1_24,False,0.9835442564734288,0.0002,False
LJUI01000014.1_7,False,0.9441738545367662,0.0002,False
USJX01000046.1_5,False,0.9850700377073119,0.0002,False
PLDF01000158.1_20,False,0.9785792944219068,0.0,False
NZ_CP021082.1_124,False,0.976092033525531,0.0002,False
NZ_LT907975.1_362,False,0.9895776101153972,0.0,False
URUF01000051.1_1,False,0.9939494396459689,0.0002,False
JABFRY010000068.1_2,False,0.9764965722508923,0.0002,False
MFPR01000020.1_241,False,0.9236507680646139,0.0002,False
LUZY01000003.1_201,False,0.8993667042595646,0.0002,False
DRYD01000141.1_19,False,0.9595226323544671,0.0,False
SHYX01000056.1_19,False,0.9740088832774925,0.0,False
JACIXR010000005.1_142,False,0.9965547945370815,0.0,False
URWG01000084.1_1,False,0.9985554093921978,0.0,False
DLYX01000162.1_3,False,0.9794906135477555,0.0002,False
CAJUKE010000003.1_14,False,0.9701383744293869,0.0004,False
NYYY01000005.1_10,False,0.9934695277479568,0.0002,False
MNUP01000016.1_1,False,0.898499175848009,0.0002,False
NZ_BAEO01000009.1_78,False,0.9861335018040214,0.0002,False
NZ_FKIP01000639.1_1,False,0.9578104131307489,0.0,False
JAHJDJ010000355.1_15,False,0.9986409121548376,0.0006,True
DHHE01000009.1_7,False,0.9502587197896254,0.0002,False
QZJZ01000064.1_2,False,0.983666423446803,0.0006,True
QMTU01000051.1_6,False,0.8365576472629479,0.0,False
JAGPKD010000010.1_4,False,0.9940024698645744,0.0002,False
DHHE01000018.1_10,False,0.9941456533498734,0.0,False
PUNC01000090.1_7,False,0.9941689596575979,0.001,True
NC_021031.1_532,False,0.713542118504381,0.0,False
PLDF01000245.1_49,False,0.996154471512697,0.0002,False
PLDF01000452.1_10,False,0.9723345340269949,0.0002,False
JAFAZD010000272.1_3,False,0.9999287527688149,0.0014,True
WJLY01000092.1_5,False,0.9948994426374757,0.0008,True
NZ_JADWYU010000294.1_5,False,0.9436576317096631,0.0002,False
JAFZBN010000009.1_22,False,0.8349093432809924,0.0002,False
ONXP01000042.1_6,False,0.9371201966447683,0.0002,False
PAQS01000009.1_3,False,0.995667167124052,0.0002,False
JAGOBX010000229.1_2,False,0.9995957966104718,0.0002,False
LJUI01000007.1_7,False,0.9900073698812493,0.0002,False
NZ_FCNU01000011.1_13,False,0.9661527064280496,0.0,False
PWOA01000056.1_3,False,0.9960364033213879,0.0,False
NZ_CP016279.1_4611,False,0.9931228748617894,0.0004,False
LJUY01000033.1_24,False,0.9931870647139599,0.0,False
VXMB01000007.1_284,False,0.9298669032435708,0.0006,True
JAEEOX010000135.1_3,False,0.9984292982890984,0.0002,False
DSUT01000012.1_12,False,0.8780255053352998,0.0002,False
PLFD01000024.1_41,False,0.9999997954542901,0.0004,False
QGUP01000209.1_6,False,0.9721383477469727,0.0004,False
JABIXH010000289.1_1,False,0.9903744452362278,0.0,False
OMZR01000109.1_4,False,0.8337815563459703,0.0,False
MFAF01000140.1_11,False,0.9831384349567527,0.0,False
JADGAT010000010.1_53,False,0.9996300141020493,0.0004,False
LSMY01000004.1_170,False,0.8195540903964604,0.0002,False
DSCS01000029.1_57,False,0.6157716665220786,0.0002,False
JADGAT010000237.1_2,False,0.998145764314565,0.0002,False
VXMB01000009.1_1118,False,0.7991671727249068,0.0,False
MWCD01000065.1_11,False,0.7450333998438449,0.0,False
QLUP01000173.1_1,False,0.9343062738263649,0.0,False
JAEELG010000013.1_8,False,0.9997690295280577,0.0,False
SHYX01000071.1_10,False,0.9977412868903653,0.0002,False
NZ_NCSM01000036.1_53,False,0.8931204996963651,0.0002,False
PLFD01000038.1_85,False,0.7122408258870478,0.0,False
JAFGIQ010000135.1_1,False,0.9525664565398587,0.0,False
JAFGEV010000133.1_1,False,0.959504377095309,0.0002,False
JAGCDY010000072.1_21,False,0.8285763858766375,0.0004,False
DSSU01000376.1_35,False,0.9940831414803772,0.0004,False
JAFRZH010000001.1_8,False,0.9708012753881202,0.0002,False
SFEJ01000006.1_44,False,0.957763580724792,0.0,False
VBJS01000146.1_6,False,0.9562427943565079,0.0,False
CP036261.1_2272,False,0.9983803115334382,0.0,False
NZ_CP015423.1_1348,False,0.995876055557638,0.0002,False
NC_018649.1_406,False,0.9745826832860581,0.0,False
QZKI01000108.1_1,False,0.90207023278878,0.0004,False
MWBZ01000024.1_37,False,0.8625834996096122,0.0,False
LJUD01000175.1_3,False,0.9579162498556228,0.0,False
QZKI01000093.1_19,False,0.9999738688163083,0.0008,True
WTCB01000076.1_7,False,0.9988497959875106,0.0008,True
QNDR01000012.1_30,False,0.9828955518252498,0.0,False
JAERTH010000007.1_1,False,0.9810136381795176,0.0002,False
JWIH01000016.1_265,False,0.9176834562940948,0.0,False
CAJUIP010000011.1_65,False,0.6502125444608311,0.0,False
JAEEIL010000025.1_123,False,0.9599346177937237,0.0006,True
JABIXH010000258.1_1,False,0.9637485873677225,0.0,False
NZ_QHKX01000001.1_1178,False,0.9999773686100095,0.0,False
JACPUR010000030.1_38,False,0.9793405075986553,0.0,False
DITF01000032.1_1,False,0.9135413684485981,0.0,False
QHUM01000038.1_128,False,0.9242808929370231,0.0002,False
CP051243.1_1251,False,0.95176064743671,0.0,False
LKMX01000005.1_7,False,0.755183482259044,0.0,False
CP036261.1_1190,False,0.9873392118859492,0.0002,False
SHYX01000003.1_14,False,0.9629657946249881,0.0,False
JAGOBX010000002.1_23,False,0.9987878277232666,0.0,False
MVCR01000015.1_4,False,0.9947960292970491,0.0008,True
CAIVGN010000192.1_69,False,0.7940487550967295,0.0,False
RFFU01000048.1_7,False,0.7949162835082849,0.0,False
JAEOSL010000028.1_32,False,0.7905786414505075,0.0,False
CAJMJN010000013.1_31,False,0.9470925076391875,0.0,False
JADQBH010000239.1_13,False,0.9745976282263688,0.0,False
NZ_CP015423.1_296,False,0.9878012218800487,0.0,False
SHMX01000008.1_42,False,0.9958952154668117,0.0004,False
JADJYS010000016.1_61,False,0.9844358058734634,0.0,False
PMNA01000022.1_31,False,0.9488951024614535,0.0,False
LJUD01000277.1_2,False,0.9993559288202646,0.0002,False
NIRF01000001.1_42,False,0.9999102895771553,0.001,True
DHZH01000006.1_360,False,0.9483082656655288,0.0,False
NZ_RZMY01000018.1_510,False,0.8184263034614384,0.0,False
MGQK01000033.1_18,False,0.7981261386310402,0.0,False
NZ_JXCG01000006.1_88,False,0.7728810618547758,0.0,False
NZ_SJCO01000007.1_225,False,0.9958946748856145,0.0002,False
JACCUF010000427.1_3,False,0.9933182913345523,0.0002,False
SLGQ01000349.1_3,False,0.9404145475333863,0.0004,False
DJVG01000016.1_14,False,0.861282206992279,0.0006,True
QHSL01000013.1_19,False,0.7910124056562853,0.0,False
JAFGTL010000150.1_15,False,0.9954899857114622,0.0002,False
WYBT01000012.1_8,False,0.8518261473063243,0.0,False
QGUP01000267.1_1,False,0.9569321523251324,0.0,False
JAFGCY010000055.1_8,False,0.9031940747795477,0.0002,False
BDTM01000079.1_2,False,0.44972672855036,0.0,False
NZ_LR216287.1_1115,False,0.8752494144183222,0.0,False
JAGWXF010000013.1_57,False,0.9846349986700048,0.0,False
WOZJ01000043.1_3,False,0.9889754359465428,0.0004,False
JADIMU010000022.1_7,False,0.7846794482519303,0.0,False
JAFZBN010000003.1_91,False,0.988986927195071,0.0002,False
NBMB01000020.1_6,False,0.969267076691436,0.0,False
QHSL01000066.1_141,False,0.8644920621150343,0.0,False
JAAOXX010000009.1_22,False,0.8932072525375206,0.0,False
JABFRY010000147.1_12,False,0.9850929028134019,0.0004,False
JAHIKO010000020.1_27,False,0.8395939967033921,0.0,False
JAFCFP010000048.1_5,False,0.9738975404891922,0.0,False
JAFGEV010000119.1_14,False,0.7657673288800209,0.0006,True
DSWB01000608.1_3,False,0.8690032098551228,0.0,False
JAGACY010000065.1_2,False,0.8953760735664092,0.0,False
QCFI01000006.1_8,False,0.9685184449157196,0.0,False
JAEOSL010000144.1_4,False,0.9454485346863112,0.0,False
JADJOY010000003.1_490,False,0.9495697432720892,0.0,False
CAJUKE010000001.1_60,False,0.9552011640675118,0.0,False
URWG01000087.1_9,False,0.8051531187646396,0.0,False
LUZY01000013.1_427,False,0.741736791879934,0.0002,False
JABIXH010000316.1_17,False,0.9826565077553413,0.0,False
NC_007759.1_1764,False,0.8873948121800989,0.0,False
CP036261.1_3494,False,0.8784592695410774,0.0,False
JAFGAQ010000261.1_3,False,0.973501115363557,0.0004,False
MNYI01000016.1_15,False,0.9510696958579864,0.0,False
VGIW01000027.1_6,False,0.8206818773314826,0.0,False
NZ_NCSM01000018.1_148,False,0.999873145262741,0.0002,False
JAGXTL010000026.1_9,False,0.7039125531361152,0.0,False
JAEEOX010000149.1_3,False,0.9651957684538733,0.0002,False
NZ_JOOE01000004.1_556,False,0.9796648123506833,0.0,False
JAAYXC010000052.1_1,False,0.8878285763858766,0.0002,False
PWGE01000196.1_1,False,0.9992631508995553,0.001,True
NZ_SGXC01000002.1_334,False,0.9476205979677284,0.0,False
NVVD01000004.1_176,False,0.905388240855832,0.0,False
JACTNB010000019.1_327,False,0.7195280645441138,0.0,False
NZ_FKIP01000659.1_3,False,0.9719947995128638,0.0,False
CADCWE010000119.1_6,False,0.9115660565831285,0.0,False
JABMQX010000555.1_5,False,0.9801925093483201,0.0002,False
DSWB01000035.1_4,False,0.8068014227465949,0.0,False
CAJFVT010000107.1_11,False,0.9979190209009549,0.0002,False
PEWQ01000074.1_1,False,0.9463523669672288,0.0002,False
KI543219.1_98,False,0.9258558136389108,0.0,False
CAIWRR010000105.1_33,False,0.8914721957144096,0.0,False
QCTB01000004.1_18,False,0.9752703710151345,0.0,False
DIVR01000014.1_79,False,0.9459074433250355,0.0012,True
JAFGUZ010000125.1_8,False,0.8620629825626789,0.0,False
MNYI01000034.1_3,False,0.9291674728374414,0.0,False
CP036261.1_2927,False,0.974626730725841,0.0,False
MNYV01000076.1_28,False,0.5689251322980827,0.0,False
NZ_AWRU01000002.1_204,False,0.979916177912531,0.0002,False
DITF01000050.1_3,False,0.9999872636585253,0.0002,False
JAERTH010000042.1_3,False,0.9485197698943253,0.0,False
METK01000017.1_45,False,0.7051270929122929,0.0002,False
NZ_FKIP01000665.1_3,False,0.9793492758055369,0.0004,False
QHSL01000086.1_5,False,0.9616719306250849,0.0002,False
PAQS01000035.1_66,False,0.9857172548034446,0.0004,False
CAJKKX010000208.1_1,False,0.8614557126745901,0.0,False
MGFH01000173.1_6,False,0.979718281509641,0.0006,True
VBJS01000055.1_12,False,0.9277332429017806,0.0002,False
NZ_CP012328.1_116,False,0.9810888590733959,0.0,False
JACPUC010000003.1_86,False,0.9953909958512902,0.0008,True
CACGSI010000088.1_3,False,0.9385058072469885,0.0,False
MVCR01000092.1_9,False,0.9612109107397564,0.0,False
NBMB01000007.1_3,False,0.9839153914066394,0.0,False
JADGDI010000020.1_24,False,0.9962183533438406,0.0004,False
NC_018649.1_593,False,0.688210288886961,0.0,False
JAGPNE010000001.1_394,False,0.9987424377494123,0.0002,False
CAJFVT010000185.1_2,False,0.829443914288193,0.0002,False
AZYB01000057.1_2,False,0.9996990526536818,0.0004,False
PXPD01000023.1_1,False,0.9402876367433309,0.0002,False
NZ_CP060488.1_1084,False,0.9878615999497369,0.0,False
JABWBZ010000117.1_2,False,0.994299203612396,0.0002,False
JAAYVF010000006.1_63,False,0.9980655506160533,0.0002,False
DAPM01000009.1_10,False,0.8192070790318383,0.0,False
DBJE01000001.1_28,False,0.8355166131690813,0.0,False
JAFGEV010000411.1_2,False,0.9997453759191157,0.0002,False
DSNN01000007.1_5,False,0.6679968768977184,0.0002,False
MVZB01000100.1_2,False,0.9524126030510159,0.0,False
NZ_UTHA01000215.1_75,False,0.7530146612301553,0.0,False
PAYP01000025.1_25,False,0.6001561551140799,0.0,False
NZ_BNCD01000001.1_500,False,0.7947427778259738,0.0,False
JABWCD010000019.1_102,False,0.9992016888154935,0.0,False
DTOT01000083.1_14,False,0.9567332920500156,0.0,False
JAAYNI010000038.1_19,False,0.6831786240999392,0.0,False
NZ_JXCG01000018.1_11,False,0.9993615985208713,0.0014,True
DRGV01000018.1_11,False,0.9889362512294312,0.0,False
DRUY01000018.1_13,False,0.9972906572341287,0.0,False
DDYN01000046.1_20,False,0.8750759087360112,0.0,False
MFGS01000141.1_4,False,0.9463409729745031,0.0,False
NC_007759.1_680,False,0.9770591085092765,0.0,False
JABWCP010000010.1_46,False,0.7928342153205518,0.0,False
JACPUC010000006.1_148,False,0.9935968655633431,0.0,False
PLYD01000243.1_6,False,0.823110956883838,0.0,False
NZ_BAEO01000029.1_113,False,0.752494144183222,0.0,False
JAFRZH010000025.1_13,False,0.9783450435805215,0.0,False
JACRMA010000118.1_20,False,0.9575796329784764,0.0002,False
NZ_CP015455.1_430,False,0.8656198490500564,0.0,False
MNYV01000009.1_2,False,0.9601778297582615,0.0,False
DRUE01000160.1_3,False,0.9954719088992645,0.0006,True
JACPAV010000020.1_86,False,0.7273358202481132,0.0,False
NZ_PJIN01000002.1_334,False,0.9597317391576174,0.0,False
SLGQ01000242.1_1,False,0.9965424177350524,0.0004,False
JAAYVF010000085.1_1,False,0.989914667293346,0.0002,False
JAFYIM010000026.1_8,False,0.9878579354899206,0.0002,False
NZ_KB290716.1_26,False,0.9907594581968643,0.0004,False
MVZB01000450.1_1,False,0.9863616267646849,0.0,False
JABXHY010000005.1_190,False,0.9140942993554481,0.0,False
NZ_UTHA01000130.1_73,False,0.6830051184176282,0.0,False
NZ_FRCD01000014.1_95,False,0.9764197199293682,0.0002,False
RFFU01000074.1_49,False,0.9860731689699092,0.0006,True
JABXHY010000003.1_62,False,0.9940818951513586,0.0004,False
JABMQX010000601.1_2,False,0.9145330345230146,0.0,False
NZ_QHKX01000003.1_498,False,0.8980654116422313,0.0,False
NZ_VFPQ01000002.1_316,False,0.8237182267719267,0.0,False
JABDHD010000059.1_3,False,0.9974940570821075,0.0,False
NZ_SJCO01000236.1_1,False,0.9086313786308893,0.0,False
NZ_JADWYU010000020.1_3,False,0.6626182007460745,0.0,False
CAILUR010000155.1_3,False,0.895809837772187,0.0,False
CADBLV010000122.1_1,False,0.8713455365663225,0.0002,False
NZ_AWRU01000007.1_121,False,0.9715454271165185,0.0,False
NZ_CP014223.1_143,False,0.8047193545588618,0.0,False
NZ_RXLO01000002.1_694,False,0.9997712398592691,0.0002,False
PMZC01000313.1_4,False,0.963129207780916,0.0,False
JAAZOE010000127.1_3,False,0.9778698240158532,0.0002,False
UQCL01000068.1_1,False,0.9783625831018775,0.0,False
NBMB01000024.1_22,False,0.9997606161153004,0.0004,False
NZ_PTQW01000059.1_9,False,0.999893514088364,0.0002,False
METK01000006.1_7,False,0.9481338139229288,0.0,False
CP036261.1_3378,False,0.9654368066278075,0.0,False
PNNP01000004.1_38,False,0.7302854168474018,0.0,False
BMST01000003.1_10,False,0.9004137506411771,0.0,False
DHPR01000033.1_7,False,0.999201111121352,0.0006,True
PWGE01000440.1_1,False,0.9811542953874243,0.0,False
JAEOSL010000010.1_47,False,0.9400442033212402,0.0002,False
SVSB01000010.1_48,False,0.7482432549666002,0.0,False
PLDF01000264.1_6,False,0.9602453596211401,0.0002,False
SICP01000023.1_11,False,0.9554578235631106,0.0002,False
DAPM01000011.1_67,False,0.9578788522078114,0.0002,False
DMSQ01000040.1_21,False,0.7944825193025071,0.0,False
JABMQX010000782.1_3,False,0.9988498076624905,0.0004,False
JADJOY010000004.1_393,False,0.9775904821340755,0.0,False
JAFGOL010000133.1_3,False,0.9490422985998032,0.0006,True
CADBLV010000138.1_5,False,0.9612382658985079,0.0,False
JACPSX010000109.1_8,False,0.9569685838353663,0.0,False
JABFRY010000525.1_1,False,0.9765568053716048,0.0006,True
CAJUHL010000045.1_1,False,0.8789797865880108,0.0,False
PFSX01000028.1_12,False,0.8922529712848096,0.0,False
MVZB01000015.1_4,False,0.9733288375257849,0.0002,False
JAEEJP010000010.1_36,False,0.9723515056892074,0.0,False
BDTG01000008.1_70,False,0.9936237497260675,0.0002,False
DDWC01000004.1_3,False,0.9976750516551466,0.0002,False
MWCZ01000024.1_11,False,0.9735341061301547,0.0,False
CAJUJZ010000046.1_1,False,0.9991637481791086,0.0002,False
JADJOY010000047.1_45,False,0.9796505002042722,0.0002,False
NZ_CP016279.1_4185,False,0.9999958702423978,0.0004,False
NZ_FKIP01000753.1_5,False,0.9186196219824572,0.0,False
JAFKJK010000008.1_142,False,0.9990653195276795,0.0002,False
PWHN01000099.1_49,False,0.9596949483057788,0.0,False
NZ_LMKQ01000004.1_154,False,0.9979416911509611,0.0012,True
DRGV01000035.1_6,False,0.9366273192283304,0.0,False
CACXDF010000069.1_2,False,0.9759996863353082,0.0,False
NZ_LBMK01000003.1_508,False,0.9911888251370548,0.0002,False
NZ_LMGK01000020.1_395,False,0.7786935022121975,0.0,False
DJVG01000025.1_18,False,0.8962436019779648,0.0,False
WTCB01000120.1_8,False,0.9615763270779873,0.0,False
CADCWE010000203.1_11,False,0.9309045166295318,0.0002,False
CADCWE010000257.1_2,False,0.9695961568952489,0.0002,False
JAFRXC010000052.1_4,False,0.9865132968336577,0.0,False
RFFQ01000192.1_12,False,0.9550105554481013,0.0002,False
NZ_JOOE01000001.1_941,False,0.9400825854945214,0.0,False
WUAI01000019.1_4,False,0.7120673202047367,0.0,False
NZ_VFPQ01000001.1_279,False,0.9938062963322138,0.0,False
DDGC01000013.1_30,False,0.9710430263186232,0.0002,False
QHSL01000079.1_45,False,0.9874265312260174,0.0002,False
PLDF01000174.1_18,False,0.8693502212197449,0.0,False
NZ_LT907975.1_1134,False,0.7762644226598421,0.0,False
NZUQ01000115.1_18,False,0.9700444673476557,0.0,False
JAHIZU010000158.1_6,False,0.9828432150657092,0.0,False
NZ_FQTT01000002.1_57,False,0.9940391122477211,0.0,False
NZ_PQVH01000011.1_98,False,0.9961925333827863,0.0,False
CAJUHL010000053.1_2,False,0.9153801451283085,0.0,False
NZ_JACJQY010000013.1_68,False,0.9745002353724184,0.0006,True
NVVD01000011.1_101,False,0.9895841021941638,0.0,False
NZ_FRCD01000002.1_3,False,0.9855149204395584,0.001,True
JABFGF010000001.1_55,False,0.8640582979092565,0.0002,False
NZ_CP027570.1_1474,False,0.9857799538069193,0.0002,False
NZ_UTHA01000078.1_166,False,0.9352296217690935,0.0006,True
PEWQ01000006.1_9,False,0.8506116075301466,0.0,False
NZ_VFPQ01000001.1_118,False,0.9982890470405906,0.0004,False
LJUD01000195.1_2,False,0.9621113823458135,0.0,False
NIRF01000004.1_120,False,0.9472850267679913,0.0004,False
SHYX01000001.1_179,False,0.9875040381584704,0.0,False
NVVD01000011.1_45,False,0.9970254510828588,0.0012,True
JAFGUZ010000094.1_20,False,0.9980485585114713,0.0006,True
QZKU01000077.1_20,False,0.9984974155405351,0.0004,False
JACIXR010000005.1_129,False,0.9964367281749928,0.0002,False
PWNJ01000063.1_3,False,0.97149950333245,0.0006,True
NZ_NCSM01000050.1_1,False,0.9794851416827244,0.0,False
PKTT01000046.1_8,False,0.8645788149561898,0.0,False
JAHITZ010000044.1_10,False,0.9167002716579012,0.0,False
MGRR01000019.1_18,False,0.6803157803418062,0.0,False
CAJKKX010000002.1_3,False,0.9159891633304404,0.0002,False
SXND01000083.1_22,False,0.9546557214926259,0.0002,False
JAEEIL010000045.1_7,False,0.8867875422920101,0.0,False
CAIWTR010000674.1_2,False,0.9090964306286631,0.0,False
JADGAT010000169.1_8,False,0.8550360024290795,0.0,False
JADJOY010000021.1_66,False,0.9727062233244592,0.0,False
JACQOF010000117.1_10,False,0.9999825007666774,0.0002,False
MGQK01000094.1_4,False,0.9996779729670108,0.0014,True
CAJMJN010000008.1_10,False,0.7476359850785114,0.0,False
JAAYEQ010000026.1_85,False,0.9851717174599383,0.0004,False
JAFCDI010000004.1_46,False,0.7167519736271363,0.0,False
DSWB01000204.1_8,False,0.8355166131690813,0.0,False
JAEEOX010000045.1_7,False,0.8895636332089876,0.0,False
JABDLO010000146.1_7,False,0.9997021603200991,0.0006,True
MNUO01000027.1_11,False,0.9989313103724491,0.0006,True
JABXHY010000089.1_2,False,0.9109007082930471,0.0,False
DHHE01000235.1_4,False,0.639108180792921,0.0002,False
PLOF01000026.1_7,False,0.9808877124326775,0.0,False
JABWCQ010000013.1_21,False,0.8817558775049883,0.0,False
NZ_BDAU01000004.1_236,False,0.9950183791877713,0.0002,False
JAFTKO010000023.1_26,False,0.9999998546397812,0.0004,False
JAHJDJ010000353.1_7,False,0.9863756142116828,0.0002,False
JAFANK010000239.1_1,False,0.9975076425746104,0.0,False
JAHDNF010000006.1_117,False,0.9927995216068441,0.0,False
NZ_CP016279.1_1881,False,0.907318240475282,0.0,False
NZ_LMGK01000025.1_488,False,0.9894471473371833,0.0,False
QNEG01000018.1_3,False,0.859547150169168,0.0,False
JABWCQ010000015.1_69,False,0.9999891444615803,0.0014,True
SLNR01000033.1_39,False,0.9764903819902802,0.0002,False
DGKK01000033.1_7,False,0.934260324472576,0.0,False
SICP01000008.1_5,False,0.9457893035682284,0.0,False
JACOUC010000076.1_3,False,0.9726970363091512,0.0002,False
JAHJDO010000151.1_5,False,0.9444150923915421,0.0002,False
JACQOF010000026.1_1,False,0.9918121189063294,0.0,False
URIY01000031.1_15,False,0.8029842977357509,0.0002,False
MGPE01000006.1_168,False,0.9972524951127284,0.0,False
NZ_JADWYU010000377.1_13,False,0.9779302056044823,0.0,False
CAISUK010000493.1_5,False,0.6761516439663399,0.0002,False
JAHJDO010000086.1_2,False,0.9304816738781087,0.0,False
NZ_AP018227.1_193,False,0.9997467629917623,0.0006,True
NZ_JACJQY010000021.1_30,False,0.7178797605621584,0.0,False
SBFR01000189.1_9,False,0.9141856304995014,0.0002,False
NZWP01000015.1_9,False,0.9179373503359686,0.0,False
CAIQVJ010000024.1_28,False,0.8184263034614384,0.0,False
JABWCD010000025.1_30,False,0.8669211416673896,0.0,False
JABWCD010000001.1_173,False,0.9727940715058765,0.0004,False
QNDR01000021.1_23,False,0.9997971171294237,0.0004,False
SHMX01000002.1_394,False,0.8637980393857899,0.0,False
MNYV01000131.1_11,False,0.9920995478289893,0.0002,False
JADJOY010000020.1_151,False,0.9932392583618649,0.0004,False
JAGVWA010000014.1_7,False,0.8826234059165438,0.0002,False
JACPAV010000065.1_4,False,0.9608354181142871,0.0,False
NZ_LMIV01000003.1_324,False,0.9362937670605109,0.0,False
DSCM01000112.1_10,False,0.9968268191653811,0.0002,False
NZ_RZNA01000040.1_309,False,0.9998459344170164,0.0002,False
LJUD01000027.1_13,False,0.8611954541511234,0.0,False
CAIQVJ010000118.1_103,False,0.9326814866549297,0.0,False
PMZC01000053.1_27,False,0.6011971892079465,0.0002,False
NZ_FCNU01000010.1_16,False,0.8990196928949423,0.0002,False
NC_017096.1_68,False,0.9985213879352226,0.0004,False
DMSQ01000089.1_34,False,0.9880624168591922,0.0002,False
CAJUKE010000020.1_40,False,0.9282795934726249,0.0,False
JAGWYZ010000034.1_25,False,0.9543916626115666,0.0004,False
NZ_KB290717.1_62,False,0.9334269443512753,0.0,False
DITF01000380.1_7,False,0.9009463153154151,0.0,False
JAHITZ010000045.1_12,False,0.9457154261800874,0.0,False
JABWCD010000025.1_62,False,0.9950016294646585,0.0002,False
JAHITZ010000017.1_22,False,0.8252797779127267,0.0002,False
JACQOF010000096.1_12,False,0.722564413984558,0.0,False
NZ_CP015455.1_1252,False,0.785893988028108,0.0,False
LMZT01000152.1_21,False,0.9984817566193446,0.0004,False
JACPQY010000040.1_70,False,0.8631040166565455,0.0,False
NZ_JADEKP010000003.1_118,False,0.9952505727278477,0.0002,False
NZ_CP015423.1_1976,False,0.9440354447111095,0.0,False
NZ_PJIN01000001.1_241,False,0.9997920291485044,0.0,False
DIWJ01000023.1_5,False,0.9993316560331746,0.0002,False
JAFGIT010000201.1_4,False,0.8925132298082762,0.0,False
JAHJLF010000016.1_29,False,0.7818166044937972,0.0,False
NZ_FRCD01000026.1_29,False,0.9997659667847518,0.0006,True
JAHIPN010000011.1_1,False,0.992823143126063,0.0,False
UQCL01000059.1_4,False,0.9617827851871151,0.0,False
DSCM01000090.1_3,False,0.6810098030710505,0.0002,False
JACIXR010000004.1_151,False,0.5969462999913248,0.0,False
JACMRP010000173.1_7,False,0.9999502105037109,0.0002,False
PAZD01000059.1_22,False,0.7808623232410862,0.0,False
JABWCP010000001.1_69,False,0.9993199038633526,0.0004,False
JACQOF010000037.1_4,False,0.8863537780862323,0.0,False
QIFF01000371.1_4,False,0.7858072351869524,0.0,False
JACPQY010000049.1_11,False,0.927178548557971,0.0004,False
CAIVGN010000238.1_53,False,0.7874555391689078,0.0,False
LIUI01000131.1_4,False,0.9824381805266461,0.0,False
JAHJSX010000035.1_14,False,0.9827357575990525,0.0004,False
DSWB01000435.1_1,False,0.9712888836424775,0.0002,False
JAFRZH010000013.1_32,False,0.8330007807755704,0.0,False
PMZC01000196.1_5,False,0.9929868869652466,0.0,False
PLDF01000495.1_10,False,0.983786090708347,0.0,False
DLPB01000013.1_11,False,0.9756372677414349,0.0,False
NZ_LMKQ01000001.1_2704,False,0.9248231433784352,0.0,False
CAAETL010000104.1_3,False,0.9444124661773181,0.0004,False
VBJS01000223.1_3,False,0.890431161620543,0.0,False
JABDHD010000167.1_2,False,0.8402012665914809,0.0,False
NZ_JADAQY010000002.1_61,False,0.9707127390708569,0.0,False
NZ_CP012328.1_336,False,0.9991325196781865,0.0,False
NZ_JPST01000012.1_128,False,0.9429447081660156,0.0,False
JAFGIT010000080.1_7,False,0.9725850778993056,0.0,False
PLFD01000054.1_19,False,0.9930221161329101,0.0,False
CP036261.1_1771,False,0.8814956189815216,0.0,False
JAHDNF010000003.1_68,False,0.923037004119585,0.0,False
SKQU01000229.1_4,False,0.9552387818059239,0.0,False
DRXH01000126.1_3,False,0.9507561849142094,0.0,False
DIFC01000012.1_9,False,0.9997743041899981,0.0006,True
NZ_VFPQ01000001.1_3657,False,0.9808647409926464,0.0002,False
QMNL01000372.1_4,False,0.9719675267258815,0.0,False
JAFGEQ010000012.1_30,False,0.9999200725559462,0.0,False
JADJOY010000018.1_107,False,0.9999493663899814,0.0002,False
QIFF01000336.1_2,False,0.9978842770666019,0.0004,False
MWBZ01000266.1_2,False,0.9271723128410753,0.0002,False
DRYD01000084.1_2,False,0.9919145919190013,0.0004,False
LMZT01000130.1_61,False,0.9993116832851583,0.0002,False
JACIXQ010000054.1_15,False,0.9766817796500366,0.0002,False
WFRF01000034.1_2,False,0.8184263034614384,0.0,False
QZJZ01000048.1_7,False,0.9673218088681592,0.0,False
MGRR01000094.1_6,False,0.8195540903964604,0.0,False
DSCS01000023.1_7,False,0.8552962609525462,0.0,False
CAISUK010000605.1_4,False,0.9775846759403725,0.0,False
DDYN01000035.1_11,False,0.9235423632492641,0.0,False
JAFYIZ010000047.1_134,False,0.999365722394907,0.0002,False
JAAZOE010000216.1_1,False,0.981470507772122,0.0006,True
NZ_FRCD01000017.1_56,False,0.9885425002144882,0.0002,False
NIRF01000007.1_96,False,0.9110461738155434,0.0,False
CAJUHL010000001.1_103,False,0.882970417281166,0.0,False
PMNA01000017.1_205,False,0.9999827520265012,0.0002,False
PLDF01000028.1_1,False,0.869523726902056,0.0,False
JAGXKI010000031.1_22,False,0.9857234760874954,0.0002,False
DSCM01000113.1_22,False,0.9310172433663232,0.0002,False
MWBZ01000028.1_30,False,0.9991386674813804,0.0008,True
JAFRZH010000025.1_4,False,0.7961308232844626,0.0,False
NZ_RZMY01000003.1_307,False,0.9997367462781053,0.0,False
JADGAT010000079.1_7,False,0.9276719669565446,0.0002,False
JWIH01000013.1_8,False,0.985698597780736,0.0002,False
JAFGAQ010000049.1_1,False,0.8805413377288106,0.0,False
JACRPW010000102.1_32,False,0.4047887568317863,0.0,False
DRXH01000141.1_6,False,0.9980048737786842,0.001,True
PLFD01000032.1_117,False,0.3800641971024551,0.0,False
JAAYRV010000022.1_6,False,0.9765658146381234,0.0002,False
BMST01000001.1_298,False,0.979553441111715,0.0004,False
NZ_NCSM01000001.1_21,False,0.9871813529635354,0.0,False
JABWCD010000006.1_84,False,0.8485295393424135,0.0,False
JAHJDJ010000112.1_12,False,0.9591643810549818,0.0,False
NZ_JAFVMG010000012.1_65,False,0.9170352042604187,0.0,False
JACPTH010000381.1_3,False,0.9734542105967426,0.0002,False
JACRLM010000031.1_56,False,0.9068355973259723,0.0002,False
NZ_AP018227.1_5656,False,0.9663700768220942,0.0002,False
DRUE01000294.1_3,False,0.9449846563537928,0.0002,False
DIVR01000021.1_79,False,0.9980634177303482,0.0,False
NZ_JH378972.1_14,False,0.998479270325275,0.0,False
BMST01000022.1_9,False,0.9943313176352508,0.0008,True
JABXHY010000003.1_5,False,0.977135014582356,0.0,False
DF820455.1_1167,False,0.7104190162227813,0.0,False
NZ_AP018227.1_2110,False,0.957240791321108,0.0,False
LMZT01000059.1_18,False,0.8832306758046325,0.0,False
DNCN01000173.1_8,False,0.9974336953658152,0.0002,False
NC_018649.1_781,False,0.7476359850785114,0.0,False
JAFUYQ010000018.1_13,False,0.7072959139411815,0.0,False
NZ_JABFHO010000001.1_1902,False,0.9548825775238801,0.0002,False
NZ_JAAIPW010000019.1_11,False,0.9977685764831579,0.0008,True
PBWH01000029.1_5,False,0.9999895949353813,0.0002,False
DTCJ01000082.1_13,False,0.9886386198025479,0.0002,False
JAFGEX010000124.1_1,False,0.9658048147108774,0.0,False
NZ_NCSM01000013.1_143,False,0.9999999681363217,0.0006,True
JAGXKI010000017.1_17,False,0.9914842708229001,0.0,False
LDXN01000026.1_42,False,0.8852259911512103,0.0002,False
KI543197.1_89,False,0.9888953025150105,0.0,False
DSNQ01000061.1_7,False,0.9594543051980852,0.0002,False
NZ_FQVN01000001.1_350,False,0.9806218392568924,0.0,False
JADJOY010000062.1_13,False,0.8189468205083716,0.0,False
NZ_FKIP01000781.1_3,False,0.9900643511355883,0.0002,False
JAGYOC010000031.1_4,False,0.99496900321869,0.0016,True
CAISUK010000410.1_13,False,0.9433112846848308,0.0008,True
CP036261.1_965,False,0.9912396618439676,0.0002,False
JAFGGD010000060.1_12,False,0.6127353170816344,0.0,False
NYYY01000065.1_38,False,0.6837858939880281,0.0,False
URUF01000052.1_10,False,0.9971775234960425,0.0002,False
NZ_FCNU01000002.1_146,False,0.9873074723130195,0.0,False
JACTNB010000022.1_163,False,0.9814886960267222,0.0002,False
JAFGEX010000120.1_5,False,0.8463607183135248,0.0,False
JAAYVF010000127.1_2,False,0.932524288099419,0.0,False
NZ_KB908327.1_95,False,0.9189107838089169,0.0,False
JAAYAK010000121.1_6,False,0.9609220920195728,0.0,False
DIVR01000011.1_10,False,0.9966801464979199,0.0004,False
NZ_CP069127.1_3210,False,0.946469255143567,0.0,False
WSZW01000054.1_2,False,0.9360227471611504,0.0,False
JAFGKQ010000164.1_25,False,0.9711127627337746,0.0,False
JABWCD010000005.1_294,False,0.9976053231835651,0.0002,False
MWBZ01000256.1_2,False,0.99768355117066,0.0008,True
JAAYVF010000090.1_1,False,0.9526316106377082,0.0,False
JADJYS010000001.1_347,False,0.755183482259044,0.0,False
JABWCD010000001.1_222,False,0.9986121077189374,0.0004,False
DSSB01000395.1_6,False,0.9992883147029237,0.0,False
WJMB01000032.1_4,False,0.8882623405916544,0.0,False
DSSB01000497.1_3,False,0.8805413377288106,0.0,False
NZ_JACJQY010000001.1_109,False,0.9906576533342373,0.0004,False
NZ_CP015520.1_903,False,0.7940487550967295,0.0,False
JAFGCY010000091.1_32,False,0.7628177322807322,0.0,False
JADJOY010000041.1_76,False,0.8656198490500564,0.0002,False
NZ_KB908330.1_30,False,0.9868662639299652,0.0002,False
CP036261.1_2534,False,0.983423434384399,0.0002,False
JABMRT010000085.1_4,False,0.8005552181833955,0.0002,False
CAISUK010000360.1_5,False,0.9664935089635901,0.0,False
WSZW01000107.1_12,False,0.968529589564298,0.0,False
PKTG01000077.1_11,False,0.999598898173051,0.0002,False
NZ_WEZQ01000005.1_28,False,0.974924194237912,0.0002,False
NZ_VFPQ01000001.1_2576,False,0.9025403112589196,0.0002,False
NZ_FCNU01000017.1_19,False,0.8044590960353951,0.0,False
CAISUK010000511.1_1,False,0.8834909343280992,0.0002,False
NZ_BAEO01000017.1_80,False,0.7478094907608224,0.0,False
MGRR01000094.1_10,False,0.8158237182267719,0.0002,False
NZ_LR216287.1_2407,False,0.9770923149564169,0.0,False
JAFAZD010000330.1_7,False,0.9410359702904101,0.0,False
JACRJN010000088.1_13,False,0.9446520941596959,0.0002,False
PWOD01000075.1_1,False,0.9991978760937779,0.0,False
JAAYVF010000047.1_9,False,0.7540556953240218,0.0002,False
DSWB01000611.1_20,False,0.9889642975124269,0.0008,True
DBJE01000003.1_100,False,0.9050101978359393,0.0,False
JAFGND010000085.1_15,False,0.6579335473236748,0.0,False
NZ_CP007062.1_90,False,0.9853352340179578,0.0002,False
JABWCQ010000002.1_52,False,0.9012716118061342,0.0,False
NZ_JACJQY010000035.1_1,False,0.9997930271963572,0.0006,True
MWCD01000089.1_2,False,0.9939348453362779,0.0,False
MWBZ01000175.1_3,False,0.9840242998230455,0.0002,False
NZ_JPST01000013.1_113,False,0.9587182943570945,0.0002,False
NZ_CP027570.1_597,False,0.8890431161620543,0.0002,False
DCHV01000032.1_69,False,0.9266957133653175,0.0,False
JAHIPN010000468.1_1,False,0.9848707624794576,0.0002,False
JAAYVF010000107.1_35,False,0.9732685959442929,0.0,False
LQMQ01000039.1_46,False,0.9805352742050222,0.0002,False
NZ_FCNU01000021.1_28,False,0.9800546231504508,0.0008,True
PWGE01000214.1_1,False,0.9315511649918495,0.0,False
VBAP01000057.1_3,False,0.9992073945200355,0.0,False
JAGORV010000002.1_47,False,0.9585150291837429,0.0,False
JAADFP010000039.1_1,False,0.9959503789653846,0.0,False
JAFGUZ010000112.1_27,False,0.9893909988723933,0.0002,False
MNYI01000221.1_11,False,0.9189759047874801,0.0,False
WOZJ01000049.1_38,False,0.9428901487552436,0.0,False
JAFAZD010000275.1_13,False,0.9687454454650091,0.0002,False
JABMRT010000296.1_9,False,0.977632386610403,0.0,False
CAJUHL010000138.1_4,False,0.7514531100893554,0.0002,False
JACOWJ010000029.1_33,False,0.9997125651497124,0.0002,False
NZ_RXLO01000003.1_266,False,0.9803341514197654,0.0006,True
WYBT01000012.1_47,False,0.9670303063696049,0.0002,False
NZ_PTQW01000031.1_24,False,0.981014362290347,0.0002,False
CAIQVJ010000074.1_19,False,0.9086488506403636,0.0,False
CP002989.1_125,False,0.7207426043202915,0.0,False
PMZC01000368.1_4,False,0.7124143315693588,0.0,False
JAABRV010000022.1_13,False,0.9994594513804883,0.0014,True
NZ_KB908368.1_4,False,0.9041653244616785,0.0002,False
NZ_BDAU01000038.1_21,False,0.9124368843587027,0.0,False
USIB01000035.1_1,False,0.9987810119692828,0.0002,False
JAFYIM010000488.1_3,False,0.8832306758046325,0.0,False
JAHITZ010000025.1_44,False,0.9344666642905566,0.0,False
CAISUK010000216.1_19,False,0.999967805697001,0.001,True
NZ_AP014612.1_1938,False,0.9575649449434847,0.0006,True
WSZW01000032.1_1,False,0.999552736730937,0.0002,False
JABWCD010000030.1_6,False,0.9605683130121029,0.0,False
JABWCD010000020.1_63,False,0.9967292121043009,0.0016,True
NZ_JACJQY010000036.1_1,False,0.9661726100601818,0.0,False
JAABRV010000256.1_1,False,0.8912986900320986,0.0,False
DSSB01000299.1_6,False,0.9077587564903017,0.0,False
NC_011661.1_19,False,0.9444597306641881,0.0,False
JABDHD010000100.1_6,False,0.9994251738850473,0.0,False
VXMB01000009.1_1183,False,0.9743296695334217,0.0002,False
NZ_FQVN01000005.1_530,False,0.9996963454602281,0.0002,False
JACPSX010000259.1_1,False,0.920843158499909,0.0,False
BMST01000011.1_180,False,0.9938746860499528,0.0,False
JAFGCY010000004.1_2,False,0.978606593914902,0.0,False
JAGOEH010000028.1_1,False,0.9013235140126922,0.0,False
JAAYCL010000038.1_23,False,0.9722080419007678,0.0,False
PLFD01000020.1_50,False,0.8984124230068534,0.0,False
JAFYIM010000227.1_1,False,0.8877418235447211,0.0,False
JAGVWD010000025.1_10,False,0.8356033660102369,0.0,False
NYZA01000232.1_1,False,0.980256238108731,0.0,False
DUMP01000075.1_3,False,0.9811573911323171,0.0,False
JABFGF010000007.1_102,False,0.8399410080680142,0.0,False
JAHJLF010000030.1_49,False,0.9960216690660582,0.0,False
LDXN01000026.1_6,False,0.9948289546174939,0.0,False
JAAYAK010000099.1_43,False,0.9900555985271163,0.0006,True
NZ_CAJFNR010000003.1_15,False,0.9823855945083912,0.0004,False
NZ_JACJQY010000008.1_98,False,0.9243924571322402,0.0002,False
SHMX01000002.1_234,False,0.9949974926155771,0.0,False
JAGXLP010000032.1_2,False,0.7711460050316647,0.0,False
NZ_FRCD01000020.1_102,False,0.999856889453141,0.0002,False
NC_021031.1_142,False,0.8168647523206385,0.0,False
NZ_FRCD01000003.1_207,False,0.9743014741230706,0.0002,False
JAFGGD010000058.1_12,False,0.5848876550707036,0.0,False
JAFGTC010000055.1_9,False,0.9616892002787674,0.0,False
NZ_VFPQ01000001.1_4234,False,0.9998790565143053,0.0006,True
NZ_RZMY01000006.1_55,False,0.9608758790486855,0.0,False
JACIXG010000062.1_9,False,0.9999878002539185,0.0008,True
DITF01000162.1_1,False,0.984685026514066,0.0008,True
PEWQ01000151.1_2,False,0.9244776406711304,0.0,False
DSSU01000064.1_3,False,0.9984272171436361,0.0006,True
CACYFZ010000024.1_23,False,0.9900450653503541,0.0,False
JABMQX010000835.1_10,False,0.9513583643749429,0.0,False
DBJE01000013.1_70,False,0.9968091586155465,0.0,False
CP051243.1_2431,False,0.707989936670426,0.0,False
JACTNB010000036.1_174,False,0.7306324282120239,0.0,False
SYBY01000509.1_4,False,0.9915658362768617,0.0002,False
DF820459.1_644,False,0.9933814829423305,0.0002,False
QZKU01000107.1_9,False,0.9562555197560006,0.0,False
CAJUKE010000007.1_55,False,0.9673344811830367,0.0002,False
PKTG01000032.1_20,False,0.991351620088789,0.0006,True
PUNC01000162.1_12,False,0.9062636532889891,0.0002,False
JADHUQ010000004.1_14,False,0.9191085326877532,0.0,False
QJVW01000152.1_12,False,0.8990196928949423,0.0,False
NZ_JH378959.1_15,False,0.6474364535438536,0.0,False
MGQK01000024.1_1,False,0.9625763301508203,0.0,False
JAGPKD010000080.1_6,False,0.9785209075459924,0.0002,False
JAAZOE010000272.1_3,False,0.9519205302426285,0.0002,False
DNCN01000147.1_1,False,0.9731696238420574,0.0,False
DITF01000372.1_1,False,0.9886419350099375,0.0,False
DTCJ01000018.1_6,False,0.9590422932684525,0.0,False
JAAYCF010000340.1_1,False,0.9860443676667974,0.0002,False
NZ_AWRU01000023.1_22,False,0.9785568684786388,0.0,False
JAFAZD010000385.1_2,False,0.9943310227817643,0.0,False
CP036261.1_237,False,0.9789729872840927,0.0006,True
VGJA01000167.1_2,False,0.780515311876464,0.0,False
USJX01000029.1_3,False,0.7850264596165525,0.0,False
JABXHY010000018.1_16,False,0.9974156426009156,0.0002,False
NZ_LMIV01000004.1_317,False,0.9940461915692969,0.0004,False
JAAYCF010000040.1_2,False,0.9998510903930701,0.0004,False
JAFGJP010000089.1_1,False,0.9208202891114599,0.0004,False
NZ_SJCO01000357.1_1,False,0.9999929844855715,0.0002,False
JAFGJP010000024.1_3,False,0.9783724810620579,0.0004,False
JWIH01000004.1_1,False,0.9340829875614992,0.0,False
SHMX01000001.1_110,False,0.7845059425696191,0.0004,False
JAADHJ010000041.1_41,False,0.8650993320031231,0.0002,False
JACPWU010000030.1_19,False,0.9461665305826119,0.0004,False
JAFGIQ010000178.1_1,False,0.9133563143098968,0.0,False
MFGS01000037.1_8,False,0.981074439129396,0.0,False
DIVR01000047.1_35,False,0.9698605380507594,0.0002,False
NZ_CAJFNR010000016.1_22,False,0.9970129284035494,0.0,False
NZ_RZNA01000040.1_370,False,0.9951306366781789,0.0,False
NZ_BNCD01000022.1_58,False,0.9814904649410839,0.0,False
DCUM01000182.1_5,False,0.9936370030456296,0.0002,False
DRYD01000243.1_36,False,0.9352324534358102,0.0004,False
QLTX01000238.1_1,False,0.9075299548662207,0.0004,False
DHZH01000008.1_224,False,0.949400419585694,0.0,False
QNDJ01000193.1_2,False,0.8625834996096122,0.0,False
NZ_NCSM01000042.1_25,False,0.9435069674897194,0.0,False
SKQU01000127.1_20,False,0.8924264769671206,0.0,False
LIUI01000128.1_10,False,0.9308287465168495,0.0004,False
NC_011661.1_899,False,0.9978189768223713,0.0002,False
NDHY01000010.1_25,False,0.9690972189260741,0.0002,False
LJUD01000043.1_5,False,0.9993462549524169,0.0008,True
JAFGEX010000339.1_2,False,0.883924698533877,0.0,False
DHPR01000027.1_39,False,0.9385324821936961,0.0,False
PUNC01000132.1_31,False,0.6923744252624273,0.0002,False
NZ_VFPQ01000002.1_158,False,0.9979423439740825,0.0,False
JAFGND010000064.1_14,False,0.9342534054973973,0.0,False
PAYP01000104.1_21,False,0.978617377612219,0.0,False
CAIVDM010000191.1_111,False,0.9811101584252342,0.0004,False
JAFAZD010000384.1_16,False,0.9999069990573318,0.0002,False
WJLY01000149.1_9,False,0.7284636071831353,0.0,False
NZ_KB290722.1_30,False,0.8673549058731673,0.0,False
BMST01000012.1_215,False,0.8018565108007287,0.0002,False
NZ_CP069127.1_1582,False,0.9976783886122724,0.001,True
CAIVGN010000017.1_86,False,0.8362106358983257,0.0,False
WSZW01000176.1_8,False,0.8860935195627657,0.0,False
USJX01000037.1_4,False,0.9683413491415803,0.0,False
DIFC01000023.1_1,False,0.9984861678614992,0.0002,False
WFTM01000433.1_22,False,0.9842152073130822,0.0004,False
NZ_AWRU01000014.1_27,False,0.927466927481493,0.0004,False
NZ_JADEKP010000001.1_248,False,0.9999482879446621,0.0008,True
MNYI01000103.1_1,False,0.8755096729417888,0.0,False
NZ_JABFHO010000001.1_718,False,0.9989058818183075,0.0,False
CAJUKE010000005.1_54,False,0.979551411422453,0.0,False
NZ_BNCD01000011.1_135,False,0.996320740399492,0.0004,False
CAIVGN010000031.1_42,False,0.9925375874511796,0.0,False
QHSL01000065.1_3,False,0.9987903310669977,0.001,True
NZ_SJCO01000012.1_40,False,0.9933846927936735,0.0006,True
JAFGND010000047.1_46,False,0.7878893033746855,0.0,False
DHPR01000012.1_101,False,0.5538301379370174,0.0,False
JAGOUY010000008.1_22,False,0.9748857215675009,0.0008,True
JAGOEH010000190.1_4,False,0.9967918083504089,0.0006,True
NZ_QHKX01000003.1_391,False,0.8959833434544981,0.0,False
QMNL01000018.1_11,False,0.7349700702698013,0.0,False
PLDF01000083.1_49,False,0.9527860167985518,0.0002,False
JAGOBX010000539.1_1,False,0.9999999567635653,0.0002,False
JAADIC010000209.1_1,False,0.9948487855081208,0.0004,False
QZKI01000034.1_8,False,0.9734903644175716,0.0,False
NZ_JAFVMG010000013.1_81,False,0.9876316756498476,0.0002,False
NBMB01000018.1_9,False,0.7196148173852693,0.0,False
DLYX01000160.1_1,False,0.9970480631643232,0.0002,False
NZ_CP069127.1_4706,False,0.9593763624454505,0.0,False
JAERTH010000059.1_14,False,0.9899464196410621,0.0006,True
MWBZ01000010.1_12,False,0.8207686301726381,0.0,False
QIFF01000113.1_2,False,0.9915081126580327,0.0002,False
NZ_FKIP01000056.1_9,False,0.9366122855081702,0.0,False
JAFGUZ010000097.1_2,False,0.9105512149097756,0.0002,False
JAFGTL010000566.1_2,False,0.860327925739568,0.0,False
NZ_PTQW01000019.1_3,False,0.9550991594874264,0.0,False
NZ_PVNS01000005.1_176,False,0.9421037513851535,0.0,False
NZ_BDAU01000030.1_118,False,0.9473042113328186,0.0,False
JAFGTC010000245.1_7,False,0.7622972152337989,0.0,False
NZ_JAAIPW010000039.1_2,False,0.9658969517259133,0.0,False
DUMP01000069.1_7,False,0.9411672277258881,0.0,False
NZ_JH379018.1_10,False,0.9955583886569063,0.0008,True
NZ_AYYI01000080.1_14,False,0.9607805385693734,0.0,False
NZ_CP069127.1_2766,False,0.9967169955374798,0.0,False
NZ_LBMK01000003.1_833,False,0.9800118801987667,0.0,False
JAAYXC010000281.1_8,False,0.9870412310132198,0.0002,False
METK01000005.1_1,False,0.9850327102185648,0.0,False
JAFYIM010000170.1_6,False,0.8814956189815216,0.0002,False
JABDHD010000024.1_49,False,0.8909516786674764,0.0,False
CAIVOB010000017.1_1,False,0.9880284911392151,0.0002,False
NZ_SJCO01000011.1_21,False,0.9457323553052003,0.0,False
PKWQ01000266.1_1,False,0.9990206282771864,0.0002,False
JADGAT010000072.1_7,False,0.9400611757779898,0.0,False
SHYX01000005.1_138,False,0.9871918216726743,0.0006,True
PKWQ01000057.1_4,False,0.9990698100909347,0.001,True
QZJZ01000063.1_13,False,0.997470559197626,0.0,False
DSSU01000003.1_30,False,0.906412975895712,0.0,False
JAGWYZ010000040.1_21,False,0.9431805938129254,0.0,False
PWXJ01000076.1_1,False,0.717012232150603,0.0,False
JAFGGD010000004.1_15,False,0.9969236882989564,0.0002,False
JAFGDH010000041.1_4,False,0.959399725876491,0.0,False
JAFRZH010000022.1_87,False,0.8578120933460571,0.0,False
NZ_BNCD01000013.1_107,False,0.9666890774279914,0.0002,False
NZ_RZNA01000018.1_151,False,0.999422589199015,0.0008,True
JACQOV010000089.1_2,False,0.8655330962089008,0.0,False
JAFAZD010000078.1_7,False,0.9306607264867843,0.0002,False
CAIVDM010000173.1_7,False,0.9807249467783367,0.0,False
NZ_JH815597.1_85,False,0.8239784852953934,0.0,False
JAGVWA010000014.1_33,False,0.9924158521699546,0.0,False
CAIVOB010000189.1_9,False,0.9880621766851339,0.0,False
QHUM01000044.1_62,False,0.9744413845654406,0.0002,False
WQSZ01000138.1_2,False,0.9963820062321861,0.0002,False
PDQT01000205.1_1,False,0.9603667207452821,0.0002,False
JAHJDJ010000232.1_10,False,0.9883518049595049,0.0002,False
NZ_SJCO01000019.1_38,False,0.9973054416233289,0.0006,True
JWIH01000024.1_288,False,0.9999506271687548,0.0004,False
NZ_KB290705.1_30,False,0.9963861481320901,0.0004,False
MVCZ01000184.1_5,False,0.8062809056996617,0.0004,False
JACRDZ010000187.1_2,False,0.7672421271796651,0.0002,False
CP051243.1_1110,False,0.9867256944565952,0.0,False
JACPRG010000073.1_14,False,0.9808489681644965,0.0,False
NZ_JADAQY010000001.1_4,False,0.8970243775483647,0.0,False
WRMI01000019.1_17,False,0.7951765420317516,0.0002,False
DLGL01000121.1_26,False,0.929420060553418,0.0,False
MNUP01000032.1_9,False,0.6605361325583413,0.0002,False
CADBLV010000056.1_2,False,0.892946994014054,0.0,False
PLYD01000106.1_18,False,0.9904222512512639,0.0002,False
JACCUF010000473.1_1,False,0.8067146699054394,0.0002,False
JAHITZ010000035.1_20,False,0.6893380758219831,0.0,False
JAFGCY010000065.1_57,False,0.9966238732783685,0.0002,False
MGQK01000093.1_8,False,0.9265884077082562,0.0,False
JADHUQ010000058.1_1,False,0.8957230849310315,0.0008,True
NZ_CP016279.1_8266,False,0.9306890124509382,0.0,False
NZ_AWRU01000006.1_238,False,0.992508244062697,0.0006,True
PAYP01000064.1_3,False,0.9897850232632813,0.0004,False
JAFGEV010000062.1_11,False,0.9929240148848305,0.0006,True
DSSB01000218.1_2,False,0.5994621323848356,0.0,False
JADHUQ010000074.1_1,False,0.9995306274797511,0.0004,False
CADCWE010000199.1_1,False,0.9999983628214085,0.0002,False
JAFTSJ010000010.1_40,False,0.922752878601325,0.0,False
NZ_UTHA01000221.1_119,False,0.9845109372129249,0.0,False
DRUE01000206.1_7,False,0.999675274967247,0.0004,False
JADJOY010000047.1_13,False,0.9420607479054165,0.0,False
WYBT01000038.1_20,False,0.9860626629864141,0.0008,True
JACRMA010000078.1_3,False,0.9615692125897337,0.0,False
JAFGEV010000317.1_22,False,0.9854252046504456,0.0,False
JAAYCF010000042.1_1,False,0.9659048280352286,0.0002,False
VXWP01000022.1_29,False,0.8352563546456147,0.0,False
CAILUR010000207.1_6,False,0.9093033288893295,0.0002,False
QHSL01000075.1_11,False,0.8251930250715711,0.0002,False
WUAI01000061.1_8,False,0.8974581417541424,0.0,False
DMSQ01000019.1_38,False,0.9883598342337738,0.0,False
NZ_CP015423.1_3860,False,0.9979177680690804,0.0004,False
JADHWK010000010.1_18,False,0.9462645211721474,0.0,False
PBWH01000011.1_14,False,0.9960356759283353,0.0002,False
JACQOF010000031.1_7,False,0.9540435600041534,0.0002,False
JAFGKM010000061.1_3,False,0.9883360408358626,0.0,False
NC_018649.1_33,False,0.8727335820248113,0.0,False
JACPAV010000022.1_1,False,0.8435846273965473,0.0,False
JABMRT010000189.1_2,False,0.9999171681114425,0.0004,False
SHMX01000001.1_170,False,0.7565715277175328,0.0,False
DIVR01000051.1_1,False,0.593042422139325,0.0002,False
VGIW01000032.1_12,False,0.8469679882016136,0.0,False
NZ_FQVN01000006.1_1,False,0.990756777249921,0.0006,True
NZ_LMKQ01000001.1_2338,False,0.9561870936360743,0.0,False
NZ_BDAU01000012.1_42,False,0.8017697579595732,0.0,False
PLPI01000086.1_6,False,0.9918700584369229,0.0002,False
CADBLV010000367.1_15,False,0.7223041554610914,0.0002,False
DTLL01000058.1_3,False,0.8895636332089876,0.0,False
QZKI01000106.1_21,False,0.8502645961655244,0.0,False
CAIWTR010000260.1_2,False,0.6467424308146091,0.0,False
CAIVDM010000220.1_58,False,0.9556512051070736,0.0,False
NZ_AP018227.1_6198,False,0.986851997955736,0.0002,False
MVZB01000082.1_7,False,0.9949481094871583,0.0002,False
NZUQ01000069.1_6,False,0.983602289663445,0.0002,False
NZ_VFPQ01000001.1_2874,False,0.6537694109482085,0.0004,False
PLPI01000092.1_39,False,0.8105317949162835,0.0,False
WYBT01000063.1_5,False,0.9781672844077854,0.0,False
DDWC01000027.1_5,False,0.9918246466525917,0.0008,True
NZ_FRCD01000015.1_66,False,0.7254272577426911,0.0,False
JAFGCY010000061.1_2,False,0.7632514964865099,0.0,False
MFAF01000026.1_4,False,0.9942504416121525,0.0004,False
DRTT01000176.1_1,False,0.9788527348383804,0.0002,False
SXND01000169.1_2,False,0.9535509047659421,0.0002,False
QLTX01000034.1_11,False,0.9959976293888905,0.0,False
JABFGF010000001.1_327,False,0.9743548110942268,0.0012,True
QZKU01000073.1_22,False,0.9480868288868447,0.0,False
JAFRZH010000005.1_2,False,0.9961020036717931,0.0002,False
SXND01000001.1_23,False,0.9731133109172306,0.0,False
CAIVGN010000098.1_30,False,0.9147837101941932,0.0,False
JAHJSD010000018.1_6,False,0.7912726641797518,0.0004,False
NZ_AP018227.1_2010,False,0.9857784301973657,0.0004,False
DSSB01000107.1_2,False,0.9073292036320977,0.0,False
CAIVGN010000008.1_45,False,0.89945345710072,0.0,False
PBWH01000014.1_2,False,0.9819025913702768,0.0,False
JAAZOE010000339.1_8,False,0.9863133372789147,0.0,False
NZ_RZNA01000024.1_49,False,0.9902389182900556,0.0,False
NZUQ01000076.1_6,False,0.9419631769971003,0.0,False
QZKU01000022.1_20,False,0.9984135531672002,0.0004,False
JABFRY010000064.1_2,False,0.9779272405562751,0.0,False
NZ_NCSM01000004.1_142,False,0.9072843554843676,0.0,False
WYBT01000038.1_27,False,0.9742056927660365,0.0,False
NZ_AWRU01000015.1_113,False,0.9530279059333422,0.0004,False
VMTI01000099.1_16,False,0.9508056537496672,0.0,False
CADCWE010000045.1_1,False,0.6238396807495445,0.0,False
PLDF01000263.1_11,False,0.7267285503600243,0.0,False
JACPHL010000300.1_11,False,0.9886075192563498,0.0008,True
NZ_AP018227.1_5388,False,0.9984836680893614,0.0004,False
NIRF01000002.1_19,False,0.9987053727558844,0.0,False
JAFGTL010000140.1_17,False,0.9940286471036276,0.0002,False
PAZD01000059.1_31,False,0.9112290374219456,0.0,False
JADJOY010000025.1_52,False,0.7475492322373558,0.0002,False
NZ_CP060488.1_1427,False,0.9854608062012046,0.0006,True
JAAYVF010000060.1_69,False,0.9964855935177814,0.0002,False
PMWA01000058.1_11,False,0.9643049378199939,0.0,False
JAAYEQ010000048.1_29,False,0.8637980393857899,0.0,False
JAFUHT010000034.1_23,False,0.715450681009803,0.0002,False
NZ_JXCG01000006.1_123,False,0.9137506400402319,0.0,False
DITF01000142.1_1,False,0.9881633241173464,0.0008,True
NZ_JADWYU010000088.1_7,False,0.6231456580203002,0.0002,False
JACRDZ010000294.1_12,False,0.9782636534813652,0.0,False
JAADIO010000052.1_14,False,0.9266337453630316,0.0,False
JAFGAQ010000042.1_10,False,0.5182614730632428,0.0,False
JAHKBB010000061.1_6,False,0.9132988605580205,0.0,False
RFFQ01000170.1_15,False,0.9878530167661805,0.0006,True
NZ_BDAU01000033.1_83,False,0.9800899884372041,0.0,False
PDQT01000147.1_9,False,0.9968568464270626,0.0004,False
JAFGTL010000434.1_4,False,0.985257433230098,0.0,False
CAADSM010000072.1_47,False,0.8962436019779648,0.0,False
CP002988.1_2232,False,0.9999511206389066,0.0016,True
JAFGND010000031.1_28,False,0.9593642467398873,0.0,False
JAHJLF010000053.1_27,False,0.9960483620981552,0.0006,True
NZ_JOOE01000001.1_464,False,0.995763122077228,0.0,False
JABMRT010000274.1_3,False,0.5749110783378155,0.0002,False
NC_018649.1_1591,False,0.9134355383588654,0.0,False
WYBT01000062.1_109,False,0.8909516786674764,0.0,False
NZ_LT985323.1_1159,False,0.9758837594407608,0.0004,False
VBJS01000148.1_4,False,0.9404776988767236,0.0,False
NZ_JADEKP010000001.1_1470,False,0.7619502038691767,0.0,False
DHPR01000012.1_225,False,0.8435846273965473,0.0,False
NZ_NCSM01000056.1_9,False,0.9999545517035915,0.0008,True
LKMX01000032.1_1,False,0.9379949556731351,0.0,False
NZ_CP069127.1_5935,False,0.9860323604615848,0.0,False
NVVD01000001.1_231,False,0.6626182007460745,0.0,False
JAFGEQ010000006.1_233,False,0.8516526416240132,0.0,False
VGJA01000050.1_6,False,0.9025040868412113,0.0,False
CADCCW010000024.1_5,False,0.9833350208948918,0.0,False
NZ_BDAU01000007.1_83,False,0.9908991339590109,0.0004,False
PBWH01000023.1_148,False,0.8860935195627657,0.0002,False
NZ_SJCO01000012.1_65,False,0.77435586015442,0.0,False
PWFS01000084.1_2,False,0.9849824797102081,0.0002,False
JAHJDR010000199.1_7,False,0.7861542465515745,0.0,False
SFNH01000056.1_1,False,0.9862287083990154,0.0,False
PBWH01000006.1_463,False,0.8616292183569012,0.0,False
CAJUKE010000057.1_2,False,0.9860699115822683,0.0,False
PLDF01000356.1_63,False,0.869523726902056,0.0,False
MVCZ01000156.1_6,False,0.8198143489199271,0.0,False
VXWP01000011.1_7,False,0.9998944821514716,0.0004,False
SICP01000006.1_21,False,0.8218096642665047,0.0,False
JAFGEV010000199.1_16,False,0.9090612150998822,0.0,False
NZ_PVNS01000003.1_134,False,0.9433653500758762,0.0,False
LIUI01000093.1_5,False,0.7632514964865099,0.0,False
PLOF01000087.1_28,False,0.9999999952463653,0.0006,True
LDXN01000010.1_22,False,0.9877705203889003,0.0,False
PLDF01000264.1_4,False,0.9872129157920888,0.0,False
MFGS01000167.1_5,False,0.9728362235854113,0.0002,False
JABFRY010000189.1_2,False,0.994671646347847,0.0002,False
DIVR01000048.1_20,False,0.9487911899812166,0.0,False
RFFU01000101.1_10,False,0.817732280732194,0.0,False
NZ_AWRU01000033.1_193,False,0.9805910876834536,0.0,False
NVVD01000032.1_35,False,0.9277282107526916,0.0,False
NZ_JADWYU010000144.1_39,False,0.9998816765213379,0.0008,True
QHSL01000080.1_55,False,0.9966748982010043,0.0012,True
NZ_JABFHO010000001.1_2346,False,0.9987159048186709,0.0004,False
NZ_JACJQY010000022.1_45,False,0.9393680058209225,0.0002,False
NZ_CP016279.1_3323,False,0.976141526585204,0.0,False
JAHIZU010000178.1_3,False,0.9805255507574693,0.0,False
QMNP01000165.1_1,False,0.7696712067320205,0.0,False
JAFGTL010000177.1_1,False,0.6774529365836731,0.0,False
JAFGTC010000278.1_8,False,0.9811529810326147,0.0,False
NC_007759.1_861,False,0.9472469573441953,0.0004,False
JABMQX010000471.1_1,False,0.9976442557334643,0.0002,False
NZ_AP014612.1_1363,False,0.9634166312538082,0.0,False
CAJUJZ010000008.1_31,False,0.9980520836673146,0.0,False
JAFGCY010000065.1_36,False,0.8488765507070356,0.0,False
JAGOBX010000211.1_5,False,0.9821490021309699,0.0002,False
JAFGCY010000104.1_7,False,0.841329053526503,0.0,False
JAAYVF010000018.1_19,False,0.988845532729623,0.0,False
BMST01000003.1_451,False,0.9531971714969567,0.0002,False
NZ_LMIV01000004.1_26,False,0.860327925739568,0.0,False
JAAYHG010000099.1_4,False,0.9813622795577335,0.0004,False
JAEEIL010000025.1_57,False,0.9903757483073715,0.0,False
JAFRSI010000037.1_14,False,0.9984734180214117,0.0,False
CAISUK010000294.1_3,False,0.9480478406617008,0.0,False
NZ_RZNA01000045.1_43,False,0.9744978772350854,0.0002,False
LJUY01000058.1_8,False,0.9453235643677163,0.0,False
JAAYAK010000015.1_15,False,0.86223648824499,0.0,False
QLUP01000112.1_5,False,0.7627309794395767,0.0,False
LKMX01000046.1_5,False,0.9178773186214304,0.0,False
JABMQX010000834.1_7,False,0.8920794656024985,0.0,False
NZ_KB290705.1_26,False,0.9939880084353125,0.0,False
NZ_FZMR01000006.1_43,False,0.9724564866836989,0.0,False
LJUI01000097.1_4,False,0.9837117242375755,0.0,False
DLYX01000282.1_1,False,0.849397067753969,0.0,False
CP002988.1_1020,False,0.9992700176186445,0.0002,False
WRBD01000007.1_5,False,0.9984830743881339,0.0,False
QZKU01000094.1_7,False,0.9491091274172124,0.0,False
JACIXG010000045.1_1,False,0.9025745190365553,0.0,False
CAILUR010000041.1_4,False,0.7727943090136202,0.0,False
WLFD01000004.1_26,False,0.9899270015580854,0.0002,False
VMTI01000009.1_1,False,0.6940227292443828,0.0,False
CP036261.1_5313,False,0.9924071362081408,0.0002,False
PAQS01000029.1_6,False,0.9760921103015118,0.0002,False
JABMRT010000217.1_1,False,0.9925140266209156,0.0002,False
PAYP01000030.1_32,False,0.951246491777349,0.0,False
JACMRP010000010.1_6,False,0.9623418573626219,0.0002,False
NZ_AP014612.1_1847,False,0.960751481970948,0.0002,False
JABXHY010000024.1_157,False,0.989478111898676,0.0004,False
JAFSWN010000148.1_6,False,0.9791761620547578,0.0002,False
VGJA01000003.1_4,False,0.9970583659108758,0.0002,False
JACPRG010000039.1_9,False,0.9990870627708859,0.0002,False
WTCB01000114.1_8,False,0.9989108843625231,0.0008,True
JAATVM010000049.1_10,False,0.846881235360458,0.0,False
CACGSI010000019.1_15,False,0.9726151533097412,0.0,False
CADBLV010000063.1_4,False,0.9876909051023222,0.0002,False
NZ_JAFCMM010000008.1_30,False,0.9932506985079153,0.0002,False
JACPAV010000054.1_2,False,0.9926047315170667,0.0002,False
JACQOV010000040.1_2,False,0.9997302793667057,0.0004,False
JAFGTL010000710.1_8,False,0.9124775603859594,0.0,False
VBJS01000064.1_4,False,0.9717331670468422,0.0002,False
NZ_KB290717.1_251,False,0.9859418100849365,0.0002,False
JAFGTL010000041.1_10,False,0.9289185979084869,0.0006,True
JAGOEH010000007.1_37,False,0.9506448643208759,0.0,False
LQMQ01000001.1_8,False,0.9611762099552099,0.0002,False
JAFGTL010000093.1_7,False,0.951992275645758,0.0004,False
NZ_CP016279.1_6633,False,0.9986089809587532,0.0002,False
NVVD01000002.1_20,False,0.9780235530002628,0.0,False
NZ_LT985323.1_181,False,0.857638587663746,0.0002,False
JADHWT010000020.1_3,False,0.9968730276676979,0.0,False
JAAYZI010000026.1_8,False,0.9133698206703315,0.0002,False
URIY01000010.1_2,False,0.9992198681001968,0.0004,False
JABDHD010000075.1_3,False,0.9887012614777595,0.0,False
DSKM01000006.1_108,False,0.9983840539282941,0.0,False
JACRDZ010000165.1_1,False,0.9255921318102127,0.0,False
JACRPW010000012.1_13,False,0.9355809905541276,0.0,False
NZ_RXLO01000010.1_122,False,0.9999947202547234,0.0002,False
NC_014836.1_2086,False,0.9876358375041574,0.0,False
NZ_FRCD01000001.1_445,False,0.9992741944696494,0.0008,True
NZ_CP021081.1_251,False,0.8853994968335213,0.0002,False
RFHX01000149.1_1,False,0.9161674206074718,0.0002,False
JAFGEW010000023.1_10,False,0.9133234674072142,0.0,False
SHMX01000004.1_24,False,0.9987812072852076,0.0002,False
WFRF01000203.1_18,False,0.769757959573176,0.0,False
NVVD01000007.1_73,False,0.9262957991731563,0.0002,False
JAGWYZ010000037.1_25,False,0.763425002168821,0.0,False
MNYW01000142.1_6,False,0.9941527843073878,0.0006,True
JAAYNI010000048.1_1,False,0.9958076788685916,0.0004,False
SLGR01000223.1_5,False,0.9696644366084122,0.0,False
NZ_LBMK01000012.1_26,False,0.8816691246638327,0.0,False
JAGCDY010000053.1_35,False,0.9254601543438812,0.0004,False
DMSQ01000066.1_6,False,0.8936410167432983,0.0,False
MFPR01000041.1_96,False,0.7958705647609959,0.0,False
MGDH01000042.1_138,False,0.9922116222142775,0.0002,False
JACTNB010000017.1_163,False,0.8686561984905006,0.0,False
CAJUKE010000006.1_49,False,0.8222434284722825,0.0,False
DSSB01000167.1_2,False,0.9012632623548702,0.0002,False
PLDF01000454.1_1,False,0.9843560285477676,0.0,False
NZ_KB290717.1_149,False,0.9997510203860686,0.001,True
NC_022792.1_1698,False,0.9953291206891516,0.0006,True
JAAYKP010000040.1_1,False,0.9682444072950035,0.0,False
RFFU01000127.1_4,False,0.9984323680576219,0.0002,False
JAGACY010000377.1_3,False,0.926036064581649,0.0002,False
MWCD01000005.1_2,False,0.9822544769400485,0.0,False
CAIVGN010000141.1_13,False,0.9999179968179738,0.0002,False
NZ_LMGK01000004.1_24,False,0.9982194346276126,0.0008,True
NZ_PJIN01000013.1_62,False,0.944144635922474,0.0,False
JACQOF010000146.1_4,False,0.9594659424879364,0.0,False
WYBT01000028.1_27,False,0.8342153205517481,0.0,False
NZ_FKIP01000910.1_2,False,0.86223648824499,0.0,False
NZ_AWRU01000006.1_332,False,0.9969335246378432,0.0,False
JAFSWN010000190.1_5,False,0.9986731826285308,0.0002,False
JACNFQ010000078.1_7,False,0.3143922963477054,0.0,False
VGIW01000001.1_11,False,0.7628177322807322,0.0,False
NZ_AP018227.1_2811,False,0.9987782780735461,0.0006,True
DMSQ01000101.1_3,False,0.9995049386921057,0.0,False
NZ_NCSM01000021.1_4,False,0.9945106044642027,0.0,False
JAFKJK010000003.1_1,False,0.9636790178525252,0.0,False
WUAI01000026.1_7,False,0.9495045172555984,0.0,False
NZ_QHKX01000002.1_251,False,0.9752489250854868,0.0004,False
AQRW01000124.1_5,False,0.9380162398354236,0.0,False
CAJUIP010000059.1_2,False,0.8138284028801943,0.0,False
MGQK01000130.1_32,False,0.9909387355021809,0.0,False
JWIH01000024.1_350,False,0.9880957502969779,0.0004,False
NZ_JABASS010000032.1_2,False,0.9999677520130614,0.0008,True
JAEOSL010000011.1_26,False,0.9162564901546097,0.0,False
NBMB01000018.1_41,False,0.957956723432611,0.0,False
DHHE01000185.1_1,False,0.9998814118344587,0.0,False
JACPRG010000032.1_4,False,0.9997370926362977,0.0008,True
METK01000015.1_78,False,0.9592286525260769,0.0002,False
DEYK01000064.1_2,False,0.9756298132003223,0.0002,False
USIB01000028.1_6,False,0.9927073827512638,0.0,False
JAAYRV010000221.1_2,False,0.9730964443205893,0.0,False
CACYFZ010000010.1_53,False,0.9648310978904882,0.0,False
MWCD01000001.1_55,False,0.795263294872907,0.0,False
WUAI01000029.1_30,False,0.9993706849189218,0.0,False
DSNN01000051.1_11,False,0.9590283601000534,0.0,False
JAAYEQ010000001.1_52,False,0.5372603452763078,0.0,False
JABDHD010000023.1_22,False,0.8896503860501431,0.0,False
QZJZ01000056.1_16,False,0.8573783291402793,0.0,False
NZ_JH815593.1_355,False,0.9769325615606462,0.0,False
NZ_BJKN01000001.1_20,False,0.8840982042161881,0.0004,False
SYBY01000391.1_20,False,0.9857476477045454,0.0,False
JWIH01000011.1_106,False,0.9999996474991383,0.0004,False
KI543221.1_98,False,0.9903723677789319,0.0,False
JAFTKO010000021.1_125,False,0.9939673881782481,0.0004,False
JABWCQ010000021.1_33,False,0.8889563633208988,0.0,False
NZ_RZNA01000004.1_79,False,0.8644920621150343,0.0,False
NZ_BDAU01000025.1_6,False,0.9998933720700254,0.0006,True
CAJQMW010000498.1_1,False,0.9986835538159784,0.0002,False
PMZC01000056.1_5,False,0.8903444087793875,0.0006,True
NZ_CP015520.1_1787,False,0.9653087902255711,0.0008,True
LJUI01000013.1_2,False,0.9987490392198373,0.0002,False
CAIVGN010000098.1_3,False,0.9619110757152383,0.0002,False
NZ_FQVN01000020.1_33,False,0.9978727544726125,0.0004,False
WLFD01000217.1_3,False,0.9749429360383212,0.0002,False
JAGOBX010000087.1_7,False,0.7761776698186865,0.0,False
JAFGTL010000088.1_3,False,0.7214366270495358,0.0,False
NZUQ01000080.1_8,False,0.9999046061550124,0.0002,False
QZKI01000119.1_22,False,0.8831439229634771,0.0,False
JAGWYZ010000108.1_7,False,0.7167519736271363,0.0,False
MGFH01000157.1_49,False,0.6404094734102542,0.0002,False
NZ_JABFHO010000001.1_370,False,0.9985710358056842,0.0004,False
PDQT01000109.1_10,False,0.9905022674142722,0.0004,False
JAHJDJ010000377.1_3,False,0.906102822729443,0.0002,False
URUF01000059.1_1,False,0.9955779210138458,0.001,True
PAQS01000047.1_53,False,0.977888041923536,0.0002,False
VBJS01000258.1_6,False,0.8024637806888175,0.0,False
JAGCDY010000107.1_8,False,0.8988461872126312,0.0,False
JACRDZ010000268.1_5,False,0.9374176613134522,0.0,False
JAFGAQ010000228.1_1,False,0.7710592521905092,0.0006,True
NZUQ01000087.1_1,False,0.990860206819197,0.0,False
LMZT01000036.1_13,False,0.8554697666348573,0.0,False
PBWH01000005.1_294,False,0.8183395506202829,0.0,False
JAFGDH010000038.1_17,False,0.9579317807167259,0.0002,False
PMWA01000117.1_17,False,0.9344319509103052,0.0002,False
NZ_AWRU01000034.1_63,False,0.999962648974886,0.0,False
MVCZ01000039.1_4,False,0.8439316387611694,0.0,False
LUZY01000013.1_358,False,0.9559077145687583,0.0002,False
JACIXQ010000012.1_23,False,0.9286262362245583,0.0002,False
NZ_LBMK01000003.1_641,False,0.9928786994074427,0.0,False
SXND01000092.1_3,False,0.9804851874157116,0.0,False
JADJYS010000006.1_153,False,0.9657438103550146,0.001,True
CAIVGN010000089.1_2,False,0.9688138539871229,0.0,False
NZ_AP018227.1_1414,False,0.9591811013049326,0.0,False
PKWQ01000028.1_6,False,0.7270755617246465,0.0,False
CAIVDM010000163.1_3,False,0.9997086884011309,0.0002,False
DITF01000274.1_2,False,0.6505595558254533,0.0,False
NC_015499.1_753,False,0.8493103149128134,0.0004,False
JAFYIZ010000014.1_23,False,0.890257655938232,0.0,False
NZ_CP016279.1_5071,False,0.9859601834312388,0.0,False
CAJUJZ010000123.1_5,False,0.9999039955999266,0.0002,False
JAAYEQ010000039.1_3,False,0.992335898196611,0.0004,False
JAEEJP010000116.1_22,False,0.9967635037214914,0.0002,False
WRBD01000015.1_45,False,0.5356987941355079,0.0,False
USJX01000001.1_22,False,0.8747288973713889,0.0,False
JACOWJ010000021.1_11,False,0.9990613374787731,0.0002,False
JACQWU010000051.1_3,False,0.36644400104103414,0.0,False
JABDLO010000504.1_2,False,0.9886647879120283,0.0006,True
DSSU01000377.1_2,False,0.6813568144356728,0.0,False
MNYW01000007.1_5,False,0.9997083643190336,0.0,False
WYBT01000024.1_156,False,0.997389896073176,0.0006,True
NZ_RXLO01000010.1_36,False,0.9999999670330437,0.0006,True
QCTB01000009.1_32,False,0.9899192433372104,0.0,False
DJVC01000111.1_47,False,0.970209396995666,0.0,False
MWBZ01000015.1_10,False,0.8899106445736098,0.0,False
NZ_JPST01000036.1_91,False,0.9484152614093985,0.0004,False
JAGWXF010000032.1_11,False,0.8271015875769931,0.0004,False
LMZT01000022.1_3,False,0.9824859499452298,0.0002,False
JAFGKQ010000263.1_1,False,0.9758102781573877,0.0,False
DNCN01000120.1_1,False,0.98287529608248,0.0,False
JABMQX010000200.1_3,False,0.8244990023423268,0.0,False
DLPB01000014.1_49,False,0.9603569504556398,0.0,False
CAJUJZ010000085.1_3,False,0.984073279599218,0.0,False
JAAYVF010000109.1_7,False,0.9283521057104789,0.0,False
JACRMA010000010.1_20,False,0.9985780513537875,0.0002,False
PNNP01000059.1_7,False,0.9932415880725236,0.0002,False
PKTG01000003.1_3,False,0.9995819388710073,0.0012,True
NZ_AP018232.1_11,False,0.9641744056142124,0.0,False
JAFYIZ010000021.1_39,False,0.8690032098551228,0.0,False
JAFGIT010000149.1_3,False,0.9975971354264713,0.0002,False
JAFAZD010000327.1_17,False,0.9478615081232891,0.0002,False
JACMRP010000344.1_4,False,0.9199509233041061,0.0,False
NZ_FQVN01000003.1_545,False,0.9560093252812399,0.0,False
NZ_NCSM01000001.1_136,False,0.9948885777872755,0.0008,True
NZ_CP069127.1_4849,False,0.9431038766083066,0.0,False
JAFGTL010000418.1_2,False,0.8783725166999219,0.0,False
LDXN01000020.1_39,False,0.9603031821222023,0.0002,False
NYZA01000153.1_1,False,0.9999486309609013,0.0004,False
JACRMA010000004.1_14,False,0.9994075407345262,0.0002,False
JAGOUY010000005.1_29,False,0.9111939589959486,0.0002,False
JAGXTL010000024.1_10,False,0.999743866661452,0.0014,True
CAIWTR010000596.1_1,False,0.9352441932300037,0.0,False
JAHITZ010000054.1_4,False,0.9908839810096306,0.0004,False
NZ_FQVN01000024.1_10,False,0.8640582979092565,0.0,False
JAHJDJ010000103.1_12,False,0.9451793082874989,0.0004,False
CADCWE010000260.1_7,False,0.9833677415724968,0.0002,False
JAFGEV010000119.1_6,False,0.6467424308146091,0.0002,False
JACRAC010000027.1_8,False,0.9582349913664199,0.0,False
LJUD01000040.1_5,False,0.8034180619415285,0.0,False
PAZD01000057.1_5,False,0.9563137015739883,0.0,False
CAISUK010000482.1_3,False,0.9971004860392636,0.0006,True
JABXHY010000027.1_88,False,0.7681964084323761,0.0,False
LIUI01000089.1_23,False,0.9562925898690939,0.0004,False
BMST01000012.1_267,False,0.9805235642002618,0.0004,False
RFFU01000037.1_25,False,0.9979377926033846,0.0,False
NZ_BDAU01000055.1_9,False,0.9900074246582053,0.0,False
WQSZ01000132.1_2,False,0.8845319684219658,0.0,False
NZ_CP015520.1_142,False,0.9950460040069826,0.0002,False
JAFGTC010000075.1_3,False,0.821549405743038,0.0,False
DITF01000279.1_5,False,0.8856597553569879,0.0,False
SBHG01000173.1_47,False,0.9943539266561582,0.0004,False
NZ_CP015520.1_1743,False,0.6574130302767416,0.0,False
JADJYS010000001.1_359,False,0.992335023737092,0.0,False
JACQWU010000196.1_4,False,0.9018066322901379,0.0,False
JAADHJ010000006.1_127,False,0.9579283845821729,0.0002,False
JADJOY010000022.1_126,False,0.7779127266417976,0.0,False
CAIVGN010000026.1_4,False,0.7628177322807322,0.0,False
PBWH01000029.1_8,False,0.997127894261868,0.0004,False
JACTNB010000022.1_6,False,0.9614794196021491,0.0002,False
DRYD01000011.1_1,False,0.965427405113238,0.0,False
CP036261.1_2245,False,0.9304837542347587,0.0002,False
JACRIV010000008.1_3,False,0.7033052832480263,0.0,False
DLYX01000020.1_6,False,0.773401578901709,0.0,False
JAHITZ010000031.1_1,False,0.9849208630123663,0.0002,False
LJUI01000159.1_5,False,0.8277088574650819,0.0004,False
NZ_LT985324.1_453,False,0.9983340986980553,0.0002,False
WRBD01000006.1_28,False,0.9463048931248785,0.0002,False
DVAE01000035.1_41,False,0.9567791616608897,0.0006,True
JABIXH010000270.1_9,False,0.7655070703565542,0.0004,False
MNYI01000093.1_6,False,0.9855973504492125,0.0,False
NC_018649.1_2046,False,0.9650648147331321,0.0,False
NZ_AP018227.1_2936,False,0.9019838119554157,0.0,False
DLMW01000009.1_10,False,0.9840493024127995,0.0004,False
NZ_JAGGOF010000056.1_27,False,0.9990429066721215,0.0002,False
JACMRP010000379.1_1,False,0.9843983279354157,0.0002,False
DSCM01000133.1_24,False,0.9438294500415858,0.0,False
JAGWXF010000002.1_2,False,0.9999571396047325,0.0012,True
NZ_CP027570.1_75,False,0.9997348320785786,0.0006,True
CP051243.1_1957,False,0.5844538908649258,0.0002,False
PBWH01000006.1_520,False,0.9884748865449096,0.0,False
CAJUJZ010000039.1_18,False,0.9946022064287221,0.0,False
MNYI01000180.1_4,False,0.9858295672749529,0.0004,False
NZ_AGJL01000033.1_3,False,0.7800815476706862,0.0002,False
JABFRY010000381.1_1,False,0.9819337962103213,0.0004,False
LJUD01000256.1_1,False,0.898499175848009,0.0002,False
VMTI01000030.1_3,False,0.990215941461947,0.0,False
QGUP01000116.1_7,False,0.8952025678840982,0.0,False
CAJQMW010000031.1_1,False,0.992031489050018,0.0,False
NZ_JAGGOF010000018.1_9,False,0.9757911405304507,0.0,False
SFNH01000138.1_2,False,0.9090682342138886,0.0,False
DCUM01000205.1_2,False,0.9324529844509749,0.0002,False
PAYP01000094.1_35,False,0.632775223388566,0.0002,False
SLGQ01000247.1_2,False,0.9890737847947935,0.0002,False
JADGDI010000107.1_9,False,0.9996062124662316,0.0,False
VBJS01000005.1_29,False,0.9681520792466796,0.0,False
QCFI01000051.1_8,False,0.9323477616312135,0.0,False
JAFTKO010000033.1_12,False,0.8504381018478355,0.0,False
JWIH01000018.1_109,False,0.9496801465986687,0.0,False
JACQWU010000160.1_3,False,0.9260813424614022,0.0,False
SOJN01000063.1_47,False,0.7589138544287325,0.0,False
AQRW01000157.1_18,False,0.9994975740051955,0.0004,False
NZ_RZMY01000016.1_73,False,0.9831168945825447,0.0002,False
JAGPKD010000144.1_1,False,0.9076775180383602,0.0,False
JACPRG010000006.1_22,False,0.8484427865012579,0.0,False
PAZD01000021.1_41,False,0.9998502922951423,0.0014,True
NZ_JAGI01000002.1_2765,False,0.8760301899887222,0.0,False
SBFR01000187.1_9,False,0.832306758046326,0.0,False
JACPWU010000033.1_13,False,0.9815884776535796,0.0,False
NZ_LMGK01000006.1_62,False,0.8887828576385877,0.0002,False
JADJOY010000018.1_141,False,0.8755964257829444,0.0,False
CAJUHL010000029.1_27,False,0.7229114253491802,0.0,False
PLDF01000132.1_29,False,0.999897638181762,0.0006,True
NZ_JOOE01000003.1_806,False,0.8965906133425869,0.0004,False
CACZFN010000010.1_58,False,0.9325017416755287,0.0,False
VMTI01000060.1_3,False,0.9989095180003589,0.001,True
JACIXQ010000035.1_10,False,0.9915905199164852,0.0,False
DF820460.1_95,False,0.7687169254793095,0.0,False
WJOT01000124.1_16,False,0.9858677905361813,0.0,False
DSWB01000471.1_12,False,0.8610219484688123,0.0,False
JAFZBN010000003.1_93,False,0.9776097269706036,0.0002,False
NZ_LBMK01000003.1_459,False,0.8080159625227726,0.0002,False
DITF01000282.1_17,False,0.8435846273965473,0.0,False
DREG01000385.1_3,False,0.7764379283421532,0.0,False
SXND01000141.1_9,False,0.8505248546889911,0.0,False
NZ_JADWYU010000215.1_6,False,0.6898585928689165,0.0002,False
QMTU01000089.1_2,False,0.9473690348719698,0.0,False
NZWP01000016.1_14,False,0.990031104855287,0.0,False
NZ_LBMK01000002.1_1025,False,0.9985247664480782,0.0,False
JABWBZ010000066.1_9,False,0.8903444087793875,0.0002,False
DREG01000138.1_2,False,0.9999476102991666,0.0004,False
WBXH01000012.1_36,False,0.9988970851041108,0.0002,False
CAAETL010000228.1_3,False,0.9620909788377441,0.0,False
JAFRZH010000004.1_8,False,0.7701917237789537,0.0,False
JAEEIL010000026.1_23,False,0.8183395506202829,0.0002,False
JACPSX010000200.1_1,False,0.9303161930708829,0.0,False
NZ_KZ293963.1_2473,False,0.9970778927650887,0.0006,True
QHSL01000038.1_21,False,0.9981277653945666,0.0004,False
CAJUHL010000181.1_2,False,0.9162688908441157,0.0,False
NZ_BDAU01000049.1_27,False,0.9401023257389037,0.0006,True
WSZW01000135.1_7,False,0.9977309386328682,0.0004,False
DF820462.1_156,False,0.9313422915427294,0.0,False
CAIQVJ010000005.1_13,False,0.9999264806334701,0.0006,True
QNDJ01000492.1_1,False,0.9506262008897934,0.0,False
NC_011661.1_743,False,0.9748605731565867,0.0,False
JAAYCF010000314.1_1,False,0.8984124230068534,0.0002,False
NZ_FKIP01001262.1_2,False,0.8004684653422399,0.0,False
JAFGJP010000095.1_8,False,0.8906914201440097,0.0,False
RFIY01000289.1_3,False,0.9714557103704743,0.0,False
NZ_JAFCMM010000007.1_207,False,0.9972305060357324,0.0004,False
MGQK01000045.1_30,False,0.9483538744239435,0.0002,False
JAFAZD010000376.1_16,False,0.9895688845372749,0.0,False
CAIWRR010000109.1_1,False,0.9865082645050125,0.0004,False
CAILUR010000268.1_1,False,0.9999932754454308,0.0002,False
BMST01000007.1_13,False,0.918930272270527,0.0006,True
WBXH01000024.1_20,False,0.9605945686630508,0.0002,False
NZ_JADWYU010000136.1_60,False,0.8736878632775223,0.0,False
WSXW01000001.1_40,False,0.988278575711611,0.0002,False
JAHIPN010000171.1_1,False,0.9993141379994497,0.0004,False
MGDH01000011.1_100,False,0.2456840461525115,0.0,False
DDYN01000005.1_24,False,0.9961372511634045,0.0002,False
CP051243.1_1931,False,0.9965848451593392,0.0006,True
MWCD01000032.1_15,False,0.9105137670777773,0.0004,False
DSCM01000101.1_1,False,0.9604429814937456,0.0,False
PLPI01000059.1_11,False,0.8633642751800121,0.0002,False
JACPHL010000142.1_12,False,0.9796492396542302,0.0,False
QMNP01000010.1_3,False,0.8806280905699662,0.0,False
MFAF01000035.1_3,False,0.9999999950765249,0.0006,True
NZ_BAEO01000065.1_139,False,0.830398195540904,0.0,False
JAFANK010000343.1_2,False,0.9974697623435833,0.0004,False
PLYD01000231.1_1,False,0.982832164110098,0.0,False
CP036261.1_4086,False,0.997489277624973,0.0002,False
AQRW01000153.1_18,False,0.9793022085761605,0.0002,False
JADJOY010000025.1_154,False,0.9886718077896204,0.0006,True
LCRX01000015.1_25,False,0.9974175851928162,0.0002,False
JAFGGD010000031.1_7,False,0.8005552181833955,0.0002,False
NZ_CP021081.1_1881,False,0.865706601891212,0.0,False
PAYP01000070.1_61,False,0.9938873804731403,0.0002,False
MWBZ01000013.1_1,False,0.9036247304725749,0.0,False
NZ_PJIN01000051.1_1,False,0.9885293439143196,0.0008,True
JACRMA010000028.1_4,False,0.998606947900828,0.0004,False
JAFANK010000035.1_10,False,0.6558514791359417,0.0002,False
JACPAV010000022.1_54,False,0.9095595386430315,0.0,False
RFIY01000265.1_1,False,0.9805232048182655,0.0,False
JAFGTC010000028.1_2,False,0.9044463328274402,0.0,False
JAHKBB010000024.1_3,False,0.9815848676469127,0.0002,False
JAFGIT010000035.1_1,False,0.8745553916890778,0.0,False
URUF01000003.1_61,False,0.872039559295567,0.0,False
JAFKJK010000008.1_271,False,0.9418166109121947,0.0,False
CP051243.1_2657,False,0.9164201171764799,0.0002,False
DLTY01000043.1_59,False,0.9977189459140576,0.0002,False
JAHJDR010000377.1_3,False,0.9995260380982125,0.0004,False
JAGPNE010000002.1_126,False,0.8628437581330789,0.0,False
NZ_CP015520.1_923,False,0.9979951428796261,0.0006,True
JAGWXF010000002.1_35,False,0.9964347591931588,0.0004,False
JACRIV010000131.1_1,False,0.8899106445736098,0.0,False
PLFD01000004.1_8,False,0.957599173366472,0.0,False
PLPI01000063.1_6,False,0.857638587663746,0.0,False
NZ_CP029480.1_1768,False,0.9423969683276631,0.0004,False
NZ_AWRU01000005.1_72,False,0.9985650779640602,0.0004,False
JAHJDR010000176.1_6,False,0.9997314132607127,0.0002,False
JAGOBX010000592.1_1,False,0.7311529452589572,0.0002,False
NZ_JAFCMM010000007.1_274,False,0.7709724993493537,0.0002,False
NZ_FKIP01001134.1_9,False,0.8831439229634771,0.0,False
RFIY01000146.1_15,False,0.9960216436079227,0.0002,False
WTCB01000085.1_8,False,0.9782333964581269,0.0,False
DITF01000045.1_2,False,0.9164984851906343,0.0,False
JAFGKQ010000312.1_1,False,0.9540167029242028,0.0004,False
NZ_CP015423.1_892,False,0.9993495159406809,0.0004,False
CAJQMW010000409.1_6,False,0.9140005816591495,0.0004,False
PMZC01000282.1_6,False,0.9787928069786075,0.0,False
PWOD01000134.1_15,False,0.9985550489579987,0.0002,False
CAIVOB010000022.1_6,False,0.9971079631061758,0.0,False
QCTB01000020.1_25,False,0.9842778879356728,0.0,False
AQRW01000144.1_8,False,0.9651027257940685,0.0002,False
JACPUC010000018.1_40,False,0.8608484427865013,0.0,False
JACIXG010000095.1_7,False,0.9542926259954927,0.0,False
NC_011661.1_348,False,0.9866566629099075,0.0,False
NZ_WEZQ01000006.1_20,False,0.9360118423641595,0.0,False
NZ_RZMY01000018.1_177,False,0.7206558514791359,0.0,False
NZ_LT907975.1_3251,False,0.9984504712867912,0.0016,True
DHPR01000010.1_53,False,0.9298512845959758,0.0,False
DSWB01000271.1_5,False,0.8688297041728117,0.0,False
JAFGIQ010000136.1_4,False,0.9697350165964542,0.0,False
QNDJ01000415.1_2,False,0.989016562540019,0.0,False
DTLL01000043.1_3,False,0.9999315819601488,0.0008,True
QNVD01000131.1_2,False,0.6918539082154941,0.0,False
DEYK01000004.1_1,False,0.935529324001619,0.0,False
CAIVGN010000102.1_15,False,0.95962975324494,0.0,False
NVVD01000007.1_24,False,0.9703018645325012,0.0,False
NZ_FZMR01000026.1_21,False,0.9872096195884237,0.0,False
NZ_RXLO01000002.1_369,False,0.9993781304038732,0.0002,False
NC_014926.1_1704,False,0.8922529712848096,0.0,False
MVCZ01000137.1_1,False,0.7755703999305977,0.0,False
JAFSDM010000031.1_40,False,0.9979409115544754,0.0,False
DSWB01000018.1_7,False,0.509586188947688,0.0,False
QMNL01000092.1_2,False,0.8067146699054394,0.0,False
PLDF01000467.1_14,False,0.7522338856597554,0.0,False
JAEEJP010000027.1_11,False,0.9999999384585364,0.0002,False
JACQPJ010000035.1_73,False,0.8806280905699662,0.0,False
JABDLO010000032.1_1,False,0.9105582063543681,0.0,False
JACIXR010000007.1_8,False,0.8519129001474798,0.0,False
JAFAZD010000038.1_8,False,0.9780564855373692,0.0,False
NZ_JAGI01000002.1_313,False,0.9994604438125768,0.0,False
OMZR01000045.1_1,False,0.9727411510138787,0.0004,False
BMST01000017.1_52,False,0.9990983455272735,0.0004,False
JABDLO010000073.1_1,False,0.9455708296303663,0.0,False
DSCM01000102.1_20,False,0.9588897893953807,0.0002,False
SXND01000256.1_31,False,0.9710526288211552,0.0,False
PLDF01000050.1_2,False,0.97631472238796,0.0,False
JAGXKI010000014.1_16,False,0.7599548885225991,0.0004,False
JACRAC010000057.1_11,False,0.8796738093172551,0.0,False
JAFYIZ010000013.1_5,False,0.9993943788165474,0.0,False
CAJMJN010000003.1_57,False,0.882970417281166,0.0,False
MFPR01000024.1_36,False,0.9402618458489794,0.0,False
MNUP01000060.1_10,False,0.9642019494523111,0.0,False
NZ_KZ293963.1_3224,False,0.9168181415575107,0.0,False
JABMRT010000137.1_6,False,0.48607616899453454,0.0,False
DCUM01000146.1_22,False,0.9993470381091819,0.0006,True
WLFD01000036.1_17,False,0.9996861210070471,0.0006,True
JAFTSJ010000020.1_5,False,0.6890778172985166,0.0,False
JAFUYQ010000015.1_79,False,0.8351696018044591,0.0,False
MWCD01000008.1_20,False,0.9989638215484355,0.001,True
JAHITZ010000033.1_2,False,0.6738960700962957,0.0,False
CAIVGN010000100.1_11,False,0.9250922787228244,0.0,False
CAIWTR010000681.1_2,False,0.9418302059641215,0.0,False
PLDF01000448.1_11,False,0.9874221658227283,0.0004,False
JAFRSI010000136.1_5,False,0.997708696192513,0.0004,False
NZ_NCSM01000009.1_75,False,0.9697494268438047,0.0,False
NZ_CAJFNR010000004.1_43,False,0.9998421057843163,0.0,False
JACRPW010000044.1_48,False,0.9946991335683211,0.0002,False
NZ_NCSM01000034.1_77,False,0.9999489225352004,0.0002,False
CAIVGN010000015.1_1,False,0.9873576562900673,0.0,False
PMZC01000285.1_6,False,0.9715702286729737,0.0,False
NC_014926.1_173,False,0.9781420343712939,0.0002,False
JWIH01000010.1_173,False,0.9392024276616785,0.0,False
MVCZ01000166.1_10,False,0.9864661984702622,0.0002,False
JAGWYZ010000012.1_5,False,0.9150777205261688,0.0,False
URWG01000075.1_5,False,0.9999892442801998,0.0002,False
NZ_LT907975.1_1914,False,0.9957109615973796,0.0002,False
DIVR01000045.1_124,False,0.9353448344536801,0.0,False
NZ_AWRU01000015.1_183,False,0.9808489899388528,0.0,False
JAHJLF010000053.1_1,False,0.726208033313091,0.0,False
PMWA01000124.1_15,False,0.9666086630364769,0.0002,False
DHHE01000012.1_1,False,0.9996389926401297,0.0,False
DLYX01000460.1_12,False,0.8301379370174373,0.0,False
MWCD01000050.1_14,False,0.831352476793615,0.0,False
VXMB01000007.1_482,False,0.98932154737233,0.0004,False
NZ_BDAU01000044.1_48,False,0.7846794482519303,0.0,False
NZ_FZMR01000005.1_14,False,0.9154298855276315,0.0,False
NZ_FKIP01001207.1_6,False,0.9999120094852684,0.0002,False
CAIQVJ010000041.1_25,False,0.9864387371093111,0.0002,False
WUAI01000006.1_14,False,0.9962004560939297,0.0,False
SVSB01000021.1_40,False,0.9564181736948159,0.0,False
DSWB01000312.1_1,False,0.9755353200506649,0.0,False
JACIXS010000123.1_40,False,0.99659071864582,0.0,False
QNDJ01000216.1_2,False,0.9892086134922934,0.0,False
JAFGIQ010000159.1_4,False,0.8236314739307712,0.0,False
JABDHD010000011.1_5,False,0.9984498968679275,0.001,True
VGJA01000110.1_2,False,0.8637112865446344,0.0,False
DSSB01000184.1_4,False,0.9530807742017264,0.0,False
USIB01000084.1_5,False,0.9991800253136351,0.0002,False
PLDF01000015.1_17,False,0.8717793007721003,0.0,False
DF820455.1_84,False,0.9551703994356502,0.0002,False
NZ_FQVN01000003.1_97,False,0.7511928515658888,0.0,False
CAJMJN010000001.1_50,False,0.8130476273097944,0.0,False
JAGWYZ010000033.1_23,False,0.9541858562210006,0.0002,False
CP002988.1_20,False,0.8787195280645441,0.0,False
CAIVGN010000178.1_15,False,0.6752841155547844,0.0,False
JABDLO010000067.1_3,False,0.9813877259150706,0.0006,True
NZ_CP021081.1_1992,False,0.9998552748943251,0.0,False
JAFGIQ010000082.1_4,False,0.8164309881148608,0.0004,False
VMTI01000184.1_5,False,0.9979144208951273,0.0006,True
NC_021031.1_964,False,0.9935142224187794,0.0002,False
JACIXS010000115.1_4,False,0.8669211416673896,0.0006,True
CAILUR010000033.1_5,False,0.9235731049240429,0.0002,False
DITF01000248.1_8,False,0.9573781734425011,0.0,False
CAJUIP010000004.1_11,False,0.9995717008444306,0.0004,False
SXND01000087.1_47,False,0.958125804196737,0.0,False
KI543218.1_35,False,0.9822160187655657,0.0,False
JABWCD010000004.1_261,False,0.9158494028000665,0.0,False
SXND01000280.1_35,False,0.9845026705249791,0.0002,False
PLDF01000311.1_6,False,0.9140875114716099,0.0,False
JACRLM010000033.1_2,False,0.7289841242300685,0.0,False
LKMX01000003.1_27,False,0.5789017090309707,0.0,False
JAFGEX010000316.1_4,False,0.890257655938232,0.0,False
JABLWY010000001.1_224,False,0.8869610479743212,0.0,False
QZKI01000114.1_16,False,0.9505414500765924,0.0,False
WSXW01000006.1_8,False,0.7730545675370868,0.0,False
SICP01000021.1_13,False,0.9843239924327822,0.0,False
WQSZ01000129.1_7,False,0.9169050830235036,0.0,False
BMST01000006.1_31,False,0.9704663185594319,0.0,False
KI543216.1_122,False,0.9922595396063123,0.0006,True
CAIWRR010000084.1_10,False,0.9674452517350961,0.0,False
OMZR01000036.1_46,False,0.9878390931223091,0.0,False
JAFAZD010000038.1_27,False,0.9068392130370418,0.0002,False
JAFAZD010000197.1_6,False,0.9905852236767431,0.0004,False
NZ_NCSM01000029.1_8,False,0.9986704709267988,0.0008,True
JAAYVF010000025.1_35,False,0.9397423649077735,0.0,False
LJUI01000126.1_3,False,0.9903627935604837,0.0002,False
NZ_LT907975.1_3175,False,0.9546850430719324,0.0004,False
VGJA01000019.1_11,False,0.938715726627442,0.0004,False
NZ_JH815593.1_545,False,0.6876030189988722,0.0,False
JAHJDO010000130.1_11,False,0.9829153507233028,0.0,False
JABMQX010000876.1_5,False,0.9928400559642409,0.0,False
NZ_BDAU01000042.1_25,False,0.9917798227941875,0.0,False
WYBT01000021.1_68,False,0.9117103920589803,0.0,False
JADHWT010000038.1_2,False,0.9881961503800585,0.0,False
NZUQ01000081.1_16,False,0.949575952479728,0.0,False
JAAYCF010000038.1_1,False,0.9925975121844347,0.0002,False
DSNQ01000045.1_8,False,0.8218964171076603,0.0,False
NZ_CP012328.1_420,False,0.9999883375437375,0.0,False
JAHIKO010000057.1_22,False,0.8304849483820596,0.0,False
JADGDI010000001.1_88,False,0.8119198403747723,0.0002,False
SXND01000049.1_16,False,0.863190769497701,0.0,False
PKWQ01000302.1_3,False,0.992495574092622,0.0,False
JAHJDJ010000307.1_5,False,0.7794742777825974,0.0,False
JAFGTC010000285.1_3,False,0.9854489370515108,0.0002,False
PAQS01000016.1_4,False,0.9161337786339229,0.0,False
NZ_PTQW01000019.1_40,False,0.5038605014314219,0.0,False
NZ_VFPQ01000001.1_4281,False,0.9999528755771029,0.0002,False
RFHX01000214.1_3,False,0.9914240181267292,0.0006,True
JACRLM010000031.1_146,False,0.7151904224863365,0.0,False
PAYP01000024.1_7,False,0.8647523206385009,0.0,False
JAAYZI010000268.1_4,False,0.9592788408217794,0.0002,False
OMZR01000046.1_3,False,0.8757699314652555,0.0004,False
NZ_CP016279.1_9026,False,0.8545154853821463,0.0,False
QZKU01000050.1_1,False,0.9703297793270474,0.0002,False
PKWQ01000255.1_4,False,0.9419350266469887,0.0002,False
JACRJN010000183.1_16,False,0.996017318494862,0.0002,False
CADCWE010000197.1_1,False,0.7528411555478441,0.0,False
AQRW01000183.1_25,False,0.9980517481546343,0.0006,True
CAJUKE010000012.1_24,False,0.834996096122148,0.0,False
JACPRG010000146.1_18,False,0.944691806594666,0.0,False
CADBLV010000107.1_8,False,0.9965263553438082,0.0,False
CAJQMW010000322.1_1,False,0.9972164211602037,0.0002,False
URUF01000045.1_16,False,0.9994545801266158,0.0008,True
WQSZ01000036.1_6,False,0.7846794482519303,0.0,False
NZ_BNCD01000004.1_208,False,0.991734060952009,0.0006,True
JACCUF010000051.1_5,False,0.9992554752423232,0.0004,False
SXND01000199.1_5,False,0.9999999077241736,0.0008,True
PWHN01000092.1_13,False,0.9902555722771721,0.0002,False
JACCUF010000289.1_7,False,0.8208553830137937,0.0,False
NZ_JOOE01000001.1_552,False,0.9167772938976592,0.0,False
DIFC01000015.1_6,False,0.9663539064924894,0.0,False
JABWBZ010000138.1_6,False,0.9957064679238996,0.0,False
WJKZ01000284.1_1,False,0.991939648572027,0.0004,False
MGDH01000029.1_61,False,0.8375119285156589,0.0,False
LQMQ01000002.1_10,False,0.6843064110349614,0.0004,False
JAATVM010000175.1_2,False,0.9542942352758157,0.0,False
NZ_CP015520.1_2075,False,0.9312227215862863,0.0002,False
NZ_BJKN01000002.1_682,False,0.7216101327318469,0.0002,False
NZ_CP027570.1_2099,False,0.992530859543897,0.0,False
DTOT01000108.1_7,False,0.9969348826021169,0.0,False
DSSU01000129.1_2,False,0.9414015663636083,0.0002,False
JABWCP010000009.1_96,False,0.7439056129088227,0.0,False
NZ_NCSM01000007.1_228,False,0.9617644490611506,0.0002,False
JABDLO010000181.1_2,False,0.9889661655891455,0.0,False
PBWH01000026.1_84,False,0.9778424469469047,0.0,False
CADCCW010000003.1_68,False,0.9565080610808525,0.0,False
NZ_LT985324.1_1123,False,0.9995752388006871,0.0006,True
AQRW01000125.1_4,False,0.9014024695607058,0.0,False
MFGS01000135.1_3,False,0.8834909343280992,0.0,False
JABDHD010000056.1_4,False,0.9625225273450551,0.0,False
CAISUK010000693.1_2,False,0.9451451024481035,0.0,False
JAEOSL010000115.1_12,False,0.7264682918365577,0.0,False
JADHWK010000058.1_6,False,0.6561984905005639,0.0,False
NZ_AGJL01000057.1_8,False,0.9127944228931579,0.0,False
DSUT01000112.1_3,False,0.7289841242300685,0.0,False
NZ_AP018227.1_1909,False,0.9760302592085748,0.0,False
JACOUC010000020.1_37,False,0.9997435089339131,0.0,False
DCAZ01000141.1_51,False,0.978277798235989,0.0002,False
JAAOXU010000031.1_9,False,0.6721610132731847,0.0,False
NZ_FRCD01000006.1_161,False,0.740782510627223,0.0,False
PLFD01000042.1_103,False,0.9972504365485287,0.0,False
NZ_CP015520.1_1109,False,0.8788930337468552,0.0002,False
QJVW01000088.1_1,False,0.97036798405594,0.0002,False
CAJUJZ010000140.1_3,False,0.9829042254858333,0.0002,False
NZ_KB290702.1_22,False,0.9804217894021212,0.0,False
NZ_RXLO01000003.1_21,False,0.9263607302570617,0.0006,True
SLGQ01000118.1_4,False,0.9900156285881907,0.0,False
JACIXR010000001.1_180,False,0.9988255435472064,0.0,False
DMSQ01000104.1_12,False,0.9673111753839121,0.0,False
CAJUIP010000007.1_57,False,0.9475419861894305,0.0002,False
SBFR01000165.1_10,False,0.963948299371868,0.0,False
NZWP01000011.1_1,False,0.9302541621429,0.0,False
NZ_AGJL01000002.1_3,False,0.9862217925811282,0.0,False
DLGL01000058.1_28,False,0.881061854775744,0.0,False
MGQK01000125.1_61,False,0.9284909422583457,0.0002,False
PAZD01000059.1_27,False,0.9468102738213559,0.0002,False
PKWQ01000064.1_5,False,0.9999998838990304,0.0006,True
JABWBZ010000108.1_4,False,0.8248460137069489,0.0,False
NZ_JAFCMM010000001.1_1333,False,0.9689770210894599,0.0004,False
PLFD01000048.1_9,False,0.9195301083170081,0.0,False
DAPM01000016.1_12,False,0.6450941268326538,0.0,False
DDWC01000147.1_4,False,0.9999998849097971,0.0002,False
JAFGWL010000042.1_25,False,0.9926057009387279,0.0002,False
WJLY01000152.1_3,False,0.9828788003002091,0.0,False
WFTM01000198.1_2,False,0.9879290386264252,0.0,False
PLPI01000117.1_21,False,0.36679101240565626,0.0,False
WFTM01000035.1_2,False,0.9855437094782854,0.0,False
DLGL01000035.1_10,False,0.8094907608224169,0.0,False
NZ_CP029480.1_2684,False,0.6610566496052745,0.0002,False
CAIQVJ010000023.1_2,False,0.9974818356421128,0.0004,False
CAJUKE010000027.1_17,False,0.991489423531472,0.0,False
NZ_JAAIPW010000013.1_40,False,0.9817305274425258,0.0,False
NZ_JAFCMM010000003.1_616,False,0.9131416490284613,0.0,False
JAAYCL010000021.1_1,False,0.9999787416430472,0.0002,False
PLYD01000044.1_4,False,0.8558167779994795,0.0,False
CADCWE010000004.1_11,False,0.9913931543577261,0.0,False
MFGS01000018.1_3,False,0.9566375202738068,0.0,False
JAHJSX010000086.1_5,False,0.741563286197623,0.0,False
NZ_VFPQ01000001.1_2116,False,0.984067770571062,0.0002,False
SOJN01000094.1_50,False,0.5598160839767502,0.0,False
JAERTH010000174.1_7,False,0.9908267327418854,0.0002,False
MWCD01000077.1_1,False,0.8949423093606316,0.0,False
QMOQ01000067.1_3,False,0.9489997907950048,0.0,False
SOJN01000038.1_9,False,0.7930944738440184,0.0002,False
JAGOEH010000022.1_19,False,0.9995932672305285,0.0002,False
USJX01000002.1_57,False,0.8187733148260605,0.0,False
MWCD01000067.1_2,False,0.9996390293423193,0.0,False
NZ_BDAU01000009.1_216,False,0.9512524852405516,0.0002,False
JACIXQ010000001.1_18,False,0.9372774691197943,0.0,False
DITF01000102.1_7,False,0.8471414938839247,0.0,False
JABWCQ010000011.1_72,False,0.9991607693701842,0.0,False
NZ_SJCO01000129.1_1,False,0.9998193271687855,0.0002,False
CP002988.1_1358,False,0.9999997257837487,0.0002,False
CAIOLV010000092.1_7,False,0.9866039871495026,0.0008,True
JAGWXF010000008.1_16,False,0.9538509847794863,0.0,False
PAYP01000111.1_22,False,0.8765507070356554,0.0,False
MVCR01000086.1_1,False,0.9737379602516152,0.0,False
JAAYEQ010000030.1_29,False,0.865706601891212,0.0006,True
CP054183.1_1138,False,0.9731481999343465,0.0,False
MWBZ01000285.1_2,False,0.8184263034614384,0.0,False
PLDF01000233.1_1,False,0.8296174199705041,0.0002,False
JAFGCY010000087.1_3,False,0.864925826320812,0.0,False
NC_014926.1_693,False,0.9098480721960983,0.0,False
JADJOY010000031.1_15,False,0.9999998876321068,0.0002,False
CACYFZ010000021.1_28,False,0.8429773575084584,0.0,False
JAFGGD010000059.1_75,False,0.9975945441708567,0.0,False
CAISUK010000638.1_1,False,0.9645425852456955,0.0,False
DAPM01000012.1_5,False,0.9878160384146975,0.0,False
JAHJSD010000103.1_1,False,0.947120800469309,0.0002,False
ONXP01000042.1_10,False,0.9896126998950788,0.0,False
JACCUF010000283.1_3,False,0.9961282700343562,0.0,False
QIFF01000282.1_3,False,0.717012232150603,0.0,False
NZ_LMGK01000011.1_8,False,0.9997429559970622,0.0002,False
JABMQX010000747.1_1,False,0.9673824191637227,0.0,False
JADHWK010000001.1_180,False,0.9764738669009398,0.0,False
DLYX01000241.1_1,False,0.9653810121533057,0.0002,False
JAAZOE010000530.1_1,False,0.9492750341655112,0.0,False
WLOP01000007.1_70,False,0.897544894595298,0.0002,False
JAFGTL010000399.1_3,False,0.8238049796130823,0.0,False
DHHE01000025.1_5,False,0.9109094119832994,0.0,False
NC_014654.1_562,False,0.9937965550030542,0.0,False
JACMRP010000384.1_1,False,0.7321072265116683,0.0,False
URWG01000087.1_6,False,0.9495239899563422,0.0,False
QGUP01000011.1_1,False,0.9690767213225537,0.0002,False
JACMRP010000322.1_4,False,0.8742083803244556,0.0002,False
QGUP01000007.1_14,False,0.9277770442039233,0.0002,False
NZ_FQVN01000003.1_108,False,0.9880966825979014,0.0,False
JADGAT010000021.1_20,False,0.8021167693241954,0.0002,False
VMTI01000254.1_4,False,0.29296434458228515,0.0,False
DSKM01000004.1_69,False,0.803157803418062,0.0,False
NZ_CP015423.1_3031,False,0.6795350047714063,0.0,False
JABWCD010000001.1_192,False,0.9225656245024145,0.0,False
JAGVWA010000009.1_11,False,0.708944217923137,0.0,False
PLYD01000256.1_4,False,0.8686561984905006,0.0,False
DIVR01000022.1_41,False,0.9999977590437619,0.0004,False
PLPI01000069.1_5,False,0.683612388305717,0.0,False
KI543196.1_94,False,0.9963399325166343,0.0002,False
DMSQ01000027.1_67,False,0.9215027631696112,0.0002,False
NZ_LR216287.1_149,False,0.8633642751800121,0.0,False
WFTM01000339.1_11,False,0.9570706188279143,0.0002,False
WLFD01000025.1_8,False,0.9733965650160826,0.0002,False
LJUD01000108.1_1,False,0.9590843310430388,0.0004,False
NZ_CP069127.1_4402,False,0.999423473218807,0.0,False
NZ_NCSM01000057.1_207,False,0.7610826754576212,0.0,False
MHDQ01000293.1_4,False,0.8786327752233886,0.0,False
NZ_CP016279.1_4308,False,0.998931930641106,0.0002,False
JAFAZD010000182.1_6,False,0.8383794569272144,0.0,False
MNYW01000117.1_19,False,0.9799449106485728,0.0,False
JACOWJ010000030.1_16,False,0.861282206992279,0.0,False
JACMRP010000226.1_5,False,0.6505595558254533,0.0,False
SXND01000180.1_1,False,0.9933191692811052,0.0,False
MFPR01000001.1_141,False,0.8673549058731673,0.0,False
JAFGTC010000062.1_2,False,0.9261540784245911,0.0002,False
JABFGF010000007.1_148,False,0.8481825279777913,0.0,False
JACQWU010000156.1_13,False,0.9622996976484757,0.0002,False
NZ_SGXC01000002.1_366,False,0.9077899684799217,0.0,False
JAGYNK010000090.1_2,False,0.9546864110969284,0.0,False
QZKU01000082.1_4,False,0.7462479396200226,0.0,False
AQRW01000190.1_45,False,0.9996378517861644,0.0,False
NZ_JH379003.1_27,False,0.9387183477124139,0.0,False
CAJOEW010000028.1_14,False,0.9835978007793033,0.0,False
CAIVGN010000010.1_12,False,0.978135446995668,0.0,False
JAAYXC010000056.1_3,False,0.9906420491972957,0.0006,True
MVCR01000040.1_13,False,0.9976856373228089,0.0002,False
NZ_FCNU01000011.1_61,False,0.7315867094647349,0.0,False
NZ_JPST01000014.1_12,False,0.8265810705300599,0.0,False
PLDF01000311.1_18,False,0.9871260731108822,0.0,False
NZ_CP016279.1_4442,False,0.9850603367186581,0.0,False
NZ_CP007062.1_415,False,0.9993115475530168,0.0004,False
NZ_CP016279.1_6694,False,0.9996261131722183,0.0002,False
JABXHY010000030.1_15,False,0.9871034270363164,0.0006,True
JADHUQ010000017.1_2,False,0.8787195280645441,0.0,False
QZKI01000038.1_5,False,0.8832306758046325,0.0002,False
JACPRG010000148.1_30,False,0.9992285927367374,0.0002,False
JACOWJ010000025.1_33,False,0.8504381018478355,0.0,False
MWCZ01000003.1_14,False,0.9969462129817179,0.0,False
CAJMJN010000030.1_9,False,0.999651916528595,0.0,False
JAFGGD010000041.1_33,False,0.9656201887288971,0.0,False
JABDHD010000034.1_21,False,0.9990580711731988,0.0004,False
VMTI01000007.1_5,False,0.7930077210028629,0.0,False
JAFGTC010000200.1_2,False,0.9598905903254461,0.0,False
JWIH01000020.1_352,False,0.9391912886980556,0.0,False
NYZA01000076.1_5,False,0.9922551382800459,0.0,False
NZ_JAGI01000002.1_1033,False,0.9677093976267478,0.0002,False
NZ_PVNS01000007.1_108,False,0.9899630628411383,0.0002,False
MFGS01000138.1_11,False,0.7524073913420665,0.0,False
DREG01000361.1_2,False,0.983593451094048,0.0004,False
NZ_LMIV01000001.1_1592,False,0.9960624556722586,0.0,False
PMZC01000051.1_1,False,0.9819671610412628,0.0,False
PKWQ01000306.1_8,False,0.8123536045805501,0.0,False
JAADIA010000093.1_1,False,0.9128027746778877,0.0002,False
NZ_PJIN01000008.1_77,False,0.9966015949998851,0.0,False
JACIXQ010000154.1_1,False,0.9238968781408792,0.0,False
SOJN01000110.1_18,False,0.935962589359092,0.0,False
NC_014926.1_1417,False,0.9240151021925493,0.0,False
JACPUR010000001.1_288,False,0.7730545675370868,0.0004,False
PUNC01000242.1_15,False,0.9891072137982252,0.0004,False
NZ_LT907975.1_2187,False,0.999883204567016,0.0002,False
SXND01000087.1_60,False,0.5118417628177323,0.0,False
JAGYNK010000017.1_8,False,0.9729161501328193,0.0002,False
JAGWYZ010000459.1_2,False,0.9979935526756835,0.0004,False
JACQPJ010000012.1_17,False,0.8572915762991238,0.0,False
NZ_CP014223.1_236,False,0.9324623273245045,0.0,False
NZ_BNCD01000007.1_228,False,0.9996473220222195,0.0,False
PBWH01000006.1_101,False,0.9145172361216072,0.0,False
DCUM01000065.1_1,False,0.8597206558514792,0.0,False
JAFGBW010000272.1_4,False,0.9972272112001234,0.0006,True
PLYD01000287.1_10,False,0.9823491696748764,0.0002,False
JABDLO010000348.1_1,False,0.9069640286895932,0.0002,False
NZ_CP021084.1_251,False,0.8492235620716578,0.0002,False
JAAYRV010000139.1_11,False,0.9294385660779572,0.0,False
NZ_CP029480.1_2289,False,0.9663368843315004,0.0006,True
MWBZ01000039.1_20,False,0.9132094998358885,0.0,False
LJUD01000068.1_9,False,0.9993086699535371,0.0,False
NZ_LT907975.1_658,False,0.9910659622898063,0.0004,False
LSMY01000001.1_90,False,0.9377832908019001,0.0,False
NZ_JACJQY010000015.1_34,False,0.9693188265076085,0.0,False
OMZR01000045.1_4,False,0.9506529866888438,0.0008,True
DCHV01000026.1_5,False,0.8528671814001909,0.0002,False
NZ_CP029480.1_1530,False,0.9894778454543863,0.0,False
NC_017096.1_102,False,0.9779049161995489,0.0,False
JAFGAQ010000024.1_11,False,0.973340581954673,0.0,False
NZ_BMLQ01000007.1_115,False,0.9865452269202887,0.0006,True
JAFGDH010000038.1_12,False,0.9982970886530834,0.0002,False
JACCUF010000249.1_6,False,0.9980727970085523,0.0002,False
CP002988.1_140,False,0.9243025846890971,0.0002,False
NZ_QHKX01000002.1_583,False,0.8572915762991238,0.0,False
CAJUIP010000019.1_67,False,0.9797990046165345,0.0,False
JAAYZI010000352.1_9,False,0.9162463899535858,0.0,False
NZ_JAFCMM010000001.1_1570,False,0.9501950967387733,0.0002,False
QHSL01000016.1_27,False,0.951932464013464,0.0,False
WVXK01000058.1_21,False,0.9999994845218304,0.0002,False
CAIVDM010000016.1_46,False,0.8939880281079206,0.0,False
JAAYVF010000029.1_49,False,0.829443914288193,0.0,False
JADQBH010000285.1_2,False,0.9754748691892366,0.0002,False
JAADFP010000039.1_5,False,0.8374251756745034,0.0002,False
PAQS01000019.1_115,False,0.7572655504467771,0.0,False
JACPQY010000050.1_17,False,0.6260085017784333,0.0,False
JABDHD010000071.1_5,False,0.686301726381539,0.0,False
PWNJ01000027.1_7,False,0.8362973887394812,0.0002,False
PAYP01000059.1_27,False,0.9694174779085685,0.0,False
DTCJ01000047.1_12,False,0.9980554397722182,0.0004,False
QMTU01000010.1_15,False,0.7846794482519303,0.0,False
WJLY01000321.1_1,False,0.9999191247570325,0.0002,False
DITF01000096.1_1,False,0.999272713835087,0.0004,False
SHMX01000004.1_214,False,0.8792400451114774,0.0,False
PAQS01000046.1_26,False,0.968185402989026,0.0,False
JAADIC010000245.1_1,False,0.8298776784939706,0.0,False
JACMRP010000210.1_1,False,0.9164144130534321,0.0,False
VBOW01000028.1_30,False,0.9448026668649342,0.0,False
JAGPNE010000004.1_115,False,0.8497440791185912,0.0,False
JACIXG010000010.1_15,False,0.9959453716498203,0.0008,True
CACZFN010000012.1_11,False,0.9326576061090007,0.0,False
SBFR01000246.1_3,False,0.9897042894666283,0.0,False
PLDF01000151.1_83,False,0.9999997095455357,0.0004,False
QIFF01000143.1_3,False,0.9743717142013104,0.0002,False
JAHJDR010000127.1_1,False,0.926943190954184,0.0002,False
WLFD01000044.1_17,False,0.9715349355419483,0.0002,False
JAEOSL010000165.1_5,False,0.9648336447816906,0.0,False
JABDHD010000072.1_8,False,0.8523466643532576,0.0,False
JACPAV010000021.1_72,False,0.9215801795853779,0.0,False
PUNC01000195.1_3,False,0.9896091257866326,0.0002,False
JAGVWA010000011.1_17,False,0.8577253405049016,0.0,False
DSCM01000022.1_4,False,0.93140909735737,0.0,False
DDGC01000028.1_2,False,0.9226884429302983,0.0,False
MGDH01000022.1_89,False,0.6168994534571007,0.0,False
JACIXG010000012.1_18,False,0.9952762262950838,0.0002,False
RFHX01000139.1_11,False,0.8055868829704173,0.0,False
QMNP01000152.1_1,False,0.9463361808442872,0.0006,True
JAGOEH010000279.1_1,False,0.9760311919501093,0.0002,False
NZ_LMIV01000002.1_282,False,0.972594379587258,0.0,False
NZ_RXLO01000001.1_520,False,0.8881755877504989,0.0,False
JAFGCY010000058.1_38,False,0.9842540980145987,0.0004,False
QLTX01000084.1_4,False,0.8230242040426824,0.0002,False
JACOWJ010000011.1_57,False,0.9885146911141129,0.0004,False
PAYP01000052.1_19,False,0.8218096642665047,0.0,False
SLDX01000057.1_33,False,0.859547150169168,0.0,False
DHZH01000002.1_261,False,0.9628164184441884,0.0,False
JACOUC010000003.1_5,False,0.9231845065069353,0.0004,False
PWNJ01000230.1_6,False,0.9967667427116914,0.0,False
NZ_SGXC01000001.1_1255,False,0.8640582979092565,0.0002,False
MGDH01000010.1_35,False,0.9940523339577061,0.0,False
JACMRP010000362.1_2,False,0.8266678233712154,0.0,False
JACQOF010000132.1_9,False,0.999707440594979,0.0002,False
NZ_PJIN01000067.1_1,False,0.9970221547337611,0.0002,False
JAABRV010000025.1_6,False,0.9999121294001123,0.0,False
NZ_JADWYU010000142.1_64,False,0.9993095585255481,0.0002,False
CAJUHL010000079.1_7,False,0.9967909043393108,0.0,False
QLUP01000016.1_3,False,0.9899424107093115,0.0002,False
AWOA01000078.1_17,False,0.9619008613599295,0.0004,False
LDXN01000011.1_22,False,0.9934485903658462,0.0004,False
WLOP01000005.1_100,False,0.8208553830137937,0.0,False
DUMP01000069.1_13,False,0.9882769798689897,0.0002,False
JAGXTL010000029.1_69,False,0.9813194478907448,0.0002,False
DRXH01000171.1_2,False,0.735230328793268,0.0,False
NZ_BAEO01000029.1_118,False,0.8982389173245424,0.0,False
BMST01000013.1_100,False,0.9888486178003196,0.0004,False
JAEOSL010000001.1_113,False,0.6380671466990544,0.0,False
JAHIZU010000116.1_10,False,0.802377027847662,0.0,False
CAIQVJ010000103.1_98,False,0.6234059165437668,0.0,False
LMZT01000083.1_6,False,0.9924928761123352,0.0,False
JAGCPB010000048.1_18,False,0.9993074744739752,0.0002,False
NZ_RZMY01000003.1_155,False,0.9282118366207652,0.0,False
JAHIZU010000253.1_6,False,0.9577747736880943,0.0,False
LMZT01000147.1_66,False,0.9400435947492694,0.0006,True
SKQU01000140.1_10,False,0.9998453876361701,0.0006,True
JADGAT010000113.1_1,False,0.9785661258663532,0.0,False
LMZT01000117.1_17,False,0.7281165958185131,0.0002,False
DDGC01000005.1_68,False,0.9972392700900239,0.0,False
JAFMIT010000015.1_14,False,0.9921011433272561,0.0,False
JAERTH010000052.1_45,False,0.8156502125444608,0.0,False
NC_021031.1_2595,False,0.9999918298594661,0.001,True
DSWB01000705.1_2,False,0.8567710592521905,0.0006,True
AWOA01000005.1_11,False,0.936847528415944,0.0,False
NZ_BMLQ01000002.1_264,False,0.952289337641456,0.0,False
JAFYIM010000317.1_2,False,0.9785560560949486,0.0,False
CAIQVJ010000112.1_157,False,0.7504120759954889,0.0,False
DSWB01000426.1_1,False,0.991993548849833,0.0004,False
NZ_FQTT01000014.1_73,False,0.9998048588319952,0.0006,True
CP051243.1_617,False,0.9940996579984758,0.0,False
WRBD01000015.1_30,False,0.7557907521471329,0.0,False
QGUP01000486.1_8,False,0.9956045375322767,0.0008,True
MWBZ01000198.1_4,False,0.929721660151875,0.0,False
NZ_KB908338.1_17,False,0.9150209757113239,0.0,False
DIVR01000004.1_20,False,0.8580723518695237,0.0,False
JACRLM010000031.1_113,False,0.811399323327839,0.0,False
JAGOBX010000113.1_6,False,0.953484811235224,0.0004,False
QNDJ01000348.1_2,False,0.9766074353658968,0.0004,False
DSSB01000481.1_1,False,0.9246111490303822,0.0004,False
JAAOXU010000006.1_5,False,0.9708656546591641,0.0004,False
JACMRP010000237.1_2,False,0.9166594493331954,0.0002,False
JABIXH010000161.1_9,False,0.9098186733007552,0.0004,False
QZKI01000058.1_7,False,0.9420169208780425,0.0002,False
JAGCPB010000037.1_2,False,0.9446069563882747,0.0,False
DBPU01000113.1_18,False,0.9961235103232199,0.0,False
JAFGEW010000119.1_8,False,0.8988461872126312,0.0,False
DIFC01000003.1_18,False,0.9984746438838955,0.0008,True
VBAP01000145.1_5,False,0.9948775933857655,0.0002,False
LJUD01000005.1_15,False,0.960838227909087,0.0,False
JADJYS010000001.1_233,False,0.9172582049088034,0.0,False
SHYX01000002.1_88,False,0.9951807732229914,0.0,False
JADQBH010000133.1_15,False,0.9976213368435568,0.0004,False
JAFGTC010000040.1_15,False,0.9111573700172455,0.0,False
JAFGAQ010000387.1_6,False,0.8558167779994795,0.0,False
DSCM01000141.1_5,False,0.6898585928689165,0.0,False
NC_021031.1_3243,False,0.7184002776090918,0.0,False
JADHUQ010000036.1_12,False,0.9920002564661917,0.0006,True
JAFSWN010000201.1_13,False,0.9998800804321342,0.0004,False
USJX01000132.1_6,False,0.8290969029235707,0.0,False
JAFGIT010000279.1_7,False,0.9931548608817373,0.0004,False
PWGE01000017.1_1,False,0.9659379077322671,0.0,False
NZ_AP018227.1_1317,False,0.9873748656964129,0.0002,False
DIVR01000065.1_110,False,0.8458402012665914,0.0,False
WRMI01000112.1_7,False,0.9112161876031035,0.0,False
MWCZ01000642.1_2,False,0.998441568553865,0.0,False
JACPUC010000023.1_31,False,0.9291974317559514,0.0,False
PLYD01000134.1_17,False,0.9721670600481158,0.0004,False
DCAZ01000139.1_10,False,0.9973487237774703,0.0004,False
NZ_JACJQY010000049.1_16,False,0.9698482067351604,0.0002,False
NYZA01000139.1_10,False,0.9964226978354663,0.0004,False
NZ_AGJL01000045.1_2,False,0.9978176397628384,0.0,False
QJVW01000017.1_30,False,0.9109249914872819,0.0002,False
NZ_JABASS010000001.1_8,False,0.7889303374685521,0.0,False
QNDR01000062.1_8,False,0.986067713301665,0.0004,False
NZ_FKIP01000288.1_6,False,0.57482432549666,0.0,False
NZ_LBMK01000002.1_777,False,0.9896239757209812,0.0,False
VGIX01000025.1_20,False,0.8754229201006333,0.0002,False
PKTT01000021.1_16,False,0.9802450445058138,0.0002,False
JACCLG010000033.1_7,False,0.8229374512015268,0.0,False
JAFQXV010000002.1_20,False,0.9779387262484432,0.0002,False
NZ_AP018227.1_4807,False,0.5494057430380845,0.0,False
MGQK01000001.1_3,False,0.8244990023423268,0.0,False
PKTT01000006.1_86,False,0.9511351353991648,0.0002,False
JAEEJP010000102.1_24,False,0.9963001418252393,0.0006,True
CAJUIP010000017.1_49,False,0.986525158428318,0.0,False
JACRDZ010000009.1_2,False,0.8572048234579682,0.0,False
WJMB01000135.1_3,False,0.9441252856535347,0.0,False
NZ_BNCD01000003.1_287,False,0.99155387644028,0.0002,False
JABWCD010000037.1_19,False,0.8333477921401926,0.0,False
NZ_FKIP01000086.1_5,False,0.9617229799154127,0.0,False
NZ_CP016279.1_206,False,0.9985209361013417,0.0002,False
PWOD01000189.1_3,False,0.9928286650659881,0.0004,False
JAHJDR010000395.1_2,False,0.7482432549666002,0.0,False
SXND01000275.1_23,False,0.795263294872907,0.0,False
JAFCDI010000017.1_15,False,0.955018836547143,0.0004,False
NZ_AP014612.1_375,False,0.9762553187625954,0.0,False
MWCD01000002.1_5,False,0.6942829877678494,0.0,False
SLOM01000065.1_4,False,0.9863504683288464,0.0,False
VXWP01000028.1_14,False,0.9123149453594473,0.0002,False
JAFSWN010000138.1_1,False,0.9869244996091798,0.0,False
JAFGIQ010000246.1_8,False,0.9946083310779538,0.0006,True
JABWCD010000029.1_24,False,0.9918530008527555,0.0002,False
CACKFQ010000005.1_20,False,0.9597149020861017,0.0002,False
JAFUHT010000077.1_3,False,0.8945952979960093,0.0004,False
LIUI01000109.1_1,False,0.998735775643822,0.0002,False
JAAYNI010000010.1_14,False,0.9276490712881359,0.0,False
PMWA01000062.1_60,False,0.9326746949012489,0.0002,False
NC_014926.1_26,False,0.9995536254598865,0.0004,False
JAFGEW010000092.1_8,False,0.8867875422920101,0.0002,False
CAIQVJ010000087.1_26,False,0.7780862323241086,0.0,False
JAGCDY010000034.1_3,False,0.9887628662792023,0.0,False
NZ_AP018227.1_4285,False,0.999925348394696,0.0004,False
NC_018649.1_2019,False,0.9288185205596927,0.0,False
NZ_LMKQ01000001.1_1253,False,0.9992103829509869,0.0004,False
JAFAZD010000022.1_6,False,0.9797505924006953,0.0,False
JAGCPB010000106.1_24,False,0.7986466556779734,0.0,False
NZ_PVNS01000006.1_115,False,0.9553201036221911,0.0,False
JACOWJ010000045.1_33,False,0.9999864563005764,0.0006,True
NC_015499.1_368,False,0.8624099939273011,0.0004,False
NZ_CP016279.1_3571,False,0.9478531453894412,0.0002,False
PAYP01000043.1_36,False,0.971242442852565,0.0002,False
BMST01000009.1_38,False,0.942296102316008,0.0,False
DF820455.1_878,False,0.97286263485163,0.0002,False
JAAYNI010000077.1_10,False,0.9752900923907322,0.0,False
NZ_RXLO01000006.1_121,False,0.8813221132992105,0.0,False
CACXDF010000037.1_2,False,0.9348720374318529,0.0,False
DSSB01000411.1_7,False,0.9886351825670461,0.0,False
NZ_CAJFNR010000003.1_13,False,0.991285033973457,0.0006,True
JACCUF010000283.1_2,False,0.9997763752977262,0.0002,False
PLDF01000203.1_15,False,0.7346230589051791,0.0,False
CAIQVJ010000019.1_39,False,0.9431540458952742,0.0002,False
NZ_KB908324.1_2,False,0.998170703734928,0.0004,False
JACTNB010000013.1_77,False,0.9827028853948441,0.0002,False
JADGDI010000071.1_4,False,0.9999274951732229,0.0,False
CAIVDM010000070.1_8,False,0.8296174199705041,0.0002,False
JACRLM010000079.1_51,False,0.9077563783300463,0.0,False
JAFGBE010000102.1_13,False,0.9698690839164699,0.0002,False
CAJMJN010000019.1_27,False,0.9422586210948775,0.0,False
QZKU01000068.1_11,False,0.8962436019779648,0.0002,False
DSSU01000019.1_16,False,0.9834322043294991,0.0004,False
QCFI01000030.1_2,False,0.7538821896417107,0.0,False
NZ_JXCG01000003.1_51,False,0.6078771579769238,0.0,False
JACNFQ010000057.1_26,False,0.9992065626473026,0.0,False
DTOT01000008.1_57,False,0.9387130013836388,0.0,False
WVXK01000007.1_90,False,0.8969376247072092,0.0,False
JABFRY010000154.1_3,False,0.8660536132558341,0.0,False
VMFZ01000006.1_28,False,0.8659668604146786,0.0,False
CAIVGN010000059.1_15,False,0.9317476901223272,0.0,False
JAERTH010000014.1_9,False,0.9814831365615688,0.0,False
PMZC01000208.1_12,False,0.6325149648650993,0.0,False
CADCWE010000011.1_13,False,0.5541771493016396,0.0,False
JAFGIT010000057.1_8,False,0.9996593275098766,0.0002,False
NZ_JAFCMM010000001.1_1215,False,0.9892375745816988,0.001,True
NZ_KB899040.1_1380,False,0.5081981434891992,0.0,False
JAAYZI010000126.1_8,False,0.9716259566331191,0.0002,False
MGDH01000022.1_70,False,0.9984330492727791,0.0,False
NZ_CP060488.1_3365,False,0.8799340678407218,0.0,False
JADBKU010000048.1_23,False,0.9992915883668785,0.0002,False
JAGVWD010000042.1_10,False,0.9968296915284033,0.0,False
NZ_AP014612.1_1795,False,0.9913034525294673,0.0004,False
JABWCD010000005.1_284,False,0.8391602324976143,0.0002,False
QZKI01000083.1_7,False,0.9596617921468203,0.0,False
JAHJDR010000400.1_2,False,0.9539326820871966,0.0,False
MNYI01000060.1_6,False,0.9992834150963273,0.0,False
PWFS01000134.1_6,False,0.7328880020820682,0.0,False
JABMQX010000318.1_9,False,0.985860005027351,0.0002,False
JACRJN010000176.1_8,False,0.992618869964506,0.0002,False
SXND01000062.1_1,False,0.9503364764910689,0.0,False
DSCM01000020.1_22,False,0.953540557179968,0.0,False
NZ_FRCD01000015.1_125,False,0.9507582489727551,0.0,False
MGFH01000084.1_5,False,0.9259782737462372,0.0,False
QNVD01000029.1_6,False,0.7520603799774442,0.0,False
NZ_SJCO01000091.1_1,False,0.9645118574085992,0.0,False
JAEOSL010000150.1_2,False,0.9999131271878923,0.0,False
JAATVM010000256.1_7,False,0.8344755790752147,0.0,False
NIRF01000018.1_1,False,0.9959527620497477,0.0,False
DDWC01000201.1_9,False,0.9613339326436324,0.0002,False
JAFMIT010000025.1_2,False,0.9982598589204597,0.0,False
NZ_UTHA01000068.1_130,False,0.9996831767285822,0.0008,True
JAAYEQ010000001.1_3,False,0.9907690582815228,0.0,False
AWOA01000011.1_3,False,0.999707409644535,0.0004,False
CP002988.1_2226,False,0.9999827309178732,0.0002,False
JAATVM010000233.1_10,False,0.8608484427865013,0.0,False
SHYX01000005.1_108,False,0.9319656179287998,0.0,False
NBMB01000061.1_7,False,0.9644099500826543,0.0,False
JACPUC010000007.1_122,False,0.9999851294756334,0.0008,True
JACPUR010000038.1_87,False,0.9707799981910976,0.0,False
JACPTH010000091.1_1,False,0.9851156701464574,0.0,False
NZ_BNCD01000001.1_294,False,0.9673426899554152,0.0,False
CAADSM010000021.1_34,False,0.988012543638845,0.0002,False
JAHJSX010000179.1_7,False,0.9824559906087436,0.0,False
CAIJMQ010000052.1_1,False,0.752494144183222,0.0,False
PAYP01000074.1_40,False,0.786848269280819,0.0,False
NZ_JABFHO010000001.1_1743,False,0.9858270744596588,0.0008,True
WJOT01000040.1_32,False,0.8011624880714844,0.001,True
RFIY01000275.1_1,False,0.9916083153561334,0.0,False
JACPTH010000274.1_7,False,0.8386397154506811,0.0,False
NZ_VFPQ01000001.1_4190,False,0.9950265959890097,0.0,False
PLDF01000336.1_2,False,0.9921403902618185,0.0,False
DNCN01000127.1_12,False,0.8949423093606316,0.0002,False
DUMJ01000015.1_28,False,0.9056747924198993,0.0002,False
JAFANK010000143.1_13,False,0.9838506213870363,0.0002,False
SFNH01000174.1_1,False,0.9474386378167111,0.0002,False
SVSB01000002.1_10,False,0.9781652538481804,0.0002,False
PLYD01000219.1_4,False,0.9359073453077561,0.0,False
JAERTH010000107.1_15,False,0.8156502125444608,0.0,False
JAFGKM010000047.1_23,False,0.9672883106056204,0.0,False
JABWCD010000033.1_2,False,0.996002291350514,0.0002,False
NZ_FZMR01000011.1_35,False,0.9725700118422447,0.0,False
DDGC01000019.1_86,False,0.7635117550099766,0.0,False
NZ_CP016279.1_5137,False,0.9715255856178121,0.0002,False
JAFYIZ010000032.1_36,False,0.9457060247739505,0.0,False
CAIQVJ010000041.1_51,False,0.9885539917929599,0.0002,False
CAIVDM010000208.1_2,False,0.873948121800989,0.0,False
JACPAV010000018.1_70,False,0.9989226611638212,0.0002,False
NZ_BDAU01000001.1_36,False,0.9655212488437043,0.0004,False
PEWQ01000191.1_6,False,0.9914705183684537,0.0,False
NZ_CP007062.1_1880,False,0.39472542725774273,0.0,False
PEWQ01000077.1_6,False,0.6639194933634076,0.0,False
CACZFN010000004.1_37,False,0.9725491060711978,0.0,False
NZ_CP027570.1_1889,False,0.9982121047350507,0.001,True
JADGDI010000034.1_26,False,0.9768922038752257,0.0004,False
JAHDNF010000019.1_15,False,0.9732946904081164,0.0002,False
NZ_CP016279.1_4083,False,0.9986177239836506,0.0008,True
CADCCW010000015.1_16,False,0.9667281667488149,0.0002,False
CP002989.1_499,False,0.7800815476706862,0.0012,True
JAAYVF010000069.1_14,False,0.9502463608952793,0.0,False
DCAZ01000141.1_45,False,0.8610219484688123,0.0,False
CAJOEW010000010.1_54,False,0.982095014834599,0.0002,False
MWBZ01000001.1_100,False,0.8421098290969029,0.0,False
NZ_CP015423.1_3410,False,0.9999364283029888,0.0008,True
JACIXQ010000035.1_9,False,0.8330875336167259,0.0006,True
JAEEIL010000012.1_56,False,0.9647850547457049,0.0,False
NZ_NCSM01000018.1_92,False,0.9944839477945145,0.0002,False
LCRX01000002.1_5,False,0.9920107167953247,0.0,False
SXND01000015.1_22,False,0.9314603432004706,0.0,False
CP036261.1_5433,False,0.9654052333755515,0.0,False
JAFSDM010000001.1_26,False,0.9905183439277416,0.0004,False
CACZLA010000004.1_73,False,0.9942605627174471,0.0,False
JABWBZ010000184.1_2,False,0.9328913163575785,0.0002,False
DFGE01000022.1_86,False,0.8937277695844539,0.0,False
CP054183.1_1889,False,0.9508235257914025,0.0,False
NZ_BNCD01000003.1_421,False,0.9860123380463458,0.0,False
DCAZ01000034.1_18,False,0.9986934992606745,0.0002,False
JADJOY010000053.1_26,False,0.9958347283078417,0.0,False
NZ_SJCO01000002.1_45,False,0.9936886821400617,0.0,False
DHHE01000235.1_23,False,0.7164917151036696,0.0,False
JABFGF010000008.1_37,False,0.9895177314429007,0.0002,False
JACNFQ010000033.1_7,False,0.9646849057503527,0.0002,False
WJMB01000324.1_3,False,0.9051071297591333,0.0,False
JADBKU010000025.1_10,False,0.9931741087861408,0.0,False
JAFGKM010000030.1_15,False,0.9522161148530394,0.0002,False
DSNQ01000034.1_1,False,0.9995526485158842,0.0,False
JAEOSL010000034.1_5,False,0.9338376898493448,0.0004,False
JAHJDO010000089.1_35,False,0.9148076252627796,0.0002,False
SFEJ01000006.1_22,False,0.7639455192157543,0.0,False
NZ_AP018227.1_4076,False,0.9890084808575721,0.0,False
NZ_FQVN01000005.1_275,False,0.999980559783126,0.0,False
BMST01000004.1_66,False,0.992967234447574,0.0,False
NZ_CP021081.1_1316,False,0.9949520308033117,0.0004,False
JAAYNI010000030.1_19,False,0.9556540617429846,0.0,False
SLDX01000109.1_4,False,0.8873080593389433,0.0,False
JAFAZD010000107.1_7,False,0.999993831928992,0.0004,False
JAGORV010000007.1_20,False,0.8207686301726381,0.0,False
MHDQ01000217.1_4,False,0.9999766201966903,0.0004,False
JAAYKP010000022.1_10,False,0.9943212809879125,0.0004,False
NZ_JAGI01000002.1_2157,False,0.9294074621644406,0.0,False
JAFGND010000043.1_33,False,0.9171897536810328,0.0004,False
NZ_JADEKP010000001.1_1402,False,0.9998940948363207,0.0002,False
CAIVGN010000029.1_6,False,0.9720994131074874,0.0,False
JAABRV010000037.1_10,False,0.9999997721992043,0.0004,False
JAGOBX010000337.1_3,False,0.9999546247752856,0.0008,True
JAEEIL010000001.1_14,False,0.8867875422920101,0.0,False
NZ_LBMK01000002.1_1360,False,0.8922529712848096,0.0002,False
CACGSI010000002.1_11,False,0.8435846273965473,0.0,False
DLYX01000112.1_2,False,0.9885929573256054,0.0,False
NZ_UTHA01000050.1_105,False,0.9986666274697443,0.0008,True
JADJYS010000004.1_192,False,0.9930394160418471,0.0002,False
VBOW01000022.1_21,False,0.9461974447026243,0.0,False
DIVR01000020.1_23,False,0.999190979022979,0.0008,True
PMWA01000125.1_4,False,0.9482854575862142,0.0,False
CP036261.1_2842,False,0.996293277024796,0.0004,False
JAGCDY010000052.1_8,False,0.9428203983990622,0.0004,False
DCAZ01000118.1_1,False,0.9995344046421786,0.0,False
NVVD01000018.1_18,False,0.937915620093496,0.0002,False
NZ_BDAU01000006.1_134,False,0.9929439236822891,0.0,False
QMNL01000145.1_3,False,0.6723345189554958,0.0,False
QHSL01000018.1_5,False,0.8246725080246378,0.0,False
NZ_CP060488.1_2668,False,0.9732138678381791,0.0,False
JAAOXU010000035.1_4,False,0.6794482519302507,0.0,False
JAFYIM010000222.1_2,False,0.8504381018478355,0.0,False
NZ_AFXQ01000001.1_132,False,0.9971524177081144,0.0,False
QGUP01000242.1_4,False,0.989186323348531,0.0002,False
DDYN01000057.1_53,False,0.9883001663542951,0.0,False
CAISUK010000452.1_5,False,0.9296260832149954,0.0,False
WYBT01000021.1_159,False,0.8813221132992105,0.0,False
JAFGWL010000036.1_19,False,0.9573331205249954,0.0002,False
DREG01000212.1_1,False,0.973958514329078,0.0,False
JAFGGD010000059.1_55,False,0.9980534821136199,0.0006,True
CAAEXI010000002.1_164,False,0.9954614468634148,0.001,True
MFAF01000140.1_12,False,0.9817462664453648,0.0,False
DLGL01000123.1_33,False,0.8959833434544981,0.0,False
JADGAT010000127.1_8,False,0.9885500073480817,0.0002,False
MWBZ01000029.1_16,False,0.995663754005015,0.0002,False
JACMRP010000369.1_5,False,0.9990925192602363,0.0002,False
NZ_CP069127.1_5695,False,0.9981566490191627,0.0006,True
NZ_FQTT01000016.1_24,False,0.9768446311756629,0.0,False
PAQS01000022.1_23,False,0.6274833000780775,0.0,False
NZ_FKIP01000784.1_10,False,0.8670946473497007,0.0,False
WYBT01000063.1_48,False,0.881061854775744,0.0002,False
MGPE01000004.1_14,False,0.9087459981598948,0.0,False
NZ_CP029480.1_2794,False,0.9278759009981236,0.0002,False
PLOF01000074.1_1,False,0.9582656605542615,0.0,False
SXND01000082.1_14,False,0.9896344496756732,0.0004,False
JAHJSD010000024.1_17,False,0.9805294578453022,0.0,False
DTCJ01000050.1_1,False,0.9905098543891176,0.0,False
CP002988.1_2006,False,0.9874859305199769,0.0002,False
MGRR01000040.1_15,False,0.9293270921926541,0.0,False
NZ_JACJQY010000045.1_2,False,0.9181777734138497,0.0,False
PDQT01000061.1_2,False,0.9199325134224116,0.0,False
JAHJSX010000144.1_5,False,0.9127856609320089,0.0,False
DSSU01000291.1_10,False,0.9994484724832988,0.0002,False
NZ_CP015423.1_3212,False,0.9417713115069172,0.0002,False
JAAYZI010000142.1_6,False,0.968337852369763,0.0,False
QNDR01000082.1_7,False,0.5601630953413724,0.0,False
JAAYZI010000259.1_1,False,0.9021676796930578,0.0,False
CADBLV010000210.1_3,False,0.9996844767902097,0.0006,True
QZKI01000097.1_1,False,0.9173465988641283,0.0002,False
JAEEIL010000027.1_4,False,0.9540723969591115,0.0,False
JAFGND010000071.1_100,False,0.884878979786588,0.0,False
LJUI01000140.1_4,False,0.9601281903531976,0.0004,False
NZ_RXLO01000001.1_544,False,0.9989523692371491,0.0002,False
NZ_JPST01000033.1_22,False,0.8773314826060553,0.0,False
PLDF01000276.1_46,False,0.9914979643066939,0.0004,False
DSSB01000063.1_5,False,0.9708752288026187,0.0,False
WJMB01000032.1_2,False,0.5008241519909777,0.0,False
RFFU01000011.1_26,False,0.9416360399800805,0.0002,False
JACTNB010000012.1_16,False,0.9762324651754092,0.0002,False
JAAZOE010000501.1_1,False,0.8815823718226772,0.0,False
JACTNB010000021.1_163,False,0.997435846352182,0.0002,False
NZ_SJCO01000017.1_39,False,0.9890536495338859,0.0002,False
NZWP01000022.1_12,False,0.9898809651651561,0.0004,False
QLUP01000080.1_4,False,0.5152251236227986,0.0,False
JABIXH010000210.1_3,False,0.9706229251564535,0.0,False
NVVD01000024.1_23,False,0.9889317655741695,0.0,False
JAGWYZ010000175.1_7,False,0.9717565646199529,0.0,False
DIFC01000075.1_24,False,0.9899987107787607,0.001,True
CAIVGN010000037.1_1,False,0.92631486731129,0.0,False
CACKFQ010000002.1_84,False,0.823110956883838,0.0,False
CAJQMW010000120.1_4,False,0.8734276047540557,0.0,False
DSUT01000020.1_13,False,0.8099245250281947,0.0,False
JADJYS010000008.1_7,False,0.9668674076556417,0.0,False
NZ_CP021082.1_392,False,0.9977039085165014,0.0,False
DJVC01000059.1_2,False,0.9812650063505677,0.0002,False
JAFMIT010000034.1_10,False,0.9641368992455778,0.0,False
RFHX01000092.1_1,False,0.9734973663640071,0.0004,False
NZ_JABASS010000001.1_221,False,0.9965875331272597,0.0004,False
PDQT01000087.1_1,False,0.9001651009303432,0.0,False
NZ_LT985326.1_48,False,0.8870478008154767,0.0,False
JAGACY010000394.1_3,False,0.9975330458916195,0.0002,False
SVSB01000013.1_56,False,0.9773617445351873,0.0002,False
JACPAV010000028.1_56,False,0.9938106925351944,0.0,False
NZ_LMKQ01000002.1_372,False,0.8592868916457014,0.0,False
WJMB01000159.1_4,False,0.9148077806477747,0.0002,False
QGUP01000579.1_1,False,0.9986510488178811,0.0004,False
JADJOY010000022.1_45,False,0.8656198490500564,0.0,False
NZ_AWRU01000001.1_46,False,0.9992236606005674,0.0002,False
NZ_FKIP01000780.1_1,False,0.980609851738988,0.0002,False
WAQS01000004.1_11,False,0.9919117116469383,0.0,False
NZ_LT985323.1_187,False,0.9998826512434836,0.0,False
NYZA01000226.1_2,False,0.9428794027090915,0.0002,False
MFGS01000033.1_4,False,0.9985597130842396,0.0006,True
CAIQVJ010000130.1_26,False,0.7180532662444695,0.0,False
NZ_JXCG01000003.1_88,False,0.9848676957220891,0.0002,False
JAGXTL010000065.1_6,False,0.6810098030710505,0.0002,False
JACTNB010000036.1_77,False,0.9929877790981592,0.0,False
SHYX01000005.1_14,False,0.9507862021207452,0.0,False
NZ_JADWYU010000154.1_28,False,0.9907223321857607,0.0002,False
NZ_UTHA01000113.1_4,False,0.999690033671017,0.0,False
JAHIZU010000077.1_1,False,0.8978051531187646,0.0,False
JABIXH010000010.1_4,False,0.9339090727816,0.0,False
QCTB01000009.1_13,False,0.8480090222954801,0.0002,False
BMST01000008.1_371,False,0.9985346430804791,0.0004,False
MGFH01000237.1_11,False,0.8883490934328099,0.0,False
NZ_JH815593.1_518,False,0.9593031776186255,0.0,False
SBHG01000086.1_19,False,0.9651734000268506,0.0,False
SLGR01000180.1_8,False,0.9731350640329013,0.0,False
PWOD01000064.1_18,False,0.6247939620022556,0.0,False
PAQS01000048.1_65,False,0.8182527977791273,0.0,False
CAIQVJ010000050.1_18,False,0.5343975015181747,0.0,False
JAAYAK010000127.1_2,False,0.9564717373722414,0.0002,False
CAIQVJ010000101.1_5,False,0.9992330689981859,0.0008,True
QIFF01000332.1_1,False,0.719875075908736,0.0,False
NC_018649.1_351,False,0.8984124230068534,0.0002,False
PMZC01000165.1_11,False,0.9489593322543257,0.0002,False
NZ_LR216287.1_2658,False,0.994975441866297,0.0,False
JWIH01000010.1_194,False,0.9813390403896546,0.0004,False
JAFGIT010000101.1_2,False,0.9548830772985772,0.0,False
JACRMA010000067.1_2,False,0.999900795009704,0.0002,False
SYBY01000327.1_11,False,0.9967322443406073,0.0004,False
WUAI01000011.1_35,False,0.9982555902418034,0.0004,False
CP002989.1_578,False,0.7329747549232237,0.0,False
JACIXQ010000017.1_21,False,0.9604551376302547,0.001,True
NZ_FRCD01000006.1_8,False,0.9837852711092667,0.0002,False
JAGOBX010000530.1_1,False,0.9739706745089491,0.0,False
CAIQVJ010000022.1_2,False,0.8962436019779648,0.0,False
NZ_CP015455.1_2375,False,0.964743648255285,0.0,False
DCHV01000034.1_11,False,0.8156502125444608,0.0002,False
NZ_NCSM01000011.1_246,False,0.9959587481718533,0.0,False
JACMRP010000163.1_1,False,0.9999947436666622,0.0004,False
QIFF01000058.1_5,False,0.7524073913420665,0.0,False
NZ_LR216287.1_902,False,0.8109655591220613,0.0,False
CAIVGN010000245.1_6,False,0.8796738093172551,0.0,False
JAGWYZ010000130.1_7,False,0.9942309540047374,0.0004,False
NC_022792.1_1217,False,0.9918520890468012,0.0004,False
JAFGIQ010000302.1_4,False,0.806020647176195,0.0,False
NZ_KB290702.1_32,False,0.9940647974759056,0.0,False
CAIQVJ010000064.1_78,False,0.9615135256977125,0.0,False
JACMRP010000088.1_5,False,0.9883558448934765,0.0,False
NZ_AYYI01000030.1_3,False,0.9991536228414516,0.001,True
JAAYCF010000208.1_30,False,0.9749972571229524,0.0,False
JABIXH010000040.1_1,False,0.949410970474113,0.0,False
JACIXS010000221.1_1,False,0.8292704086058819,0.0,False
QNDJ01000157.1_1,False,0.9637393352439273,0.0,False
JACCUF010000411.1_1,False,0.9978636339386567,0.0,False
CAIVDM010000143.1_30,False,0.8769844712414332,0.0,False
AWOA01000008.1_9,False,0.9951909172234341,0.0006,True
JACPAV010000003.1_263,False,0.9315143493953398,0.0,False
LUZY01000002.1_95,False,0.9479808621170195,0.0002,False
NZ_NCSM01000004.1_344,False,0.9999917379876961,0.0,False
JACIXG010000012.1_65,False,0.8650993320031231,0.0,False
PLDF01000157.1_8,False,0.9951972608062097,0.0002,False
JAFGTL010000408.1_1,False,0.9990885337531463,0.0008,True
DRYD01000110.1_17,False,0.987998362637939,0.0,False
JAAYVF010000122.1_54,False,0.7472022208727336,0.0002,False
JAFRSI010000121.1_4,False,0.9877427753125437,0.0,False
CAIVGN010000055.1_36,False,0.9042557474477267,0.0,False
LMZT01000027.1_5,False,0.9620024782884498,0.0,False
PFND01000025.1_12,False,0.9534481199113501,0.0,False
NZ_JAGGOF010000062.1_19,False,0.9955480765065368,0.0004,False
QJVW01000126.1_1,False,0.9926898732505989,0.0,False
PWGE01000082.1_3,False,0.9060846033105756,0.0,False
JABWCP010000018.1_18,False,0.9675600982099841,0.0002,False
JAFTSJ010000032.1_12,False,0.9999897370756629,0.0006,True
KI543197.1_187,False,0.9632876461039488,0.0006,True
JABMRT010000010.1_6,False,0.9989398687357443,0.0,False
NZ_FQTT01000015.1_6,False,0.8442786501257916,0.0,False
PWNJ01000045.1_20,False,0.8674416587143229,0.0002,False
JAGWYZ010000191.1_6,False,0.9711172618694831,0.0004,False
NZ_JADWYU010000133.1_39,False,0.752494144183222,0.0,False
WUAI01000056.1_10,False,0.9894452853990953,0.0,False
SLDX01000030.1_42,False,0.9092415878492686,0.0,False
CAADSM010000119.1_6,False,0.9947002491203771,0.0,False
DJVC01000008.1_8,False,0.7923136982736184,0.0,False
NZ_SJCO01000014.1_20,False,0.9380680790755456,0.0,False
NZ_AP018227.1_1879,False,0.9967388165771022,0.0006,True
JAGXTL010000115.1_15,False,0.9758491579831517,0.0,False
NC_021031.1_1357,False,0.9919514818316109,0.001,True
PDQT01000175.1_10,False,0.9767971680319407,0.0004,False
CADCWE010000087.1_30,False,0.9996336720175959,0.001,True
PAQS01000031.1_51,False,0.9984239756754042,0.0002,False
QMNP01000062.1_3,False,0.9732979427971071,0.0006,True
JAFSWN010000168.1_9,False,0.9582551541390167,0.0006,True
JAAYVF010000006.1_28,False,0.6527283768543419,0.0,False
JAFTSJ010000001.1_35,False,0.9337103824248952,0.0,False
NZ_CP015455.1_2849,False,0.9873034712406619,0.0002,False
JAHJSD010000063.1_4,False,0.6710332263381625,0.0,False
JAGOUY010000012.1_48,False,0.9039644277558011,0.0,False
DDYN01000047.1_1,False,0.9753276675965193,0.0,False
NZ_FKIP01000378.1_1,False,0.907571897628205,0.0,False
NZ_QHKX01000001.1_609,False,0.9871131039220761,0.0006,True
NC_022792.1_1413,False,0.9827185032095633,0.0006,True
NZ_CP029480.1_2023,False,0.9791502377893386,0.0,False
BDTM01000016.1_82,False,0.9948806855934689,0.0008,True
JAFYIZ010000047.1_184,False,0.7739220959486424,0.0002,False
NZ_BNCD01000015.1_149,False,0.9815589052809585,0.0,False
SICP01000003.1_10,False,0.996713808665953,0.0006,True
PLYD01000280.1_37,False,0.9800537273823278,0.0,False
CAJUIP010000063.1_2,False,0.9998703745323705,0.0004,False
JACPAV010000023.1_33,False,0.9346937565528947,0.0,False
MWCZ01000257.1_4,False,0.9707486318203161,0.0002,False
QJVW01000131.1_20,False,0.9907872183511302,0.0,False
JADJYS010000018.1_8,False,0.9976546991740844,0.0008,True
JAFGEV010000212.1_9,False,0.9941711133925916,0.0,False
NZ_AP018227.1_3417,False,0.9779730435046823,0.0,False
PWNJ01000108.1_12,False,0.9680811915461078,0.0,False
MFPR01000020.1_46,False,0.8048061074000173,0.0,False
QHUM01000049.1_54,False,0.9869396229760178,0.0,False
JACQWU010000012.1_1,False,0.9875482240578506,0.0002,False
NZ_CP016279.1_2120,False,0.9970288945117867,0.0,False
VGJA01000077.1_3,False,0.8230242040426824,0.0,False
DSSU01000291.1_7,False,0.9999945680220514,0.0002,False
JAFGDH010000006.1_5,False,0.9726966886419272,0.0006,True
JAFSWN010000104.1_12,False,0.9824690229289057,0.0,False
NZ_FCNU01000029.1_37,False,0.9984875337674951,0.0002,False
NZ_JADWYU010000206.1_13,False,0.9999998946608821,0.0004,False
QGUP01000196.1_4,False,0.9994457239677693,0.0012,True
CAIVGN010000034.1_12,False,0.9569945339183242,0.0,False
PKWQ01000269.1_3,False,0.6556779734536307,0.0,False
DIVR01000027.1_15,False,0.7211763685260693,0.0,False
JADGDI010000003.1_60,False,0.978396114140065,0.0002,False
NZ_SJCO01000002.1_61,False,0.998041452645796,0.0002,False
JACPHL010000038.1_15,False,0.9909440910706054,0.0006,True
DMSQ01000082.1_3,False,0.9473687113982809,0.0002,False
AWOA01000033.1_13,False,0.9985029311861155,0.0,False
PLDF01000162.1_21,False,0.9924711385316418,0.0004,False
USIB01000022.1_9,False,0.953489880760156,0.0,False
VGIW01000073.1_2,False,0.8117463346924612,0.0,False
DSNQ01000025.1_19,False,0.944245819795465,0.0004,False
CAJMJN010000012.1_11,False,0.9979076899123143,0.0,False
MGPE01000006.1_124,False,0.6828316127353171,0.0,False
SKQU01000241.1_6,False,0.9946238618490075,0.0002,False
WYBT01000050.1_17,False,0.9471305677146429,0.0,False
CAJUHL010000030.1_27,False,0.9158464622509317,0.0,False
JABMQX010000659.1_3,False,0.9892305843011034,0.0002,False
JABWCP010000027.1_15,False,0.7796477834649085,0.0,False
CAIVGN010000212.1_16,False,0.9832584577998693,0.0002,False
NZ_FKIP01000492.1_4,False,0.9395761108015251,0.0002,False
NZ_NCSM01000004.1_294,False,0.9996260076630183,0.0,False
DLTY01000043.1_17,False,0.9960692219989284,0.0008,True
JADJYS010000036.1_44,False,0.9830201660938737,0.0002,False
QMNP01000247.1_4,False,0.9697722023114745,0.0,False
DCHV01000013.1_12,False,0.6661750672334519,0.0,False
JAGCDY010000086.1_1,False,0.9899509298498858,0.0,False
JAGPNE010000004.1_67,False,0.9960062122461412,0.0,False
NZ_LMGK01000004.1_73,False,0.9931587386433487,0.0002,False
JACMRP010000106.1_9,False,0.913928835117227,0.0,False
JABDLO010000506.1_1,False,0.9874870579884899,0.0004,False
WALD01000063.1_36,False,0.9615141190644806,0.0004,False
JAFTKO010000020.1_24,False,0.9992291571188981,0.0002,False
JACPSX010000259.1_20,False,0.9424405495835753,0.0,False
SYBY01000298.1_3,False,0.9995823976780136,0.0002,False
BDTG01000033.1_71,False,0.9233064775558548,0.0006,True
JAFUYQ010000019.1_70,False,0.6358983256701657,0.0,False
JABWCD010000052.1_2,False,0.8959833434544981,0.0,False
JAHJDJ010000269.1_9,False,0.5245076776264422,0.0,False
JADGAT010000090.1_2,False,0.950380601350598,0.0,False
AWOA01000096.1_2,False,0.7486770191723779,0.0,False
JACQOF010000063.1_13,False,0.6599288626702524,0.0,False
JABWBZ010000258.1_1,False,0.9995886480097897,0.0006,True
DDGC01000023.1_110,False,0.955648955511717,0.0,False
JAAYCL010000035.1_5,False,0.9800857203044222,0.0,False
CAISUK010000605.1_9,False,0.9713485676841505,0.0002,False
JABDHD010000012.1_2,False,0.8430641103496139,0.0,False
NZ_CP069127.1_684,False,0.9953006918137028,0.0004,False
NVVD01000033.1_3,False,0.9682147485176945,0.0,False
NZ_RXLO01000001.1_486,False,0.9993833330028595,0.0006,True
PKTT01000006.1_60,False,0.9740783183091826,0.0,False
NZ_CP069127.1_4072,False,0.9840972136252011,0.0002,False
NZ_FRCD01000003.1_17,False,0.9952176039786823,0.0008,True
JAFSWN010000049.1_9,False,0.9988776680843867,0.0004,False
WQSZ01000002.1_33,False,0.7197015702264249,0.0,False
NZ_WEZQ01000017.1_159,False,0.998342698304911,0.0002,False
NZ_AFXQ01000035.1_1,False,0.9991954861375086,0.0,False
LJUD01000010.1_7,False,0.9522320210742982,0.0,False
CP002989.1_349,False,0.72447297648998,0.0,False
JAFSWN010000129.1_6,False,0.9090969767659325,0.0002,False
QLTX01000143.1_3,False,0.9653875644911916,0.0,False
PAYP01000009.1_1,False,0.999422480721463,0.0,False
DRYD01000237.1_4,False,0.9869603278786099,0.0004,False
PUNC01000212.1_17,False,0.9886558852869541,0.0002,False
JAEOSL010000010.1_20,False,0.9665686781772149,0.0002,False
CP036261.1_2015,False,0.951597786175506,0.0002,False
NZ_JABFHO010000001.1_1280,False,0.9971330783310283,0.0002,False
PAYP01000011.1_12,False,0.9115476503782293,0.0002,False
MGQK01000116.1_1,False,0.9816701892032047,0.0,False
CP036261.1_2666,False,0.8805413377288106,0.0,False
JACIXQ010000077.1_1,False,0.7084237008762037,0.0,False
NZ_FRCD01000007.1_204,False,0.9557001727975627,0.0,False
LDXN01000007.1_10,False,0.8398542552268586,0.0002,False
MWCD01000011.1_3,False,0.7254272577426911,0.0,False
SHYX01000044.1_18,False,0.9705510266639847,0.0008,True
NZ_SJCO01000033.1_8,False,0.9023211357617763,0.0,False
NZ_BJKN01000006.1_3,False,0.9300306141935673,0.0,False
CP036261.1_985,False,0.9998551151146821,0.0002,False
WYBT01000026.1_95,False,0.9998649475492105,0.0002,False
JAGXKI010000004.1_53,False,0.918745166244662,0.0,False
VXMB01000009.1_197,False,0.9990659476443761,0.0,False
NZ_JAGI01000003.1_222,False,0.7885833261039299,0.0,False
WAQR01000128.1_9,False,0.8679621757612562,0.0,False
DRXT01000018.1_52,False,0.9997368822463063,0.0002,False
JACIXR010000006.1_23,False,0.9300595265295124,0.0002,False
JAFGOL010000010.1_8,False,0.9683022622355407,0.0002,False
CAJUHL010000085.1_7,False,0.9964903980616857,0.0004,False
JABWBZ010000255.1_4,False,0.9783949541584348,0.0,False
NZ_KB290713.1_3,False,0.9450195102973976,0.0002,False
CAAETL010000272.1_2,False,0.9966571581150925,0.0,False
NZ_FKIP01000133.1_14,False,0.9772200616247778,0.0002,False
CAIVGN010000083.1_11,False,0.9731627921560707,0.0002,False
JACRAC010000059.1_1,False,0.7708857465081982,0.0,False
CAISUK010000345.1_1,False,0.9873757136395885,0.0,False
JAFGIQ010000172.1_1,False,0.9444493419585391,0.0,False
SHYX01000004.1_37,False,0.8292704086058819,0.0004,False
NZ_AWNK01000020.1_3,False,0.9273642867569072,0.0004,False
VMTI01000153.1_2,False,0.9987677055793774,0.0004,False
NZ_JAGGOF010000032.1_20,False,0.9617321537717178,0.0,False
OMZR01000142.1_9,False,0.857638587663746,0.0002,False
WJKZ01000098.1_1,False,0.9895368323801244,0.0,False
JAFCFP010000089.1_1,False,0.8248460137069489,0.0,False
NZ_CAJFNR010000065.1_106,False,0.999993663485258,0.0006,True
JACIXQ010000021.1_5,False,0.9661298531875788,0.0,False
USJX01000005.1_5,False,0.9671992422365496,0.0006,True
WGBT01000045.1_2,False,0.9902326967743095,0.0,False
SYBY01000340.1_3,False,0.8737746161186779,0.0,False
MHDQ01000199.1_3,False,0.9965106330009098,0.0,False
SXND01000173.1_33,False,0.9999144017680618,0.0,False
NZ_LMIV01000001.1_536,False,0.8717793007721003,0.0002,False
OMZR01000003.1_8,False,0.980002685612965,0.0,False
JAEOSL010000078.1_1,False,0.999703390073759,0.0,False
NZ_LR216287.1_2235,False,0.9322153417459793,0.0,False
NZ_QHKX01000001.1_1010,False,0.932162625977603,0.0,False
JAGXLP010000003.1_23,False,0.9696706782997928,0.0,False
MGDH01000008.1_66,False,0.9997209981478808,0.0,False
PLYD01000215.1_8,False,0.9877351506851253,0.0014,True
NZ_FQVN01000001.1_677,False,0.9333152226193435,0.0002,False
NZ_LR216287.1_2811,False,0.7981261386310402,0.0002,False
DLYX01000592.1_6,False,0.9852095179073525,0.0,False
WYBT01000021.1_106,False,0.9976147303153864,0.0,False
NZ_FQVN01000014.1_54,False,0.9941961485832567,0.0004,False
NZ_CP029480.1_171,False,0.860327925739568,0.0,False
MVCZ01000208.1_8,False,0.9673917492610854,0.0,False
QHUM01000067.1_4,False,0.809664266504728,0.0,False
USIB01000037.1_8,False,0.9671470894044002,0.0,False
NZ_SJCO01000018.1_104,False,0.9805961165923615,0.0,False
DRUE01000345.1_12,False,0.999041107676894,0.001,True
PUNJ01000056.1_1,False,0.9770319009758394,0.0,False
JAGACY010000166.1_2,False,0.9108584085725673,0.0,False
DDWC01000115.1_8,False,0.9998734620306494,0.0004,False
WQSZ01000081.1_9,False,0.8972846360718314,0.0,False
NYZA01000196.1_8,False,0.7301119111650907,0.0,False
JACQWU010000113.1_3,False,0.9964702939682584,0.0006,True
CAADSM010000020.1_7,False,0.999999995244138,0.0002,False
JAEOSL010000073.1_10,False,0.9294783976021148,0.0002,False
LJUI01000189.1_2,False,0.9101569338518706,0.0,False
MWCD01000075.1_7,False,0.7186605361325583,0.0,False
JAGVWA010000006.1_15,False,0.721783638414158,0.0,False
JABXHY010000036.1_86,False,0.9875749325603855,0.0002,False
NZ_JADWYU010000142.1_56,False,0.8883490934328099,0.0,False
QLUP01000050.1_12,False,0.6689511581504294,0.0,False
DUMP01000073.1_13,False,0.9995744191311683,0.0,False
NZ_LR216287.1_591,False,0.9813633945003424,0.0002,False
JAFUHT010000005.1_4,False,0.9668939087897873,0.0002,False
WFSL01000001.1_66,False,0.9739687073764384,0.0,False
WGBT01000277.1_2,False,0.9999993679410142,0.0,False
WYBT01000058.1_56,False,0.9756789867088305,0.0,False
JADGAT010000071.1_1,False,0.8838379456927214,0.0002,False
JABWCQ010000019.1_53,False,0.835950377374859,0.0,False
PAQS01000016.1_98,False,0.9189853237014214,0.0,False
NZ_FCNU01000002.1_132,False,0.9479823148202917,0.0,False
PLPI01000137.1_27,False,0.8443654029669472,0.0002,False
JACPHL010000321.1_9,False,0.8707382666782337,0.0,False
JADJOY010000035.1_65,False,0.767068621497354,0.0,False
JACQOF010000111.1_8,False,0.9581884141506641,0.0,False
NZ_CP016279.1_7903,False,0.971511218910553,0.0,False
JACPWU010000051.1_4,False,0.9998814073026622,0.0,False
DUMJ01000016.1_14,False,0.9698858924844802,0.0,False
MGFH01000244.1_1,False,0.81313438015095,0.0,False
USJX01000148.1_6,False,0.9786049826622386,0.0004,False
VGIX01000023.1_7,False,0.9818056364390351,0.0004,False
SOJN01000080.1_77,False,0.9967667608682496,0.0002,False
NZ_CP029480.1_836,False,0.999944922731625,0.0018,True
UQCL01000083.1_3,False,0.7812093346057083,0.0,False
PAQS01000020.1_36,False,0.8745553916890778,0.0,False
URUF01000002.1_32,False,0.9998683094687313,0.0006,True
NC_021031.1_64,False,0.8775049882883664,0.0,False
NC_018649.1_1159,False,0.7915329227032185,0.0,False
JADJOY010000018.1_152,False,0.9757273766587169,0.0,False
WLFD01000133.1_2,False,0.9654483880763923,0.0004,False
PAQS01000040.1_157,False,0.9997624046643638,0.0008,True
MNYV01000035.1_36,False,0.9026102476182339,0.0002,False
SBHG01000093.1_7,False,0.9844503376422861,0.0,False
URIY01000007.1_3,False,0.8238049796130823,0.0,False
DLYX01000204.1_4,False,0.9284141430724303,0.0,False
NZ_FCNU01000022.1_72,False,0.9943904323261112,0.0002,False
NZ_LBMK01000009.1_209,False,0.9576569450811357,0.0,False
JAGORV010000002.1_70,False,0.7610826754576212,0.0,False
SBFR01000092.1_3,False,0.9743646214998252,0.0002,False
JAGYNK010000028.1_1,False,0.9862029798274315,0.0002,False
WTCB01000012.1_5,False,0.9019067957043171,0.0002,False
JAFUHT010000039.1_3,False,0.9764325038985078,0.0002,False
VMTI01000286.1_5,False,0.664440010410341,0.0,False
JAERTH010000077.1_4,False,0.5754315953847489,0.0002,False
PLYD01000100.1_4,False,0.9998399666856167,0.0002,False
JAFSDM010000004.1_55,False,0.9259985155533619,0.0,False
PEWQ01000179.1_7,False,0.9742849212097662,0.0002,False
NZ_FKIP01000521.1_6,False,0.9773515337352324,0.0004,False
CAISUK010000422.1_9,False,0.9994635909964978,0.0002,False
DRGV01000086.1_1,False,0.7401752407391342,0.0,False
JAFGEV010000358.1_5,False,0.9987500140444031,0.0002,False
NZ_RZMY01000013.1_327,False,0.9332302785411997,0.0006,True
LMZT01000126.1_12,False,0.8199011017610827,0.0002,False
UQCL01000051.1_3,False,0.9109319879656352,0.0,False
LJUI01000048.1_6,False,0.9227204238298593,0.0,False
QHSL01000013.1_23,False,0.7631647436453544,0.0,False
JAHJLF010000030.1_2,False,0.9986572683764958,0.0,False
JAAOXX010000039.1_11,False,0.7722737919666869,0.0,False
JACPTH010000406.1_3,False,0.8779387524941442,0.0,False
JAFMIT010000136.1_1,False,0.9953424167289187,0.0,False
MNUP01000031.1_3,False,0.989997667108758,0.0004,False
DTOT01000008.1_56,False,0.9968088464683452,0.0012,True
MVZB01000261.1_3,False,0.904218981208713,0.0002,False
WAQR01000201.1_3,False,0.9624049806905884,0.0,False
WGBT01000118.1_14,False,0.9792285076447712,0.0,False
NZ_FQVN01000004.1_116,False,0.9714543535472548,0.0,False
PLDF01000085.1_2,False,0.9926653530586476,0.0,False
KI543219.1_354,False,0.9736493511833589,0.0002,False
JABMRT010000007.1_19,False,0.974421812666582,0.0004,False
WGBT01000049.1_4,False,0.9983128767713455,0.0,False
CADCCW010000019.1_2,False,0.9518038503507574,0.0002,False
JABFRY010000248.1_2,False,0.923839968704328,0.0002,False
JADGDI010000051.1_4,False,0.9614185560189401,0.0,False
URIY01000039.1_1,False,0.9957296387061816,0.0002,False
JAGACY010000106.1_10,False,0.6384141580636766,0.0004,False
JABDLO010000398.1_1,False,0.9991248527486839,0.0008,True
JAHJDO010000113.1_4,False,0.7312396981001128,0.0,False
JAFGJP010000109.1_1,False,0.9819162163580312,0.0004,False
JACRJN010000020.1_5,False,0.9810790904149097,0.0004,False
NZ_LR216287.1_2157,False,0.9864748430551941,0.0,False
BDTM01000078.1_18,False,0.8383794569272144,0.0002,False
PWNJ01000005.1_1,False,0.9757040235959054,0.0,False
JABFGF010000008.1_98,False,0.7602151470460657,0.0002,False
RFFU01000027.1_39,False,0.9892348474886503,0.0002,False
JADJOY010000021.1_188,False,0.9964309605311163,0.0,False
JAGOBX010000053.1_16,False,0.9323298035755786,0.0002,False
NZ_LT907975.1_2218,False,0.9921948759498154,0.0,False
JAAYZI010000188.1_1,False,0.9857641668220726,0.0,False
JADQBH010000240.1_19,False,0.8539949683352129,0.0,False
CAJUHL010000004.1_72,False,0.9985292485618344,0.0004,False
JAATVM010000212.1_15,False,0.9766148430037426,0.001,True
NZWP01000012.1_59,False,0.9954590752663347,0.0002,False
SHMX01000004.1_198,False,0.7288106185477574,0.0,False
JAFUYQ010000019.1_76,False,0.9470101001447002,0.0,False
NZ_CP016279.1_7661,False,0.9998528568686801,0.001,True
JADJOY010000046.1_22,False,0.8914721957144096,0.0,False
JACQOF010000029.1_5,False,0.9830405150214008,0.0,False
JAEOSL010000041.1_4,False,0.9336216475979389,0.0,False
VMFZ01000023.1_5,False,0.9644799290748929,0.0002,False
JADJOY010000029.1_117,False,0.9580019425494486,0.0,False
CAIVGN010000024.1_71,False,0.6919406610566496,0.0,False
JACMRP010000308.1_10,False,0.9920217228917589,0.0,False
JAFGOL010000009.1_11,False,0.9970406748294428,0.0002,False
DRXT01000016.1_3,False,0.7655070703565542,0.0,False
NZ_AP018227.1_952,False,0.8787195280645441,0.0,False
JACOUC010000058.1_40,False,0.9059327656707974,0.0,False
JACQOV010000048.1_5,False,0.9441304286414457,0.0,False
PWGE01000265.1_2,False,0.835950377374859,0.0,False
KI543196.1_41,False,0.976227338399601,0.0002,False
JAFGTC010000311.1_24,False,0.9959893396103419,0.0,False
JACPHL010000020.1_7,False,0.9678807141876045,0.0,False
NZUQ01000124.1_6,False,0.9890148579813498,0.0004,False
NZ_AP018227.1_5641,False,0.9918169766222326,0.0,False
JAGWYZ010000119.1_5,False,0.9609260762420611,0.0,False
NZ_LBMK01000003.1_40,False,0.9947915422267213,0.0,False
MNYW01000052.1_24,False,0.9994533512826643,0.0008,True
PLPI01000035.1_5,False,0.9999989384292365,0.0,False
CADCWE010000110.1_28,False,0.9973730688570138,0.0004,False
DBPU01000048.1_8,False,0.9810781074322215,0.0,False
JAAZOE010000316.1_2,False,0.7971718573783292,0.0002,False
NZ_JPST01000042.1_3,False,0.9983398841879129,0.0004,False
JAHJDR010000034.1_6,False,0.9693968268922928,0.0,False
JADHWK010000033.1_24,False,0.6877765246811833,0.0,False
JAFGGD010000041.1_14,False,0.7867615164396634,0.0006,True
PAQS01000013.1_7,False,0.9215815966866823,0.0,False
WAQS01000310.1_5,False,0.9999903122911035,0.0006,True
MVZB01000187.1_1,False,0.9860148516668479,0.0,False
CACZFN010000011.1_62,False,0.924060641450444,0.0,False
JACOUC010000036.1_3,False,0.7048668343888262,0.0,False
JAFGEV010000083.1_5,False,0.947214131543117,0.0,False
JABFGF010000005.1_350,False,0.9049486244022757,0.0,False
PMZC01000216.1_2,False,0.8950290622017871,0.0,False
JACRLM010000059.1_5,False,0.9996245931060114,0.0002,False
NZ_AFXQ01000003.1_86,False,0.9999200929032294,0.0002,False
QMTU01000147.1_3,False,0.9397698680021808,0.0,False
CAIWRR010000186.1_2,False,0.9890438680346887,0.0,False
CAIVDM010000092.1_1,False,0.9357716123890218,0.0,False
JAFGEX010000343.1_31,False,0.892946994014054,0.0,False
WLFD01000002.1_53,False,0.6954107747028715,0.0,False
QLTX01000145.1_8,False,0.9999846711409329,0.0004,False
BMST01000017.1_87,False,0.9805135401414512,0.0,False
JAFGIT010000021.1_8,False,0.9950537644190347,0.0002,False
CAADSM010000117.1_3,False,0.9842609141129932,0.0002,False
JAFGAQ010000225.1_12,False,0.5776004164136376,0.0,False
MNYW01000102.1_11,False,0.7339290361759347,0.0,False
NZ_KZ293963.1_4061,False,0.9997809266717184,0.0008,True
WFTM01000228.1_2,False,0.9533761687882462,0.0,False
JABDLO010000058.1_2,False,0.9728604397846745,0.0,False
DCUM01000071.1_1,False,0.9981545617049513,0.0,False
JAHJDJ010000217.1_11,False,0.9813626475540803,0.0002,False
BMST01000001.1_301,False,0.9955350650167252,0.0004,False
NZ_AWRU01000012.1_90,False,0.9858775709126256,0.001,True
JACPUC010000003.1_98,False,0.9824215801825668,0.0,False
DGKK01000052.1_55,False,0.7840721783638415,0.0,False
CP051243.1_2097,False,0.9254166083333836,0.0,False
WBXH01000001.1_61,False,0.9515043574203734,0.0,False
DLYX01000493.1_7,False,0.7438188600676672,0.0,False
JAADIC010000257.1_6,False,0.9992891122995283,0.0004,False
DTND01000317.1_2,False,0.9956502952158305,0.0002,False
CAIVGN010000186.1_14,False,0.9412019028607168,0.0,False
MWCZ01000190.1_5,False,0.9302453002626974,0.0006,True
JABFGF010000004.1_229,False,0.8683091871258783,0.0004,False
JACPRG010000074.1_13,False,0.9903957182008933,0.0006,True
PLPI01000002.1_3,False,0.9987689524378593,0.0002,False
QZJZ01000029.1_9,False,0.9314671667459338,0.0,False
DRUE01000315.1_4,False,0.9727890457560812,0.0,False
DSCS01000041.1_4,False,0.8883490934328099,0.0,False
JACPTH010000112.1_4,False,0.9997680859776171,0.0018,True
NZ_CP027570.1_1332,False,0.9954099532973303,0.0006,True
JACIXS010000143.1_1,False,0.9992443135980259,0.0002,False
NZ_FRCD01000017.1_21,False,0.9843641799836914,0.0,False
JAFGTL010000394.1_3,False,0.9998913800721639,0.0002,False
DF820457.1_745,False,0.9509480440265977,0.0,False
WRMI01000025.1_20,False,0.9942080016920961,0.0,False
NZ_LBMK01000004.1_130,False,0.9354834563512083,0.0,False
CAIQVJ010000032.1_7,False,0.9134624166200217,0.0,False
LIUI01000093.1_18,False,0.9988804497460458,0.0,False
BDTG01000036.1_4,False,0.9629396594690585,0.0002,False
WTCB01000028.1_19,False,0.9952907841903792,0.0002,False
NZ_UTHA01000196.1_9,False,0.6780602064717619,0.0,False
RFFU01000001.1_2,False,0.924066495313325,0.0,False
NZ_FCNU01000007.1_106,False,0.9161792972910179,0.0,False
MVZB01000351.1_2,False,0.9606606832822898,0.0,False
WRMI01000011.1_49,False,0.9993465506724379,0.0,False
JAFRXC010000047.1_21,False,0.9861312056209447,0.0,False
SHMX01000002.1_484,False,0.8631040166565455,0.0002,False
JACIXQ010000107.1_1,False,0.9791012361358633,0.0,False
MHDQ01000203.1_8,False,0.6925479309447384,0.0,False
NZ_JOOE01000001.1_905,False,0.9761634247341963,0.0,False
JAGXLP010000076.1_2,False,0.9728956163091667,0.0,False
PWXJ01000180.1_2,False,0.9877596540805813,0.0004,False
JABWCD010000003.1_252,False,0.9324756502189856,0.0002,False
NZ_LMKQ01000002.1_368,False,0.9692417278850793,0.0002,False
JAFGTL010000673.1_4,False,0.8462739654723692,0.0002,False
WTCB01000049.1_19,False,0.8203348659668604,0.0,False
JAAZOE010000154.1_10,False,0.9998445683464807,0.0014,True
JAAYAK010000096.1_4,False,0.8516526416240132,0.0,False
AWOA01000130.1_4,False,0.7253405049015356,0.0,False
NZ_WEZQ01000018.1_1,False,0.9826444552891578,0.0,False
CAIVDM010000218.1_5,False,0.9986716524309869,0.0006,True
JACIXG010000017.1_52,False,0.9912429722026244,0.0,False
NZ_CP015423.1_4651,False,0.9296576331823607,0.0002,False
QHSL01000014.1_41,False,0.9948301002577485,0.0,False
JAFGCY010000017.1_5,False,0.78780255053353,0.0,False
JAGALG010000216.1_4,False,0.9171902715949953,0.0002,False
NZ_JH379015.1_27,False,0.9013734387909018,0.0002,False
JAFGIQ010000102.1_1,False,0.8686561984905006,0.0,False
JADJYS010000037.1_102,False,0.9517742593244612,0.0002,False
NZ_CP012328.1_909,False,0.6710332263381625,0.0,False
JADGAT010000032.1_34,False,0.7701917237789537,0.0,False
JABWCQ010000005.1_84,False,0.9925999033548415,0.0002,False
NZ_BJKN01000002.1_267,False,0.9985995952496862,0.0004,False
JAAOXU010000018.1_8,False,0.9540977581252257,0.0,False
MFPR01000040.1_26,False,0.9117659762297605,0.0,False
CAIQVJ010000088.1_42,False,0.9739071289744519,0.0004,False
URIY01000010.1_6,False,0.9961173478297236,0.0002,False
JAFRXC010000048.1_1,False,0.9830934546540834,0.0,False
CAIVGN010000097.1_117,False,0.8505248546889911,0.0002,False
NZ_FKIP01000340.1_6,False,0.9987018996981284,0.0002,False
NC_007759.1_2300,False,0.9744111851436164,0.0004,False
SYBY01000036.1_19,False,0.9805739151226861,0.0004,False
NZ_CP015455.1_1136,False,0.8195540903964604,0.0,False
JACMRP010000068.1_1,False,0.8256267892773488,0.0,False
SYBY01000350.1_3,False,0.6923744252624273,0.0,False
JACQWU010000265.1_4,False,0.7145831525982476,0.0,False
JAAOXX010000023.1_9,False,0.693588965038605,0.0,False
DRGV01000074.1_3,False,0.8551227552702351,0.0,False
NZ_CP029480.1_1146,False,0.7190075474971805,0.0,False
JADQBH010000319.1_2,False,0.7800815476706862,0.0,False
NZ_LT985324.1_88,False,0.8791532922703219,0.0,False
RFFU01000094.1_13,False,0.9512518568273411,0.0002,False
JAAYZI010000055.1_3,False,0.8271015875769931,0.0,False
QZKI01000140.1_7,False,0.9841981179943103,0.0,False
JAFCFP010000004.1_40,False,0.9924305493041115,0.0002,False
DSSU01000414.1_21,False,0.9964809818417751,0.0,False
JAGVWD010000019.1_10,False,0.8170382580029496,0.0,False
SXND01000132.1_22,False,0.9954794357703256,0.0008,True
JAFGIT010000053.1_3,False,0.4990890951678668,0.0002,False
JAHIZU010000207.1_1,False,0.9979237598002533,0.0002,False
CACXDF010000022.1_3,False,0.9975811462371501,0.0004,False
AQRW01000155.1_15,False,0.9908884413416748,0.0006,True
JADJOY010000027.1_4,False,0.9989869048102429,0.0006,True
JAAYHG010000233.1_6,False,0.9290790264420997,0.0004,False
SFEJ01000016.1_23,False,0.8509586188947688,0.0,False
JABMQX010000677.1_5,False,0.9509128590388778,0.0,False
CAIVGN010000059.1_20,False,0.7930077210028629,0.0,False
JAGOEH010000006.1_9,False,0.9744756600211276,0.0,False
JAFGJP010000150.1_12,False,0.7240392122842023,0.0,False
MHDQ01000181.1_2,False,0.9353413854608307,0.0,False
JAFGEW010000132.1_2,False,0.9968640584837314,0.0002,False
NZ_RZNA01000003.1_125,False,0.8895636332089876,0.0,False
NZ_JADWYU010000159.1_10,False,0.9732372296048827,0.0002,False
NZ_BJKN01000002.1_420,False,0.9612964350776979,0.0,False
NZ_FCNU01000032.1_210,False,0.7492842890604667,0.0,False
NBMB01000010.1_64,False,0.9801973466373701,0.0002,False
JAFGCY010000004.1_88,False,0.8784592695410774,0.0,False
QLTX01000103.1_6,False,0.9942781147005673,0.0002,False
SBHG01000140.1_12,False,0.9804555007692266,0.0006,True
JAFGJP010000270.1_3,False,0.9998129621405425,0.0,False
JACMRP010000083.1_8,False,0.9962897830506822,0.0,False
JAERTH010000169.1_8,False,0.9554215036023714,0.0006,True
NZ_AP018227.1_535,False,0.9624382727025074,0.0,False
JADQBH010000158.1_16,False,0.9975453511195523,0.0,False
CAIVDM010000117.1_10,False,0.7491975362193112,0.0002,False
WJMB01000394.1_2,False,0.9001409454168489,0.0002,False
SLGR01000237.1_4,False,0.8868742951331656,0.0,False
JAFGJP010000022.1_5,False,0.7124143315693588,0.0,False
QNVD01000035.1_5,False,0.7478094907608224,0.0,False
SLDX01000013.1_17,False,0.8879153292270322,0.0,False
JAFGBW010000176.1_8,False,0.4589225297128481,0.0,False
SXND01000105.1_5,False,0.7592608657933547,0.0002,False
NZ_CP016279.1_7872,False,0.9835404580343406,0.0002,False
JADJOY010000015.1_1,False,0.7583065845406437,0.0,False
PLYD01000058.1_30,False,0.890431161620543,0.0,False
CAIVDM010000016.1_6,False,0.7947427778259738,0.0,False
NZ_RXLO01000004.1_448,False,0.9997612786514934,0.0006,True
SBHG01000074.1_4,False,0.9983927651594341,0.0,False
NZ_CP016279.1_5939,False,0.7835516613169081,0.0,False
JAFGCY010000011.1_24,False,0.8374251756745034,0.0,False
JACIXG010000152.1_4,False,0.9562939595817351,0.0002,False
JAHJDJ010000193.1_1,False,0.9636596867665566,0.0002,False
PKWQ01000334.1_7,False,0.9878318885019548,0.0,False
PWGE01000117.1_1,False,0.9549555187537301,0.0,False
KI543207.1_1,False,0.9063065645488213,0.0,False
DUMP01000028.1_17,False,0.8554697666348573,0.0002,False
NZ_FKIP01000146.1_3,False,0.8505248546889911,0.0,False
WSZW01000003.1_5,False,0.9988253793453188,0.0004,False
CACGHR010000019.1_11,False,0.9911531934770321,0.0012,True
JACPQY010000011.1_40,False,0.9231325051158779,0.0,False
JABDHD010000005.1_47,False,0.9981608059160197,0.0002,False
JAFGTL010000052.1_3,False,0.8307452069055261,0.0,False
PMZC01000137.1_8,False,0.9928479328748004,0.0,False
NZ_KZ293963.1_1542,False,0.9951157854109433,0.0002,False
SLGQ01000365.1_2,False,0.9999594534999436,0.0014,True
NZ_CP015520.1_1452,False,0.9924803709061506,0.0,False
PWOA01000103.1_11,False,0.9602344201541135,0.0,False
JAFAZD010000058.1_1,False,0.948054087671328,0.0,False
MVZB01000235.1_4,False,0.9707152906779005,0.0002,False
NZ_AP018229.1_32,False,0.9223802805145137,0.0002,False
NZ_BAEO01000043.1_16,False,0.999670663675973,0.0002,False
SLNR01000160.1_5,False,0.9751156788832376,0.0008,True
JADQBH010000297.1_7,False,0.9868944775467536,0.0,False
CAIQVJ010000119.1_3,False,0.9999653878382851,0.0002,False
JAFANK010000184.1_6,False,0.9867485687837014,0.0002,False
NVVD01000001.1_356,False,0.7736618374251757,0.0,False
NZUQ01000109.1_1,False,0.8516526416240132,0.0,False
LIUI01000154.1_34,False,0.9960991898763497,0.0002,False
JADGDI010000129.1_6,False,0.9999428501731071,0.0002,False
JAGOBX010000053.1_1,False,0.9833537255587321,0.0,False
JAFGIT010000159.1_5,False,0.9789357456828155,0.0,False
MVCZ01000197.1_8,False,0.9951056176751508,0.0002,False
SVSB01000059.1_9,False,0.990326450966939,0.0002,False
DLYX01000393.1_3,False,0.9706675552969991,0.0002,False
JAGVWA010000002.1_15,False,0.8030710505769064,0.0,False
DREG01000002.1_7,False,0.9830151187847985,0.0,False
JAFGEX010000065.1_7,False,0.9863153905720472,0.0004,False
CP051243.1_1238,False,0.9950427585482389,0.0008,True
NZ_FRCD01000008.1_4,False,0.7216968855730025,0.0,False
PLYD01000024.1_4,False,0.9831562778222679,0.0,False
NZ_JAFCMM010000001.1_203,False,0.9462754960540096,0.0,False
JAGWYZ010000042.1_15,False,0.9998405539685635,0.0004,False
MNYW01000087.1_21,False,0.977319199233556,0.0004,False
JAGWYZ010000305.1_1,False,0.9983188585657494,0.0,False
RFFU01000075.1_5,False,0.9959178731977569,0.0,False
WVXK01000101.1_19,False,0.7627309794395767,0.0,False
PDQT01000302.1_7,False,0.884878979786588,0.0,False
JADIMU010000041.1_30,False,0.9328671441513867,0.0,False
CACZLA010000070.1_3,False,0.9564632670709884,0.0,False
CAIVGN010000067.1_45,False,0.9675821574980324,0.0,False
CP051243.1_2060,False,0.9545955116192404,0.0002,False
QHUM01000047.1_31,False,0.8634510280211677,0.0,False
NZ_CP060488.1_4664,False,0.6729417888435846,0.0,False
MDLB01000098.1_5,False,0.8751626615771666,0.0,False
CAIQVJ010000112.1_105,False,0.9477165978168104,0.0,False
PAQS01000011.1_1,False,0.8199011017610827,0.0,False
JAHKBB010000024.1_4,False,0.9893266044476571,0.0004,False
JAFGND010000107.1_5,False,0.9560400836352682,0.0002,False
CP002989.1_653,False,0.9024659825919067,0.0,False
LUZY01000014.1_55,False,0.9083059874062898,0.0,False
SYBY01000410.1_4,False,0.9829875978777196,0.0002,False
WRBD01000003.1_97,False,0.978372350756871,0.0,False
SXND01000007.1_56,False,0.9920122430152825,0.0006,True
NZ_KB899040.1_1382,False,0.7954368005552181,0.0,False
NZ_QHKX01000003.1_446,False,0.9999532847148925,0.0002,False
MGRR01000002.1_12,False,0.9992038481494369,0.0002,False
NZ_AWRU01000001.1_104,False,0.999992034748816,0.0006,True
QIFF01000049.1_6,False,0.9241460800526158,0.0,False
PLDF01000311.1_64,False,0.9974983787530586,0.0002,False
WVXK01000099.1_35,False,0.9999999324929497,0.0004,False
CAJOEW010000012.1_4,False,0.9948997837720341,0.0,False
JABDHD010000048.1_23,False,0.9977137875666533,0.0008,True
DF820462.1_15,False,0.9935503401949606,0.0002,False
MWBZ01000098.1_3,False,0.9695262343491253,0.0002,False
NZ_JAGGOF010000105.1_19,False,0.9993954282060692,0.0006,True
SHYX01000010.1_7,False,0.9761145194499858,0.0,False
LJUD01000059.1_1,False,0.9999918680028798,0.0008,True
DF820457.1_169,False,0.9321679758021244,0.0,False
JAGCDY010000063.1_50,False,0.9324192508903865,0.0,False
QCTB01000027.1_19,False,0.9234364681044323,0.0,False
NZ_CP021081.1_1801,False,0.9970032330490042,0.0004,False
NZ_AYYI01000016.1_30,False,0.9771408451337374,0.0002,False
WSXW01000003.1_63,False,0.5922616465689251,0.0,False
WUAI01000034.1_35,False,0.8668343888262341,0.0002,False
CADBLV010000241.1_4,False,0.9988216211252023,0.0,False
SLOM01000208.1_17,False,0.9125218245499955,0.0,False
MWBZ01000004.1_101,False,0.9883761286870983,0.0,False
JABMQX010000329.1_5,False,0.9540481084712426,0.0004,False
CACZFN010000051.1_1,False,0.9962818435151112,0.0002,False
VBOW01000019.1_46,False,0.9702707808116054,0.0,False
QZKI01000131.1_21,False,0.9985694458477132,0.0,False
NZ_JADEKP010000003.1_10,False,0.8239784852953934,0.0002,False
MGDH01000010.1_51,False,0.9919418474830906,0.0002,False
CAIVGN010000175.1_30,False,0.8377721870391255,0.0,False
CADBLV010000027.1_4,False,0.9597823133253437,0.0002,False
CAAEXI010000018.1_74,False,0.9990741740059411,0.0004,False
JABFGF010000002.1_309,False,0.9806458885004626,0.0,False
QGUP01000137.1_4,False,0.9988841728137211,0.0008,True
PWNJ01000001.1_5,False,0.7517133686128221,0.0,False
JAFSWN010000130.1_12,False,0.9440557921902732,0.0,False
JACIXR010000004.1_116,False,0.9989420018528611,0.0,False
WTCB01000112.1_3,False,0.7142361412336254,0.0,False
MWCZ01000418.1_3,False,0.9990106222140758,0.0,False
DBJE01000013.1_126,False,0.9954937959179159,0.0004,False
MNYI01000156.1_11,False,0.740782510627223,0.0,False
JACRDZ010000017.1_13,False,0.9647004683620894,0.0002,False
JAGOEH010000048.1_14,False,0.989291226314428,0.0,False
NZ_CP029480.1_3898,False,0.9132433786200829,0.0,False
JABXHY010000022.1_54,False,0.9328231640885751,0.0002,False
JAFGEW010000016.1_76,False,0.7910991584974408,0.0002,False
JACMRP010000317.1_1,False,0.9999215616651744,0.001,True
JAFUHT010000009.1_46,False,0.9075045895214093,0.0,False
CP002989.1_4,False,0.7967380931725514,0.0,False
PWHN01000057.1_53,False,0.9854029066323359,0.0,False
NZ_JAAIPW010000001.1_7,False,0.9447396958997047,0.0,False
SFEJ01000019.1_6,False,0.9725578987214077,0.0,False
NZ_CP021084.1_246,False,0.8841849570573437,0.0,False
JABDLO010000194.1_11,False,0.9989644975532347,0.0004,False
JAFZBN010000011.1_83,False,0.9243337144658389,0.0,False
NZ_AP018227.1_4131,False,0.8693502212197449,0.0,False
JABDLO010000224.1_23,False,0.9944532911197639,0.0006,True
WGBT01000164.1_5,False,0.9943495294911832,0.0,False
JAABRV010000047.1_14,False,0.9633247012759869,0.0002,False
WVXK01000007.1_85,False,0.7773054567537087,0.0,False
JAFGIT010000068.1_16,False,0.9384836822554046,0.0002,False
SLGQ01000145.1_11,False,0.9713114437016209,0.0002,False
NZ_PVNS01000011.1_122,False,0.8707382666782337,0.0,False
DTOT01000040.1_2,False,0.9926180733746423,0.0018,True
JAADIC010000260.1_5,False,0.9980702799324944,0.0,False
LMZT01000110.1_2,False,0.949522695341421,0.0,False
JACTNB010000035.1_111,False,0.9773347010672196,0.0,False
NZ_JACJQY010000005.1_134,False,0.9868591599380481,0.0,False
JAFGUZ010000186.1_6,False,0.9898653163200911,0.0002,False
PWNJ01000139.1_7,False,0.9918832007457007,0.0006,True
JACRLM010000014.1_1,False,0.963744900477798,0.0,False
CAIQVJ010000108.1_159,False,0.8624099939273011,0.0,False
PWGE01000132.1_2,False,0.9574788077520606,0.0,False
JABWCD010000022.1_104,False,0.9986470148136186,0.0008,True
JACNFQ010000074.1_3,False,0.9005376511371772,0.0002,False
JAGPKD010000058.1_5,False,0.754229201006333,0.0008,True
QLTX01000145.1_7,False,0.9682450500647682,0.0002,False
JACTNB010000030.1_41,False,0.9915792217720827,0.0,False
JAAYKP010000028.1_1,False,0.9935453854660943,0.0002,False
JACRDZ010000094.1_10,False,0.7421705560857118,0.0002,False
NZ_FKIP01001281.1_3,False,0.9400269579040974,0.0,False
JAGWYZ010000013.1_15,False,0.802203522165351,0.0,False
JAGVWD010000022.1_1,False,0.9316581648802787,0.0,False
PKWQ01000272.1_8,False,0.9975862135639019,0.0,False
ONXP01000040.1_18,False,0.9889965712481712,0.0002,False
JACPUR010000020.1_6,False,0.9999882763628215,0.0008,True
DLYX01000549.1_2,False,0.9733845921471033,0.0,False
NZ_UTHA01000183.1_1,False,0.9941650984077363,0.0,False
NZ_CP016279.1_7871,False,0.9495704457330916,0.0,False
NZ_FZMR01000017.1_5,False,0.9520546617894491,0.0,False
NZ_AP014612.1_296,False,0.9993775200048286,0.0004,False
CADCCW010000002.1_56,False,0.9703075548813299,0.0,False
JAHITZ010000028.1_18,False,0.9383447432803448,0.0,False
NZ_AWNK01000008.1_30,False,0.8495705734362801,0.0002,False
PLPI01000007.1_4,False,0.715277175327492,0.0,False
AZYB01000001.1_68,False,0.9901133067644935,0.0002,False
JAAYVF010000004.1_5,False,0.999994219743776,0.0002,False
WRMI01000095.1_6,False,0.7241259651253579,0.0,False
NZ_BJKN01000003.1_60,False,0.9687654139201721,0.0,False
NZ_CP016279.1_9505,False,0.9891058092958734,0.0002,False
NZ_BJKN01000003.1_84,False,0.9323026691194021,0.0,False
PLDF01000143.1_7,False,0.6789277348833175,0.0002,False
DBPU01000021.1_7,False,0.7227379196668691,0.0,False
JACPRG010000035.1_9,False,0.9909836355556361,0.0004,False
NZ_JADEKP010000002.1_361,False,0.8893033746855209,0.0002,False
JACPRG010000109.1_10,False,0.9880557533019437,0.0,False
JWIH01000021.1_168,False,0.9995849489024494,0.0004,False
JACMRP010000129.1_7,False,0.9981093666886683,0.0004,False
JACRJN010000174.1_10,False,0.9864558097598669,0.0,False
JACPTH010000177.1_4,False,0.9006327306413284,0.0004,False
JAEOSL010000003.1_56,False,0.9567847284911597,0.0006,True
PWFS01000104.1_5,False,0.8882623405916544,0.0,False
PLFD01000049.1_9,False,0.9723812765396124,0.0,False
JACPTH010000371.1_2,False,0.860327925739568,0.0,False
JADJOY010000001.1_117,False,0.9723428265294867,0.0004,False
DMSQ01000014.1_23,False,0.5868829704172812,0.0002,False
NZ_LMKQ01000001.1_637,False,0.9975294895321749,0.0002,False
NZ_AP018227.1_6142,False,0.9992581006640521,0.0,False
SFNH01000195.1_4,False,0.6942829877678494,0.0,False
JABFRY010000255.1_4,False,0.9773203264729143,0.0002,False
NZ_RZNA01000052.1_96,False,0.990981133663093,0.0002,False
PDQT01000066.1_2,False,0.9999317541820119,0.0006,True
DCUM01000106.1_1,False,0.2982562678927735,0.0,False
CP054183.1_2018,False,0.9872981077324302,0.0002,False
NZ_FCNU01000028.1_125,False,0.8681356814435672,0.0,False
JAGALG010000211.1_5,False,0.9941843805767147,0.0,False
JAEOSL010000017.1_17,False,0.9750199542816675,0.0002,False
JABDLO010000113.1_7,False,0.9442269397836923,0.0,False
WYBT01000034.1_5,False,0.9728848582701874,0.0002,False
CP002988.1_571,False,0.943363080937409,0.0,False
JAAYXC010000202.1_13,False,0.9999607913905744,0.0,False
QLTX01000006.1_7,False,0.8987594343714757,0.0,False
JACIXG010000065.1_27,False,0.9987278270184881,0.0008,True
JAGOUY010000015.1_20,False,0.9924619529727019,0.0008,True
CP051243.1_591,False,0.9991557199572939,0.0,False
DSSB01000315.1_2,False,0.9937516605719737,0.0,False
CADCCW010000021.1_4,False,0.9681012436685636,0.0,False
PLYD01000151.1_8,False,0.8965906133425869,0.0004,False
NZ_JADWYU010000043.1_1,False,0.9951652184986666,0.0,False
QCTB01000020.1_3,False,0.8154767068621497,0.0,False
MGDH01000024.1_69,False,0.7065151383707816,0.0,False
JAAYCF010000348.1_1,False,0.9935894170732668,0.0002,False
JAGPKD010000001.1_48,False,0.606489112518435,0.0,False
JAAYCL010000020.1_69,False,0.8605014314218791,0.0,False
MGPE01000006.1_38,False,0.9771835586615822,0.0,False
DLGL01000078.1_73,False,0.8167779994794829,0.0,False
NZ_JAFCMM010000010.1_7,False,0.9623785122077211,0.0,False
QNDJ01000024.1_4,False,0.25887047800815477,0.0,False
NZ_CP021081.1_2573,False,0.8787195280645441,0.0,False
NZ_SJCO01000001.1_193,False,0.929002638935328,0.0,False
JACIXG010000054.1_21,False,0.9999455341582538,0.0002,False
SHYX01000046.1_27,False,0.9756594007992386,0.0,False
NZ_LT985323.1_1129,False,0.7939620022555739,0.0,False
SLGR01000220.1_6,False,0.9916771810139148,0.0006,True
JADIMU010000009.1_14,False,0.9930704464966524,0.0,False
JAFKJK010000012.1_163,False,0.9814179945755063,0.0002,False
ONGA01000019.1_10,False,0.986111327420498,0.0002,False
JAFYIZ010000013.1_19,False,0.8600676672161013,0.0,False
MFPR01000004.1_284,False,0.8154767068621497,0.0,False
AQRW01000178.1_13,False,0.9424776845891897,0.0,False
JACRAC010000005.1_12,False,0.9824354701770505,0.0006,True
PMWA01000048.1_5,False,0.9997909884821368,0.0004,False
MWBZ01000025.1_15,False,0.9949996117489267,0.0,False
PKWQ01000476.1_3,False,0.9877744353265958,0.0,False
NZ_LT985324.1_1085,False,0.655417714930164,0.0,False
PAQS01000040.1_177,False,0.9998413231720858,0.0,False
MFGS01000147.1_1,False,0.8928602411728984,0.0002,False
DLYX01000641.1_1,False,0.9680773279890104,0.0006,True
NZ_JAFCMM010000001.1_1140,False,0.9676087546546206,0.0002,False
JAADIC010000328.1_9,False,0.9166966408115814,0.0,False
PWHN01000041.1_2,False,0.9409802503545746,0.0,False
NZ_BAEO01000017.1_90,False,0.8786327752233886,0.0,False
JAFANK010000215.1_9,False,0.8887828576385877,0.0,False
NZ_CP016279.1_4600,False,0.9779968967529531,0.0,False
JAFGCY010000102.1_4,False,0.845926954107747,0.0,False
QMTU01000029.1_9,False,0.828663138717793,0.0,False
JAFGOL010000272.1_8,False,0.9722764232834145,0.0002,False
QIFF01000348.1_4,False,0.9991972420364807,0.0,False
NZ_JADWYU010000222.1_22,False,0.9942348631353783,0.0002,False
DSSC01000014.1_37,False,0.9982040907366735,0.0004,False
NZ_JADEKP010000006.1_40,False,0.9884077204422497,0.0,False
JAFAZD010000320.1_7,False,0.9406230358211757,0.0,False
NZ_LBMK01000004.1_378,False,0.999593159388849,0.0,False
DCUM01000028.1_20,False,0.9999999650988477,0.0006,True
JAGALG010000219.1_3,False,0.9910989711558292,0.0004,False
ONGA01000005.1_6,False,0.6417107660275874,0.0,False
VMTI01000201.1_2,False,0.9985851733838738,0.001,True
MDLB01000088.1_9,False,0.8524334171944131,0.0,False
CAIVDM010000049.1_6,False,0.7944825193025071,0.0002,False
JACIXS010000344.1_1,False,0.9524985889236824,0.0,False
JAEEJP010000098.1_14,False,0.9984648502224704,0.0002,False
CP051243.1_50,False,0.99891565343216,0.0,False
NZ_JPST01000021.1_53,False,0.7918799340678407,0.0,False
JAFANK010000310.1_1,False,0.8953760735664092,0.0,False
PKTT01000024.1_13,False,0.9787288868317572,0.0006,True
JACPSX010000282.1_4,False,0.9955193756670717,0.0,False
RFHX01000206.1_9,False,0.8111390648043724,0.0,False
MGRR01000035.1_2,False,0.7939620022555739,0.0,False
NZ_UTHA01000184.1_62,False,0.9977357618884316,0.0,False
JAGXKI010000023.1_1,False,0.9535402347347527,0.0002,False
CAIQVJ010000059.1_20,False,0.9901969108788597,0.0,False
QZKU01000064.1_4,False,0.7672421271796651,0.0,False
WFRF01000102.1_3,False,0.7399149822156675,0.0,False
NZ_BAEO01000055.1_262,False,0.9693668245741064,0.0,False
JAAYVF010000024.1_7,False,0.892946994014054,0.0002,False
SHYX01000017.1_59,False,0.8528671814001909,0.0,False
JAFUYQ010000030.1_35,False,0.8263208120065932,0.0,False
QIFF01000031.1_5,False,0.8048061074000173,0.0002,False
JAAYZI010000324.1_7,False,0.8694369740609005,0.0,False
CAJQMW010000527.1_4,False,0.9990051011552327,0.001,True
JAFSWN010000110.1_1,False,0.9157953906427054,0.0,False
WOZJ01000072.1_43,False,0.998924902532993,0.0006,True
MGQK01000001.1_15,False,0.9756804813450933,0.0,False
SVSB01000020.1_3,False,0.9702498046446356,0.0002,False
QNDJ01000059.1_4,False,0.9907073838912495,0.0,False
JACPUC010000006.1_191,False,0.9940616177576569,0.0,False
QJVW01000019.1_16,False,0.5677105925219051,0.0,False
RFIY01000371.1_1,False,0.9201465183051041,0.0,False
WQSZ01000031.1_10,False,0.934941456512468,0.0,False
NZ_CP029480.1_418,False,0.9472344779500853,0.0,False
NC_021031.1_2564,False,0.7727075561724647,0.0,False
NZ_LT985323.1_1002,False,0.8081894682050837,0.0,False
JAEOSL010000008.1_27,False,0.9996274670224142,0.0004,False
JAAYZI010000373.1_2,False,0.7874555391689078,0.0,False
WFTM01000410.1_1,False,0.9910256519258137,0.0004,False
SLNR01000108.1_13,False,0.9341818474216997,0.0,False
NZ_RZMY01000006.1_256,False,0.999320059923248,0.0004,False
MHDQ01000123.1_7,False,0.9554689803670179,0.0,False
NZ_BDAU01000011.1_364,False,0.9764259702034871,0.0,False
PMWA01000071.1_1,False,0.9945703030165871,0.0,False
JAFCFP010000032.1_13,False,0.872039559295567,0.0,False
NZ_JACJQY010000019.1_78,False,0.8506116075301466,0.0,False
NZ_JADWYU010000163.1_7,False,0.9998274322605084,0.0006,True
NZ_QHKX01000004.1_340,False,0.9234769377636804,0.0002,False
MGQK01000107.1_4,False,0.8869610479743212,0.0,False
NZ_LT907975.1_456,False,0.9636535651404811,0.0002,False
JACRIV010000067.1_10,False,0.9873213007673525,0.0,False
SLNR01000119.1_1,False,0.939007489550415,0.0,False
NZ_CP021081.1_2007,False,0.9549105277255473,0.0,False
LKMX01000042.1_6,False,0.9732253415334037,0.0,False
JABMRT010000177.1_11,False,0.9990191611966458,0.001,True
JABFRY010000219.1_4,False,0.5504467771319511,0.0,False
JADGAT010000030.1_17,False,0.7545762123709552,0.0,False
QNDJ01000306.1_1,False,0.9037490913899686,0.0002,False
DITF01000082.1_24,False,0.8921662184436541,0.0,False
NZ_AWRU01000019.1_13,False,0.9210236277847376,0.0,False
JAFGKQ010000164.1_12,False,0.9937940937376609,0.0008,True
VMTI01000114.1_12,False,0.9622122353442313,0.0,False
PAQS01000049.1_6,False,0.9471109904941385,0.0,False
QZKU01000019.1_3,False,0.9333843804366223,0.0,False
MWBZ01000161.1_7,False,0.9983263081843422,0.0002,False
CAIVDM010000117.1_8,False,0.6915936496920274,0.0,False
LCRX01000001.1_57,False,0.9999996237968889,0.0004,False
JACQOV010000005.1_1,False,0.864925826320812,0.0,False
JAGOBX010000051.1_5,False,0.8066279170642838,0.0,False
PLDF01000165.1_7,False,0.9717276420496223,0.0002,False
LCRX01000002.1_14,False,0.9199421187527469,0.0,False
PBWH01000031.1_49,False,0.9598394993875621,0.0,False
LJUI01000072.1_9,False,0.994174102729045,0.0,False
DIFC01000062.1_43,False,0.9774675315612001,0.0002,False
JACOUC010000033.1_17,False,0.9875066399403073,0.0002,False
SKQU01000410.1_7,False,0.9817720085919242,0.0008,True
KI543199.1_28,False,0.9999999911866412,0.0006,True
CAJMJN010000001.1_94,False,0.752494144183222,0.0,False
JACPUC010000007.1_86,False,0.9957632147048819,0.0008,True
DDGC01000024.1_20,False,0.763425002168821,0.0,False
NZ_CP015520.1_1032,False,0.9587520330664177,0.0,False
JAEELG010000002.1_16,False,0.9971619739394066,0.0,False
JAHJDR010000061.1_4,False,0.9529950834242996,0.0,False
DCUM01000213.1_1,False,0.9704737148202135,0.0,False
VBAP01000025.1_8,False,0.9986897466828718,0.0,False
NZ_BMLQ01000013.1_27,False,0.9198402715574804,0.0,False
WLFD01000130.1_2,False,0.9769164654702243,0.0,False
DIVR01000004.1_9,False,0.724299470807669,0.0002,False
MNYV01000050.1_8,False,0.9981688585769299,0.0,False
JAGWXF010000003.1_158,False,0.9920450082016261,0.0,False
NZ_BAEO01000004.1_12,False,0.9999991252932934,0.0004,False
JAHIZU010000292.1_19,False,0.9677441887933671,0.0,False
JACRPW010000010.1_18,False,0.9059031763913639,0.0,False
QLTX01000196.1_1,False,0.9935354819049349,0.0,False
DDYN01000005.1_44,False,0.9823207467020549,0.0,False
WSXW01000045.1_2,False,0.9835829521491354,0.0002,False
METK01000021.1_5,False,0.9518245685517528,0.0002,False
JAABRV010000258.1_2,False,0.8640582979092565,0.0002,False
PMNA01000001.1_6,False,0.9107719978772024,0.0,False
JABIXH010000210.1_1,False,0.9926427915538749,0.0002,False
JAHIPN010000264.1_4,False,0.9617589762630885,0.001,True
NZ_FQTT01000010.1_99,False,0.9478460447548896,0.0,False
JAFRXC010000034.1_20,False,0.9900354261594264,0.0002,False
JACIXR010000001.1_270,False,0.7631647436453544,0.0,False
DITF01000375.1_1,False,0.9628610948709045,0.0,False
BMST01000005.1_102,False,0.854168474017524,0.0,False
NVVD01000002.1_63,False,0.8292704086058819,0.0,False
MFAF01000041.1_5,False,0.6651340331395853,0.0,False
DLMW01000048.1_36,False,0.9414397423302998,0.0006,True
CACZLA010000068.1_6,False,0.9992659473412576,0.0004,False
VXWP01000025.1_18,False,0.7172724906740696,0.0002,False
NZ_JACJQY010000005.1_165,False,0.8656198490500564,0.0,False
JABWCP010000032.1_24,False,0.9871892567318945,0.0,False
NZ_LBMK01000003.1_388,False,0.9986269833785292,0.0008,True
NZ_FRCD01000016.1_74,False,0.9957155459990823,0.0002,False
NZ_JAFCMM010000001.1_351,False,0.8867875422920101,0.0,False
DDGC01000004.1_164,False,0.9926158532937642,0.0,False
SKQU01000427.1_10,False,0.7029582718834042,0.0,False
NZ_AP018227.1_2610,False,0.9825043673883881,0.0,False
NYZA01000030.1_9,False,0.9979167518783698,0.0002,False
JAAOXX010000018.1_1,False,0.9603919089889711,0.0,False
NZ_JACJQY010000014.1_18,False,0.7601283942049102,0.0,False
WSXW01000016.1_27,False,0.9995016815289861,0.0004,False
CAISUK010000290.1_5,False,0.9999188075643826,0.0004,False
DAPM01000010.1_48,False,0.9718405906185197,0.0002,False
DREG01000345.1_2,False,0.8085364795697059,0.0,False
USIB01000039.1_8,False,0.9763638533759733,0.0,False
QHSL01000018.1_18,False,0.9902210297183698,0.0002,False
MFAF01000004.1_10,False,0.8971978832306758,0.0004,False
JABWBZ010000274.1_2,False,0.9964174137382973,0.0,False
WRBD01000021.1_30,False,0.9694980996103976,0.0002,False
NZ_AP018227.1_1078,False,0.9804826707260064,0.0002,False
JAFGOL010000197.1_1,False,0.7769584453890865,0.0,False
NZ_AP018231.1_8,False,0.8080159625227726,0.0,False
JADJYS010000004.1_228,False,0.98884977073684,0.0,False
NZ_BDAU01000002.1_7,False,0.9796092003804103,0.0004,False
JAGOUY010000004.1_71,False,0.879500303634944,0.0,False
JAFGDH010000038.1_14,False,0.9942720346516334,0.0,False
SVSB01000027.1_19,False,0.9294952321920891,0.0,False
NZ_NCSM01000011.1_180,False,0.9999972348360998,0.0004,False
JAAYHG010000160.1_1,False,0.998121137140204,0.0004,False
PLDF01000357.1_3,False,0.9725022656437924,0.0004,False
WSZW01000008.1_3,False,0.8507851132124578,0.0,False
SLGQ01000292.1_1,False,0.9804539291194021,0.0,False
SBFR01000158.1_9,False,0.9999759898469953,0.0014,True
SLGR01000164.1_2,False,0.7091177236054481,0.0,False
SLOM01000145.1_2,False,0.7469419623492669,0.0,False
NC_018649.1_540,False,0.8931204996963651,0.0,False
WJMB01000170.1_9,False,0.9786438090144439,0.0,False
SKQU01000288.1_5,False,0.9993271803672504,0.0004,False
SXND01000282.1_88,False,0.9942954753104356,0.0,False
PWXJ01000195.1_4,False,0.9372950742142737,0.0002,False
JAFRXC010000030.1_44,False,0.5651947601283942,0.0002,False
NZ_JAFVMG010000068.1_1,False,0.998874821502305,0.0,False
PLOF01000002.1_4,False,0.9708228527291107,0.0,False
JAGYNK010000098.1_11,False,0.6857812093346057,0.0,False
JADGAT010000024.1_49,False,0.9251558805708718,0.0002,False
PLDF01000395.1_5,False,0.8342153205517481,0.0,False
JAGORV010000024.1_14,False,0.9955783134735299,0.0002,False
DLPB01000024.1_62,False,0.9821640523511443,0.0,False
QZKI01000054.1_1,False,0.9696783214002237,0.0,False
DIFC01000011.1_5,False,0.8110523119632168,0.0,False
DSKM01000009.1_173,False,0.9313356274924923,0.0002,False
JAFGEW010000132.1_90,False,0.9348173879170663,0.0002,False
RFIY01000363.1_7,False,0.692634683785894,0.0,False
JACTNB010000007.1_2,False,0.754229201006333,0.0,False
NZ_FQVN01000001.1_812,False,0.9795424188890788,0.0,False
JACPUC010000001.1_28,False,0.9906214031158005,0.001,True
QNDJ01000442.1_2,False,0.8809751019345884,0.0002,False
NZ_KB899040.1_1332,False,0.8922529712848096,0.0,False
USIB01000003.1_27,False,0.9971547950325779,0.0,False
MGDH01000029.1_2,False,0.9984023526959329,0.0006,True
JACPTH010000245.1_2,False,0.7935282380497961,0.0,False
DSSU01000309.1_1,False,0.9855603335543214,0.0006,True
JABMQX010000142.1_2,False,0.9612610918718507,0.0002,False
JACPQY010000017.1_41,False,0.8688297041728117,0.0,False
NZ_AWRU01000034.1_60,False,0.9995109065230192,0.0006,True
VGIX01000017.1_31,False,0.9612895663793255,0.0,False
MGFH01000029.1_5,False,0.9851508154139438,0.0,False
PLYD01000077.1_4,False,0.9822641153409714,0.0006,True
PLDF01000394.1_7,False,0.9377384922990735,0.0004,False
JAHITZ010000049.1_4,False,0.670946473497007,0.0,False
JAAYZI010000115.1_1,False,0.9815468644376389,0.0,False
NZ_JOOE01000001.1_219,False,0.9320721434771683,0.0,False
USJX01000004.1_20,False,0.9999453739701865,0.0004,False
JACPTH010000557.1_4,False,0.9978880869012406,0.0004,False
JAFANK010000106.1_12,False,0.9951085540260709,0.0,False
NZ_KZ293963.1_738,False,0.9510828874778082,0.0022,True
DSSC01000001.1_136,False,0.9946248055104687,0.0002,False
CAJUKE010000011.1_24,False,0.9854663083091931,0.0,False
MNYW01000016.1_38,False,0.9854519315754364,0.0,False
CAAETL010000285.1_4,False,0.997474529517804,0.0,False
JAFGDH010000015.1_7,False,0.7737485902663312,0.0,False
QJVW01000029.1_2,False,0.9723316315194018,0.0002,False
NZ_JAGGOF010000072.1_40,False,0.9996087283617436,0.0002,False
DLGL01000091.1_11,False,0.9985288227303851,0.0002,False
JABWCP010000004.1_105,False,0.999244601720011,0.0002,False
JAERTH010000031.1_16,False,0.8017697579595732,0.0002,False
CAJKKX010000184.1_5,False,0.9322204038960377,0.0004,False
JAFGCY010000075.1_8,False,0.8307452069055261,0.0002,False
JAAOXU010000001.1_10,False,0.9530569478053075,0.0,False
JACOUC010000061.1_24,False,0.9655321217858917,0.0,False
NYYY01000043.1_33,False,0.7639455192157543,0.0,False
JACQWU010000314.1_3,False,0.9858394678855307,0.0004,False
JABWCD010000030.1_132,False,0.2456840461525115,0.0002,False
JACRIV010000026.1_7,False,0.9439917171803458,0.0,False
RFIY01000266.1_3,False,0.8754229201006333,0.0,False
JABWCD010000012.1_56,False,0.9777048244060471,0.0,False
MFAF01000008.1_3,False,0.9978967497136518,0.0004,False
WRMI01000019.1_19,False,0.9902331623789871,0.0002,False
PAZD01000053.1_24,False,0.7118938145224256,0.0,False
DSSU01000420.1_8,False,0.9795381806497473,0.0,False
AQRW01000183.1_50,False,0.766895115815043,0.0002,False
CAIQVJ010000085.1_79,False,0.9998975349712309,0.0,False
JAADHJ010000044.1_116,False,0.7504988288366444,0.0002,False
CAJUIP010000109.1_1,False,0.9066527995387588,0.0002,False
WJKZ01000057.1_9,False,0.9947916036850958,0.0,False
PNNP01000024.1_10,False,0.9972891492003275,0.0004,False
JAGVWD010000052.1_1,False,0.7438188600676672,0.0002,False
QCFI01000004.1_20,False,0.9166723736745597,0.0,False
NZ_CP021081.1_415,False,0.9264993716612433,0.0,False
CACYFZ010000007.1_3,False,0.9756659444999832,0.0002,False
QZKU01000107.1_11,False,0.9969635163605577,0.0,False
NZ_AWRU01000012.1_1,False,0.8179057864145051,0.0,False
NZ_JADWYU010000283.1_3,False,0.9999792538863485,0.0002,False
MVZB01000385.1_1,False,0.7528411555478441,0.0,False
JAGOUY010000009.1_61,False,0.8668343888262341,0.0,False
JAFGEQ010000009.1_111,False,0.98533618225151,0.0,False
NZ_KZ293963.1_765,False,0.9992254761960083,0.0006,True
RFFU01000125.1_11,False,0.961811093608321,0.0004,False
JABIXH010000080.1_2,False,0.9870201059405509,0.0006,True
JAFKJK010000010.1_46,False,0.9898350070980843,0.0004,False
NZ_LMGK01000005.1_136,False,0.9996895654830111,0.0,False
JACTNB010000013.1_511,False,0.7382666782337122,0.0,False
PWOA01000095.1_4,False,0.9999803415232887,0.0006,True
JAAYKP010000066.1_13,False,0.9996341903735968,0.0012,True
PMZC01000055.1_27,False,0.9949217292569074,0.0002,False
NZ_FQVN01000003.1_255,False,0.9984527351585721,0.0,False
LJUD01000156.1_2,False,0.9145638012072831,0.0,False
JAGPNE010000009.1_12,False,0.9957623824305114,0.0004,False
JAGOEH010000340.1_5,False,0.9642122686128063,0.0,False
JAFGEQ010000005.1_169,False,0.945306730252122,0.0,False
CAIQVJ010000103.1_92,False,0.9689500957188115,0.0002,False
JACPUR010000032.1_4,False,0.9388649642413185,0.0002,False
WGBT01000054.1_2,False,0.9625394525379869,0.0,False
CAIVGN010000082.1_6,False,0.9806615933311624,0.0,False
JACPTH010000117.1_7,False,0.8697839854255227,0.0,False
NZ_PTQW01000024.1_20,False,0.8415025592088141,0.0,False
SLOM01000168.1_15,False,0.8592868916457014,0.0,False
SKQU01000030.1_2,False,0.9959183953446391,0.0002,False
JADJOY010000059.1_3,False,0.9403272359171642,0.0,False
PMWA01000107.1_4,False,0.7835516613169081,0.0,False
WRBD01000007.1_10,False,0.8672681530320118,0.0,False
PLDF01000241.1_2,False,0.9786935690519328,0.0002,False
PLYD01000203.1_7,False,0.9982018947337284,0.0,False
JAEELG010000070.1_13,False,0.9943457413631445,0.0,False
NZ_FQTT01000011.1_153,False,0.9309574791349895,0.0,False
NZ_CP014223.1_1476,False,0.8681356814435672,0.0006,True
NZ_CP016279.1_9166,False,0.9947361983030675,0.0006,True
CACMQN010000003.1_41,False,0.9403766431365801,0.0002,False
JWIH01000008.1_11,False,0.9732408416830453,0.0002,False
JAHJLF010000009.1_9,False,0.9922191160437339,0.0,False
JAATVM010000082.1_4,False,0.954055673765831,0.0006,True
PUNC01000080.1_2,False,0.8355166131690813,0.0002,False
URUF01000045.1_12,False,0.9705242495060741,0.0002,False
NZ_CP015520.1_336,False,0.9758038217392682,0.0004,False
JADJOY010000008.1_270,False,0.9570175622710639,0.0,False
CP051243.1_2718,False,0.9802398405276924,0.0,False
NZ_AFXQ01000024.1_33,False,0.9997395745621127,0.0002,False
JACQOF010000021.1_2,False,0.9970227601626036,0.0,False
JADJOY010000041.1_33,False,0.9729515227849509,0.0002,False
WFPJ01000115.1_11,False,0.907375949794955,0.0,False
CADBLV010000220.1_5,False,0.9996516937848875,0.0,False
JAGCDY010000113.1_1,False,0.8905179144616986,0.0,False
JAHITZ010000048.1_7,False,0.8977184002776091,0.0,False
JABWCP010000006.1_85,False,0.996974828570651,0.0,False
DF820456.1_404,False,0.8477487637720136,0.0004,False
DSSB01000575.1_5,False,0.9944019040466807,0.0,False
PLDF01000311.1_22,False,0.9118300003580806,0.0,False
JAGXKI010000002.1_95,False,0.8955495792487204,0.0,False
JABMRT010000033.1_11,False,0.9886802579970995,0.0002,False
QLTX01000129.1_3,False,0.9861240647126032,0.0006,True
QZJZ01000035.1_43,False,0.9906912361526903,0.0,False
NZ_BJKN01000002.1_491,False,0.6918539082154941,0.0,False
MGRR01000103.1_3,False,0.9338022726605182,0.0,False
WLOP01000009.1_4,False,0.997854627415756,0.0004,False
PWXJ01000280.1_12,False,0.9997904974076022,0.0004,False
CAIQVJ010000081.1_16,False,0.735230328793268,0.0,False
PLYD01000139.1_6,False,0.9849941679920873,0.0008,True
NZ_NCSM01000031.1_107,False,0.9597649006034765,0.0002,False
JAFGTC010000040.1_5,False,0.8787195280645441,0.0,False
NZ_FKIP01000140.1_3,False,0.8618894768803679,0.0,False
DSWB01000166.1_1,False,0.8506116075301466,0.0,False
PLOF01000005.1_1,False,0.9999998443388394,0.0,False
PAZD01000033.1_18,False,0.8840114513750326,0.0,False
JAGOBX010000503.1_5,False,0.7288106185477574,0.0,False
JADGAT010000086.1_8,False,0.9984657496232135,0.0004,False
JAFGEV010000210.1_6,False,0.9515558959522774,0.0,False
NZ_FKIP01001367.1_5,False,0.8021167693241954,0.0,False
JAFGIT010000050.1_2,False,0.8806280905699662,0.0002,False
PMZC01000057.1_5,False,0.6262687603018999,0.0,False
DRUY01000122.1_12,False,0.8068014227465949,0.0,False
OMZR01000001.1_20,False,0.8809751019345884,0.0004,False
JAHJDO010000130.1_18,False,0.9095124609012177,0.0002,False
JABMRT010000020.1_4,False,0.8823631473930771,0.0,False
JAFGJP010000295.1_1,False,0.8738613689598335,0.0,False
JACMRP010000211.1_2,False,0.9932384899906509,0.0024,True
DIWJ01000049.1_29,False,0.8686561984905006,0.0,False
AWOA01000006.1_14,False,0.9631740941928718,0.0,False
DMSQ01000075.1_81,False,0.8640582979092565,0.0,False
PLOF01000050.1_27,False,0.999294311636419,0.0002,False
PAZD01000058.1_17,False,0.8258002949596599,0.0,False
QHUM01000034.1_5,False,0.9496718934434129,0.0,False
WAQR01000250.1_7,False,0.99981323398307,0.0004,False
NC_014654.1_1908,False,0.7338422833347792,0.0,False
NZ_FKIP01000006.1_7,False,0.9799204161765686,0.0002,False
PLFD01000034.1_4,False,0.8971111303895203,0.0,False
DLYX01000589.1_1,False,0.99999804501234,0.001,True
JACIXQ010000132.1_1,False,0.9537121760002957,0.0004,False
NZUQ01000068.1_11,False,0.627223041554611,0.0,False
DSNN01000269.1_5,False,0.9658428276726168,0.0002,False
NZ_JABFHO010000001.1_2789,False,0.997861500867704,0.0,False
QZKI01000004.1_19,False,0.940554662680901,0.0002,False
LJUY01000004.1_73,False,0.6645267632514965,0.0,False
WVXK01000056.1_1,False,0.7347965645874902,0.0,False
DF820458.1_4,False,0.9921034925418428,0.0,False
JABWCD010000029.1_15,False,0.9969551880057476,0.0002,False
JAGOBX010000022.1_15,False,0.9826671247492184,0.0,False
JAFGTL010000447.1_8,False,0.9515195077550844,0.0,False
PKTG01000064.1_100,False,0.8292704086058819,0.0002,False
DRTT01000124.1_7,False,0.8914721957144096,0.0002,False
PAYP01000095.1_15,False,0.9891289473034293,0.0004,False
NZ_LT907975.1_1038,False,0.9929580775093612,0.0004,False
NYZA01000093.1_14,False,0.8085364795697059,0.0,False
QHSL01000107.1_10,False,0.9879389964373209,0.0,False
DMSQ01000012.1_10,False,0.9620630271395331,0.0002,False
JAFTKO010000032.1_97,False,0.9137317425683867,0.0002,False
JACTNB010000032.1_27,False,0.9833175176582791,0.0,False
NZ_LMKQ01000001.1_700,False,0.9996186134498327,0.0002,False
JABFGF010000002.1_108,False,0.9651286376312308,0.0002,False
NC_014654.1_567,False,0.6867354905873168,0.0,False
QLUP01000093.1_4,False,0.9910433116857743,0.0006,True
NZ_JACJQY010000052.1_24,False,0.9800925535202673,0.0,False
WYBT01000038.1_68,False,0.8660536132558341,0.0,False
NYZA01000162.1_9,False,0.9980350295131238,0.0002,False
JAFANK010000056.1_1,False,0.9769060894152164,0.0002,False
WYBT01000050.1_2,False,0.8030710505769064,0.0,False
CAIQVJ010000135.1_42,False,0.9937763515534743,0.0002,False
NZ_RZNA01000040.1_379,False,0.9687974426897503,0.0,False
MFGS01000162.1_8,False,0.9555486832754758,0.0004,False
OMZR01000003.1_37,False,0.9930691971325204,0.0,False
NZ_FQVN01000001.1_703,False,0.9978851741313491,0.0,False
PMWA01000108.1_1,False,0.9557564694308937,0.0,False
WFTM01000464.1_3,False,0.9903073852644233,0.0002,False
NZ_FQVN01000004.1_531,False,0.9998060726310972,0.0002,False
JAHIPN010000406.1_12,False,0.9998654369588642,0.0004,False
QZJZ01000086.1_4,False,0.9802214947522193,0.0,False
NC_011661.1_346,False,0.9422872020704776,0.0006,True
NZ_JAFCMM010000007.1_166,False,0.9954483718878112,0.0004,False
PMWA01000044.1_11,False,0.9297096122155767,0.0002,False
JAHIZU010000133.1_2,False,0.942112018087834,0.0,False
JAHJDR010000295.1_3,False,0.6729417888435846,0.0,False
NZ_FRCD01000003.1_229,False,0.9488611978986496,0.0,False
PWNJ01000214.1_3,False,0.8740348746421446,0.0,False
RFIY01000372.1_1,False,0.9338720932245119,0.0,False
NZ_BJKN01000004.1_46,False,0.9999962020501673,0.001,True
VBOW01000057.1_2,False,0.8497440791185912,0.0,False
CACZLA010000056.1_1,False,0.9843334828085801,0.0004,False
JABDLO010000453.1_1,False,0.9899307259678772,0.0006,True
NZ_FCNU01000031.1_19,False,0.9210638709311441,0.0,False
SBHG01000162.1_10,False,0.9808955842425349,0.0,False
CAILUR010000192.1_6,False,0.9747882466637696,0.0002,False
NZ_CP007062.1_1316,False,0.9734019369870702,0.0002,False
MGRR01000061.1_5,False,0.7826841329053527,0.0,False
NZ_NCSM01000030.1_43,False,0.7842456840461525,0.0,False
JABFRY010000013.1_5,False,0.8971111303895203,0.0,False
WYBT01000063.1_67,False,0.9977945955762267,0.0004,False
DIWJ01000049.1_66,False,0.9545267766052715,0.0002,False
JAFGUZ010000038.1_20,False,0.9569814027679893,0.0002,False
PLDF01000188.1_55,False,0.8998004684653422,0.0,False
NZ_KB908331.1_12,False,0.9998853773097723,0.0004,False
DIVR01000074.1_15,False,0.6316474364535438,0.0,False
WTCB01000001.1_9,False,0.940396864009127,0.0002,False
PUNJ01000211.1_3,False,0.9714001789020082,0.0,False
DITF01000154.1_7,False,0.960782174790065,0.0002,False
JAAYZI010000076.1_2,False,0.6903791099158497,0.0,False
NZ_JAFVMG010000001.1_206,False,0.9698439299401534,0.0002,False
JABWCD010000023.1_15,False,0.9895407430787061,0.0,False
NC_022792.1_1108,False,0.9457407311513306,0.0,False
CAJOEW010000033.1_11,False,0.9896791041507563,0.0008,True
NZ_FKIP01001250.1_3,False,0.999024217097218,0.0,False
NZ_CP015423.1_2275,False,0.9999196325243389,0.0002,False
WOZJ01000014.1_10,False,0.7213498742083804,0.0,False
JAFCFP010000073.1_6,False,0.9673797138717566,0.0002,False
PLDF01000210.1_14,False,0.9893653355259635,0.0,False
JAGOBX010000034.1_14,False,0.9924579113475437,0.0006,True
WFTM01000411.1_5,False,0.9845589343933668,0.0002,False
DHHE01000195.1_10,False,0.9366445216026165,0.0,False
JACTNB010000006.1_221,False,0.999641200818341,0.0004,False
JACOWJ010000029.1_65,False,0.9111793335875469,0.0,False
WUAI01000005.1_37,False,0.979513029960752,0.0,False
SXND01000279.1_7,False,0.9861945286467191,0.0002,False
SLDX01000028.1_20,False,0.9999997751964312,0.0008,True
SHYX01000044.1_15,False,0.9750978296184818,0.0,False
WRMI01000002.1_16,False,0.99262140844043,0.0004,False
CP036261.1_2153,False,0.8236314739307712,0.0004,False
JAGVWA010000014.1_10,False,0.9320651928358018,0.0,False
QIFF01000290.1_6,False,0.4161533790231631,0.0,False
DMSQ01000058.1_34,False,0.9815179029100689,0.0002,False
NVVD01000010.1_59,False,0.9559297325691258,0.0002,False
DLMW01000028.1_11,False,0.9999290953624065,0.0002,False
CAIWTR010000748.1_5,False,0.9942096085483039,0.0002,False
JAHJDJ010000139.1_23,False,0.9508935081590969,0.0,False
DF820456.1_750,False,0.8650993320031231,0.0,False
BDTG01000019.1_64,False,0.9892545929575174,0.0004,False
JABWCP010000016.1_34,False,0.7527544027066887,0.0,False
CAJUHL010000029.1_14,False,0.9485030062543747,0.0,False
DSSB01000412.1_5,False,0.9863010691270028,0.0,False
DJVG01000034.1_51,False,0.7366183742517567,0.0002,False
CAJUJZ010000023.1_11,False,0.9999982855453716,0.0002,False
JACPUC010000001.1_73,False,0.9873312741952908,0.0,False
JABDLO010000019.1_3,False,0.9951862850912286,0.0,False
JAGCDY010000134.1_1,False,0.8342153205517481,0.0,False
JAGWYZ010000230.1_2,False,0.7706254879847315,0.0,False
NZ_JH815593.1_931,False,0.9990140583573931,0.0008,True
PLYD01000288.1_4,False,0.9999999521518471,0.0006,True
CACGJS010000001.1_90,False,0.8959833434544981,0.0,False
JACPWU010000054.1_18,False,0.9999848646104686,0.0006,True
JAFKJK010000007.1_507,False,0.9987662540410095,0.0012,True
JABDHD010000080.1_1,False,0.999976983813029,0.0002,False
DSSB01000527.1_6,False,0.8477487637720136,0.0004,False
NZ_LT985324.1_723,False,0.9999883284567384,0.0012,True
NC_018649.1_2192,False,0.6694716751973627,0.0002,False
OMZR01000026.1_25,False,0.9998207895455636,0.0002,False
NZ_BDAU01000004.1_49,False,0.9997794496850582,0.0006,True
JACCUF010000417.1_1,False,0.9988699954596298,0.0002,False
NZ_RZMY01000016.1_24,False,0.9859346846967895,0.0,False
DLGL01000027.1_2,False,0.9992016617417572,0.0,False
JAHJSX010000170.1_8,False,0.9441164698583563,0.0,False
SHYX01000032.1_21,False,0.9696294150271043,0.0,False
DRTT01000103.1_4,False,0.3008588531274399,0.0,False
PLPI01000043.1_5,False,0.8687429513316561,0.0002,False
VMFZ01000001.1_40,False,0.9911040034629046,0.0002,False
NZ_BNCD01000004.1_429,False,0.9972808913870992,0.0,False
JAEOSL010000022.1_15,False,0.8039385789884619,0.0,False
QJVW01000144.1_29,False,0.9785921698436963,0.0,False
JAADIO010000032.1_6,False,0.8353431074867702,0.001,True
DRYD01000228.1_23,False,0.8044590960353951,0.0,False
JAFGIQ010000092.1_3,False,0.9993614463314403,0.001,True
MFAF01000070.1_2,False,0.8984124230068534,0.0,False
BMST01000013.1_26,False,0.992426689158395,0.0,False
WYBT01000019.1_127,False,0.8968508718660536,0.0,False
NYZA01000191.1_7,False,0.8538214626529019,0.0,False
JAFGIT010000413.1_6,False,0.9161692042424625,0.0,False
JAGACY010000323.1_5,False,0.9830445893434414,0.0002,False
LUZY01000002.1_77,False,0.992714176409292,0.0,False
JAHIZU010000240.1_1,False,0.9096048365075671,0.0002,False
CAAEXI010000006.1_52,False,0.8965906133425869,0.0,False
DEYK01000041.1_24,False,0.944436449993538,0.0002,False
JAFAZD010000292.1_11,False,0.8460137069489025,0.0,False
CAJUJZ010000175.1_1,False,0.5874034874642144,0.0,False
NZ_JPST01000015.1_167,False,0.9619125815568138,0.0002,False
CP036261.1_3766,False,0.9999973259402747,0.0006,True
NZ_PTQW01000012.1_80,False,0.8536479569705908,0.0002,False
DEYK01000016.1_18,False,0.9944459343281211,0.0002,False
NZ_FRCD01000033.1_6,False,0.9841606260937849,0.0,False
WSZW01000177.1_1,False,0.8116595818513056,0.0,False
JAFGGD010000055.1_25,False,0.6867354905873168,0.0002,False
JAAYVF010000013.1_60,False,0.9865180923514064,0.0,False
VBAP01000110.1_8,False,0.8889563633208988,0.0006,True
MDLB01000016.1_1,False,0.9937163342414579,0.0004,False
JAFGTC010000304.1_10,False,0.961595755223863,0.0,False
JACOUC010000037.1_12,False,0.9680793372893857,0.0,False
PUNJ01000139.1_5,False,0.9543665253755971,0.0,False
MVZB01000360.1_6,False,0.9997709028799971,0.0002,False
WYBT01000030.1_165,False,0.7347965645874902,0.0,False
MHDQ01000120.1_7,False,0.8180792920968162,0.0,False
AQRW01000138.1_11,False,0.9998677031015629,0.0002,False
PWXJ01000044.1_3,False,0.9999993432487929,0.0006,True
PLDF01000155.1_14,False,0.7986466556779734,0.0,False
JAFGIT010000350.1_6,False,0.41780168300511844,0.0,False
NZ_BAEO01000027.1_141,False,0.9966148043352854,0.0004,False
JAFGGD010000008.1_66,False,0.9864597779949301,0.0002,False
NZ_LBMK01000012.1_12,False,0.8189468205083716,0.0,False
SOJN01000033.1_2,False,0.9932532219317249,0.0002,False
DBPU01000046.1_22,False,0.8102715363928169,0.0,False
DF820458.1_366,False,0.9841506446146738,0.0004,False
LJUI01000135.1_7,False,0.9946810473255004,0.0,False
CADCWE010000031.1_34,False,0.9954387393824359,0.0002,False
JAFGUZ010000129.1_7,False,0.859547150169168,0.0,False
NZ_KZ293963.1_2984,False,0.9531474491288897,0.0002,False
JAGWYZ010000049.1_14,False,0.9356230790040564,0.0,False
WLFD01000132.1_11,False,0.9999756460208643,0.0006,True
QMNL01000197.1_4,False,0.8579855990283681,0.0,False
LMZT01000104.1_7,False,0.9839262859512327,0.0002,False
NZ_CP015520.1_1139,False,0.9999996617515335,0.0,False
CP002989.1_674,False,0.8239784852953934,0.0,False
SKQU01000111.1_9,False,0.6543766808362974,0.0002,False
JAFGUZ010000027.1_8,False,0.9625998487562015,0.0002,False
DJVC01000025.1_9,False,0.9734298082557423,0.0006,True
NC_021031.1_3291,False,0.9661174207558377,0.0,False
WGBT01000326.1_3,False,0.9361659816117083,0.0,False
NZ_LBMK01000012.1_13,False,0.9012079978098995,0.0002,False
WJMB01000093.1_7,False,0.9989162018084389,0.0012,True
SLOM01000265.1_12,False,0.998936079685781,0.0006,True
CAJUKE010000024.1_28,False,0.9785812332915483,0.0004,False
PEWQ01000067.1_1,False,0.9967326573346891,0.0002,False
NZ_JOOE01000001.1_1374,False,0.9973624094056172,0.0002,False
JAAYXC010000221.1_6,False,0.9884217968168002,0.0004,False
VXWP01000033.1_8,False,0.9887695891001365,0.0002,False
CADCWE010000115.1_2,False,0.999899096133237,0.0002,False
DLTY01000043.1_4,False,0.9993746391316576,0.0004,False
DMSQ01000092.1_5,False,0.9769103289356231,0.0,False
NYYY01000055.1_2,False,0.9779587021106112,0.0,False
DLGL01000020.1_4,False,0.9723365699127867,0.0,False
MWBZ01000034.1_25,False,0.9656115714552083,0.0,False
PKTG01000122.1_24,False,0.9693035760241546,0.0002,False
CAIQVJ010000108.1_237,False,0.6749371041901622,0.0,False
NZ_AWRU01000007.1_19,False,0.8910384315086319,0.0,False
BMST01000010.1_268,False,0.9898706138338801,0.0002,False
CAJKKX010000039.1_9,False,0.7980393857898846,0.0002,False
PWOD01000002.1_1,False,0.9513780024620219,0.0002,False
SHYX01000007.1_62,False,0.824065238136549,0.0,False
NZ_CP016279.1_8214,False,0.8693502212197449,0.0002,False
JAFGEW010000020.1_8,False,0.9839386047287052,0.0,False
JAADIC010000230.1_6,False,0.999999990472056,0.0008,True
PUNJ01000173.1_11,False,0.9918356318701821,0.0002,False
JAFGTL010000613.1_3,False,0.9238328737364006,0.0,False
JAAYXC010000386.1_4,False,0.9557253516517341,0.0002,False
WFTM01000364.1_1,False,0.7908388999739742,0.0,False
JAEELG010000118.1_12,False,0.975987979581399,0.0,False
DMSQ01000013.1_242,False,0.9612667087332272,0.0002,False
LCRX01000004.1_97,False,0.9287703683005494,0.0,False
NZ_AP018230.1_23,False,0.9785842044968981,0.0,False
NZ_RZMY01000018.1_171,False,0.9462279406326364,0.0002,False
DRYD01000120.1_1,False,0.8029842977357509,0.0,False
PLDF01000481.1_16,False,0.9784314559142794,0.0,False
JAFGOL010000050.1_14,False,0.9809772692593943,0.0004,False
JAEELG010000067.1_7,False,0.8990196928949423,0.0002,False
SYBY01000435.1_7,False,0.918409209369453,0.0004,False
JACCUF010000213.1_7,False,0.5091524247419102,0.0002,False
JAAYCF010000179.1_1,False,0.8753361672594777,0.0,False
JACPAV010000033.1_67,False,0.9989852001056954,0.0,False
JAFGTL010000782.1_15,False,0.9942274669147342,0.0002,False
PWGE01000400.1_4,False,0.9998145536013223,0.0002,False
NZ_CP016279.1_3247,False,0.8618027240392123,0.0,False
JADJOY010000016.1_12,False,0.9590467579283235,0.0004,False
CADCWE010000046.1_26,False,0.9457457072850289,0.0,False
NYZA01000167.1_26,False,0.7202220872733582,0.0,False
NZ_CP016279.1_7913,False,0.9847326832359015,0.0002,False
SYBY01000138.1_3,False,0.9748849366659711,0.0002,False
NIRF01000018.1_8,False,0.9703437095254345,0.0,False
WJMB01000106.1_4,False,0.8815823718226772,0.0,False
JADJYS010000002.1_63,False,0.999999994819269,0.0006,True
JAFGKM010000026.1_27,False,0.3719094300338336,0.0,False
NZ_FRCD01000025.1_41,False,0.6942829877678494,0.0,False
JAHKBB010000047.1_1,False,0.8650993320031231,0.0,False
MFAF01000115.1_10,False,0.878546022382233,0.0,False
JAFTKO010000008.1_21,False,0.9822220391242849,0.0,False
NZ_JAFCMM010000002.1_320,False,0.9998702415082165,0.0008,True
NZ_QHKX01000001.1_383,False,0.9981589160928469,0.0004,False
AZYB01000019.1_6,False,0.8271883404181487,0.0,False
SOJN01000033.1_1,False,0.999882894197095,0.0004,False
JADIMU010000010.1_4,False,0.9884969386821932,0.0002,False
JAFGKQ010000081.1_5,False,0.9718566782975961,0.0,False
JAFZBN010000018.1_333,False,0.9728584517913812,0.0002,False
MFPR01000006.1_133,False,0.9844067195382592,0.0002,False
NZ_FQVN01000017.1_81,False,0.9874416570411793,0.0006,True
BDTG01000027.1_12,False,0.994171434388161,0.0002,False
MWCD01000016.1_29,False,0.9664882470998863,0.0,False
JWIH01000009.1_132,False,0.9995949089359937,0.0,False
NZ_PJIN01000019.1_27,False,0.9984363979638179,0.0002,False
JAFTKO010000006.1_20,False,0.9923419347361989,0.0002,False
JAFTKO010000018.1_49,False,0.998807695542048,0.0002,False
JACMRP010000101.1_4,False,0.9852337160943466,0.0002,False
AQRW01000090.1_1,False,0.7245597293311355,0.0,False
WFPJ01000099.1_3,False,0.9803240334719548,0.0002,False
NC_021031.1_3026,False,0.6958445389086493,0.0,False
CADCWE010000044.1_1,False,0.9964894307299812,0.0002,False
NZ_JPST01000014.1_164,False,0.9863763147873255,0.0,False
DLYX01000112.1_1,False,0.9464414001367037,0.0,False
NZ_JAGI01000002.1_1928,False,0.8879153292270322,0.0,False
JACPRG010000151.1_4,False,0.9475232177800101,0.0,False
NZ_LR216287.1_2342,False,0.8208553830137937,0.0,False
NZ_NCSM01000014.1_742,False,0.924553792245794,0.0,False
PWXJ01000285.1_4,False,0.5671900754749718,0.0,False
PFND01000037.1_1,False,0.9998415341271115,0.0002,False
VGIW01000069.1_14,False,0.9635397242803715,0.0004,False
WFTM01000278.1_6,False,0.7610826754576212,0.0,False
NZ_CP060488.1_4453,False,0.9798096052819592,0.0004,False
JACPTH010000144.1_3,False,0.9994732523408603,0.0,False
JAEELG010000069.1_12,False,0.9533233635348055,0.0,False
PFSX01000011.1_22,False,0.9766781951659088,0.0002,False
CADCCW010000020.1_16,False,0.9652491273783105,0.0,False
QLUP01000044.1_7,False,0.9885774351822239,0.0,False
NZ_FCNU01000028.1_121,False,0.9202253242954652,0.0,False
NZ_SJCO01000002.1_172,False,0.9498692583477636,0.0004,False
RFIY01000119.1_46,False,0.9981980593513912,0.0002,False
JAFGEQ010000006.1_58,False,0.9928761968589097,0.0004,False
JABMQX010000315.1_1,False,0.9874116864175645,0.0,False
NZ_CP015423.1_3883,False,0.9857894742429398,0.0002,False
NZ_LT985323.1_158,False,0.8650993320031231,0.0,False
JAAYNI010000023.1_11,False,0.9938369461795742,0.0,False
BMST01000021.1_29,False,0.861282206992279,0.0,False
MGFH01000026.1_5,False,0.6227118938145224,0.0,False
RFFQ01000052.1_3,False,0.9967527028124477,0.0002,False
SVSB01000004.1_58,False,0.9986370052270579,0.0,False
NZ_NCSM01000022.1_305,False,0.9793574691063478,0.0,False
JACQWU010000253.1_10,False,0.8345623319163703,0.0,False
DSSB01000514.1_1,False,0.9261608399180971,0.0,False
QLUP01000199.1_6,False,0.7345363060640236,0.0,False
JAHJDJ010000231.1_1,False,0.9621769771225962,0.0,False
MNYV01000003.1_9,False,0.735230328793268,0.0,False
JAFGEX010000008.1_2,False,0.9260359775898082,0.0,False
NZ_LR216287.1_2632,False,0.93365762564122,0.0,False
JAGOBX010000235.1_2,False,0.9671021554924718,0.0,False
NZ_CP012328.1_587,False,0.9576598430752127,0.0,False
LJUD01000100.1_13,False,0.9810684339644145,0.0,False
NZ_FZMR01000014.1_8,False,0.9981617622447332,0.0002,False
AQRW01000092.1_5,False,0.9679062214161301,0.0002,False
JACQWU010000214.1_15,False,0.9355071840636386,0.0,False
JADGAT010000034.1_5,False,0.7840721783638415,0.0,False
QHSL01000087.1_37,False,0.9675545552889795,0.0,False
SBHG01000013.1_1,False,0.8732540990717446,0.0,False
QNDJ01000007.1_6,False,0.9942779177868071,0.0,False
SBFR01000181.1_2,False,0.9968288261985995,0.0002,False
NZ_JADWYU010000154.1_5,False,0.831352476793615,0.0,False
NZ_JABASS010000009.1_19,False,0.9915115871704168,0.0,False
DBRQ01000008.1_42,False,0.9610227097292315,0.0,False
CAIVGN010000083.1_1,False,0.9376813431812153,0.0,False
JAFAZD010000376.1_18,False,0.9962604485185729,0.0,False
SXND01000223.1_1,False,0.861282206992279,0.0,False
PAYP01000037.1_7,False,0.860327925739568,0.0,False
MWBZ01000083.1_7,False,0.9964089968789569,0.0,False
JACRMA010000089.1_17,False,0.859547150169168,0.0,False
CAIQVJ010000064.1_46,False,0.9923705059604462,0.0004,False
NZ_FQVN01000003.1_575,False,0.986586018068985,0.0004,False
JAGVWD010000061.1_6,False,0.7827708857465082,0.0002,False
JAAYZI010000371.1_2,False,0.9764437788285398,0.0002,False
NZ_CP007062.1_1029,False,0.9928503571917273,0.0002,False
JACOWJ010000039.1_3,False,0.9771378600774567,0.0004,False
JAGVWD010000026.1_4,False,0.8438448859200138,0.0006,True
NVVD01000016.1_11,False,0.7640322720569098,0.0,False
JAEELG010000008.1_2,False,0.8268413290535265,0.0004,False
NZ_FCNU01000028.1_213,False,0.9936093316673794,0.0006,True
QGUP01000506.1_1,False,0.7769584453890865,0.0,False
NC_021031.1_1792,False,0.6641797518868743,0.0,False
JAFKJK010000024.1_2,False,0.9936820211796152,0.0,False
PWHN01000092.1_9,False,0.9238863747738533,0.0,False
JAAZOE010000050.1_3,False,0.9017716970695269,0.0,False
LMZT01000178.1_103,False,0.9462518189597883,0.0002,False
JADGAT010000031.1_12,False,0.9490570597531889,0.0002,False
NZ_JADEKP010000001.1_164,False,0.9806642774151777,0.0,False
LUZY01000008.1_274,False,0.690118851392383,0.0,False
CAIVGN010000126.1_5,False,0.999393153082743,0.0004,False
QGUP01000104.1_2,False,0.9594112318831146,0.0,False
JAFTSJ010000040.1_6,False,0.9462572565275109,0.0,False
NZ_JACJQY010000048.1_7,False,0.9425255145927588,0.0,False
QHUM01000037.1_58,False,0.760562158410688,0.0002,False
JAFGTL010000629.1_3,False,0.5861021948468812,0.0,False
WFPJ01000006.1_2,False,0.9672699645350757,0.0002,False
DNCN01000052.1_1,False,0.9935805925475141,0.0002,False
NC_021031.1_1187,False,0.8092305022989503,0.0,False
NZ_PJIN01000007.1_26,False,0.9944054588249427,0.0002,False
NZ_FQVN01000002.1_707,False,0.9901465074531941,0.0,False
DGKK01000053.1_15,False,0.998976994925817,0.0002,False
JACTNB010000036.1_130,False,0.9982814464048057,0.0002,False
NZ_LBMK01000001.1_857,False,0.9978896924546825,0.0002,False
JAADIC010000368.1_2,False,0.9933413115806639,0.0002,False
JAGOEH010000094.1_3,False,0.972088820249814,0.0,False
NZ_FRCD01000003.1_103,False,0.9634060988120722,0.0,False
WFSL01000042.1_8,False,0.7892773488331742,0.0,False
PMWA01000106.1_3,False,0.9925598549156499,0.0004,False
JAFGND010000044.1_55,False,0.9992334291485788,0.0006,True
JAERTH010000062.1_4,False,0.6700789450854515,0.0,False
CAIWTR010000239.1_4,False,0.9081610947786377,0.0002,False
JAFCDI010000005.1_45,False,0.9982293030209223,0.0,False
JAHJDO010000130.1_51,False,0.9957070224539968,0.0006,True
WJKZ01000254.1_4,False,0.9942525547939829,0.0004,False
NZ_PQVH01000014.1_75,False,0.9194286951954381,0.0002,False
DFGE01000014.1_20,False,0.8805413377288106,0.0,False
NZ_CP069127.1_2523,False,0.99971344294282,0.0002,False
VMTI01000041.1_3,False,0.9893929997559243,0.0004,False
JAFGKQ010000331.1_7,False,0.9090507904472067,0.0,False
NZ_LBMK01000006.1_46,False,0.9988296259016888,0.0004,False
MFAF01000118.1_2,False,0.9753719155674755,0.0002,False
JACPRG010000154.1_13,False,0.8068014227465949,0.0,False
PMZC01000275.1_4,False,0.8908649258263208,0.0,False
JADJOY010000020.1_98,False,0.9999999064010622,0.0006,True
NZUQ01000110.1_15,False,0.8784592695410774,0.0002,False
JAAYCF010000144.1_6,False,0.9965161088743261,0.0,False
CP036261.1_3867,False,0.9994383967928943,0.0002,False
JAFSDM010000038.1_25,False,0.959932428314351,0.0,False
JAHJDR010000279.1_6,False,0.9972223665078297,0.0,False
JAGCPB010000055.1_20,False,0.9784435592054573,0.0,False
PWFS01000015.1_3,False,0.8262340591654377,0.0,False
KI543202.1_19,False,0.7583065845406437,0.0,False
DSNQ01000039.1_2,False,0.998979393003519,0.0,False
JACCUF010000332.1_4,False,0.9922212070450682,0.0,False
JAFKJK010000020.1_65,False,0.7635117550099766,0.0,False
JAFYIM010000364.1_3,False,0.9877615604955656,0.0,False
SKQU01000130.1_3,False,0.9845787601065061,0.0,False
CAJUJZ010000018.1_2,False,0.7860674937104191,0.0,False
NZ_CP069127.1_3866,False,0.9946816230023936,0.0004,False
NZ_CP015423.1_1008,False,0.9992856733554113,0.0006,True
CAIJMQ010000021.1_5,False,0.9905782904112174,0.0002,False
NZ_LMKQ01000001.1_788,False,0.9900903127621696,0.0008,True
MHDQ01000320.1_3,False,0.6918539082154941,0.0,False
PMZC01000051.1_5,False,0.9871476816610618,0.0,False
DLMW01000051.1_1,False,0.9020884234006175,0.0004,False
PMWA01000057.1_3,False,0.8873948121800989,0.0,False
JACIXR010000004.1_46,False,0.9896659685943211,0.0,False
CAIVGN010000234.1_42,False,0.967646032042127,0.0002,False
CAIJMQ010000061.1_3,False,0.993442016395793,0.0002,False
CP054183.1_575,False,0.9844651962087126,0.0,False
NZ_VFPQ01000001.1_894,False,0.9996534779360685,0.0002,False
JABXHY010000057.1_11,False,0.9546195654466784,0.0004,False
USIB01000009.1_17,False,0.9954835774332497,0.0002,False
JAAYVF010000012.1_37,False,0.63659234839941,0.0,False
NC_021031.1_3013,False,0.9999807939844848,0.0002,False
PLDF01000419.1_10,False,0.9998026467319403,0.0002,False
KI543214.1_148,False,0.9854078480917154,0.0004,False
JAAYVF010000119.1_23,False,0.8784592695410774,0.0002,False
MWCZ01000210.1_7,False,0.9725315038716389,0.0002,False
NZ_LT985327.1_37,False,0.9947890513812979,0.0002,False
NZ_NCSM01000001.1_150,False,0.9923317510820732,0.0,False
NZ_JPST01000018.1_23,False,0.8277088574650819,0.0,False
METK01000003.1_31,False,0.9988441551333859,0.0,False
JADGDI010000167.1_3,False,0.9483445528678541,0.0002,False
JACTNB010000028.1_9,False,0.9801443040225059,0.0,False
NZ_BNCD01000003.1_115,False,0.9999999674561854,0.0004,False
NIRF01000012.1_35,False,0.8781990110176108,0.0002,False
JABMQX010000775.1_1,False,0.9666057575914311,0.0002,False
SHYX01000067.1_3,False,0.857638587663746,0.0,False
JACQOF010000094.1_1,False,0.808709985252017,0.0,False
PBWH01000030.1_78,False,0.9690838366723116,0.0002,False
BMST01000003.1_231,False,0.9270928772908684,0.0002,False
CAJFVT010000064.1_2,False,0.9743691901799314,0.0,False
PWGE01000140.1_1,False,0.9960790221919733,0.0,False
DCUM01000030.1_14,False,0.7073826667823371,0.0,False
DSCM01000053.1_38,False,0.9998155581727814,0.0004,False
NZ_NCSM01000012.1_27,False,0.9884542410585028,0.0,False
CP054183.1_810,False,0.985082226060998,0.0,False
SXND01000004.1_22,False,0.9957723534385541,0.0004,False
JACQWU010000122.1_21,False,0.9450553398800318,0.0,False
JAFGUZ010000194.1_13,False,0.8271015875769931,0.0,False
LJUI01000106.1_1,False,0.8998872213064978,0.0,False
DJVC01000025.1_12,False,0.9988116899045384,0.0,False
RFIY01000293.1_6,False,0.9965186731140953,0.0,False
NZ_QHKX01000001.1_277,False,0.9314976079543567,0.0002,False
DLTY01000025.1_11,False,0.9949701863979286,0.0002,False
NZ_QHKX01000001.1_217,False,0.9893531306252095,0.0,False
PLYD01000044.1_1,False,0.9711852330344983,0.0002,False
LJUD01000098.1_8,False,0.9997448633145117,0.0006,True
WSZW01000093.1_1,False,0.9972454849911673,0.0002,False
JACPTH010000004.1_2,False,0.9407044458574594,0.0,False
PLYD01000072.1_11,False,0.9999987990341865,0.0004,False
NZ_CP029480.1_277,False,0.9996336029821399,0.0,False
JAEOSL010000025.1_2,False,0.9975140175232774,0.0004,False
NZ_NCSM01000007.1_151,False,0.9578880886266886,0.0,False
NZ_PTQW01000024.1_5,False,0.9670263541324675,0.0,False
QNDR01000043.1_2,False,0.78780255053353,0.0,False
MHDQ01000285.1_10,False,0.690118851392383,0.0,False
JADJOY010000007.1_44,False,0.6811833087533616,0.0,False
JAFKJK010000012.1_199,False,0.93295541797224,0.0004,False
JACTNB010000012.1_1,False,0.9517628089765333,0.0,False
JADJOY010000029.1_79,False,0.9181046944922931,0.0002,False
JAFANK010000227.1_2,False,0.9794906789912904,0.0,False
JADJOY010000008.1_157,False,0.9978973119870747,0.0,False
DRXT01000029.1_5,False,0.8197275960787715,0.0,False
NZ_FRCD01000005.1_3,False,0.9982348036403849,0.0012,True
JACPHL010000019.1_8,False,0.9949875913469899,0.0,False
JAFGBW010000219.1_3,False,0.9098223711564544,0.0,False
NZ_BNCD01000015.1_117,False,0.9973752429848912,0.0006,True
DDGC01000025.1_48,False,0.9828166011431558,0.0,False
NZ_FKIP01000414.1_1,False,0.9956852510610101,0.0,False
JAAYVF010000100.1_33,False,0.9855735307787061,0.0004,False
VMTI01000033.1_3,False,0.6613169081287412,0.0,False
SBFR01000186.1_6,False,0.9805492492719909,0.0,False
JAFGEV010000363.1_4,False,0.9566234579960038,0.0,False
MNUO01000030.1_11,False,0.9779693500004893,0.0,False
JAHJSD010000009.1_12,False,0.9954846830231087,0.0,False
CAJQMW010000555.1_5,False,0.9995699230009978,0.0002,False
JACPAV010000020.1_97,False,0.9693687287782939,0.0,False
NZ_CP060488.1_766,False,0.9878418989042258,0.0,False
NZ_JAFCMM010000002.1_234,False,0.9177616642774851,0.0004,False
JAFTSJ010000021.1_11,False,0.9977078134811852,0.0004,False
JACPTH010000518.1_3,False,0.8206818773314826,0.0,False
CAJQMW010000367.1_1,False,0.961071353638479,0.0,False
SFNH01000132.1_6,False,0.9987614718192102,0.0004,False
JACPWU010000042.1_6,False,0.9319384772279515,0.0,False
NZ_PVNS01000012.1_111,False,0.9991121488603022,0.0,False
CAIVOB010000085.1_8,False,0.7553569879413551,0.0002,False
PWFS01000035.1_1,False,0.9969725636839984,0.0,False
VGJA01000118.1_6,False,0.9999659421010696,0.0,False
JAAZOE010000528.1_3,False,0.9567936045727555,0.0,False
NZ_JAGGOF010000056.1_2,False,0.9999916050726562,0.0008,True
JADGAT010000047.1_1,False,0.9960325914289323,0.0,False
NZ_CP014223.1_441,False,0.7264682918365577,0.0,False
JAFANK010000038.1_1,False,0.9938493617040809,0.0006,True
QGUP01000442.1_4,False,0.9690209983884598,0.0,False
NZ_PJIN01000002.1_403,False,0.9072293928488022,0.0,False
JAATVM010000011.1_21,False,0.8123536045805501,0.0,False
JAGPKD010000018.1_3,False,0.9978838848467003,0.0004,False
JAFGTC010000128.1_29,False,0.9971905535951548,0.0006,True
JAGYOC010000246.1_11,False,0.989318276129262,0.0,False
NZ_JH815593.1_1379,False,0.9979855725223898,0.0006,True
SHMX01000003.1_281,False,0.9768643899509772,0.0006,True
NZ_JADAQY010000001.1_3,False,0.9739831300076442,0.0002,False
JAGYOC010000289.1_13,False,0.995467864059598,0.0002,False
NZ_KB899040.1_1387,False,0.7508458402012665,0.0,False
PKTG01000072.1_5,False,0.9947674788428023,0.0002,False
CAIQVJ010000088.1_171,False,0.9642066098081028,0.0,False
MVZB01000048.1_5,False,0.9721272735264535,0.0002,False
NZ_RZNA01000008.1_37,False,0.9989721175696834,0.0004,False
BMST01000006.1_113,False,0.9833420512481607,0.0002,False
NZ_SGXC01000003.1_222,False,0.9666796265418012,0.0,False
NIRF01000031.1_3,False,0.9656300214076774,0.0008,True
CAIVGN010000148.1_42,False,0.9053080649252153,0.0,False
JABFRY010000342.1_4,False,0.9998699213587008,0.0002,False
CACGSI010000067.1_4,False,0.8597206558514792,0.0002,False
NZ_CP015423.1_4085,False,0.7799080419883752,0.0,False
PWGE01000211.1_8,False,0.9745178363749618,0.0002,False
NZ_FRCD01000011.1_81,False,0.9917453863812717,0.0012,True
CAIVGN010000224.1_64,False,0.9930409607159989,0.0,False
PMZC01000164.1_5,False,0.9557769571285248,0.0,False
NZ_LT985323.1_954,False,0.9304618277903463,0.0002,False
JACPAV010000016.1_67,False,0.6642665047280298,0.0,False
JAFSWN010000195.1_1,False,0.8920794656024985,0.0002,False
BDTG01000011.1_9,False,0.9908662036220306,0.0008,True
JABWCD010000038.1_25,False,0.9956936728467386,0.0006,True
NZ_FKIP01000389.1_6,False,0.9841899247856019,0.0,False
JAAYRV010000110.1_12,False,0.9601465325502193,0.0,False
DUMJ01000083.1_10,False,0.8899106445736098,0.0,False
NZ_FZMR01000020.1_19,False,0.9999454356373304,0.0004,False
JADQBH010000198.1_4,False,0.8860935195627657,0.0002,False
DSCS01000018.1_18,False,0.9496592165566751,0.0002,False
VBJS01000037.1_22,False,0.8754229201006333,0.0,False
JAFGDH010000004.1_3,False,0.6491715103669645,0.0,False
NZ_CAJFNR010000050.1_11,False,0.9990727207094986,0.0008,True
CAJUHL010000059.1_3,False,0.9999564495985894,0.0002,False
JAFZBN010000018.1_76,False,0.8137416500390388,0.0,False
LDXN01000014.1_41,False,0.9846626498920381,0.0002,False
JAFGIQ010000015.1_1,False,0.8506116075301466,0.0,False
VBOW01000016.1_11,False,0.935676618817669,0.0002,False
PLPI01000027.1_49,False,0.9201259678396229,0.0,False
SLGR01000100.1_3,False,0.9334462928658143,0.0,False
DNCN01000198.1_5,False,0.885833261039299,0.0,False
CAIVGN010000045.1_25,False,0.9902524427181333,0.0004,False
URIY01000007.1_43,False,0.9891348398704807,0.0002,False
USIB01000071.1_2,False,0.9961637284278176,0.0002,False
NZ_RXLO01000001.1_608,False,0.5922616465689251,0.0,False
JAGPNE010000013.1_13,False,0.9921426317878826,0.0008,True
MFPR01000020.1_128,False,0.9606220709357649,0.0002,False
PDQT01000148.1_6,False,0.98983582262088,0.0,False
MGQK01000118.1_2,False,0.9966792634246752,0.0002,False
NZ_AP018227.1_3068,False,0.9333081094180413,0.0002,False
JABDLO010000437.1_1,False,0.997495675292614,0.0,False
JACQPJ010000019.1_7,False,0.8132211329921055,0.0,False
MWCZ01000077.1_9,False,0.9995436876261447,0.0008,True
PWNJ01000168.1_1,False,0.8166044937971718,0.0,False
WQSZ01000153.1_5,False,0.795089789190596,0.0,False
JAGXKI010000022.1_33,False,0.7832046499522859,0.0,False
SLOM01000104.1_5,False,0.882970417281166,0.0002,False
PKTT01000016.1_21,False,0.7364448685694457,0.0,False
SHYX01000049.1_23,False,0.9121231886940531,0.0002,False
NZ_KZ293963.1_3112,False,0.9631993314207521,0.0,False
JACRLM010000066.1_22,False,0.8385529626095255,0.0002,False
MFGS01000153.1_24,False,0.972097395069164,0.0002,False
CAIWTR010000645.1_10,False,0.9873027278861014,0.0,False
JAFTSJ010000037.1_36,False,0.9745083178326892,0.0,False
JACQWU010000096.1_5,False,0.7476359850785114,0.0,False
JACPSX010000177.1_4,False,0.7033052832480263,0.0,False
PLFD01000038.1_2,False,0.9065623263391396,0.0,False
QLTX01000096.1_6,False,0.9999979972612845,0.0008,True
OMZR01000193.1_1,False,0.9675528365668965,0.0,False
NZ_CP014223.1_1316,False,0.8192938318729939,0.0,False
JAAYKP010000027.1_1,False,0.993629589536534,0.0002,False
RFHX01000365.1_1,False,0.9993118018424115,0.0,False
NZ_NCSM01000013.1_181,False,0.9738740436960154,0.0004,False
CAIQVJ010000094.1_39,False,0.9723669207328597,0.0,False
JAGVWA010000019.1_14,False,0.9593209016483678,0.0,False
NVVD01000032.1_40,False,0.9901525171856304,0.0002,False
JADBKU010000005.1_18,False,0.8984124230068534,0.0,False
JAAYZI010000064.1_8,False,0.9999509979617791,0.0004,False
CAIQVJ010000129.1_20,False,0.9970610320423007,0.0014,True
JAFGUZ010000034.1_2,False,0.9763514741822594,0.0002,False
JAGOUY010000014.1_2,False,0.8335212978225037,0.0,False
NZ_LBMK01000006.1_18,False,0.9980225888548846,0.0002,False
WAQR01000181.1_1,False,0.8460137069489025,0.0002,False
JACOUC010000006.1_2,False,0.9662282727533037,0.0,False
JAHIPN010000332.1_3,False,0.7967380931725514,0.0,False
JAAYVF010000065.1_8,False,0.9071006454794901,0.0,False
JADHWK010000001.1_37,False,0.6096989676411902,0.0,False
NZ_JAFVMG010000007.1_101,False,0.995664032651048,0.0,False
SFEJ01000028.1_10,False,0.9748222329285785,0.0,False
NZ_WEZQ01000017.1_160,False,0.9991027603818493,0.0002,False
DSCS01000062.1_29,False,0.9621375019001851,0.0,False
PFND01000013.1_7,False,0.9868290123148796,0.0,False
JAAYCL010000039.1_21,False,0.9958686048763267,0.0008,True
WUAI01000012.1_8,False,0.9494696485085489,0.0006,True
JAEOSL010000003.1_69,False,0.9995320338250017,0.0008,True
JABMRT010000138.1_27,False,0.9151669369226454,0.0,False
JACNFQ010000089.1_92,False,0.9964343032881863,0.0002,False
NZ_JAGGOF010000010.1_40,False,0.9600633515976351,0.0,False
JAFCDI010000012.1_37,False,0.7812960874468639,0.0,False
CACZLA010000015.1_27,False,0.7023510019953153,0.0,False
CADCCW010000016.1_85,False,0.9922184719099182,0.0002,False
DSSB01000407.1_2,False,0.8540817211763685,0.0,False
DIWJ01000004.1_15,False,0.8230242040426824,0.0,False
JACIXS010000351.1_11,False,0.9828077187909773,0.0,False
NZ_CP069127.1_4530,False,0.9942366665226582,0.0004,False
DSSB01000320.1_3,False,0.9853654457789218,0.0004,False
NZ_CP015455.1_482,False,0.9709883572349554,0.0,False
DUMP01000048.1_59,False,0.8955495792487204,0.0,False
JABWBZ010000377.1_3,False,0.855730025158324,0.0,False
WSZW01000187.1_15,False,0.946124671180391,0.0004,False
DDWC01000009.1_5,False,0.7894508545154854,0.0,False
NC_021031.1_1359,False,0.9792434523351381,0.0002,False
WFRF01000227.1_2,False,0.9987360436304591,0.0002,False
JACIXR010000012.1_8,False,0.9925871670623795,0.0004,False
WJKZ01000085.1_1,False,0.9795225735589276,0.0,False
JACCUF010000052.1_16,False,0.99755196707982,0.0,False
DDYN01000057.1_82,False,0.9947680727656781,0.0002,False
JAHJDR010000293.1_4,False,0.9726862882199524,0.0004,False
CP036261.1_5385,False,0.5256354645614644,0.0,False
SFEJ01000045.1_1,False,0.9888167945866443,0.0002,False
NZ_LT907975.1_3066,False,0.6084844278650126,0.0,False
NZ_FRCD01000003.1_310,False,0.7799947948295307,0.0002,False
JACMRP010000143.1_13,False,0.9947498984227379,0.0002,False
NZ_AGJL01000008.1_1,False,0.825973800641971,0.0,False
USIB01000023.1_11,False,0.9924747593091399,0.0002,False
USJX01000060.1_9,False,0.8705647609959226,0.0,False
JAFGUZ010000091.1_12,False,0.9773771152213984,0.0002,False
MNYV01000084.1_1,False,0.999983263286999,0.0004,False
NZ_JACJQY010000001.1_97,False,0.984253271261675,0.0,False
PWHN01000074.1_5,False,0.3116162054307279,0.0,False
QNEG01000178.1_1,False,0.8242387438188601,0.0,False
JAHDNF010000032.1_24,False,0.9759977456069064,0.0002,False
JAFGCY010000039.1_26,False,0.9142274397114215,0.0,False
PBWH01000037.1_18,False,0.9494724371686204,0.0,False
WRBD01000001.1_36,False,0.7779127266417976,0.0,False
PWFS01000023.1_4,False,0.6616639194933635,0.0,False
DSSB01000349.1_1,False,0.8528671814001909,0.0,False
NZ_JAGI01000002.1_1816,False,0.9991827906832212,0.0002,False
SLNR01000064.1_4,False,0.9973590809982068,0.0006,True
NZ_JACJQY010000020.1_86,False,0.9980301768289407,0.0,False
NZ_LT985324.1_727,False,0.992905038454509,0.0,False
DSSU01000387.1_29,False,0.9990652456487901,0.0,False
JADHUQ010000013.1_14,False,0.9665007563703796,0.0,False
QNVD01000012.1_3,False,0.9897346176513669,0.0014,True
DDYN01000016.1_48,False,0.8254532835950378,0.0,False
JAGWYZ010000130.1_13,False,0.9838748302659194,0.0002,False
PBWH01000003.1_234,False,0.8648390734796565,0.0,False
PAYP01000112.1_22,False,0.9918912308762436,0.0,False
JAGOBX010000230.1_1,False,0.9487923395004619,0.0002,False
NZ_JADWYU010000113.1_38,False,0.9277386111371129,0.0,False
LDXN01000007.1_43,False,0.964284917696838,0.0002,False
DTND01000244.1_1,False,0.9999259901546018,0.0008,True
WTCB01000069.1_23,False,0.735230328793268,0.0,False
JAADFP010000059.1_4,False,0.952342371391169,0.0,False
JACPRG010000076.1_4,False,0.9985703199983806,0.0002,False
PMNA01000005.1_4,False,0.999419463358696,0.0002,False
SYBY01000079.1_5,False,0.9997501853016216,0.0002,False
DQUI01000020.1_8,False,0.7630779908041988,0.0,False
JAFGIT010000132.1_4,False,0.8681356814435672,0.0,False
NZ_CP016279.1_2470,False,0.999898349056237,0.0006,True
MVZB01000239.1_1,False,0.993982501892867,0.0,False
NZ_JPST01000006.1_78,False,0.9678861198653936,0.0004,False
JACNFQ010000061.1_8,False,0.9178430703503921,0.0,False
WTCB01000030.1_2,False,0.9874869137097018,0.0002,False
DITF01000143.1_19,False,0.9988080567180058,0.001,True
CP051243.1_2467,False,0.8644053092738787,0.0,False
PUNJ01000031.1_15,False,0.8382927040860588,0.0,False
NC_014654.1_116,False,0.7421705560857118,0.0006,True
DTND01000239.1_2,False,0.7014834735837598,0.0002,False
JACRJN010000002.1_37,False,0.7288106185477574,0.0,False
NZ_FQVN01000006.1_483,False,0.9941701516996386,0.0,False
NZ_CP069127.1_4924,False,0.8634510280211677,0.0,False
NZ_JADWYU010000332.1_3,False,0.9917026065658305,0.0,False
DCHV01000057.1_3,False,0.9392870153454906,0.0,False
CAISUK010000620.1_7,False,0.9695989333004795,0.0002,False
NC_014836.1_995,False,0.9982713947682202,0.0002,False
JADIMU010000046.1_20,False,0.8363841415806368,0.0,False
JAHIPN010000306.1_1,False,0.9999745492698286,0.0002,False
NZ_BNCD01000001.1_161,False,0.9721055651634634,0.0,False
NZ_JABFHO010000001.1_2306,False,0.9963538874549818,0.0,False
JABWBZ010000095.1_1,False,0.9967137537356208,0.0,False
JAFGGD010000045.1_108,False,0.9992875687714065,0.0006,True
QGUP01000545.1_3,False,0.999614960209011,0.0,False
NZ_LBMK01000008.1_70,False,0.9963929187053139,0.0006,True
SHMX01000001.1_353,False,0.9992392468481088,0.0014,True
JACCLG010000025.1_46,False,0.9957524429712639,0.0,False
WRBD01000043.1_15,False,0.9692908605221096,0.0002,False
NZ_CP069127.1_2892,False,0.9998910395413956,0.0,False
JADQBH010000094.1_1,False,0.8528671814001909,0.0,False
RFFQ01000108.1_4,False,0.991462885275235,0.0004,False
JAEELG010000030.1_11,False,0.9629608580082465,0.0,False
DVAE01000030.1_42,False,0.9958852929940218,0.0,False
NZ_KB899040.1_1050,False,0.923733405164487,0.0,False
SXND01000180.1_6,False,0.918418477950617,0.0,False
CAISUK010000490.1_3,False,0.7125010844105144,0.0,False
JABFGF010000002.1_683,False,0.5175674503339984,0.0,False
DCUM01000142.1_17,False,0.9791112619857409,0.0002,False
NZ_FCNU01000032.1_204,False,0.8572915762991238,0.0,False
JAFSWN010000058.1_17,False,0.9968405950081151,0.0012,True
JADGAT010000004.1_52,False,0.645441138197276,0.0,False
SBHG01000025.1_1,False,0.9081246602575044,0.0,False
JABDHD010000043.1_21,False,0.9101634250599934,0.0,False
NZ_BAEO01000009.1_1,False,0.9859265970965344,0.0,False
PAQS01000004.1_18,False,0.9828570107569127,0.0004,False
DRYD01000095.1_8,False,0.94441775130375,0.0,False
JAHJLF010000062.1_1,False,0.9635675430963697,0.0002,False
JAHJDJ010000158.1_15,False,0.8375119285156589,0.0002,False
JACRAC010000005.1_15,False,0.8482692808189468,0.0,False
JAGOEH010000137.1_3,False,0.9575899394912775,0.0,False
SLDX01000087.1_12,False,0.8978051531187646,0.0002,False
DCUM01000069.1_54,False,0.9967438118251125,0.0002,False
NZ_CAJFNR010000027.1_22,False,0.9993422409456464,0.0006,True
JAFTKO010000003.1_36,False,0.9640452024648141,0.0004,False
JAFRZH010000024.1_15,False,0.8998872213064978,0.0,False
JAERTH010000115.1_3,False,0.812180098898239,0.0,False
QGUP01000132.1_1,False,0.9652897724358575,0.0002,False
PMWA01000092.1_37,False,0.786848269280819,0.0,False
DAPM01000002.1_46,False,0.9302355525995548,0.0,False
PLFD01000058.1_4,False,0.7765246811833088,0.0,False
NC_021031.1_1188,False,0.9953048233527445,0.0004,False
NZ_JABFHO010000001.1_3488,False,0.9318265532202591,0.0,False
NZ_JABASS010000032.1_1,False,0.9671317689037106,0.0002,False
NZ_RZMY01000003.1_137,False,0.9850927855814181,0.0002,False
DSUT01000102.1_15,False,0.8565975535698794,0.0002,False
MNUO01000103.1_8,False,0.9271296212242182,0.0,False
SYBY01000400.1_3,False,0.8742083803244556,0.0,False
JAFSWN010000090.1_3,False,0.8442786501257916,0.0002,False
NZ_KZ293963.1_523,False,0.9763773809431275,0.0002,False
NZ_CP015520.1_2034,False,0.9670729202128864,0.0,False
MNYV01000102.1_2,False,0.8735143575952112,0.0,False
RFHX01000270.1_7,False,0.9533505003385631,0.0002,False
SLGQ01000353.1_1,False,0.7524073913420665,0.0,False
JAFGCY010000006.1_19,False,0.9464554523620703,0.0,False
JAAYXC010000346.1_14,False,0.978999803027416,0.0,False
JAABRV010000164.1_1,False,0.9989359592310979,0.001,True
JABXHY010000059.1_6,False,0.9551696082180207,0.0002,False
BMST01000010.1_154,False,0.9133365957982664,0.0,False
WUAI01000062.1_10,False,0.9957938492510986,0.0,False
PLDF01000467.1_8,False,0.8158237182267719,0.0,False
QGUP01000086.1_9,False,0.9700890753504152,0.0002,False
JADIMU010000064.1_44,False,0.9660190520489877,0.0,False
WUAI01000012.1_45,False,0.9895351083032136,0.0004,False
DDWC01000161.1_3,False,0.9936657372971526,0.0002,False
JAATVM010000052.1_5,False,0.9977179264552813,0.0004,False
NZ_LR216287.1_771,False,0.9985076610913464,0.0004,False
NZ_CP029480.1_878,False,0.9997311990620936,0.0002,False
DRYD01000087.1_5,False,0.6890778172985166,0.0,False
NZ_LMKQ01000001.1_644,False,0.9999947619913753,0.0006,True
VBOW01000070.1_62,False,0.9072319554950173,0.0,False
JAFGDH010000016.1_14,False,0.9975083493515082,0.0,False
PLDF01000390.1_26,False,0.9971246421513171,0.0002,False
NVVD01000003.1_99,False,0.8952893207252538,0.0002,False
CADCCW010000024.1_1,False,0.9636196998150394,0.0,False
PLDF01000478.1_62,False,0.9973464032043587,0.0004,False
DLGL01000039.1_40,False,0.9029376959747342,0.0,False
NZ_PTQW01000025.1_26,False,0.9602071278139637,0.0,False
JADJOY010000035.1_51,False,0.9614956802372582,0.0,False
JADQBH010000042.1_37,False,0.9973292903238681,0.0,False
NZ_AP018227.1_3387,False,0.9987379200540967,0.0,False
NZ_RZMY01000013.1_415,False,0.9984804274894991,0.0008,True
PAYP01000059.1_16,False,0.9857403186506892,0.0,False
MGRR01000074.1_8,False,0.9184353930455309,0.0,False
JAGCDY010000072.1_41,False,0.8055868829704173,0.0,False
JAADIA010000021.1_13,False,0.9363741215581383,0.0,False
PAZD01000011.1_12,False,0.9787511164023223,0.0,False
MVZB01000326.1_4,False,0.9947505837209439,0.0,False
VGIW01000019.1_19,False,0.641971024551054,0.0,False
NZ_JAFVMG010000010.1_63,False,0.9962465798496605,0.0,False
JABFGF010000016.1_38,False,0.9938598039825514,0.0,False
NZ_FQTT01000001.1_509,False,0.9884999736131045,0.0,False
CAADSM010000062.1_34,False,0.9725213500434678,0.0,False
CAJFVT010000007.1_2,False,0.7214366270495358,0.0,False
JAEOSL010000012.1_11,False,0.6015442005725687,0.0,False
PAYP01000045.1_15,False,0.9981637144874155,0.0002,False
NZ_SGXC01000001.1_1788,False,0.9228942179870058,0.0006,True
MGPE01000005.1_176,False,0.9903473569738724,0.0002,False
VGJA01000076.1_4,False,0.8471414938839247,0.0,False
CP036261.1_1429,False,0.9927149211302163,0.0002,False
NZ_JXCG01000003.1_319,False,0.9171721328976354,0.0,False
NZ_FQVN01000001.1_430,False,0.9560348265250834,0.0,False
NZ_LMGK01000020.1_76,False,0.9962491874336247,0.0004,False
PXPD01000015.1_67,False,0.9687288023821953,0.0,False
JAFGAQ010000067.1_11,False,0.9939199916224888,0.0004,False
NZ_WEZQ01000001.1_124,False,0.7345363060640236,0.0,False
MVZB01000098.1_7,False,0.9257098484159797,0.0,False
NBMB01000029.1_68,False,0.7142361412336254,0.0,False
NZ_JADWYU010000147.1_14,False,0.9776589796896523,0.0,False
QLUP01000017.1_12,False,0.892946994014054,0.0,False
JAFGUZ010000038.1_17,False,0.9454998368330431,0.0,False
DSSU01000080.1_56,False,0.9797089957083799,0.0,False
JABDHD010000001.1_69,False,0.9213797166268501,0.0,False
USJX01000005.1_35,False,0.951423230235233,0.0,False
MFPR01000033.1_51,False,0.9996617572281479,0.0004,False
NC_017096.1_44,False,0.9780799398255012,0.0,False
NZ_LBMK01000003.1_38,False,0.8579855990283681,0.0006,True
JAFCDI010000021.1_7,False,0.9977549079552233,0.0004,False
NZ_BDAU01000033.1_14,False,0.9999219160301057,0.0004,False
JAHITZ010000050.1_11,False,0.9519206080744625,0.0006,True
DITF01000246.1_9,False,0.9929931232684598,0.0002,False
CADCCW010000001.1_76,False,0.9935928620621192,0.0,False
NZ_LBMK01000003.1_406,False,0.7100720048581591,0.0,False
PWXJ01000169.1_10,False,0.9841432134427976,0.0,False
JAFGDH010000025.1_19,False,0.828663138717793,0.0,False
JABDHD010000001.1_28,False,0.9752564803908151,0.0,False
JAFKJK010000007.1_607,False,0.8688297041728117,0.0006,True
JAAZOE010000532.1_1,False,0.9660389315627461,0.0,False
PMNA01000022.1_112,False,0.9972906414841459,0.0,False
JADJOY010000062.1_17,False,0.9934639235223066,0.0004,False
VXWP01000025.1_6,False,0.8648390734796565,0.0,False
NZ_FRCD01000001.1_274,False,0.9986737035228375,0.0,False
NZ_CP016279.1_4367,False,0.9755050658657428,0.0008,True
NVVD01000011.1_70,False,0.9803980660620959,0.0004,False
NZ_CP014223.1_1118,False,0.8231977097249935,0.0,False
DITF01000303.1_15,False,0.9128607180177543,0.0002,False
WRMI01000062.1_2,False,0.99317333013399,0.0008,True
NC_021031.1_414,False,0.9992457176288501,0.0002,False
CAJUIP010000042.1_2,False,0.9890386873107051,0.0002,False
JAFYIM010000383.1_1,False,0.911581511233607,0.0002,False
CACKFQ010000005.1_78,False,0.999586310165725,0.0004,False
PUNC01000231.1_1,False,0.993266240364666,0.0002,False
RFFU01000054.1_3,False,0.9626061473879453,0.0,False
NZ_AP013035.1_1637,False,0.8090569966166392,0.0,False
JADJOY010000009.1_123,False,0.9577163919201528,0.0,False
DSSB01000568.1_2,False,0.9070274892062279,0.0,False
JAEOSL010000151.1_4,False,0.9079077571510377,0.0,False
JAGXTL010000003.1_75,False,0.9975723483934079,0.0002,False
PWHN01000110.1_17,False,0.8120065932159278,0.0,False
PAYP01000019.1_4,False,0.9310407379597481,0.0,False
DTCJ01000038.1_22,False,0.7929209681617073,0.0,False
PKWQ01000007.1_1,False,0.9883242792921559,0.0,False
PLDF01000174.1_52,False,0.9996672726294188,0.0,False
NZ_NCSM01000014.1_687,False,0.9990661039849736,0.0002,False
CADCWE010000064.1_17,False,0.9615699461776593,0.0004,False
WQSZ01000050.1_10,False,0.8727335820248113,0.0,False
JACPUC010000027.1_51,False,0.7629912379630432,0.0,False
QZJZ01000057.1_7,False,0.9304615870772879,0.0002,False
JAHJSX010000049.1_9,False,0.9904579834592112,0.0,False
JACPRG010000126.1_11,False,0.9931218360142774,0.0,False
NZ_JACJQY010000001.1_108,False,0.6352910557820769,0.0,False
JABMQX010000104.1_3,False,0.9882648952813784,0.0,False
PAZD01000045.1_2,False,0.4571007200485816,0.0002,False
JAFRZH010000030.1_28,False,0.9665596737204755,0.0002,False
JACQOV010000104.1_13,False,0.9999979421051424,0.0002,False
PWXJ01000093.1_1,False,0.9510367147338015,0.0,False
JACRMA010000118.1_36,False,0.9972476161842753,0.0006,True
JAAYNI010000054.1_7,False,0.9828048703871085,0.0,False
BDTM01000094.1_1,False,0.9997961485159438,0.0002,False
CAJUIP010000011.1_43,False,0.9912710862858383,0.0002,False
NZ_FRCD01000007.1_27,False,0.9998896931654606,0.0002,False
UQCL01000020.1_27,False,0.8553830137937017,0.0,False
JABDHD010000026.1_3,False,0.9884169980970804,0.0002,False
NZ_LBMK01000003.1_95,False,0.9990197680782827,0.0002,False
DSUT01000103.1_9,False,0.9559354261712807,0.0,False
NZ_AGJL01000010.1_3,False,0.9856977297626214,0.0004,False
WSZW01000020.1_4,False,0.9149958046594311,0.0,False
DRUY01000054.1_6,False,0.9240678844457837,0.0002,False
JAFCFP010000006.1_13,False,0.7540556953240218,0.0,False
WALD01000035.1_9,False,0.7303721696885573,0.0,False
NZ_JOOE01000005.1_10,False,0.9864633266103772,0.0008,True
NZ_QHKX01000001.1_1105,False,0.925951078759895,0.0002,False
JAAYCF010000232.1_7,False,0.8163442352737053,0.0004,False
CP002989.1_504,False,0.7482432549666002,0.0,False
DREG01000351.1_2,False,0.8534744512882797,0.0004,False
JAGXKI010000008.1_44,False,0.977643948739848,0.0002,False
JAFTKO010000032.1_124,False,0.9721199427773011,0.0002,False
DLGL01000121.1_3,False,0.9532727466779329,0.0,False
QZKI01000004.1_33,False,0.9873367126787328,0.0002,False
WFRF01000005.1_25,False,0.9978072073808781,0.0004,False
RFFQ01000096.1_1,False,0.9806144886345631,0.0006,True
JAFGIT010000357.1_1,False,0.9999862229387689,0.0006,True
DLGL01000103.1_88,False,0.8617159711980568,0.0004,False
CAJUIP010000024.1_11,False,0.9232227485095177,0.0,False
MWBZ01000020.1_47,False,0.9842442079608339,0.0,False
JACRMA010000044.1_21,False,0.9607193656927644,0.0002,False
NC_015499.1_413,False,0.9676091639892936,0.0,False
DBJE01000005.1_42,False,0.9674746299784751,0.0,False
JADJOY010000010.1_164,False,0.9999962873846515,0.0002,False
CP054183.1_887,False,0.9954584398702487,0.0004,False
NZ_SGXC01000003.1_339,False,0.9876044044360094,0.0004,False
JAFZBN010000003.1_40,False,0.9546826019525797,0.0002,False
JACPHL010000136.1_3,False,0.9716398869006394,0.0002,False
CADCWE010000203.1_4,False,0.7509325930424221,0.0,False
DCUM01000201.1_2,False,0.9721712006287573,0.0,False
CAJUHL010000104.1_5,False,0.919053640960999,0.0,False
WFSL01000035.1_1,False,0.9923800421847977,0.0004,False
NZ_JACJQY010000006.1_36,False,0.8279691159885486,0.0,False
PMZC01000141.1_6,False,0.9010245983517604,0.0,False
DUMJ01000016.1_9,False,0.9930746361941545,0.0,False
NZ_CP016279.1_8946,False,0.9402565770992205,0.0,False
NZ_LR216287.1_1294,False,0.9888710323127907,0.0004,False
JADGAT010000136.1_6,False,0.9996565218772908,0.0008,True
NZ_LMIV01000001.1_1012,False,0.9999882862845754,0.0,False
NZ_SGXC01000003.1_297,False,0.9421752534141725,0.0,False
PBWH01000007.1_151,False,0.9374073864079326,0.0002,False
NZ_JAFVMG010000001.1_396,False,0.998710213230489,0.0002,False
MVZB01000010.1_1,False,0.8907781729851653,0.0,False
NZUQ01000126.1_1,False,0.975344586531671,0.0002,False
JACTNB010000030.1_146,False,0.9389442707066749,0.0002,False
DREG01000083.1_6,False,0.9398008472422013,0.0,False
LIUI01000149.1_7,False,0.9921370295201365,0.0,False
JAFGTL010000083.1_6,False,0.9881900205445953,0.001,True
DIWJ01000054.1_8,False,0.9684483646204853,0.0004,False
DSSC01000016.1_11,False,0.9816888080018373,0.0002,False
NZ_JAGI01000002.1_451,False,0.9793885469554731,0.0,False
NZ_CP029480.1_3466,False,0.8970243775483647,0.0,False
WTCB01000041.1_20,False,0.7003556866487377,0.0,False
CAIJMQ010000002.1_1,False,0.9329534824883836,0.0002,False
DBPU01000052.1_6,False,0.9753184217370615,0.0,False
BMST01000008.1_100,False,0.9901654177822081,0.0002,False
CAIJMQ010000002.1_6,False,0.8029842977357509,0.0,False
SLGQ01000033.1_5,False,0.9966692056165984,0.0,False
JAFGEW010000050.1_34,False,0.8787195280645441,0.0,False
NZ_JADEKP010000001.1_353,False,0.8575518348225905,0.0,False
SXND01000134.1_35,False,0.8068881755877505,0.0,False
JAADHJ010000023.1_42,False,0.9878820109262698,0.0002,False
JABMQX010000458.1_2,False,0.9959038151027066,0.0006,True
JAHJDJ010000170.1_5,False,0.9469622799576781,0.0004,False
JAABRV010000004.1_19,False,0.9988435593422202,0.0004,False
MNYW01000159.1_2,False,0.9041557006204785,0.0,False
MHDQ01000128.1_28,False,0.982656333333951,0.0,False
NC_015499.1_1799,False,0.998703388037268,0.0004,False
JACPUC010000018.1_56,False,0.8516526416240132,0.0,False
PXPD01000050.1_34,False,0.9776265237629137,0.0002,False
JABWCQ010000010.1_125,False,0.8971111303895203,0.0008,True
JAGOUY010000004.1_57,False,0.9999999331828057,0.0006,True
NC_014917.1_88,False,0.7253405049015356,0.0,False
VMTI01000284.1_10,False,0.8074954454758393,0.0004,False
NZ_CP016279.1_8398,False,0.9483056348261023,0.0,False
CAIWTR010000509.1_9,False,0.9550164539384791,0.0002,False
NZ_JACJQY010000002.1_65,False,0.9989159372529794,0.0002,False
NZ_CP015520.1_1045,False,0.9961502193046797,0.0004,False
JAHJSD010000065.1_5,False,0.9287000788606414,0.0004,False
CAIVGN010000024.1_34,False,0.831352476793615,0.0,False
NZ_CP069127.1_1645,False,0.9958877218317366,0.0002,False
LJUD01000028.1_24,False,0.999213928936094,0.0002,False
SHYX01000016.1_20,False,0.9528409947738196,0.0,False
DIWJ01000024.1_135,False,0.7404354992626009,0.0002,False
NZ_CP015423.1_382,False,0.9664914539680066,0.0,False
JAFANK010000131.1_3,False,0.8670946473497007,0.0,False
NZ_FQVN01000003.1_698,False,0.9630375742630156,0.0,False
JACPUR010000036.1_15,False,0.9984378470863596,0.0008,True
MWCZ01000449.1_2,False,0.9717665256945993,0.0,False
JAFGEW010000132.1_15,False,0.9997560135505081,0.0,False
QZKI01000013.1_12,False,0.9656841321476096,0.0002,False
CAJUJZ010000077.1_2,False,0.9710285851242979,0.0,False
JAGYNK010000088.1_12,False,0.950557906783607,0.0,False
SBFR01000042.1_3,False,0.9996652569151891,0.0,False
DBJE01000004.1_20,False,0.7841589312049969,0.0,False
QLTX01000044.1_6,False,0.8349093432809924,0.0,False
NZ_JADWYU010000100.1_27,False,0.7876290448512189,0.0,False
NZ_FKIP01000417.1_5,False,0.9894253632040406,0.0,False
QNEG01000156.1_4,False,0.9958539080853446,0.0,False
JACOUC010000061.1_4,False,0.9991844434408104,0.0004,False
SYBY01000232.1_16,False,0.9833266631940805,0.0002,False
MWCZ01000046.1_20,False,0.9959756821228131,0.0004,False
CAIQVJ010000136.1_27,False,0.949472902009991,0.0,False
SHYX01000012.1_75,False,0.8236314739307712,0.0,False
CADBLV010000276.1_2,False,0.9645292847886354,0.0,False
PNNP01000001.1_46,False,0.9667095704149465,0.0,False
SXND01000278.1_12,False,0.9308599236539943,0.0,False
CP051243.1_849,False,0.9504539051301707,0.0,False
MWCZ01000302.1_2,False,0.8217229114253491,0.0,False
MNUO01000012.1_1,False,0.9944770215989438,0.0004,False
DCHV01000025.1_22,False,0.9346343861870164,0.0,False
JABFRY010000418.1_4,False,0.9884467662888268,0.0,False
JAFYIM010000256.1_2,False,0.9798562460028379,0.0,False
JABMQX010000002.1_3,False,0.9981405696376127,0.0004,False
QIJE01000028.1_215,False,0.9735040190479166,0.0,False
JABWCD010000037.1_26,False,0.9580324585108806,0.0002,False
DREG01000039.1_5,False,0.963969883491289,0.0,False
JAEEOX010000186.1_4,False,0.9099062310202138,0.0002,False
LJUD01000260.1_3,False,0.7665481044504208,0.0,False
JABMQX010000517.1_3,False,0.9407852281981742,0.0002,False
NZ_AWNK01000004.1_79,False,0.913386101829637,0.0,False
VGIX01000004.1_9,False,0.9900299138655639,0.0006,True
NZ_AWRU01000019.1_132,False,0.9893814950920131,0.0,False
QIFF01000113.1_6,False,0.8835776871692548,0.0,False
JACPWU010000026.1_8,False,0.9823619249374437,0.0,False
QHSL01000070.1_1,False,0.9832057847255327,0.0,False
NZ_LT985324.1_455,False,0.6301726381538996,0.0,False
JACPAV010000027.1_21,False,0.995472605011108,0.0004,False
NZ_KB908342.1_10,False,0.8757699314652555,0.0,False
JAHDNF010000025.1_23,False,0.8895636332089876,0.0,False
DRYD01000099.1_1,False,0.9699048034241219,0.0,False
JAAYNI010000089.1_44,False,0.8887828576385877,0.0,False
JABMRT010000236.1_23,False,0.9690999864521449,0.0,False
NZ_BNCD01000024.1_42,False,0.9427782037726933,0.001,True
WRMI01000077.1_9,False,0.911879324870394,0.0,False
NC_021031.1_127,False,0.9913997449731325,0.0002,False
DMSQ01000007.1_3,False,0.9560406975877336,0.0,False
NVVD01000001.1_170,False,0.7223041554610914,0.0,False
JACTNB010000011.1_27,False,0.9204527000889915,0.0,False
JAHIKO010000020.1_32,False,0.9843960750620504,0.0,False
JADHWK010000007.1_8,False,0.9987833773813646,0.0,False
JAADIO010000023.1_14,False,0.7038258002949597,0.0002,False
DLTY01000012.1_14,False,0.9147399290223878,0.0002,False
CAJQMW010000104.1_1,False,0.9999849628560648,0.0002,False
SHMX01000002.1_516,False,0.7360978572048235,0.0,False
LIUI01000058.1_6,False,0.9999864645414465,0.0006,True
CP054183.1_254,False,0.5768196408432377,0.0,False
NZ_AP018227.1_3973,False,0.81313438015095,0.0,False
JAFYIM010000202.1_5,False,0.9476414190038724,0.0,False
WJLY01000059.1_1,False,0.9332982040692582,0.0,False
BDTM01000038.1_14,False,0.9819185884463905,0.0002,False
DTCJ01000064.1_13,False,0.7113732974754923,0.0002,False
SXND01000042.1_14,False,0.7531881669124664,0.0,False
CP002989.1_86,False,0.7207426043202915,0.0,False
WTCB01000052.1_7,False,0.6788409820421619,0.0,False
JACPQY010000085.1_60,False,0.8932940053786762,0.0,False
NZ_CP015423.1_3744,False,0.9530198316708341,0.0,False
JAFGEV010000287.1_2,False,0.9915902218008081,0.0006,True
JWIH01000021.1_473,False,0.7389607009629565,0.0,False
CAIQVJ010000135.1_111,False,0.9999443902201609,0.0,False
CAIQVJ010000024.1_63,False,0.913979865715294,0.0,False
DITF01000048.1_1,False,0.9667098745581674,0.0,False
PWXJ01000057.1_10,False,0.981164249288386,0.0,False
LQMQ01000031.1_4,False,0.8353431074867702,0.0,False
CAJKKX010000147.1_3,False,0.9738120260320858,0.0002,False
JAFAZD010000212.1_5,False,0.9281514072501749,0.0,False
JAFGEX010000406.1_12,False,0.928898610261851,0.0,False
PLPI01000008.1_4,False,0.8192070790318383,0.0,False
WALD01000013.1_9,False,0.5326624446950637,0.0002,False
PLPI01000086.1_7,False,0.9972720138611961,0.0,False
NZ_FQVN01000007.1_234,False,0.8959833434544981,0.0,False
NZ_JH378977.1_15,False,0.9979385642877376,0.0002,False
NZ_JAFCMM010000004.1_185,False,0.985349201766368,0.0,False
NZWP01000013.1_71,False,0.6069228767242127,0.0,False
DSCM01000087.1_5,False,0.9794841928055603,0.0,False
RFFU01000106.1_19,False,0.9718742779873248,0.0,False
JABFRY010000153.1_29,False,0.9973849237149905,0.0006,True
JACQWU010000121.1_3,False,0.5808102715363929,0.0002,False
PWGE01000145.1_4,False,0.9874012760568758,0.0,False
WLFD01000024.1_10,False,0.7905786414505075,0.0002,False
PKTG01000122.1_83,False,0.9695238056496444,0.0006,True
NZ_JOOE01000001.1_651,False,0.9925999920052175,0.0,False
JAFGEW010000099.1_39,False,0.6958445389086493,0.0,False
NZ_LR216287.1_439,False,0.9496243980084974,0.0,False
DRGV01000017.1_9,False,0.8097510193458836,0.0,False
VXWP01000044.1_10,False,0.8122668517393945,0.0,False
NZ_FQVN01000004.1_363,False,0.9508357121188661,0.0,False
NZ_JACJQY010000084.1_4,False,0.9956254708280514,0.0004,False
PUNC01000207.1_3,False,0.9855082399316596,0.0002,False
JABIXH010000275.1_4,False,0.8692634683785894,0.0,False
MVCR01000044.1_9,False,0.9996625317189309,0.0004,False
SLGR01000050.1_1,False,0.9994919017876749,0.0,False
NZ_WEZQ01000005.1_93,False,0.9947242070521958,0.0004,False
PLDF01000261.1_2,False,0.9985659727304925,0.001,True
NZ_LT907975.1_2990,False,0.9589528066039452,0.0,False
NZ_JH815593.1_1364,False,0.9964426415865728,0.0002,False
SLDX01000043.1_41,False,0.9865018181424872,0.0,False
JABIXH010000256.1_31,False,0.7414765333564675,0.0,False
NZ_JAFCMM010000006.1_79,False,0.45484514617853733,0.0002,False
LJUD01000211.1_2,False,0.9909917193211006,0.0002,False
DRYD01000171.1_5,False,0.9594321806905005,0.0,False
JAADFP010000127.1_7,False,0.9713924849410419,0.0,False
CACZFN010000001.1_127,False,0.9962357082032155,0.0002,False
JAAYCF010000254.1_12,False,0.99984856355981,0.0004,False
JAFKJK010000030.1_18,False,0.9999999990483766,0.0004,False
NC_021031.1_3073,False,0.8723865706601891,0.0002,False
DSSB01000575.1_4,False,0.991437929241966,0.0002,False
WYBT01000030.1_233,False,0.9547533477035884,0.0,False
NZ_LMGK01000024.1_321,False,0.9996213051092632,0.0004,False
MVZB01000269.1_2,False,0.9970540775621165,0.0002,False
CAIJMQ010000001.1_49,False,0.9736509496737378,0.0,False
NZ_JADWYU010000131.1_7,False,0.9999564767627889,0.0004,False
CAIWTR010000032.1_3,False,0.9741841168290292,0.0,False
PAQS01000026.1_22,False,0.9589826812814384,0.0,False
MWCD01000045.1_10,False,0.9900344724690876,0.0,False
JACPAV010000017.1_6,False,0.8788930337468552,0.0,False
LIUI01000146.1_12,False,0.7770451982302421,0.0,False
CAIVGN010000058.1_1,False,0.9778409640980602,0.0002,False
JAFGTL010000552.1_17,False,0.9556990785812083,0.0,False
AWOA01000004.1_17,False,0.9979380362292274,0.0002,False
NZ_JAAIPW010000039.1_3,False,0.9018603058706064,0.0,False
JADJOY010000002.1_3,False,0.9999092315743595,0.0002,False
JAHIPN010000392.1_7,False,0.999952460609841,0.001,True
SHYX01000030.1_36,False,0.9854943089455037,0.0002,False
NZ_BNCD01000032.1_5,False,0.9896672450991946,0.0,False
SICP01000018.1_3,False,0.6502992973019867,0.0002,False
MGFH01000035.1_13,False,0.7603886527283769,0.0,False
PLDF01000478.1_55,False,0.9882837993890451,0.0,False
JAHIKO010000059.1_5,False,0.784332436887308,0.0,False
SHYX01000064.1_2,False,0.8725600763425002,0.0,False
NZ_CP007062.1_2235,False,0.7389607009629565,0.0,False
WRMI01000081.1_2,False,0.9976671384060305,0.0,False
PAQS01000016.1_63,False,0.996078343684197,0.0002,False
MNYI01000089.1_11,False,0.9433941752366348,0.0002,False
DUMP01000088.1_1,False,0.8886093519562765,0.0,False
LSMY01000003.1_5,False,0.9700072897943064,0.0004,False
PMWA01000054.1_6,False,0.9612385897869783,0.0,False
QZKU01000073.1_23,False,0.9965134116549343,0.0002,False
PDQT01000272.1_4,False,0.9790667122936806,0.0006,True
MNYI01000205.1_1,False,0.9978742147218672,0.0006,True
NZ_QHKX01000002.1_59,False,0.9673740517250663,0.0,False
LKMX01000032.1_8,False,0.9921580951806134,0.0,False
NZ_AP018227.1_3084,False,0.6922876724212718,0.0,False
JABIXH010000151.1_3,False,0.964954293362961,0.0002,False
BDTM01000067.1_66,False,0.91022406239168,0.0002,False
NZ_JADEKP010000003.1_90,False,0.945316975485309,0.0,False
JAGWXF010000027.1_2,False,0.9969996817894958,0.0006,True
CAIQVJ010000054.1_47,False,0.830398195540904,0.0002,False
NZ_CP007062.1_314,False,0.9768449441213611,0.0004,False
BDTG01000019.1_12,False,0.9994333061586108,0.0006,True
DRGV01000031.1_4,False,0.986749977613591,0.0006,True
JACQWU010000047.1_11,False,0.8955495792487204,0.0,False
PLDF01000210.1_34,False,0.963419830992103,0.0,False
CADCWE010000217.1_8,False,0.6460484080853648,0.0002,False
NBMB01000004.1_58,False,0.9631888140186438,0.0002,False
NZ_NCSM01000088.1_11,False,0.9989936361382755,0.0,False
JAFGND010000077.1_15,False,0.7773054567537087,0.0,False
JAAYRV010000118.1_1,False,0.9154446373017749,0.0,False
CAIQVJ010000077.1_6,False,0.9901028071249058,0.0,False
NZ_CP014223.1_1084,False,0.9873693786733037,0.0,False
JAFGEV010000349.1_8,False,0.9872332334487427,0.0002,False
DTND01000215.1_2,False,0.6708597206558515,0.0,False
QZKU01000028.1_12,False,0.8117463346924612,0.0006,True
WJKZ01000186.1_3,False,0.9870006721975991,0.0004,False
QNVD01000019.1_8,False,0.9610376670014517,0.0,False
NZ_FZMR01000008.1_51,False,0.9854573074653782,0.0002,False
CADCCW010000017.1_22,False,0.8761169428298777,0.0,False
JABFRY010000070.1_3,False,0.8051531187646396,0.0,False
DSWB01000407.1_12,False,0.9225133848261724,0.0002,False
RFFQ01000025.1_25,False,0.7969115988548625,0.0,False
NZ_CP007062.1_2189,False,0.9993771852831161,0.0006,True
AZYB01000024.1_12,False,0.6588878285763858,0.0004,False
JACPAV010000010.1_45,False,0.5684046152511495,0.0,False
PWHN01000011.1_2,False,0.7576993146525549,0.0,False
NZ_BDAU01000011.1_155,False,0.9974266748336772,0.0004,False
NZ_AP018227.1_498,False,0.9985547142587865,0.0002,False
DHZH01000006.1_68,False,0.9845690379776394,0.0002,False
NZ_JAGGOF010000087.1_44,False,0.9509552769137121,0.0,False
JACIXR010000004.1_147,False,0.9685522890735103,0.0008,True
JAFUHT010000034.1_60,False,0.9947459036277437,0.0002,False
MWBZ01000069.1_18,False,0.985631969125678,0.0,False
JABXHY010000009.1_121,False,0.8765507070356554,0.0004,False
SKQU01000173.1_4,False,0.8883490934328099,0.0,False
MFAF01000134.1_9,False,0.7264682918365577,0.0,False
DFGE01000002.1_82,False,0.9343945182485497,0.0,False
LJUI01000156.1_2,False,0.8068881755877505,0.0,False
JAERTH010000075.1_11,False,0.9145658289038486,0.0,False
CAJFVT010000085.1_4,False,0.9930890805409396,0.0002,False
DIVR01000054.1_3,False,0.8809751019345884,0.0,False
NZ_CP069127.1_1226,False,0.9928141261647716,0.0,False
NZ_AP018227.1_784,False,0.9938296922883246,0.0008,True
JACPQY010000008.1_44,False,0.9757756080835044,0.0,False
SXND01000092.1_5,False,0.9909320701588493,0.0002,False
NZ_AWNK01000004.1_70,False,0.9995892062950518,0.0002,False
AQRW01000136.1_2,False,0.9133575319875954,0.0,False
JAAYAK010000095.1_2,False,0.9242351031693967,0.0004,False
CAJMJN010000002.1_146,False,0.9872914790509651,0.0,False
UQCL01000016.1_2,False,0.9609897244305192,0.0,False
CACXDF010000128.1_7,False,0.881061854775744,0.0,False
NC_015499.1_1449,False,0.9883947481428967,0.0,False
CAISUK010000442.1_1,False,0.8099245250281947,0.0,False
NZ_FCNU01000010.1_8,False,0.9959397547908186,0.0006,True
QNDR01000121.1_1,False,0.9938460511239977,0.0006,True
CACGHR010000010.1_23,False,0.9996809432662489,0.0008,True
JABDLO010000225.1_6,False,0.8387264682918365,0.0,False
JACRLM010000101.1_1,False,0.9693449846344055,0.0002,False
MVZB01000448.1_2,False,0.9993853158367717,0.0002,False
PFND01000062.1_15,False,0.9875986915774031,0.0,False
JAGYOC010000223.1_2,False,0.9729346991316681,0.0002,False
QNDR01000022.1_1,False,0.9628467804410041,0.0,False
NZ_FRCD01000015.1_69,False,0.9979201114381334,0.0004,False
JADJOY010000023.1_61,False,0.9882342430244851,0.0,False
QNDR01000002.1_1,False,0.9306226653119671,0.0002,False
PLDF01000513.1_66,False,0.8611954541511234,0.0002,False
AQRW01000011.1_4,False,0.8402880194326364,0.0,False
JACPTH010000100.1_2,False,0.9501949418312664,0.0002,False
JADGAT010000057.1_16,False,0.9423184387479426,0.0,False
CAIQVJ010000060.1_43,False,0.9226710482099499,0.0,False
JACMRP010000128.1_7,False,0.9585273666533268,0.0,False
NZ_KZ293963.1_265,False,0.9032571270108836,0.0002,False
MGRR01000068.1_13,False,0.9990967361124885,0.0002,False
JAADIA010000092.1_10,False,0.9322921007232418,0.0002,False
JACPRG010000130.1_3,False,0.9884080792243759,0.0006,True
WJLY01000156.1_7,False,0.6616639194933635,0.0,False
VBJS01000009.1_3,False,0.9727714948169993,0.0002,False
CAIVDM010000203.1_2,False,0.9479264386898062,0.0,False
JAADIC010000172.1_2,False,0.9947148284863031,0.0,False
LJUI01000089.1_5,False,0.9955447465917544,0.0,False
NZ_RZMY01000017.1_108,False,0.999697602809237,0.0012,True
JAFTSJ010000037.1_52,False,0.9873669912905005,0.0,False
JAFGND010000057.1_24,False,0.9664219460823148,0.0,False
CAIWTR010000291.1_1,False,0.8853994968335213,0.0,False
JABMQX010000144.1_3,False,0.8617159711980568,0.0,False
JAFKJK010000031.1_12,False,0.9952788119497548,0.0002,False
JAFGEV010000133.1_20,False,0.8996269627830311,0.0006,True
JABMQX010000596.1_3,False,0.8736878632775223,0.0,False
PKWQ01000304.1_3,False,0.949060672182181,0.0,False
PWHN01000007.1_5,False,0.8158237182267719,0.0,False
CAIQVJ010000046.1_2,False,0.8805413377288106,0.0,False
MNUP01000101.1_18,False,0.9434943086301276,0.0,False
JAGACY010000460.1_8,False,0.9852978407228627,0.0002,False
QMNL01000054.1_6,False,0.9908302476264143,0.0002,False
NZ_BNCD01000004.1_286,False,0.985569936112817,0.0,False
NC_021031.1_1697,False,0.9789562684480927,0.0,False
DCAZ01000110.1_50,False,0.9927345667188067,0.0006,True
NZ_FKIP01000148.1_8,False,0.9886176048622634,0.0,False
CAISUK010000039.1_4,False,0.953303198900759,0.0,False
DDWC01000086.1_8,False,0.9748577756686536,0.0,False
JACPUC010000003.1_87,False,0.895809837772187,0.0,False
JABFGF010000002.1_642,False,0.2739654723692201,0.0,False
CAIJMQ010000106.1_1,False,0.934221954001193,0.0002,False
MNUO01000079.1_6,False,0.8292704086058819,0.0,False
VBJS01000205.1_1,False,0.9134604850234782,0.0,False
JAGVWD010000014.1_5,False,0.9672302924490511,0.0004,False
NZ_CP015455.1_1590,False,0.8236314739307712,0.0002,False
JAAYZI010000300.1_2,False,0.9894719117270223,0.0004,False
NZ_CP060488.1_1613,False,0.9885705917018262,0.0,False
JABWCQ010000014.1_27,False,0.999719195906461,0.0002,False
PLDF01000487.1_4,False,0.7894508545154854,0.0,False
RFFQ01000199.1_4,False,0.9918255242717645,0.0002,False
NC_011661.1_112,False,0.9944529676658701,0.0004,False
PMWA01000032.1_1,False,0.9843530039603425,0.0,False
DCAZ01000108.1_10,False,0.9536614087529172,0.0,False
NBMB01000106.1_4,False,0.9520183280398007,0.0002,False
SLOM01000139.1_2,False,0.9848748387911445,0.0002,False
JAGOBX010000287.1_7,False,0.9098321199094657,0.0,False
DBJE01000002.1_5,False,0.9705115362691259,0.0004,False
JACOUC010000042.1_25,False,0.8022902750065065,0.0002,False
CAISUK010000466.1_4,False,0.9363906059947915,0.0002,False
DHPR01000012.1_14,False,0.9887209441660101,0.0002,False
NZ_FKIP01000581.1_3,False,0.9638225064869131,0.0,False
NZ_BAEO01000037.1_53,False,0.9995014921866822,0.0002,False
CP036261.1_4121,False,0.9937702920131573,0.0,False
NZ_BNCD01000073.1_1,False,0.909112096313525,0.0002,False
WALD01000010.1_1,False,0.9843047085460944,0.0,False
JACQOF010000137.1_1,False,0.9524342946870875,0.0,False
VBJS01000045.1_2,False,0.9873262236945975,0.0002,False
JAAYXC010000149.1_3,False,0.982219033744993,0.0,False
JAFGUZ010000076.1_11,False,0.9992408013357104,0.0002,False
BMST01000001.1_685,False,0.8298776784939706,0.0,False
JAABRV010000027.1_20,False,0.9899570669743216,0.0002,False
JAGWYZ010000273.1_4,False,0.9114266162102586,0.0002,False
JAFZBN010000011.1_23,False,0.9964493050680577,0.0002,False
NC_015499.1_298,False,0.8877418235447211,0.0002,False
JACIXG010000095.1_22,False,0.9935080975610162,0.0008,True
NZ_AP018227.1_88,False,0.897544894595298,0.0,False
SFEJ01000015.1_6,False,0.8067146699054394,0.0,False
DAPM01000017.1_1,False,0.8757699314652555,0.0,False
DHHE01000107.1_11,False,0.7227379196668691,0.0,False
JAEOSL010000025.1_16,False,0.8408085364795697,0.0004,False
WTCB01000105.1_10,False,0.9661787061029471,0.0,False
WAQR01000178.1_13,False,0.8277088574650819,0.0,False
PLYD01000285.1_7,False,0.9834303185959227,0.0004,False
CAJMJN010000033.1_16,False,0.9198110766800035,0.0,False
DLGL01000121.1_32,False,0.780515311876464,0.0,False
JAFUYQ010000011.1_29,False,0.8832306758046325,0.0002,False
NZ_CP015423.1_1559,False,0.7444261299557561,0.0,False
NZ_BNCD01000001.1_239,False,0.6478702177496313,0.0,False
NZ_BMLQ01000001.1_632,False,0.9832543917321935,0.0006,True
DRUE01000297.1_1,False,0.8968508718660536,0.0,False
NZ_UTHA01000029.1_23,False,0.9983441583422448,0.0,False
JAERTH010000111.1_1,False,0.9902597614758659,0.0,False
JAFGKM010000039.1_9,False,0.9977584331335829,0.0006,True
SHYX01000006.1_72,False,0.8010757352303288,0.0,False
CAIQVJ010000048.1_22,False,0.8506116075301466,0.0,False
CAIVGN010000106.1_106,False,0.9955992723513791,0.0004,False
NZ_NCSM01000010.1_46,False,0.9772185832924557,0.0,False
JAFGAQ010000371.1_4,False,0.9869809464666612,0.0,False
CP036261.1_2081,False,0.9982434043690969,0.0002,False
JACCLG010000019.1_18,False,0.9988965858050115,0.001,True
JAFGKM010000094.1_18,False,0.9672726676649039,0.0002,False
DSSU01000328.1_13,False,0.8991064457360979,0.0,False
MWCZ01000619.1_1,False,0.9927817080093436,0.0,False
NZ_FQTT01000009.1_360,False,0.9999809732368993,0.0,False
JABIXH010000253.1_14,False,0.9018139990893603,0.0008,True
PWNJ01000077.1_7,False,0.9168662153434113,0.0,False
NZ_SJCO01000005.1_134,False,0.9776940585691333,0.0002,False
PWGE01000077.1_2,False,0.9932984834056124,0.0002,False
MVCR01000041.1_18,False,0.9852156098026373,0.0,False
JAAYHG010000302.1_5,False,0.9996238325598211,0.0006,True
QZJZ01000017.1_26,False,0.8565975535698794,0.001,True
JABDHD010000005.1_25,False,0.9889396487929654,0.0002,False
JAFGIQ010000181.1_1,False,0.9904055776685087,0.0,False
DRYD01000193.1_16,False,0.9999968718864072,0.0004,False
CADBLV010000098.1_5,False,0.9930765885067377,0.0,False
JAFGEV010000342.1_1,False,0.9748044467978094,0.0,False
DBJE01000011.1_9,False,0.9909284215207961,0.0004,False
CAJFVT010000075.1_2,False,0.8886961047974321,0.0,False
DSSU01000218.1_4,False,0.8051531187646396,0.0,False
NZ_FKIP01000432.1_1,False,0.9902866686380595,0.0004,False
NC_007759.1_2395,False,0.999995587011832,0.0004,False
NZ_CP029480.1_1781,False,0.9979412932008974,0.0,False
QIFF01000019.1_4,False,0.9349487022284891,0.0,False
QZJZ01000013.1_19,False,0.9942278369037904,0.0004,False
NZ_RZMY01000013.1_598,False,0.9836371318997852,0.0002,False
MFPR01000043.1_118,False,0.7190075474971805,0.0,False
JAFGUZ010000224.1_48,False,0.9909912464726357,0.0002,False
JAFGBW010000292.1_25,False,0.9709483473441054,0.0,False
CACGJS010000005.1_22,False,0.9881404209545694,0.0,False
DSNN01000134.1_1,False,0.8546022382233018,0.0002,False
JAFGEW010000124.1_4,False,0.9149187674970121,0.0,False
JABFRY010000479.1_2,False,0.9999963689134009,0.0002,False
JAFAZD010000372.1_5,False,0.9720864564004411,0.0,False
NZ_WEZQ01000014.1_105,False,0.9181440665398921,0.0,False
JAFGTC010000036.1_5,False,0.9966278578000828,0.0004,False
MWCZ01000327.1_4,False,0.9808443508779292,0.0,False
JABWCQ010000002.1_159,False,0.9696300979639942,0.0,False
CAJUHL010000136.1_4,False,0.6704259564500737,0.0,False
SOJN01000049.1_53,False,0.9063090015650738,0.0,False
JABFRY010000142.1_3,False,0.5551314305543507,0.0,False
JAAYNI010000040.1_10,False,0.6669558428038518,0.0,False
DSSC01000019.1_23,False,0.7109395332697146,0.0,False
NZ_CAJFNR010000026.1_18,False,0.9997237537427425,0.0,False
JAGPNE010000001.1_371,False,0.8256267892773488,0.0,False
JACRJN010000100.1_14,False,0.5824585755183482,0.0,False
DSKM01000009.1_326,False,0.9681635952417808,0.0,False
DITF01000117.1_3,False,0.9338923253285376,0.0002,False
PAZD01000044.1_22,False,0.9578839236284948,0.0,False
JAGXTL010000135.1_6,False,0.95667208790333,0.0,False
JAEOSL010000131.1_13,False,0.9979688179838812,0.0004,False
RFIY01000338.1_8,False,0.9280255058231154,0.0002,False
NZ_LMGK01000011.1_2,False,0.9676570687164753,0.0002,False
JACRMA010000049.1_12,False,0.7794742777825974,0.0002,False
NZ_KB290718.1_3,False,0.9962763789001498,0.0006,True
CAIQVJ010000120.1_11,False,0.9928216642310408,0.0,False
DIVR01000021.1_137,False,0.8619762297215234,0.0,False
DLGL01000020.1_5,False,0.9263763371031275,0.0,False
CAIOLV010000100.1_5,False,0.8385529626095255,0.0,False
JABDLO010000282.1_15,False,0.86223648824499,0.0,False
NZ_JOOE01000002.1_304,False,0.9859578372533628,0.0,False
VGIW01000015.1_5,False,0.9942504166711099,0.0002,False
WJOT01000051.1_2,False,0.8236314739307712,0.0004,False
NZ_LMIV01000001.1_1587,False,0.9860642318562933,0.0004,False
NZ_JABASS010000001.1_269,False,0.9982111684803893,0.0004,False
LJUD01000016.1_5,False,0.7322807321939794,0.0,False
QGUP01000018.1_13,False,0.9212890830549729,0.0008,True
CADCCW010000048.1_11,False,0.9556334321222066,0.0,False
NZ_BNCD01000013.1_120,False,0.8735143575952112,0.0,False
NZ_AP018229.1_60,False,0.7498915589485555,0.0,False
CAIQVJ010000136.1_50,False,0.9240678766300621,0.0,False
JAFTKO010000003.1_9,False,0.9719995404299018,0.0,False
USJX01000044.1_21,False,0.9961303504694136,0.0,False
PMZC01000381.1_5,False,0.9995486415292844,0.0006,True
JAFGTL010000448.1_1,False,0.9869070732134092,0.0,False
NZ_CP007062.1_1309,False,0.9923522524590329,0.001,True
JAADIA010000057.1_10,False,0.9498651172263337,0.0,False
JAAOXX010000017.1_33,False,0.7764379283421532,0.0002,False
MHDQ01000307.1_9,False,0.8071484341112172,0.0004,False
JAGCDY010000032.1_2,False,0.9119205997145452,0.0,False
DSCS01000032.1_33,False,0.9958132334853123,0.0004,False
JACRAC010000002.1_53,False,0.9721946563174533,0.0002,False
ONGA01000008.1_48,False,0.954910291837174,0.0002,False
WFRF01000044.1_2,False,0.9852776766114132,0.0,False
SLOM01000171.1_8,False,0.8103582892339725,0.0002,False
PMZC01000335.1_3,False,0.4971805326624448,0.0002,False
RFFQ01000196.1_19,False,0.9415046787618767,0.0004,False
NZ_JH378937.1_22,False,0.9964557258087955,0.0,False
MNYV01000104.1_1,False,0.9998698795671107,0.0008,True
PDQT01000047.1_3,False,0.4574477314132037,0.0,False
JAFGKQ010000237.1_14,False,0.9813478988706624,0.0,False
CAIQVJ010000104.1_6,False,0.9322357947273575,0.0,False
JAAYCF010000312.1_21,False,0.7800815476706862,0.0002,False
NZWP01000004.1_1,False,0.9306468653840709,0.0,False
NZ_CP014223.1_1849,False,0.9433525865453062,0.0002,False
NZ_JACJQY010000001.1_203,False,0.9593844833345865,0.0002,False
WYBT01000024.1_82,False,0.8349093432809924,0.0,False
PWXJ01000148.1_6,False,0.8085364795697059,0.0,False
CAADSM010000128.1_24,False,0.9748974582756101,0.0,False
JABWBZ010000024.1_3,False,0.890431161620543,0.0,False
VXMB01000009.1_391,False,0.6289580983777219,0.0002,False
CAJQMW010000472.1_1,False,0.9995409920964016,0.0012,True
MWCD01000107.1_1,False,0.9425229185467023,0.0,False
NZ_LBMK01000011.1_5,False,0.8048928602411729,0.0,False
JAGPNE010000007.1_16,False,0.9669520457858904,0.0006,True
CAISUK010000725.1_7,False,0.9923509266935178,0.0,False
JAFGEV010000218.1_16,False,0.952484763703729,0.0004,False
NZ_JABFHO010000001.1_700,False,0.9472749795850259,0.0,False
CAJMJN010000010.1_26,False,0.9939630216213803,0.0002,False
CAIVGN010000237.1_2,False,0.8021167693241954,0.0,False
QZKU01000100.1_12,False,0.9823397293851305,0.0002,False
DMSQ01000064.1_34,False,0.8563372950464128,0.0002,False
MWCZ01000271.1_2,False,0.9733630773310273,0.0,False
NZ_LT985323.1_229,False,0.9788856895947919,0.0,False
DGKK01000019.1_15,False,0.837858939880281,0.0002,False
DSSC01000014.1_23,False,0.9918125724543143,0.0002,False
NYZA01000170.1_19,False,0.9939135747925962,0.001,True
AQRW01000157.1_17,False,0.9419496171139015,0.0,False
NZ_NCSM01000019.1_31,False,0.9998753476845913,0.0004,False
SLNR01000154.1_4,False,0.9830490580163534,0.0,False
JABWCD010000027.1_114,False,0.8536479569705908,0.0004,False
SHYX01000002.1_33,False,0.9904357828864034,0.0,False
SXND01000004.1_47,False,0.9871834893376743,0.0,False
RFHX01000010.1_5,False,0.7810358289233973,0.0,False
NZ_RZMY01000006.1_548,False,0.997345352815478,0.0004,False
NZ_JAFVMG010000013.1_15,False,0.985211541028133,0.0002,False
JACIXR010000008.1_69,False,0.9926525122541766,0.0002,False
QHSL01000030.1_5,False,0.8505248546889911,0.0,False
JAFSDM010000008.1_31,False,0.9989258960263108,0.0,False
NZ_FQVN01000015.1_81,False,0.7800815476706862,0.0002,False
WFRF01000096.1_9,False,0.9976304351370615,0.0004,False
DRYD01000045.1_22,False,0.7172724906740696,0.0002,False
DVAE01000021.1_16,False,0.7612561811399323,0.0,False
LMZT01000052.1_17,False,0.911283631936745,0.0,False
NZ_NCSM01000003.1_334,False,0.7944825193025071,0.0002,False
AWOA01000088.1_9,False,0.5010844105144443,0.0,False
DCHV01000013.1_42,False,0.8699574911078338,0.0002,False
CACMQN010000002.1_43,False,0.9609598518247054,0.0002,False
JAHITZ010000025.1_63,False,0.999978047631435,0.0,False
JADIMU010000009.1_47,False,0.6936757178797606,0.0002,False
CACYFZ010000029.1_30,False,0.9989876436546032,0.001,True
JADHWK010000002.1_79,False,0.9985850953380243,0.0006,True
CACYFZ010000030.1_8,False,0.9478727487830089,0.0002,False
VMTI01000184.1_6,False,0.8955495792487204,0.0002,False
JABWCD010000012.1_41,False,0.9557587024230169,0.0,False
JAFTKO010000025.1_88,False,0.6822243428472282,0.0,False
PMWA01000112.1_3,False,0.610132731846968,0.0,False
JACRJN010000142.1_5,False,0.9979371722291515,0.0,False
NZ_FRCD01000024.1_16,False,0.9931648395849483,0.0,False
DF820456.1_486,False,0.890431161620543,0.0,False
JAFGCY010000039.1_12,False,0.926785822327054,0.0,False
JABMQX010000149.1_1,False,0.7925739567970851,0.0,False
DCUM01000154.1_6,False,0.7631647436453544,0.0,False
PMNA01000033.1_1,False,0.9806925891183643,0.0,False
JACOWJ010000007.1_7,False,0.9278342690920394,0.0,False
NZ_PVNS01000003.1_161,False,0.6293918625834997,0.0,False
VXWP01000081.1_24,False,0.9824340546548564,0.0,False
NZ_CP015423.1_271,False,0.9995966120524411,0.0,False
NZ_FKIP01000686.1_6,False,0.9935650598401111,0.0004,False
JACRMA010000095.1_16,False,0.9919376735970232,0.0,False
JAFGIT010000201.1_1,False,0.8883490934328099,0.0,False
JABWBZ010000285.1_3,False,0.9995372611689752,0.0008,True
PMWA01000061.1_1,False,0.9315757837351608,0.0,False
NC_014926.1_45,False,0.7676758913854429,0.0,False
NZ_CP016279.1_8420,False,0.8971978832306758,0.0,False
JACRGW010000132.1_4,False,0.5727422573089269,0.0,False
DSNN01000271.1_5,False,0.9998187762642221,0.0006,True
CAJUIP010000040.1_22,False,0.9904366071183072,0.0,False
JAGXTL010000037.1_87,False,0.915853053589199,0.0002,False
SXND01000163.1_2,False,0.8471414938839247,0.0,False
PLYD01000240.1_38,False,0.967543147595247,0.0002,False
JADJOY010000017.1_197,False,0.9999999958728256,0.0006,True
PBWH01000008.1_126,False,0.8849657326277436,0.0,False
JACQOF010000030.1_22,False,0.9860632645039585,0.0002,False
JACTNB010000022.1_14,False,0.9541013574842376,0.0014,True
QLUP01000017.1_22,False,0.9473787901327045,0.0,False
PLYD01000230.1_4,False,0.9314869280329245,0.0,False
NBMB01000028.1_16,False,0.9943389845488311,0.0008,True
JACRJN010000165.1_5,False,0.9487370032285144,0.0,False
DRUY01000103.1_12,False,0.9666142855515264,0.0004,False
NZ_CP015456.1_1,False,0.8791532922703219,0.0,False
SKQU01000332.1_11,False,0.8572048234579682,0.0,False
NZ_LMIV01000001.1_1669,False,0.9955945255099565,0.0002,False
NZ_RZMY01000003.1_246,False,0.9796240325614534,0.0006,True
NZ_CP015423.1_2944,False,0.9829425911751405,0.0,False
DTOT01000118.1_26,False,0.5424655157456407,0.0,False
JACPSX010000237.1_6,False,0.9749077821036412,0.0002,False
NVVD01000007.1_1,False,0.9959649952999713,0.0,False
NZ_CP021081.1_2545,False,0.9891299139528754,0.0,False
DJVG01000051.1_9,False,0.917920725568078,0.0,False
CACXDF010000180.1_1,False,0.7402619935802898,0.0,False
JAFGTL010000116.1_1,False,0.9609928970333879,0.0,False
PKWQ01000089.1_10,False,0.8051531187646396,0.0,False
NZ_FRCD01000014.1_139,False,0.9179883050053155,0.0,False
NZ_JH815593.1_992,False,0.9983897940862588,0.0002,False
JAGACY010000436.1_3,False,0.9988990745395702,0.0,False
JAHDNF010000003.1_92,False,0.4501604927561378,0.0002,False
RFIY01000113.1_12,False,0.8979786588010757,0.0,False
PKWQ01000056.1_5,False,0.7158844452155808,0.0,False
DIFC01000073.1_12,False,0.935426869035644,0.0,False
DLGL01000103.1_66,False,0.9999778034829117,0.0008,True
DSSC01000003.1_24,False,0.960687663920756,0.0002,False
JAAYNI010000031.1_19,False,0.8560770365229461,0.0006,True
WSZW01000152.1_1,False,0.767068621497354,0.0,False
BDTM01000021.1_5,False,0.9701872931496106,0.0004,False
JAHJDJ010000274.1_7,False,0.9876015084791104,0.0002,False
NC_014926.1_1632,False,0.8153032011798387,0.0,False
MVZB01000066.1_2,False,0.9747829826041053,0.0,False
NZ_AGJL01000013.1_14,False,0.8815823718226772,0.0,False
PLDF01000435.1_1,False,0.9995240290229378,0.0004,False
JAGVWA010000019.1_13,False,0.9884904138013894,0.0002,False
BDTG01000019.1_134,False,0.949270331574691,0.0,False
NZ_JACJQY010000009.1_53,False,0.9630284279425636,0.0,False
RFIY01000360.1_4,False,0.6813568144356728,0.0,False
PMWA01000074.1_11,False,0.6758913854428733,0.0,False
PLYD01000264.1_4,False,0.6675631126919407,0.0,False
JACCUF010000207.1_6,False,0.9554314941403707,0.0,False
JACRLM010000107.1_25,False,0.9559027311155223,0.0,False
CAIVOB010000061.1_1,False,0.9838253276761062,0.0,False
UQCL01000004.1_10,False,0.8750759087360112,0.0,False
JAFGND010000107.1_25,False,0.8333477921401926,0.0,False
JABFRY010000101.1_2,False,0.9684196471036355,0.0,False
QIFF01000069.1_4,False,0.932149469433583,0.0,False
CP002989.1_636,False,0.956980207554405,0.0,False
CAJMJN010000025.1_2,False,0.948021917171618,0.0,False
NZ_CP016279.1_5033,False,0.992070343875068,0.0,False
NZ_LBMK01000002.1_674,False,0.9999999917185719,0.0,False
PLDF01000343.1_9,False,0.8347358375986813,0.0,False
PLFD01000013.1_28,False,0.9481834493447413,0.0002,False
JAHJDJ010000033.1_1,False,0.7710592521905092,0.0,False
JAHJDR010000132.1_1,False,0.8602411728984124,0.0,False
JACMRP010000173.1_13,False,0.9924201607961394,0.0006,True
JABXHY010000018.1_80,False,0.9830860248838492,0.0,False
PLDF01000452.1_21,False,0.9932853085450792,0.0004,False
JACQWU010000012.1_3,False,0.9564934463367264,0.0002,False
DLYX01000362.1_4,False,0.9565179577541072,0.0,False
MGDH01000029.1_90,False,0.9996605492316532,0.0012,True
AWOA01000026.1_1,False,0.9776044313342067,0.0002,False
JAFGEV010000061.1_4,False,0.7485035134900668,0.0,False
NZ_QHKX01000001.1_388,False,0.9023614637905335,0.0,False
JWIH01000010.1_74,False,0.9999469334535422,0.0006,True
JADBKU010000017.1_52,False,0.9653555251786432,0.0,False
CAJOEW010000038.1_25,False,0.9648269690401118,0.0004,False
JABXHY010000018.1_3,False,0.829443914288193,0.0,False
SBHG01000097.1_12,False,0.9923595787739332,0.0,False
WRMI01000011.1_23,False,0.9937284961900584,0.0002,False
MWCD01000078.1_12,False,0.6556779734536307,0.0,False
CP036261.1_4837,False,0.989403888442576,0.0002,False
JAHKBB010000091.1_10,False,0.9776485644882805,0.0,False
NZ_AYYI01000070.1_9,False,0.9997446403802027,0.0,False
JAFGEV010000119.1_20,False,0.9902970846542636,0.0002,False
NZ_CP016279.1_5584,False,0.9120393189913967,0.0002,False
LIUI01000061.1_6,False,0.7387871952806454,0.0004,False
QLTX01000156.1_4,False,0.8202481131257049,0.0,False
SYBY01000391.1_72,False,0.9082111057764624,0.0,False
NZ_JH815593.1_463,False,0.9814921705638651,0.0,False
VBOW01000072.1_5,False,0.917704082413504,0.0,False
DIVR01000057.1_9,False,0.9940216092446247,0.0,False
DREG01000454.1_2,False,0.9977258832812912,0.0012,True
JACRLM010000075.1_17,False,0.9864224563755338,0.0002,False
NZ_FKIP01000904.1_2,False,0.9929057851856237,0.0002,False
DFGE01000023.1_27,False,0.9386837673670794,0.0002,False
JAERTH010000032.1_47,False,0.9953730407095089,0.0002,False
NC_021031.1_2660,False,0.9208576441269414,0.0002,False
PBWH01000005.1_501,False,0.8158237182267719,0.0002,False
NIRF01000002.1_80,False,0.9404705992625871,0.0002,False
SHYX01000011.1_61,False,0.9973892107829395,0.0,False
JACTNB010000013.1_242,False,0.9983429861862215,0.0002,False
NZ_KZ293963.1_2936,False,0.9653339183159625,0.0,False
SBFR01000187.1_1,False,0.7696712067320205,0.0002,False
NZ_BDAU01000030.1_96,False,0.864925826320812,0.0,False
NZ_LT985324.1_1110,False,0.7557907521471329,0.0,False
JAFTKO010000043.1_82,False,0.9846442783710142,0.0006,True
NZ_LMIV01000001.1_631,False,0.9994909037840406,0.0002,False
JAEOSL010000017.1_2,False,0.9305834519336611,0.0,False
PWOA01000087.1_23,False,0.9999937973188868,0.0,False
DF820455.1_209,False,0.9997859681200518,0.001,True
MFPR01000001.1_138,False,0.829443914288193,0.0002,False
VBOW01000032.1_7,False,0.9968717290280439,0.0002,False
QZKI01000142.1_44,False,0.9595542482069468,0.0,False
JAFANK010000194.1_5,False,0.7250802463780689,0.0,False
CAIWRR010000272.1_1,False,0.999918112565141,0.0012,True
BMST01000012.1_79,False,0.9877027149045772,0.0004,False
SHYX01000020.1_11,False,0.9988579558369619,0.0004,False
DSSB01000231.1_5,False,0.9999980717296149,0.0002,False
CAISUK010000353.1_17,False,0.9695552046831608,0.0,False
JABDLO010000105.1_1,False,0.9924327333228142,0.0,False
NZ_AP018227.1_4017,False,0.9830955801657225,0.001,True
CAJUKE010000006.1_77,False,0.9395098580114392,0.0,False
PAZD01000029.1_28,False,0.9914050899188447,0.0002,False
MNUP01000124.1_5,False,0.9527936883285305,0.0002,False
JACMRP010000358.1_5,False,0.9611084043583473,0.0004,False
WRBD01000008.1_46,False,0.9725331122259943,0.0,False
JAFKJK010000018.1_8,False,0.7835516613169081,0.0,False
JACPAV010000051.1_4,False,0.8048928602411729,0.0,False
MGRR01000029.1_3,False,0.8492235620716578,0.0,False
NZ_PVNS01000004.1_236,False,0.9478862819190784,0.0,False
PWNJ01000033.1_21,False,0.9526312062480717,0.0,False
NZ_NCSM01000018.1_374,False,0.9943101969716241,0.0002,False
JADJOY010000035.1_16,False,0.7627309794395767,0.0,False
MGPE01000002.1_44,False,0.9515086494482194,0.0,False
JACRMA010000059.1_9,False,0.9882672988777887,0.0,False
USJX01000074.1_1,False,0.9933927511501482,0.0002,False
NZ_AWRU01000025.1_2,False,0.9996791573876708,0.0,False
NZ_CP021081.1_112,False,0.893901275266765,0.0,False
NZ_AP018231.1_12,False,0.7180532662444695,0.0,False
SKQU01000185.1_14,False,0.9524004610547,0.0,False
JACQPJ010000044.1_5,False,0.9384976683080897,0.0,False
CADCWE010000224.1_1,False,0.9707477208791074,0.0,False
JABXHY010000026.1_51,False,0.995419497921183,0.0,False
BMST01000011.1_204,False,0.988088382582171,0.0002,False
NZ_JACJQY010000003.1_123,False,0.9076525609654739,0.0002,False
JAGOEH010000115.1_11,False,0.999599879110923,0.001,True
DSKM01000006.1_159,False,0.8693502212197449,0.0,False
WJKZ01000174.1_7,False,0.9416273476619959,0.0,False
CAISUK010000356.1_5,False,0.9990037525041213,0.0002,False
DSNQ01000002.1_25,False,0.9831636427720895,0.0,False
JAFGIQ010000020.1_1,False,0.9988155816529033,0.0002,False
CAIVGN010000101.1_56,False,0.991705869845227,0.0,False
NZ_JACJQY010000010.1_101,False,0.983504483518707,0.0,False
JACPHL010000207.1_5,False,0.6947167519736271,0.0,False
JAHJDJ010000299.1_22,False,0.9997524987567056,0.0004,False
WQSZ01000115.1_1,False,0.9999640758943468,0.0004,False
JACPAV010000024.1_57,False,0.7336687776524681,0.0,False
JAFGUZ010000141.1_3,False,0.8990196928949423,0.0,False
CAAEXI010000020.1_9,False,0.8353431074867702,0.0,False
CP051243.1_228,False,0.9717723401056763,0.0002,False
JAGACY010000461.1_5,False,0.9677149938353281,0.0004,False
JAADHJ010000024.1_32,False,0.9691125588121823,0.0,False
QJVW01000050.1_7,False,0.8670946473497007,0.0002,False
JACTNB010000013.1_297,False,0.9969738488749317,0.0002,False
NZ_RXLO01000002.1_188,False,0.9714568255288539,0.0002,False
NZ_FKIP01000464.1_13,False,0.8587663745987681,0.0,False
NBMB01000042.1_13,False,0.9561084297430281,0.0,False
RFHX01000201.1_4,False,0.9475012973153908,0.0,False
JAFGIT010000408.1_4,False,0.9453543495857796,0.0,False
JACQPJ010000059.1_1,False,0.9960405968086807,0.0004,False
JAAYHG010000190.1_4,False,0.8821028888696105,0.0,False
JAERTH010000161.1_23,False,0.8502645961655244,0.0,False
CAJOEW010000023.1_17,False,0.8735143575952112,0.0002,False
JAADIC010000105.1_5,False,0.9976462100263859,0.0004,False
JABMRT010000068.1_3,False,0.999940476137356,0.0004,False
JABWCD010000019.1_53,False,0.9652818301476735,0.0,False
PLDF01000088.1_34,False,0.7493710419016223,0.0,False
JACPAV010000004.1_170,False,0.9860602884141986,0.0004,False
BMST01000001.1_728,False,0.6574130302767416,0.0,False
JABWBZ010000392.1_2,False,0.9847727791287033,0.0004,False
NYZA01000230.1_6,False,0.8136548971978832,0.0,False
PLDF01000429.1_35,False,0.9301446766267627,0.0,False
DSNQ01000009.1_1,False,0.9701529466193053,0.0,False
CAJUIP010000001.1_87,False,0.994470946544395,0.0008,True
JAFCFP010000047.1_3,False,0.9997270111026616,0.0002,False
JAGXKI010000075.1_4,False,0.960087183777459,0.0004,False
JABFGF010000006.1_220,False,0.9962761519290929,0.0,False
JACRLM010000042.1_4,False,0.9659672892209107,0.0,False
JAFGTC010000006.1_11,False,0.9756123637885619,0.0004,False
NZ_CP015455.1_57,False,0.9856705343541532,0.0006,True
NZ_CP015520.1_1987,False,0.9828107289557056,0.0,False
JAHIZU010000292.1_1,False,0.872039559295567,0.0,False
DCHV01000013.1_34,False,0.9952964608584257,0.0002,False
DRUE01000338.1_2,False,0.9685719170219661,0.0002,False
MHDQ01000287.1_1,False,0.9385061505465454,0.0,False
WBXH01000008.1_25,False,0.7883230675804632,0.0,False
ONGA01000008.1_112,False,0.9410031952199452,0.0,False
JAGALG010000154.1_4,False,0.9010462066764587,0.0,False
NZ_JADWYU010000021.1_13,False,0.8805413377288106,0.0002,False
WLFD01000057.1_14,False,0.9088160142209254,0.0002,False
NZ_JAAIPW010000007.1_113,False,0.9974288762815782,0.0002,False
JAFGEV010000212.1_8,False,0.9914656340725554,0.0,False
NC_014926.1_1216,False,0.9900892384928078,0.0002,False
NZ_CP014223.1_1052,False,0.7400017350568231,0.0,False
PLDF01000010.1_1,False,0.9643609404590131,0.0,False
NZ_JAFCMM010000001.1_719,False,0.9806721876967608,0.0,False
DVAE01000035.1_32,False,0.9184857798881998,0.0,False
SHMX01000001.1_187,False,0.917202246124991,0.0,False
JAADIC010000068.1_6,False,0.8808883490934328,0.0,False
PKWQ01000462.1_1,False,0.92107857325734,0.0006,True
NZ_RZMY01000006.1_266,False,0.9982828124235934,0.0008,True
MFAF01000054.1_5,False,0.9989477266622694,0.0008,True
JAHJDO010000114.1_2,False,0.7439056129088227,0.0,False
JAADIC010000356.1_10,False,0.9846738808763136,0.0,False
SHMX01000003.1_102,False,0.9680459438069442,0.0,False
DLGL01000068.1_3,False,0.9457766542949868,0.0,False
JAFGKM010000044.1_21,False,0.9522389672266655,0.0002,False
CAIVGN010000006.1_3,False,0.7923136982736184,0.0,False
JAFCFP010000024.1_15,False,0.9932418279797312,0.0002,False
DSSU01000290.1_11,False,0.7544894595297996,0.0,False
DTOT01000039.1_4,False,0.99780505875973,0.0002,False
CP054183.1_1508,False,0.6830051184176282,0.0,False
AQRW01000126.1_18,False,0.9122381556649819,0.0,False
LIUI01000044.1_11,False,0.8791532922703219,0.0,False
SHYX01000012.1_34,False,0.9877929723350869,0.0,False
JACRLM010000029.1_8,False,0.9502196425308554,0.0002,False
JACRAC010000054.1_7,False,0.707035655417715,0.0,False
CAIQVJ010000038.1_4,False,0.945082836040313,0.0,False
JADJYS010000012.1_73,False,0.9989518509894422,0.0006,True
LMZT01000140.1_1,False,0.8564240478875683,0.0004,False
DSCM01000089.1_43,False,0.6761516439663399,0.0,False
METK01000015.1_31,False,0.768977184002776,0.0,False
WYBT01000058.1_4,False,0.9438819705135264,0.0,False
JADHWT010000003.1_15,False,0.8914721957144096,0.0,False
WFSL01000036.1_77,False,0.9812045161826015,0.0002,False
DIFC01000087.1_35,False,0.9999788721851991,0.0006,True
NZ_PJIN01000001.1_1,False,0.9982269660119895,0.0008,True
VMTI01000166.1_9,False,0.9912307371094623,0.0002,False
NZ_FKIP01000058.1_5,False,0.9267734541063245,0.0,False
WTCB01000126.1_10,False,0.9978094529492291,0.0002,False
JABFGF010000009.1_27,False,0.9695633305676531,0.0002,False
NZ_LBMK01000002.1_961,False,0.9997487229573434,0.0008,True
NZ_LT907975.1_3541,False,0.9562967385527602,0.0,False
MWCZ01000561.1_2,False,0.8960700962956537,0.0004,False
JABIXH010000029.1_21,False,0.8438448859200138,0.0,False
NC_021031.1_337,False,0.6679101240565628,0.0,False
NZ_JH379015.1_10,False,0.8736878632775223,0.0004,False
SLGR01000049.1_1,False,0.9494064300362244,0.0,False
PLDF01000488.1_16,False,0.9937513017748208,0.0004,False
NC_014654.1_257,False,0.602845493189902,0.0,False
JACPUC010000021.1_59,False,0.9957244574095848,0.0002,False
JACMRP010000110.1_10,False,0.9747494608116084,0.0,False
JABFGF010000016.1_36,False,0.7628177322807322,0.0002,False
JAAZOE010000403.1_1,False,0.8202481131257049,0.0,False
PUNC01000020.1_11,False,0.9960268367525055,0.0,False
JACRDZ010000075.1_1,False,0.9717038379415976,0.0002,False
RFHX01000231.1_1,False,0.8371649171510367,0.0002,False
PWOA01000099.1_2,False,0.8305717012232151,0.0,False
DF820458.1_460,False,0.9990761092576974,0.0004,False
PKTG01000064.1_46,False,0.9799465372642608,0.0,False
NZ_RZNA01000008.1_2,False,0.9876046739333644,0.0002,False
JAFGND010000095.1_4,False,0.8307452069055261,0.0,False
JAHJDR010000133.1_1,False,0.9378495894214849,0.0002,False
LIUI01000157.1_5,False,0.8736011104363668,0.0,False
JABWCP010000003.1_126,False,0.9927079978674977,0.0,False
CACZFN010000006.1_28,False,0.9812002762238397,0.0,False
NZ_AP018227.1_4030,False,0.9996810548278595,0.0,False
NZ_BNCD01000012.1_74,False,0.9464550740753852,0.0,False
JABWBZ010000220.1_6,False,0.9998068302355706,0.0004,False
JACRMA010000042.1_65,False,0.9027107040379817,0.0,False
JAFGGD010000049.1_24,False,0.9394674563238516,0.0,False
BMST01000002.1_177,False,0.9862036483205616,0.0002,False
JAGYNK010000086.1_3,False,0.9997095071510755,0.0006,True
DRUE01000144.1_1,False,0.9915716748445111,0.0002,False
NZ_FRCD01000013.1_118,False,0.9567380304901614,0.0,False
JAFTKO010000040.1_2,False,0.9998743732959586,0.0,False
NZ_CP015423.1_190,False,0.9850134140427594,0.001,True
PNNP01000041.1_2,False,0.9486963775693326,0.0,False
QNDJ01000287.1_5,False,0.9867253138256891,0.0002,False
DLYX01000143.1_3,False,0.854949249587924,0.0,False
JAHJSD010000089.1_21,False,0.9798487418013323,0.0002,False
CABZRS010000007.1_22,False,0.9800842827088821,0.0002,False
QIFF01000244.1_11,False,0.9813022076089927,0.0002,False
MVZB01000245.1_1,False,0.9020517556045393,0.0,False
NZ_JXCG01000007.1_31,False,0.9950862201769649,0.0008,True
DCAZ01000027.1_2,False,0.9843051795897996,0.0008,True
BMST01000003.1_293,False,0.9916761377516389,0.0,False
JADHWT010000055.1_1,False,0.6574997831178971,0.0,False
JAFZBN010000015.1_380,False,0.9922354030955812,0.0006,True
JABMQX010000779.1_3,False,0.8285763858766375,0.0,False
USIB01000003.1_50,False,0.9891214410566219,0.0002,False
DBJE01000002.1_13,False,0.8564240478875683,0.0,False
CAIQVJ010000019.1_99,False,0.9988606245642901,0.0,False
JAGWXF010000012.1_66,False,0.9890555794489617,0.0,False
JAADHJ010000044.1_118,False,0.9342895616373056,0.0,False
JAFGEQ010000012.1_206,False,0.9704943970228687,0.0,False
CAIVDM010000233.1_8,False,0.9852117752106746,0.0002,False
QZJZ01000037.1_5,False,0.9120714529084666,0.0,False
URIY01000061.1_2,False,0.9700971163494714,0.0,False
JADJYS010000028.1_65,False,0.7355773401578902,0.0,False
WSXW01000003.1_116,False,0.9055467247997425,0.0,False
NZ_AP018227.1_5509,False,0.9749200972558358,0.0004,False
NVVD01000047.1_18,False,0.996132838323475,0.0,False
NC_007759.1_2218,False,0.8567710592521905,0.0,False
PLDF01000214.1_22,False,0.8693502212197449,0.0,False
VXWP01000082.1_47,False,0.9999748939086279,0.0008,True
NZ_CP021081.1_2661,False,0.9757680332908746,0.0006,True
PLYD01000243.1_13,False,0.9490325536171581,0.0,False
NZ_JPST01000059.1_11,False,0.9956928587746585,0.0,False
JAHIZU010000243.1_2,False,0.9870790212511207,0.0,False
NZ_CP015520.1_635,False,0.9999982053383119,0.001,True
NZ_CP007062.1_973,False,0.999893313529846,0.0,False
JAFGEX010000175.1_2,False,0.9983514113067218,0.0002,False
JACIXS010000342.1_1,False,0.8356901188513924,0.0,False
NZ_JAGI01000002.1_348,False,0.9044003984931409,0.0002,False
NZ_LBMK01000002.1_922,False,0.9895546326272422,0.0002,False
NZ_FQVN01000004.1_222,False,0.9545603823382485,0.0,False
CADCWE010000234.1_10,False,0.9983243099175546,0.0004,False
DREG01000131.1_3,False,0.9942278550327169,0.0008,True
SVSB01000042.1_6,False,0.9727117536589066,0.0,False
NZ_AYYI01000080.1_7,False,0.9286761722347657,0.0002,False
JAAZOE010000398.1_7,False,0.8028107920534397,0.0002,False
MGQK01000045.1_5,False,0.806020647176195,0.0,False
CP036261.1_2051,False,0.8079292096816171,0.0,False
JAGOBX010000125.1_7,False,0.785286718140019,0.0,False
QGUP01000242.1_5,False,0.9757398610807627,0.0,False
DLYX01000234.1_3,False,0.9999997750434916,0.0004,False
NZ_JACJQY010000053.1_27,False,0.9984254876788294,0.0,False
JAEOSL010000026.1_6,False,0.9987415765498716,0.0002,False
PLFD01000025.1_161,False,0.8342153205517481,0.0002,False
DHZH01000002.1_631,False,0.9999983729656041,0.0006,True
BMST01000009.1_215,False,0.9249281461482032,0.0,False
JADJYS010000013.1_10,False,0.5576472629478615,0.0004,False
JAAYZI010000169.1_5,False,0.994499488447031,0.0004,False
NZ_RZNA01000040.1_336,False,0.9435402907108229,0.0,False
DMSQ01000079.1_16,False,0.999993183598635,0.0008,True
NZ_CP069127.1_3015,False,0.9996868912695221,0.0002,False
SLOM01000101.1_8,False,0.9455018742851184,0.0,False
NZ_JOOE01000002.1_800,False,0.9992688671751356,0.0,False
JACRMA010000078.1_25,False,0.9755963584463005,0.0002,False
JAHJSD010000053.1_4,False,0.9659059306332357,0.0,False
JACMRP010000054.1_2,False,0.8650993320031231,0.0,False
CAJQMW010000158.1_3,False,0.995169078323165,0.0,False
JAFGIQ010000117.1_2,False,0.933995368178876,0.0,False
CAIWTR010000308.1_1,False,0.905122058540601,0.0,False
JAHJDJ010000357.1_5,False,0.9173104058583601,0.0,False
JABWCP010000002.1_30,False,0.9943322855968901,0.0,False
DDGC01000014.1_178,False,0.9865195850991404,0.0,False
QCFI01000003.1_104,False,0.9898502142662573,0.0,False
JAFGOL010000147.1_8,False,0.6096122148000347,0.0,False
DSWB01000193.1_3,False,0.970527247023689,0.0,False
JACIXG010000001.1_147,False,0.8303114426997484,0.0,False
WJOT01000131.1_12,False,0.9821624266762301,0.0002,False
NZ_CP012328.1_341,False,0.8155634597033052,0.0,False
DITF01000099.1_5,False,0.7023510019953153,0.0,False
KI543214.1_110,False,0.9999999617465383,0.0006,True
NZ_BAEO01000067.1_23,False,0.9792962874022905,0.0,False
DF820460.1_205,False,0.8620629825626789,0.0,False
JAGWYZ010000138.1_13,False,0.9486112187557453,0.0002,False
CAIWTR010000594.1_2,False,0.9820621423272728,0.0,False
SHMX01000018.1_3,False,0.999999999597366,0.0004,False
DCHV01000079.1_3,False,0.9176473145767766,0.0002,False
NZ_JH815593.1_1254,False,0.9533401613975145,0.0002,False
JAERTH010000137.1_9,False,0.9393525892877763,0.0004,False
JABMQX010000084.1_9,False,0.957392200728556,0.0,False
ONGA01000014.1_3,False,0.9971434174298502,0.0,False
PWOA01000060.1_40,False,0.7216101327318469,0.0,False
MNYI01000132.1_4,False,0.9655789990712212,0.0,False
NZ_KZ293963.1_1993,False,0.961381170358443,0.0008,True
JAFZBN010000015.1_405,False,0.999766112439773,0.0008,True
DSSB01000425.1_2,False,0.9999994801437736,0.0008,True
NZ_FRCD01000015.1_24,False,0.9976517792798557,0.0002,False
KI543218.1_72,False,0.9999998571441189,0.001,True
JADJYS010000010.1_41,False,0.8980654116422313,0.0,False
DMSQ01000040.1_1,False,0.9992404317883782,0.0,False
PUNC01000237.1_1,False,0.9929709493545374,0.0,False
DF820455.1_555,False,0.9722892260535323,0.0,False
NZ_PVNS01000012.1_90,False,0.9576719288474673,0.0,False
MWCZ01000541.1_3,False,0.7974321159017957,0.0,False
CP036261.1_960,False,0.999090930636298,0.0008,True
LDXN01000004.1_14,False,0.9943114925055077,0.0004,False
QNDJ01000485.1_3,False,0.9344034130407621,0.0004,False
MWBZ01000017.1_3,False,0.9520027898206609,0.0,False
QJVW01000107.1_54,False,0.9766675647174147,0.0,False
SICP01000005.1_79,False,0.9948246028411739,0.0004,False
JACPQY010000071.1_53,False,0.8598074086926347,0.0,False
JAHIPN010000301.1_1,False,0.9761000155011611,0.0,False
CAJUHL010000163.1_1,False,0.7839854255226859,0.0,False
JAERTH010000125.1_2,False,0.7423440617680229,0.0,False
WOZJ01000071.1_72,False,0.989238077508753,0.0,False
JAFGBW010000191.1_5,False,0.8860935195627657,0.0,False
NZ_LT985325.1_211,False,0.997460220038781,0.0002,False
PLDF01000162.1_10,False,0.7048668343888262,0.0,False
JAAYXC010000285.1_4,False,0.9597794939393063,0.0,False
JACTNB010000024.1_249,False,0.9220820622620087,0.0,False
SXND01000021.1_12,False,0.963552874016203,0.0002,False
SXND01000246.1_20,False,0.9553820666309932,0.0,False
NC_018649.1_1695,False,0.9985119807120618,0.0004,False
JABXHY010000025.1_98,False,0.9157458829241054,0.0002,False
JAFTKO010000025.1_120,False,0.997888792777836,0.0002,False
QHSL01000062.1_92,False,0.9339918175750221,0.0,False
SFNH01000243.1_1,False,0.9944402738279257,0.0002,False
WJMB01000171.1_7,False,0.8659668604146786,0.0,False
NZ_JABFHO010000001.1_3336,False,0.9585331915005495,0.0002,False
QNVD01000123.1_4,False,0.9316449874395527,0.0002,False
DSSU01000311.1_14,False,0.9950324628509124,0.0004,False
JAFGTL010000026.1_2,False,0.8429773575084584,0.0,False
NZ_NCSM01000043.1_21,False,0.9999295255769711,0.0012,True
NZ_SGXC01000002.1_1084,False,0.7665481044504208,0.0002,False
NZ_FRCD01000002.1_93,False,0.8915589485555652,0.0004,False
NC_014836.1_955,False,0.704519823024204,0.0004,False
SXND01000229.1_27,False,0.8434978745553917,0.0,False
JAFGGD010000008.1_65,False,0.9976377813291374,0.0,False
JAEEIL010000012.1_17,False,0.9127210493651642,0.0,False
JADJOY010000023.1_143,False,0.9521314361962132,0.0,False
DLYX01000651.1_2,False,0.7837251669992192,0.0,False
JAFGJP010000202.1_1,False,0.9989643340800133,0.0002,False
DSWB01000452.1_7,False,0.9772358206662339,0.0,False
CAIVDM010000215.1_10,False,0.993681898805964,0.0004,False
NZ_NCSM01000003.1_460,False,0.9979848962787333,0.001,True
JACQWU010000138.1_23,False,0.8762904485121887,0.0,False
JAAYXC010000213.1_1,False,0.9961535342000584,0.0,False
JABDHD010000008.1_19,False,0.9790604056744087,0.0002,False
NZ_CP069127.1_2519,False,0.9891021214089173,0.0004,False
CP036261.1_2587,False,0.9738203173086151,0.0004,False
DSWB01000591.1_7,False,0.9743306252355516,0.0002,False
NC_014926.1_1214,False,0.9692246674055653,0.0002,False
MWBZ01000069.1_12,False,0.9190265163160424,0.0002,False
NZ_LBMK01000008.1_152,False,0.9954642180957408,0.0,False
QIFF01000067.1_3,False,0.7674156328619762,0.0002,False
WUAI01000057.1_13,False,0.9229115895004935,0.0,False
NZ_AWNK01000012.1_25,False,0.997365109768611,0.0,False
NZ_RXLO01000006.1_114,False,0.9916909476203529,0.0002,False
PAYP01000029.1_37,False,0.9553843834545497,0.0,False
JAHKBB010000018.1_4,False,0.8226771926780602,0.0,False
NZ_JACJQY010000029.1_33,False,0.9945984252705723,0.0,False
CAJUJZ010000008.1_40,False,0.8624099939273011,0.0002,False
NZ_BNCD01000018.1_114,False,0.9998513628822817,0.0006,True
NC_007759.1_1018,False,0.6869957491107834,0.0,False
NZ_AP018227.1_1323,False,0.8593736444868569,0.0,False
DCUM01000255.1_12,False,0.9938049322039109,0.0,False
JACIXR010000001.1_7,False,0.7360111043636679,0.0,False
BMST01000005.1_547,False,0.9999992974863803,0.0004,False
QIJE01000040.1_29,False,0.9762756895879744,0.0004,False
NZ_AP018227.1_6567,False,0.9998871144029488,0.0002,False
JACRAC010000026.1_12,False,0.9746722154702429,0.0004,False
NZ_CP060488.1_1519,False,0.948573967177787,0.0002,False
NZ_CP069127.1_309,False,0.9610051235533705,0.0,False
JAABRV010000009.1_3,False,0.9997548764232455,0.0004,False
WUAI01000028.1_40,False,0.9889803524530386,0.0002,False
SVSB01000003.1_34,False,0.9980941623829341,0.0008,True
JABLWY010000001.1_867,False,0.9713170800366717,0.0,False
CP002988.1_1230,False,0.9853000696955405,0.0,False
VMFZ01000007.1_52,False,0.5363928168647524,0.0,False
CAIVGN010000036.1_17,False,0.9773010044668022,0.0,False
JAFGIQ010000112.1_3,False,0.9678029304540682,0.0,False
JAAZOE010000230.1_1,False,0.9403799760301088,0.0002,False
JACRAC010000052.1_27,False,0.7883230675804632,0.0,False
PWXJ01000231.1_2,False,0.9989626832312821,0.0002,False
SKQU01000026.1_17,False,0.9789876288167336,0.0002,False
JAFGKQ010000276.1_6,False,0.9996026208025532,0.0004,False
JAGACY010000100.1_3,False,0.8736878632775223,0.0,False
URWG01000030.1_9,False,0.94600190732782,0.0,False
CAISUK010000225.1_9,False,0.8062809056996617,0.0,False
NZ_FQVN01000003.1_234,False,0.8657933547323675,0.0,False
SLGQ01000155.1_1,False,0.8656198490500564,0.0,False
JAHIPN010000250.1_6,False,0.9999500286978575,0.0002,False
SLGQ01000342.1_4,False,0.9063594006158877,0.0002,False
NZ_JAGGOF010000025.1_142,False,0.837858939880281,0.0,False
LJUI01000052.1_3,False,0.901402928944802,0.0004,False
PMWA01000094.1_18,False,0.9759612274696484,0.0,False
VMTI01000084.1_7,False,0.9979124908333672,0.0,False
JACPSX010000038.1_1,False,0.9989243711268694,0.0004,False
WFTM01000031.1_3,False,0.7397414765333564,0.0,False
JADGAT010000089.1_13,False,0.9020616524988694,0.0,False
PLYD01000185.1_54,False,0.9045257487069015,0.0002,False
JAADFP010000130.1_4,False,0.9945494177426978,0.001,True
LJUI01000005.1_4,False,0.9998450334598783,0.0002,False
SLOM01000182.1_7,False,0.7050403400711374,0.0,False
NZ_CP007062.1_641,False,0.9845192082689609,0.0004,False
NZ_JADWYU010000115.1_1,False,0.9528194904826112,0.0,False
JADJYS010000018.1_7,False,0.9896183870728328,0.0,False
PWXJ01000317.1_44,False,0.993609729588628,0.0002,False
JAHIKO010000068.1_25,False,0.861282206992279,0.0,False
DNCN01000030.1_1,False,0.9212987115386222,0.0,False
JAFGWL010000056.1_202,False,0.9978555717317589,0.0006,True
JADJOY010000021.1_177,False,0.8962436019779648,0.0,False
WLOP01000005.1_140,False,0.9895220001850136,0.0,False
JAFGUZ010000029.1_11,False,0.9162695828583723,0.0,False
JWIH01000021.1_351,False,0.9875823386964986,0.0006,True
JACRJN010000070.1_5,False,0.9928500251535143,0.0004,False
NZ_BMLQ01000005.1_280,False,0.9997614260610111,0.0,False
PLDF01000236.1_24,False,0.9991786019587234,0.0004,False
LMZT01000021.1_3,False,0.9999371995174317,0.0004,False
QZKU01000018.1_7,False,0.9469533857665678,0.0,False
CAIVDM010000236.1_21,False,0.9705850990377889,0.0,False
UQCL01000012.1_7,False,0.9948085921800903,0.0,False
DCHV01000101.1_5,False,0.9140793343957851,0.0002,False
MGPE01000010.1_19,False,0.99132168507084,0.0008,True
CAJUIP010000068.1_6,False,0.854168474017524,0.0,False
MFPR01000016.1_12,False,0.943935665451185,0.0,False
QZJZ01000047.1_20,False,0.9624995496188008,0.0002,False
BMST01000007.1_207,False,0.9991271849360864,0.0002,False
PLFD01000023.1_19,False,0.8007287238657066,0.0,False
SKQU01000026.1_41,False,0.9890836302920798,0.0004,False
WTCB01000079.1_2,False,0.9762378200705125,0.0,False
JAHIPN010000060.1_4,False,0.9657671408078072,0.0002,False
CAJQMW010000508.1_5,False,0.9254637941188164,0.0,False
CAIQVJ010000106.1_1,False,0.9928171901013892,0.001,True
CAAETL010000063.1_1,False,0.9809607798738841,0.0004,False
JACTNB010000021.1_64,False,0.8263208120065932,0.0,False
MVCR01000038.1_6,False,0.9750383514521561,0.0002,False
JABWCP010000001.1_164,False,0.8927734883317429,0.0,False
PMZC01000397.1_8,False,0.9731732765500148,0.0,False
LCRX01000006.1_14,False,0.9950438665299859,0.0,False
MFGS01000138.1_28,False,0.7976056215841069,0.0,False
NZ_SJCO01000007.1_207,False,0.9736250502543202,0.0002,False
QNVD01000270.1_2,False,0.7876290448512189,0.0,False
JAGACY010000374.1_2,False,0.9588951617605327,0.0002,False
JAAZOE010000528.1_10,False,0.9321267434493873,0.0,False
VMTI01000099.1_8,False,0.9843814123687692,0.0,False
JAFAZD010000097.1_12,False,0.9751115002933655,0.0002,False
JAFRZH010000008.1_37,False,0.8516526416240132,0.0,False
NZ_AWRU01000001.1_196,False,0.9968124045388758,0.0002,False
NZ_LT907975.1_3706,False,0.9919296191516844,0.0004,False
DSCM01000007.1_13,False,0.9940595808892988,0.0002,False
JADJYS010000002.1_262,False,0.9782912925194711,0.0002,False
CAJUIP010000006.1_39,False,0.9072261347416176,0.0002,False
QHSL01000034.1_19,False,0.9859277113005355,0.0,False
JAGPNE010000020.1_5,False,0.9948157818338002,0.0018,True
CP002989.1_413,False,0.981325546040487,0.0002,False
DITF01000257.1_2,False,0.9849971614117522,0.0006,True
NZ_CP015520.1_1445,False,0.9182848268086558,0.0,False
JAFGKQ010000037.1_1,False,0.859547150169168,0.0,False
CP002989.1_655,False,0.9537237102395517,0.0,False
WJOT01000002.1_1,False,0.9935864943409094,0.0,False
SLGQ01000136.1_9,False,0.9846815663662133,0.0002,False
MGDH01000020.1_5,False,0.9828564194142544,0.0,False
DFGE01000037.1_40,False,0.9875323548697451,0.0,False
JABMQX010000621.1_3,False,0.9946293476499296,0.0,False
NZ_WEZQ01000011.1_87,False,0.8730805933894336,0.0,False
DSNN01000051.1_6,False,0.6404962262514098,0.0006,True
MGRR01000029.1_2,False,0.9489769071488185,0.0,False
JABWCQ010000004.1_65,False,0.987256860597099,0.0,False
JADIMU010000041.1_3,False,0.9984899435919791,0.0002,False
MWBZ01000010.1_13,False,0.8343888262340592,0.0,False
SFNH01000217.1_3,False,0.8396807495445476,0.0002,False
SKQU01000311.1_2,False,0.8179057864145051,0.0,False
DRYD01000050.1_6,False,0.999282472795185,0.0006,True
NC_011661.1_591,False,0.8953760735664092,0.0002,False
QGUP01000078.1_4,False,0.994707278880291,0.0,False
CADCWE010000015.1_1,False,0.9868676308971656,0.0,False
JAERTH010000037.1_18,False,0.9972012996969566,0.0002,False
WJLY01000057.1_3,False,0.9428036519646634,0.0004,False
DLGL01000097.1_21,False,0.9786242124099878,0.0,False
JACCUF010000149.1_1,False,0.9756905988177609,0.0,False
DDWC01000137.1_3,False,0.9450709274840579,0.0,False
JAFGCY010000067.1_2,False,0.975341738636287,0.0002,False
NVVD01000012.1_79,False,0.8310054654289928,0.0,False
CAIVDM010000080.1_16,False,0.9953484753179179,0.0002,False
DQUI01000020.1_9,False,0.9982356421987518,0.0016,True
DDWC01000081.1_1,False,0.9995670874985438,0.0006,True
KI543197.1_94,False,0.9999995805933949,0.0002,False
SLGQ01000117.1_3,False,0.954817919185685,0.0,False
SBFR01000119.1_6,False,0.9838871567669917,0.0002,False
JAEEIL010000027.1_10,False,0.936235886149686,0.0,False
JAFGTL010000109.1_1,False,0.9786514751594687,0.0,False
NZ_BJKN01000003.1_346,False,0.7103322633816257,0.0,False
JAATVM010000060.1_5,False,0.8429773575084584,0.0,False
NZ_JAAIPW010000002.1_192,False,0.9537129500392093,0.0002,False
NZ_BNCD01000020.1_70,False,0.8617159711980568,0.0,False
NZ_CP016279.1_8658,False,0.9782522605300938,0.0004,False
JAFGIT010000124.1_6,False,0.8942482866313872,0.0,False
NZ_RZMY01000006.1_355,False,0.8693502212197449,0.0002,False
JACMRP010000340.1_4,False,0.9493391247464551,0.0002,False
JAADIO010000033.1_43,False,0.9439551270165263,0.0,False
QMNL01000228.1_4,False,0.9725298952089528,0.0,False
DSSU01000119.1_40,False,0.9987579969336922,0.0,False
PKWQ01000082.1_12,False,0.7539689424828663,0.0,False
NZ_CP016279.1_2984,False,0.968137483644376,0.0002,False
CAJUKE010000010.1_3,False,0.9678878640451473,0.0002,False
DMSQ01000057.1_13,False,0.9843331308996118,0.0,False
PLYD01000080.1_35,False,0.9988809258176562,0.0,False
JAAZOE010000579.1_6,False,0.8161707295913941,0.0,False
JAATVM010000064.1_5,False,0.9696264102479313,0.0,False
JABLWY010000001.1_392,False,0.999525184212745,0.0004,False
JADJOY010000060.1_10,False,0.9641274050474145,0.0002,False
JAAYZI010000001.1_1,False,0.999168409167108,0.0,False
MNYI01000182.1_3,False,0.9280183605564791,0.0,False
NZ_BNCD01000024.1_24,False,0.9303821258904131,0.0,False
JAGWYZ010000076.1_9,False,0.98575035832661,0.0,False
NZ_JAFVMG010000001.1_46,False,0.912537284068158,0.0002,False
JAAYZI010000242.1_1,False,0.9403119209401205,0.0,False
NZ_CP060488.1_4538,False,0.7524073913420665,0.0,False
NZ_CP007062.1_1088,False,0.9377659361010326,0.0,False
PKWQ01000249.1_4,False,0.7916196755443741,0.0004,False
JAFGTL010000616.1_5,False,0.9943082130444298,0.0,False
JAFKJK010000011.1_108,False,0.9667825697994219,0.0,False
MWCZ01000030.1_5,False,0.9820644238090648,0.0002,False
JADJOY010000029.1_21,False,0.9378417174843463,0.0,False
PKTG01000076.1_8,False,0.7707122408258871,0.0,False
SXND01000207.1_1,False,0.8010757352303288,0.0,False
NZ_PJIN01000001.1_260,False,0.9816910044707277,0.0,False
NZ_WEZQ01000001.1_232,False,0.9851365959152493,0.0004,False
CADBLV010000283.1_6,False,0.934117915535708,0.0002,False
SHYX01000013.1_51,False,0.9923644505778467,0.0002,False
JACTNB010000036.1_267,False,0.9688054486093125,0.0,False
NZ_RXLO01000018.1_46,False,0.9547864615200643,0.0,False
NZ_RXLO01000018.1_32,False,0.9987028280491078,0.0004,False
JAGCPB010000044.1_16,False,0.9656944399315658,0.0,False
JABWCD010000013.1_63,False,0.9941010762082158,0.0,False
JAAOXU010000006.1_35,False,0.863190769497701,0.0,False
JACRAC010000043.1_2,False,0.8062809056996617,0.0,False
JACCUF010000417.1_3,False,0.9977794766717124,0.0,False
CP002988.1_1918,False,0.9999640001805085,0.0002,False
JACTNB010000029.1_35,False,0.8217229114253491,0.0,False
NZ_CP069127.1_1479,False,0.9755180113590011,0.0004,False
MGPE01000002.1_116,False,0.8861802724039213,0.0,False
NC_007759.1_1864,False,0.8327405222521037,0.0,False
CAIVOB010000044.1_15,False,0.9744969790903043,0.0,False
NZ_JADWYU010000017.1_13,False,0.9765018721245208,0.0,False
JADIMU010000016.1_93,False,0.9997172832529359,0.0006,True
NZ_CAJFNR010000041.1_55,False,0.967851618154077,0.0002,False
JAGWXF010000004.1_13,False,0.9186520518349414,0.0002,False
JAADIC010000013.1_5,False,0.9957638999064115,0.0008,True
JACIXG010000001.1_143,False,0.9257310774243338,0.0,False
CADBLV010000015.1_3,False,0.9233689780471117,0.0002,False
NZ_FRCD01000017.1_46,False,0.9779741372609667,0.0002,False
NZ_SJCO01000006.1_221,False,0.9940000953273928,0.0,False
JADQBH010000093.1_7,False,0.9149867140888693,0.0008,True
NZ_JH378898.1_4,False,0.8207686301726381,0.0006,True
DSCS01000060.1_19,False,0.9319989810594002,0.0002,False
NZ_VFPQ01000002.1_229,False,0.9977082619952252,0.0004,False
MDLB01000105.1_6,False,0.9959497361023891,0.0,False
NZ_AWRU01000013.1_355,False,0.9978630504895706,0.0004,False
NZ_LT985326.1_20,False,0.9546884546408938,0.0,False
QGUP01000461.1_2,False,0.9918034608119304,0.0,False
CACXDF010000169.1_1,False,0.9454560937728532,0.0,False
NZ_CP016279.1_956,False,0.99816529564345,0.0004,False
DBJE01000002.1_35,False,0.872039559295567,0.0,False
CAIQVJ010000088.1_106,False,0.9013460775220189,0.0,False
DITF01000143.1_39,False,0.820421618808016,0.0,False
JAAOXX010000033.1_3,False,0.8199878546022382,0.0002,False
JAHJDJ010000184.1_15,False,0.8779387524941442,0.0,False
BDTM01000073.1_5,False,0.9745915917813966,0.0,False
JABXHY010000052.1_24,False,0.9971160905790363,0.0002,False
PEWQ01000083.1_10,False,0.952375585388823,0.0008,True
CAJUKE010000025.1_35,False,0.9917363218632783,0.0002,False
MFPR01000001.1_198,False,0.8383794569272144,0.0002,False
NZ_CP015423.1_3286,False,0.9990640530834248,0.0006,True
JAHJDJ010000355.1_1,False,0.9761560878743855,0.0004,False
JABDHD010000017.1_17,False,0.9981948133612806,0.0002,False
QNVD01000146.1_4,False,0.9590203910396148,0.0,False
JAFGEW010000106.1_6,False,0.9728162533573942,0.0,False
NZ_AP018227.1_5275,False,0.9821263047580353,0.0,False
NZ_FQVN01000001.1_7,False,0.9830763110949801,0.0,False
DTLL01000014.1_6,False,0.9841853509876679,0.0002,False
LMZT01000008.1_4,False,0.9762304353060273,0.0002,False
JACTNB010000030.1_24,False,0.9282235959608635,0.0,False
MWCD01000034.1_10,False,0.5208640582979093,0.0,False
PLOF01000137.1_18,False,0.981661157677127,0.0,False
JAGWYZ010000043.1_1,False,0.9921876324991737,0.0,False
NZ_LMGK01000022.1_233,False,0.9532757822765591,0.0,False
JADGDI010000045.1_13,False,0.7541424481651774,0.0,False
NZ_CP027570.1_456,False,0.7611694282987768,0.0,False
JAFGTL010000366.1_4,False,0.9213726690208037,0.0,False
UQCL01000002.1_33,False,0.9300331449775221,0.0002,False
JAFCFP010000039.1_9,False,0.8074954454758393,0.0002,False
DTCJ01000025.1_47,False,0.824065238136549,0.0,False
NZ_PQVH01000002.1_21,False,0.9524223318942433,0.0006,True
MNYV01000044.1_12,False,0.9417623128504203,0.0002,False
WVXK01000054.1_3,False,0.9793774783519746,0.0008,True
SYBY01000297.1_3,False,0.6478702177496313,0.0002,False
JAAOXU010000003.1_3,False,0.6502125444608311,0.0,False
JAFGEX010000021.1_2,False,0.9496383469868203,0.0,False
JAFAZD010000206.1_6,False,0.9977590009301872,0.0,False
CAJFVT010000003.1_2,False,0.9978102981605315,0.0002,False
JAGOEH010000292.1_3,False,0.7576125618113994,0.0,False
DLGL01000078.1_34,False,0.9825120749798434,0.0,False
WAQR01000202.1_1,False,0.8450594256961915,0.0,False
JAFGIT010000187.1_9,False,0.9162718131272711,0.0004,False
MWCZ01000027.1_6,False,0.9981088487582715,0.0,False
SLOM01000084.1_1,False,0.9871958546835208,0.0,False
CAJUHL010000002.1_82,False,0.9158286418397248,0.0,False
DITF01000341.1_9,False,0.8530406870825019,0.0,False
JAGVWA010000015.1_13,False,0.9217365109718674,0.0,False
JAFGTL010000378.1_6,False,0.8205083716491716,0.0,False
QIJE01000040.1_14,False,0.993877431431709,0.0002,False
JAATVM010000005.1_4,False,0.9423235569493253,0.0,False
NZ_AFXQ01000008.1_53,False,0.8309187125878372,0.0002,False
JADJOY010000016.1_69,False,0.9796002477706888,0.0002,False
OMZR01000114.1_3,False,0.9586253369250293,0.0,False
JAEOSL010000014.1_18,False,0.8624099939273011,0.0002,False
DITF01000018.1_3,False,0.7627309794395767,0.0,False
JADJYS010000010.1_35,False,0.9963789042058897,0.0004,False
CAJUHL010000058.1_9,False,0.9663711039524969,0.0,False
WGBT01000010.1_10,False,0.9640434772382521,0.0,False
CAIQVJ010000114.1_7,False,0.5861889476880368,0.0006,True
NZ_JABASS010000003.1_116,False,0.9969850053831619,0.0,False
NZ_FZMR01000002.1_42,False,0.9647056547238542,0.0,False
JACTNB010000027.1_68,False,0.980241514415165,0.0002,False
WBXH01000066.1_2,False,0.7770451982302421,0.0004,False
DTLL01000097.1_4,False,0.962299514526347,0.0006,True
CAIQVJ010000112.1_153,False,0.9755866294789505,0.0,False
JAHITZ010000041.1_28,False,0.6857812093346057,0.0,False
CAIVGN010000207.1_4,False,0.9615292549001268,0.0,False
JAAYNI010000067.1_101,False,0.38587663745987677,0.0,False
JAHIZU010000161.1_1,False,0.8861802724039213,0.0004,False
DREG01000104.1_3,False,0.999846133955072,0.0,False
JADJOY010000018.1_34,False,0.9999999902469576,0.0006,True
JACPUR010000020.1_10,False,0.9995750776645294,0.0012,True
PAZD01000020.1_21,False,0.9829799027586142,0.0002,False
NZ_FRCD01000003.1_319,False,0.9945103701965529,0.0,False
JACPQY010000040.1_76,False,0.6966253144790492,0.0,False
NZ_AP018227.1_3843,False,0.823110956883838,0.0,False
JAFGUZ010000140.1_8,False,0.9369850687784592,0.0002,False
JWIH01000010.1_205,False,0.976786383813748,0.0,False
NZ_AWRU01000029.1_27,False,0.8915589485555652,0.0,False
JACPSX010000013.1_1,False,0.9243796304574604,0.0,False
JACQOV010000068.1_1,False,0.9219256407731742,0.0,False
CACXDF010000182.1_5,False,0.9686269889688329,0.0002,False
CAAEXI010000003.1_42,False,0.740782510627223,0.0,False
SYBY01000357.1_13,False,0.9999341926713774,0.0002,False
PLDF01000201.1_22,False,0.99184398502763,0.0006,True
CADCWE010000249.1_19,False,0.9930186058498578,0.0002,False
NZ_CP069127.1_1374,False,0.7685434197969984,0.0,False
JAFGEX010000060.1_6,False,0.7188340418148694,0.0,False
JADHWK010000056.1_6,False,0.969765967187947,0.0,False
RFIY01000120.1_3,False,0.9405969944607391,0.0,False
JAAOXU010000009.1_71,False,0.9953254891780969,0.0002,False
JAFCFP010000006.1_4,False,0.928581663506059,0.0,False
NZ_KZ293963.1_364,False,0.9827436066850748,0.0002,False
JACPTH010000161.1_1,False,0.9097929787741409,0.0,False
VGJA01000105.1_1,False,0.964705459226864,0.0002,False
PMZC01000084.1_5,False,0.9860206887620744,0.0002,False
DSUT01000182.1_5,False,0.9988718869770792,0.0,False
CAJUHL010000043.1_4,False,0.7357508458402012,0.0,False
JACPUR010000030.1_123,False,0.9999031384161196,0.0002,False
SKQU01000188.1_3,False,0.9983734487764593,0.0002,False
NZ_JOOE01000004.1_567,False,0.981973479874836,0.0002,False
NYYY01000021.1_2,False,0.8838379456927214,0.0,False
NZ_CP016279.1_2333,False,0.8936410167432983,0.0,False
NZ_FKIP01000432.1_5,False,0.8673549058731673,0.0,False
NZ_JAGI01000003.1_119,False,0.43983690465862757,0.0,False
PLFD01000053.1_8,False,0.9996806628956014,0.0008,True
DSNN01000165.1_4,False,0.9996081448480829,0.0,False
NZ_BNCD01000030.1_43,False,0.9914101186947984,0.0002,False
DTOT01000075.1_3,False,0.9846654888696955,0.0,False
JAGXKI010000022.1_32,False,0.9849279175757947,0.0002,False
SLOM01000064.1_7,False,0.9664190891758523,0.0002,False
JAFTKO010000007.1_85,False,0.9905120529415904,0.0002,False
CADBLV010000409.1_1,False,0.860327925739568,0.0,False
JABWCP010000002.1_78,False,0.9778048702633051,0.0002,False
ONGA01000011.1_42,False,0.8262340591654377,0.0002,False
WRMI01000045.1_27,False,0.9416847332541658,0.0,False
JADIMU010000025.1_27,False,0.9983706127282724,0.0006,True
DHPR01000029.1_75,False,0.8516526416240132,0.0002,False
SBHG01000215.1_5,False,0.9996591510180122,0.0004,False
NZ_PQVH01000013.1_85,False,0.9778016623609445,0.0,False
WJMB01000398.1_1,False,0.9756600270358705,0.0,False
NZ_JADEKP010000001.1_1488,False,0.9790149388911086,0.0,False
CACZFN010000012.1_57,False,0.9480439488060597,0.0,False
JABDHD010000136.1_3,False,0.9813765073535945,0.0002,False
DEYK01000013.1_4,False,0.936102193060789,0.0,False
WJKZ01000134.1_1,False,0.9440597738127807,0.0,False
PWGE01000083.1_4,False,0.8631040166565455,0.0,False
JADQBH010000248.1_10,False,0.998511219899139,0.0002,False
CAIQVJ010000054.1_110,False,0.77435586015442,0.0,False
WYBT01000024.1_173,False,0.9502783396543084,0.0,False
JAADIC010000236.1_1,False,0.9897157904217024,0.0,False
NZ_WEZQ01000006.1_91,False,0.9991478451066922,0.0002,False
NZ_JACJQY010000022.1_62,False,0.9312269454544471,0.0,False
NZ_NCSM01000013.1_186,False,0.9991147234274096,0.0008,True
DITF01000140.1_17,False,0.9238155516671467,0.0,False
JAFGWL010000052.1_2,False,0.9823634212487908,0.0004,False
NZ_AP014612.1_1090,False,0.9101346070758488,0.0,False
SHYX01000006.1_61,False,0.961000391150101,0.0,False
JADHWK010000035.1_16,False,0.9903937898094939,0.0004,False
DITF01000021.1_6,False,0.8492235620716578,0.0,False
JAGACY010000193.1_7,False,0.9389063996652733,0.0,False
JAFGIQ010000212.1_1,False,0.9997766490860329,0.0012,True
JAADHJ010000005.1_9,False,0.981350126933392,0.0,False
JABMQX010000510.1_3,False,0.9574602747901879,0.0,False
DRUE01000121.1_2,False,0.7354038344755791,0.0,False
CADCCW010000010.1_20,False,0.9899526569450081,0.0004,False
NZ_FKIP01000340.1_7,False,0.998772231623217,0.0006,True
VBJS01000009.1_5,False,0.9999626824268576,0.0006,True
CADBLV010000294.1_2,False,0.6326017177062548,0.0,False
DVAE01000015.1_32,False,0.9579054587929431,0.0,False
DAPM01000011.1_75,False,0.9891981392963621,0.0,False
JABMRT010000181.1_10,False,0.9114940568899669,0.0,False
DHZH01000005.1_144,False,0.8296174199705041,0.0002,False
JAGCPB010000044.1_60,False,0.7603018998872213,0.0,False
PEWQ01000010.1_3,False,0.6574997831178971,0.0,False
JAAZOE010000010.1_1,False,0.9272774261883109,0.0006,True
NZ_JADWYU010000156.1_21,False,0.9929832438868107,0.0,False
PKWQ01000459.1_2,False,0.9427954415589415,0.0002,False
JWIH01000025.1_275,False,0.9967394531383733,0.0008,True
DLYX01000104.1_1,False,0.9899175208553478,0.0,False
CP036261.1_4568,False,0.9960051916516075,0.0002,False
MDLB01000085.1_2,False,0.9310040322130124,0.0002,False
CAJKKX010000164.1_6,False,0.9703461670789295,0.0004,False
NZ_WEZQ01000006.1_33,False,0.8713455365663225,0.0,False
NZ_WEZQ01000024.1_3,False,0.8370781643098811,0.0,False
JABWCD010000009.1_88,False,0.9209457041957284,0.0002,False
DMSQ01000006.1_112,False,0.9586145473951179,0.0002,False
JAHJDR010000003.1_3,False,0.7954368005552181,0.0,False
NZ_JADWYU010000140.1_45,False,0.9914665554659525,0.0,False
DRXT01000049.1_4,False,0.9984427441423503,0.0004,False
NZ_AWRU01000011.1_23,False,0.9981185813585081,0.0002,False
NZ_CP021081.1_1137,False,0.9766193934045015,0.0002,False
NZ_CP012328.1_835,False,0.9650894343777491,0.0,False
PMZC01000233.1_26,False,0.9994051166347646,0.0,False
JACPWU010000039.1_19,False,0.9919698125040294,0.0,False
NZ_AFXQ01000005.1_46,False,0.823110956883838,0.0002,False
NZ_CP029480.1_800,False,0.9843197585294591,0.0,False
JACIXG010000086.1_1,False,0.9257906585088186,0.0,False
JABMRT010000284.1_8,False,0.9947749412378244,0.0006,True
JAAYEQ010000005.1_28,False,0.999989863541527,0.0014,True
JADGAT010000007.1_37,False,0.9789253242641299,0.0002,False
JAHITZ010000032.1_45,False,0.6799687689771841,0.0,False
AWOA01000051.1_6,False,0.947106021041492,0.0,False
JADQBH010000300.1_13,False,0.9910414217434883,0.0,False
JACPAV010000015.1_55,False,0.9970584104634052,0.0002,False
JACPRG010000165.1_1,False,0.9952186870302266,0.0008,True
DNCN01000031.1_6,False,0.988848219682322,0.0002,False
JAFTKO010000025.1_72,False,0.8506116075301466,0.0,False
MVZB01000472.1_1,False,0.8167779994794829,0.0002,False
WVXK01000047.1_1,False,0.915228469014881,0.0,False
PLDF01000325.1_4,False,0.6260085017784333,0.0002,False
DRYD01000087.1_22,False,0.8258870478008155,0.0,False
JAGXKI010000012.1_1,False,0.9573472413732252,0.0002,False
DCUM01000243.1_6,False,0.9090659251189961,0.0,False
CAAEXI010000015.1_100,False,0.6942829877678494,0.0,False
PWXJ01000303.1_1,False,0.9052030918322556,0.0,False
JACNFQ010000059.1_1,False,0.8558167779994795,0.0,False
NYYY01000004.1_3,False,0.798733408519129,0.0,False
VMFZ01000012.1_12,False,0.9928655913547962,0.0002,False
CP036261.1_2074,False,0.9429123875342363,0.0,False
NZ_UTHA01000091.1_38,False,0.9980570188321126,0.0,False
NZ_RZNA01000023.1_4,False,0.763425002168821,0.0,False
DHZH01000006.1_321,False,0.999069387543654,0.0008,True
PUNC01000041.1_3,False,0.8873948121800989,0.0,False
JAFCDI010000001.1_38,False,0.7246464821722911,0.0,False
DSWB01000393.1_2,False,0.969010226916799,0.0002,False
CAAETL010000176.1_4,False,0.996920643762456,0.0002,False
VBJS01000001.1_27,False,0.9898593276735379,0.0,False
MGQK01000079.1_29,False,0.8463607183135248,0.0,False
JADGAT010000004.1_66,False,0.9915631781440454,0.0,False
DF820460.1_311,False,0.9995495492282549,0.0002,False
QCFI01000007.1_34,False,0.9915767231847002,0.0,False
NZ_AP018227.1_1808,False,0.94808578079959,0.0002,False
CP036261.1_931,False,0.996207698627508,0.0002,False
JAFGEX010000086.1_7,False,0.9997028086537418,0.0002,False
NZ_QHKX01000002.1_504,False,0.9920099230926731,0.0,False
NZ_JXCG01000001.1_41,False,0.9705642566868656,0.0,False
JAFGUZ010000219.1_10,False,0.9335325569733288,0.0,False
CACZFN010000017.1_26,False,0.9963796326600542,0.0014,True
WAQS01000104.1_6,False,0.9273739408130923,0.0002,False
CAIVGN010000057.1_3,False,0.9936629003313181,0.0002,False
JADJOY010000020.1_6,False,0.7077296781469593,0.0,False
NZ_FCNU01000028.1_43,False,0.9657275001320752,0.0,False
AQRW01000126.1_2,False,0.974657304164305,0.0002,False
JACOUC010000015.1_26,False,0.9453517885301251,0.0,False
JAFZBN010000005.1_77,False,0.825973800641971,0.0,False
JAFGAQ010000366.1_2,False,0.9527569198312594,0.0,False
JAAYVF010000028.1_17,False,0.7827708857465082,0.0,False
RFFQ01000113.1_11,False,0.9723913182499324,0.0,False
CACGSI010000006.1_7,False,0.9996012193571405,0.0,False
NZ_AP018227.1_5026,False,0.8834041814869437,0.0,False
LMZT01000011.1_45,False,0.9988487627461885,0.0,False
DIWJ01000012.1_113,False,0.9681937041622964,0.0002,False
NZ_FQTT01000001.1_296,False,0.9881691339318499,0.0,False
NZ_CP014223.1_1301,False,0.7479829964431335,0.0002,False
MGFH01000249.1_6,False,0.9708927322051509,0.0002,False
NZ_CP016279.1_184,False,0.9834558062075579,0.0,False
JAGOBX010000264.1_1,False,0.9990104362747569,0.0,False
USIB01000041.1_9,False,0.895809837772187,0.0002,False
NZ_LT907975.1_566,False,0.999831952893326,0.0012,True
NZ_LBMK01000002.1_632,False,0.9687034561816537,0.0,False
NZ_CP016279.1_5236,False,0.9963223083339924,0.0,False
WQSZ01000092.1_6,False,0.9832680445880618,0.0002,False
NC_021031.1_1670,False,0.985202073790222,0.0002,False
PKWQ01000024.1_30,False,0.7421705560857118,0.0,False
JAHDNF010000002.1_357,False,0.9833286090067834,0.0,False
PLPI01000107.1_24,False,0.471414938839247,0.0,False
JACPHL010000191.1_1,False,0.9588466542509223,0.0004,False
JAFGUZ010000012.1_2,False,0.9086544240044454,0.0,False
JADQBH010000172.1_9,False,0.9994854552574419,0.0,False
JAFUHT010000080.1_4,False,0.9897894296112153,0.0,False
QMTU01000177.1_1,False,0.7182267719267806,0.0,False
NZ_JACJQY010000056.1_7,False,0.9233537635267534,0.0,False
DTOT01000055.1_9,False,0.8624099939273011,0.0004,False
DLPB01000007.1_10,False,0.9973070667592809,0.0002,False
JACPAV010000031.1_20,False,0.825973800641971,0.0,False
JAFGIT010000150.1_8,False,0.7270755617246465,0.0,False
JADJOY010000044.1_15,False,0.9842016297118246,0.0,False
WALD01000019.1_2,False,0.5894855556519476,0.0,False
CADBLV010000406.1_4,False,0.991717701532302,0.0004,False
JAGXTL010000051.1_12,False,0.9548413568104264,0.0,False
JAGVWA010000002.1_3,False,0.9885987838588235,0.0,False
NIRF01000017.1_1,False,0.8949423093606316,0.0,False
SKQU01000125.1_7,False,0.9832337863734056,0.0004,False
JAGOBX010000124.1_5,False,0.8727335820248113,0.0,False
JAFGEW010000113.1_20,False,0.9930115635199446,0.0004,False
QLTX01000061.1_7,False,0.9747774915854934,0.0002,False
JAGOEH010000128.1_6,False,0.9816299110625538,0.0,False
JABDHD010000023.1_35,False,0.9937039125234565,0.0002,False
CP002988.1_2035,False,0.9417984340833995,0.0,False
NZ_LBMK01000001.1_262,False,0.9997046721987922,0.0002,False
PKTG01000070.1_2,False,0.8921662184436541,0.0002,False
NZ_LR216287.1_1679,False,0.8869610479743212,0.0006,True
NZ_KB908359.1_7,False,0.9991931562263069,0.0012,True
QIJE01000024.1_4,False,0.912178154591657,0.0,False
JAGVWD010000019.1_6,False,0.858592868916457,0.0,False
JACPSX010000096.1_1,False,0.9559140537216851,0.0,False
MNUO01000005.1_13,False,0.7800815476706862,0.0002,False
DCHV01000081.1_2,False,0.9918098094409881,0.0002,False
CP051243.1_620,False,0.6890778172985166,0.0,False
NZ_BNCD01000005.1_110,False,0.9203112081282734,0.0,False
JACMRP010000173.1_12,False,0.9268513731420961,0.0,False
JABFGF010000009.1_114,False,0.9533362632613566,0.0,False
DF820459.1_377,False,0.935122453629465,0.0,False
JACMRP010000199.1_3,False,0.8660536132558341,0.0,False
JADJYS010000036.1_57,False,0.9979852540077071,0.0,False
RFHX01000244.1_2,False,0.8020300164830398,0.0,False
CADCWE010000031.1_87,False,0.9995482713206464,0.0006,True
JADJOY010000001.1_484,False,0.9963703747611927,0.0008,True
NIRF01000001.1_340,False,0.6372863711286545,0.0,False
QHUM01000038.1_56,False,0.9617684098999477,0.0,False
LCRX01000006.1_12,False,0.9512918159708865,0.0,False
JAEOSL010000039.1_9,False,0.9854353951349167,0.0004,False
CAIOLV010000026.1_1,False,0.9988671326998386,0.0006,True
OMZR01000128.1_3,False,0.9737514312968852,0.0,False
RFHX01000231.1_3,False,0.7023510019953153,0.0,False
JACRDZ010000159.1_12,False,0.7462479396200226,0.0,False
NZ_CP060488.1_2598,False,0.95439410075819,0.0002,False
SXND01000030.1_3,False,0.9963610101078239,0.0004,False
CP054183.1_2165,False,0.9955585507875456,0.0,False
DLPB01000011.1_29,False,0.7910124056562853,0.0,False
JAHJSD010000077.1_9,False,0.9710654836825053,0.0002,False
NZ_JABFHO010000002.1_161,False,0.9938532594827337,0.0006,True
NZ_BJKN01000004.1_41,False,0.9999944735713402,0.0002,False
NZ_CP029480.1_2038,False,0.688210288886961,0.0,False
JACPTH010000046.1_6,False,0.996336694227559,0.0,False
CADCCW010000046.1_8,False,0.9361448222979718,0.0,False
CAIOLV010000130.1_2,False,0.9996543916798093,0.0002,False
PWGE01000157.1_3,False,0.9984089443174095,0.0006,True
JABDHD010000072.1_4,False,0.9992555555888618,0.0006,True
DSSU01000334.1_5,False,0.9914454152470007,0.0004,False
CADCCW010000036.1_40,False,0.9109456096709341,0.0,False
JACRAC010000031.1_10,False,0.9396577538936617,0.0,False
JAFANK010000254.1_8,False,0.5959920187386137,0.0002,False
DCAZ01000116.1_3,False,0.994090302060067,0.0,False
CACXDF010000269.1_2,False,0.9699697128232937,0.0004,False
DIWJ01000085.1_104,False,0.8791532922703219,0.0,False
CP002988.1_2510,False,0.9815100145306479,0.0002,False
CAIVGN010000038.1_2,False,0.9401051692315212,0.0002,False
JADQBH010000163.1_10,False,0.9854214290989941,0.0,False
DDGC01000004.1_83,False,0.7558775049882883,0.0,False
DCUM01000133.1_6,False,0.912609230367095,0.0,False
NZ_CP015423.1_2896,False,0.9784148273705608,0.0002,False
BMST01000005.1_350,False,0.999745526605589,0.0002,False
VGIW01000035.1_27,False,0.9938103026742705,0.0,False
CACGHR010000006.1_50,False,0.852259911512102,0.0002,False
PBWH01000009.1_75,False,0.9776860948763348,0.0,False
JAEEJP010000073.1_15,False,0.8272750932593043,0.0,False
CAIOLV010000055.1_4,False,0.8563372950464128,0.0,False
PWXJ01000233.1_35,False,0.9991456474047313,0.0002,False
JAGORV010000002.1_118,False,0.9991198907315898,0.0002,False
JADQBH010000025.1_33,False,0.9894265100597904,0.0002,False
JAFRSI010000061.1_7,False,0.8220699227899714,0.0,False
CP051243.1_1646,False,0.7033052832480263,0.0,False
PLYD01000082.1_2,False,0.9134543861183085,0.0,False
DEYK01000025.1_184,False,0.9906310291840235,0.0002,False
NZ_AWRU01000006.1_471,False,0.9453254215972339,0.0,False
VXWP01000017.1_13,False,0.9999983021896645,0.0002,False
JAFKJK010000009.1_309,False,0.9956017260141614,0.0,False
MGFH01000203.1_14,False,0.9152186763185066,0.0,False
NZ_SJCO01000008.1_82,False,0.9973521365841387,0.0,False
SLGQ01000182.1_4,False,0.9895362816569733,0.0004,False
JABFGF010000016.1_51,False,0.7343628003817125,0.0,False
QGUP01000008.1_10,False,0.9841716363222474,0.0,False
NZ_JAFVMG010000004.1_22,False,0.9937084630939734,0.0006,True
LJUI01000142.1_5,False,0.9449317253376937,0.0004,False
JAFGCY010000077.1_6,False,0.9050633756249453,0.0,False
WFTM01000304.1_1,False,0.9768564587907489,0.0,False
PLOF01000026.1_2,False,0.9938843959953824,0.0002,False
DHPR01000040.1_1,False,0.924746829551976,0.0,False
NZ_NCSM01000022.1_376,False,0.9673340420002844,0.0004,False
QNVD01000236.1_11,False,0.9735420644562305,0.0,False
NZ_CP029480.1_3195,False,0.9725932849579627,0.0002,False
CAISUK010000057.1_5,False,0.5342239958358637,0.0,False
NBMB01000004.1_59,False,0.9854502555443349,0.0,False
CAIOLV010000059.1_9,False,0.8834041814869437,0.0008,True
JAFGTC010000084.1_1,False,0.9730399531708276,0.0,False
NZ_PQVH01000009.1_89,False,0.9924237979082869,0.0004,False
JACMRP010000226.1_14,False,0.9946294838692902,0.0006,True
JABDHD010000053.1_19,False,0.9991297261977915,0.0014,True
VGIW01000163.1_3,False,0.9811458604064527,0.0002,False
NZ_CP021081.1_1463,False,0.9427484527522315,0.0002,False
WAQR01000231.1_5,False,0.964420102435917,0.0,False
JAGYOC010000181.1_6,False,0.8122668517393945,0.0,False
QNDR01000087.1_6,False,0.9529188588934374,0.0004,False
PLDF01000222.1_64,False,0.9526618744796637,0.0008,True
LCRX01000010.1_21,False,0.9203533202693533,0.0,False
JABWBZ010000278.1_1,False,0.9998421296673088,0.0006,True
JAGCPB010000072.1_3,False,0.9896523243462351,0.0,False
CAIJMQ010000107.1_1,False,0.9461598709244913,0.0,False
NZ_AP014612.1_1734,False,0.9592634514837042,0.0,False
JAAYNI010000080.1_31,False,0.9106376778516327,0.0,False
DBJE01000003.1_98,False,0.6867354905873168,0.0,False
NZ_LR216287.1_1190,False,0.9766243303084728,0.0008,True
JAERTH010000052.1_11,False,0.8460137069489025,0.0,False
NZ_AWNK01000004.1_73,False,0.909778871339257,0.0,False
SLGR01000092.1_31,False,0.86223648824499,0.0,False
WSXW01000037.1_16,False,0.9355228154133125,0.0004,False
NZ_KB290717.1_70,False,0.9999871944597917,0.0008,True
JACTNB010000033.1_276,False,0.6418842717098985,0.0,False
CP036261.1_2964,False,0.9999878244032917,0.0002,False
JABLWY010000003.1_14,False,0.9989329631003828,0.0,False
JADJOY010000017.1_180,False,0.9728592211794683,0.0008,True
WVXK01000001.1_14,False,0.6225383881322113,0.0004,False
WJMB01000151.1_19,False,0.9860029118790107,0.0002,False
JABWCD010000004.1_262,False,0.7639455192157543,0.0,False
CAIQVJ010000124.1_4,False,0.9830962387886613,0.0,False
MWBZ01000130.1_6,False,0.9518725784258147,0.0002,False
NZ_CP016279.1_5349,False,0.9926140902934054,0.0002,False
MGPE01000010.1_65,False,0.8565975535698794,0.0,False
JAFGIQ010000111.1_9,False,0.9442856134011194,0.0,False
PLFD01000013.1_104,False,0.9150244270360475,0.0004,False
SLNR01000034.1_2,False,0.9771123427005471,0.0002,False
NZ_PJIN01000009.1_81,False,0.9997895793507837,0.0002,False
DCHV01000032.1_42,False,0.999999963821847,0.0004,False
DEYK01000016.1_47,False,0.8787195280645441,0.0,False
CAIVGN010000022.1_13,False,0.9506686772756671,0.0,False
CAIVGN010000044.1_5,False,0.9865098877662043,0.0002,False
JABFRY010000386.1_1,False,0.9865724254733644,0.0004,False
NZ_CP015423.1_3438,False,0.9966615137800596,0.0,False
NZ_NCSM01000014.1_329,False,0.993634752179964,0.0,False
DGKK01000025.1_89,False,0.9898539306991075,0.0006,True
USIB01000018.1_6,False,0.951581038538211,0.0002,False
VXMB01000007.1_504,False,0.9987790127517167,0.0004,False
VMFZ01000013.1_24,False,0.9085464356713403,0.0,False
MVZB01000126.1_1,False,0.9756584407089584,0.0,False
NZ_JAGI01000002.1_2683,False,0.9237507293735774,0.0004,False
NZ_SJCO01000001.1_57,False,0.9893879088434003,0.0002,False
CAIWTR010000120.1_1,False,0.9524355718883858,0.0,False
DF820458.1_644,False,0.9999998982826939,0.0008,True
JABXHY010000081.1_2,False,0.9994207846521297,0.0002,False
JAGOEH010000095.1_1,False,0.991470256909519,0.0002,False
NZ_JAAIPW010000022.1_14,False,0.7413897805153119,0.0,False
PLPI01000145.1_49,False,0.7939620022555739,0.0,False
PKWQ01000444.1_5,False,0.9456583305399483,0.0,False
SKQU01000363.1_4,False,0.9802717608937203,0.0006,True
NC_007759.1_1904,False,0.9550614402648694,0.0002,False
PLYD01000246.1_7,False,0.9576871338277355,0.0,False
WFPJ01000113.1_5,False,0.9391339492912592,0.0002,False
JACPHL010000156.1_1,False,0.9994459426052065,0.0004,False
MFPR01000030.1_88,False,0.6223648824499002,0.0,False
JAHKBB010000050.1_9,False,0.9543145939671834,0.0004,False
JAAYRV010000282.1_2,False,0.956960468982846,0.0,False
NZ_PJIN01000002.1_623,False,0.9478834915570342,0.0002,False
JACPAV010000002.1_247,False,0.9233090605606618,0.0,False
LCRX01000003.1_20,False,0.9615155974426121,0.0,False
NZ_CP016279.1_8828,False,0.6613169081287412,0.0004,False
WTCB01000076.1_14,False,0.8915589485555652,0.0,False
CP002988.1_2965,False,0.927920380530734,0.0,False
NC_007759.1_1280,False,0.7528411555478441,0.0,False
QZJZ01000015.1_50,False,0.996841975750359,0.0008,True
NZ_AP018227.1_5292,False,0.9993243793408385,0.0012,True
PLDF01000184.1_102,False,0.6689511581504294,0.0,False
JABMQX010000509.1_1,False,0.9999166051025726,0.0002,False
CAJUHL010000001.1_4,False,0.9965170880048566,0.0002,False
JACRJN010000018.1_1,False,0.8290969029235707,0.0,False
DUMP01000004.1_1,False,0.9795989930866987,0.0,False
JADBKU010000001.1_84,False,0.9199771154536982,0.0002,False
NZUQ01000107.1_11,False,0.939567431455254,0.0,False
DDWC01000206.1_6,False,0.9946791885558859,0.0004,False
WQSZ01000151.1_4,False,0.8048928602411729,0.0002,False
JACRAC010000017.1_6,False,0.9685152463772114,0.0,False
JAHIKO010000029.1_12,False,0.9621006815196934,0.0,False
JAFUHT010000003.1_45,False,0.9876964751701269,0.0,False
DLYX01000504.1_2,False,0.9786596917446683,0.0004,False
PLDF01000347.1_23,False,0.9907584994908915,0.0,False
WALD01000008.1_2,False,0.9959875298235726,0.0002,False
VMTI01000040.1_4,False,0.7270755617246465,0.0,False
JACPUR010000025.1_19,False,0.9543415079284825,0.0002,False
PLDF01000253.1_32,False,0.9781972815876016,0.0,False
NZ_FQTT01000014.1_140,False,0.9998444473153659,0.0,False
URWG01000151.1_3,False,0.999611198854542,0.0002,False
CAIVGN010000018.1_3,False,0.9910332699260468,0.0,False
PWOA01000018.1_2,False,0.6397154506810098,0.0,False
CADBLV010000100.1_1,False,0.886614036609699,0.0,False
JAFGTC010000238.1_7,False,0.7621237095514878,0.0,False
NZ_JH378960.1_1,False,0.9999426424529279,0.0004,False
CP051243.1_627,False,0.9838242380336604,0.0002,False
SOJN01000147.1_30,False,0.7726208033313091,0.0,False
NZ_CP015455.1_2514,False,0.9845605874879946,0.0008,True
JAHDNF010000008.1_293,False,0.8733408519129001,0.0,False
WFTM01000224.1_19,False,0.8697839854255227,0.0,False
JACIXG010000046.1_5,False,0.9988885981453928,0.0002,False
JAFGAQ010000120.1_3,False,0.9772762862287331,0.0002,False
QMTU01000083.1_4,False,0.9690456973576719,0.0008,True
CAIVDM010000232.1_23,False,0.9925794977401522,0.0004,False
JAHJDJ010000187.1_5,False,0.8656198490500564,0.0002,False
NZ_AP018227.1_5703,False,0.9523662137762838,0.0,False
NZ_BDAU01000046.1_45,False,0.7722737919666869,0.0002,False
JABWCD010000004.1_48,False,0.9606149293382691,0.0,False
NZ_FQVN01000004.1_546,False,0.9700360965212971,0.0,False
JAGOBX010000005.1_1,False,0.610306237529279,0.0,False
JAFTKO010000016.1_24,False,0.9999942581495285,0.0008,True
NBMB01000035.1_19,False,0.7182267719267806,0.0002,False
NZ_RZMY01000013.1_585,False,0.9911974588373031,0.0,False
PMZC01000077.1_2,False,0.9999865245283813,0.0002,False
PFSX01000029.1_1,False,0.6042335386483907,0.0,False
MGFH01000089.1_5,False,0.9886780936772573,0.0008,True
SFNH01000148.1_2,False,0.9140736232454268,0.0,False
JAEEJP010000052.1_5,False,0.9972815661231691,0.0004,False
PNNP01000042.1_5,False,0.982160250079058,0.0,False
NZ_AWNK01000017.1_25,False,0.7769584453890865,0.0,False
NZ_NCSM01000012.1_127,False,0.9977462937610193,0.0002,False
NZ_VFPQ01000001.1_2071,False,0.9914843370291574,0.0004,False
NZ_PTQW01000003.1_41,False,0.9139564204940434,0.0002,False
DDGC01000014.1_164,False,0.9800414318823627,0.0004,False
JAGOBX010000043.1_5,False,0.6811833087533616,0.0,False
WJKZ01000078.1_16,False,0.6503860501431422,0.0002,False
JAHITZ010000011.1_18,False,0.9483478172269028,0.0002,False
LMZT01000121.1_32,False,0.5424655157456407,0.0002,False
NZ_LBMK01000003.1_1161,False,0.7113732974754923,0.0002,False
CADCCW010000022.1_20,False,0.9810932651576223,0.0,False
NZ_CP015455.1_1317,False,0.8910384315086319,0.0,False
NZ_AWRU01000033.1_159,False,0.974532139991641,0.0,False
JADGAT010000096.1_8,False,0.8650993320031231,0.0004,False
CADBLV010000163.1_5,False,0.9917655366476452,0.0,False
NZ_AP018227.1_2789,False,0.9263877640669638,0.0,False
NZ_KB908331.1_6,False,0.9940813710995664,0.0,False
DRXT01000016.1_25,False,0.9793696105984827,0.0,False
JAADIA010000059.1_6,False,0.9933760732481121,0.0004,False
VMTI01000285.1_4,False,0.9395991882758853,0.0004,False
CP054183.1_657,False,0.9702337610628708,0.0002,False
JABIXH010000294.1_2,False,0.9284017271589156,0.0002,False
WFTM01000255.1_1,False,0.9999448210829208,0.0008,True
DLGL01000091.1_17,False,0.9931981828161259,0.0002,False
JABWCP010000003.1_88,False,0.6171597119805674,0.0004,False
JACPUR010000016.1_4,False,0.9355374937295311,0.0,False
JAHJDO010000079.1_4,False,0.9612417552539675,0.0002,False
JWIH01000006.1_73,False,0.8008154767068622,0.0,False
QMTU01000051.1_8,False,0.7602151470460657,0.0,False
NZ_LBMK01000001.1_739,False,0.8560770365229461,0.0,False
JABIXH010000314.1_3,False,0.6768456666955843,0.0,False
CAJUHL010000029.1_39,False,0.6910731326450942,0.0,False
JABMRT010000028.1_6,False,0.9031933742391788,0.0004,False
JAGORV010000010.1_28,False,0.9331546699508272,0.0002,False
DMSQ01000097.1_14,False,0.9984998381506571,0.0,False
WAQR01000179.1_10,False,0.6606228853994969,0.0,False
PKTT01000020.1_32,False,0.9929521076990685,0.0002,False
SOJN01000057.1_16,False,0.9965966264707877,0.0004,False
CADBLV010000113.1_1,False,0.988008273242159,0.0,False
CP036261.1_1402,False,0.9979340511546819,0.0,False
JACMRP010000001.1_6,False,0.9037220969324393,0.0,False
LJUD01000105.1_11,False,0.9999969747106656,0.0004,False
CAIVGN010000167.1_63,False,0.9855512160397845,0.0,False
JAGWYZ010000128.1_6,False,0.49006679968768974,0.0,False
NZ_LR216287.1_1162,False,0.9993809475146253,0.0,False
PNNP01000019.1_6,False,0.9840162185139405,0.0,False
WRMI01000008.1_41,False,0.985151954602434,0.001,True
ONGA01000010.1_140,False,0.8893033746855209,0.0,False
JADGDI010000002.1_13,False,0.9003956852384232,0.0002,False
SLDX01000111.1_5,False,0.9934549959410607,0.001,True
JAFGEV010000164.1_3,False,0.9523038447687312,0.0002,False
JAFGEV010000148.1_3,False,0.8878285763858766,0.0,False
NC_021031.1_2419,False,0.970018386662735,0.0,False
PLYD01000251.1_3,False,0.9601716644741334,0.0,False
NZ_JADWYU010000172.1_12,False,0.9354117790516475,0.0,False
NZ_NCSM01000005.1_9,False,0.9683312874713941,0.0,False
NZ_LBMK01000007.1_114,False,0.9927254147523691,0.0,False
JABDLO010000180.1_5,False,0.9911051565111936,0.0,False
JAEEIL010000016.1_9,False,0.9650101010643197,0.0002,False
JACPUC010000003.1_84,False,0.892946994014054,0.0,False
QCTB01000007.1_42,False,0.9999972695984249,0.0002,False
NZ_PQVH01000002.1_218,False,0.8924264769671206,0.0,False
JACRAC010000042.1_4,False,0.9912910901051413,0.0004,False
NZ_LBMK01000002.1_1323,False,0.895809837772187,0.0002,False
JACRLM010000074.1_59,False,0.9604830290240767,0.0,False
NZ_AWRU01000034.1_50,False,0.7202220872733582,0.0,False
VBOW01000029.1_21,False,0.9937646086271417,0.0018,True
JADHUQ010000005.1_8,False,0.9988354102759137,0.0,False
NZ_FKIP01000849.1_2,False,0.9017961866371086,0.0,False
JACIXR010000001.1_43,False,0.9402428243584611,0.0,False
PMZC01000052.1_20,False,0.9891203671826693,0.0002,False
DSSU01000241.1_2,False,0.999992193673091,0.0002,False
JAHJSD010000032.1_5,False,0.9489582160031838,0.0,False
NZ_LT907975.1_2350,False,0.876637459876811,0.0,False
JAATVM010000066.1_5,False,0.9516104474394903,0.0006,True
JABWCQ010000045.1_1,False,0.9441856723163958,0.0,False
DRYD01000228.1_29,False,0.6898585928689165,0.0,False
NZ_PVNS01000019.1_10,False,0.9970542353631406,0.0004,False
SOJN01000143.1_3,False,0.9681178001322591,0.0,False
NZ_FKIP01000423.1_6,False,0.9915493047010528,0.0,False
JAAYXC010000261.1_2,False,0.7662878459269541,0.0,False
JAAYVF010000074.1_26,False,0.8921662184436541,0.0,False
DIVR01000068.1_14,False,0.9911501406122968,0.0004,False
QGUP01000051.1_8,False,0.8952025678840982,0.0,False
JAFAZD010000088.1_3,False,0.824065238136549,0.0002,False
PKWQ01000153.1_9,False,0.8518261473063243,0.0,False
NZUQ01000086.1_16,False,0.857638587663746,0.0002,False
NZ_QHKX01000004.1_207,False,0.9316309816554771,0.0,False
DLGL01000005.1_25,False,0.9523317588758478,0.0,False
NZ_SGXC01000003.1_1022,False,0.4236141233625401,0.0002,False
CACYFZ010000005.1_68,False,0.8048928602411729,0.0,False
PAZD01000042.1_5,False,0.9518060001712221,0.0004,False
CAIVDM010000143.1_75,False,0.8793267979526329,0.0,False
NZ_LR216287.1_2153,False,0.8862670252450767,0.0,False
JACPRG010000165.1_9,False,0.9399936076216475,0.0002,False
JAFCFP010000001.1_55,False,0.9963183591780962,0.0,False
PLDF01000220.1_29,False,0.890431161620543,0.0002,False
NZ_FRCD01000024.1_53,False,0.9927296057333209,0.0,False
JACMRP010000216.1_5,False,0.9508737247322068,0.0002,False
MGFH01000179.1_3,False,0.9566447685566906,0.0,False
NZ_AP014612.1_665,False,0.9998870509852036,0.0006,True
NC_018649.1_372,False,0.9877361697683401,0.0,False
CP051243.1_2676,False,0.8965906133425869,0.0,False
WYBT01000004.1_123,False,0.7991671727249068,0.0,False
JAFGTL010000005.1_9,False,0.900308288042976,0.0,False
JADBKU010000026.1_44,False,0.9630464672821962,0.0002,False
LJUD01000054.1_1,False,0.9787989893908746,0.0002,False
JACMRP010000233.1_3,False,0.9923747240901417,0.0002,False
WAQR01000283.1_4,False,0.8755964257829444,0.0,False
NZ_AP018227.1_5576,False,0.9959446832198559,0.001,True
PLFD01000057.1_105,False,0.8073219397935283,0.0,False
QNDR01000074.1_8,False,0.9670445934134813,0.0,False
JAFGEV010000193.1_12,False,0.9844409631510705,0.0,False
NC_018649.1_837,False,0.7961308232844626,0.0002,False
PFSX01000058.1_1,False,0.863190769497701,0.0,False
PWXJ01000103.1_1,False,0.8914721957144096,0.0002,False
BDTM01000009.1_9,False,0.8867875422920101,0.0,False
WVXK01000046.1_2,False,0.9150629344424898,0.0,False
CAIVGN010000159.1_2,False,0.9795402632291558,0.0002,False
NZ_CP060488.1_2816,False,0.9852414256798318,0.0,False
NZ_JABASS010000013.1_67,False,0.9869983262697021,0.0,False
CACZLA010000002.1_74,False,0.9913095169660212,0.0006,True
JACOUC010000077.1_16,False,0.5779474277782597,0.0,False
DSCS01000001.1_4,False,0.999981526368294,0.0002,False
PBWH01000027.1_120,False,0.8838379456927214,0.0,False
URUF01000001.1_78,False,0.9512505712249096,0.0002,False
NZ_LMKQ01000001.1_2346,False,0.9990450101725257,0.0,False
WGBT01000091.1_2,False,0.9966430579199083,0.0006,True
NZ_FRCD01000004.1_109,False,0.9982560830781296,0.0006,True
JAFTSJ010000001.1_40,False,0.9949756728409104,0.0014,True
PFND01000027.1_1,False,0.9961815799008182,0.0002,False
CP036261.1_2766,False,0.9984886429938695,0.0,False
JACRMA010000086.1_1,False,0.9975523886539177,0.0002,False
DHHE01000098.1_8,False,0.9442498889799711,0.0004,False
NZ_LMGK01000023.1_201,False,0.932448641061753,0.0,False
NZ_LR216287.1_160,False,0.9647443868569554,0.0004,False
CAISUK010000080.1_4,False,0.9982518009382345,0.0,False
QZKI01000142.1_22,False,0.7715797692374425,0.0,False
LJUD01000028.1_9,False,0.9973281326320587,0.0006,True
PLOF01000028.1_5,False,0.9190997219897705,0.0002,False
NZ_CP029480.1_2269,False,0.9984749424100907,0.0006,True
NZ_AWRU01000032.1_351,False,0.9974092339305809,0.0002,False
JACTNB010000036.1_132,False,0.999937352569508,0.0002,False
NZ_AWRU01000034.1_389,False,0.9580627764977607,0.0,False
PUNC01000132.1_27,False,0.7104190162227813,0.0,False
NZ_CP016279.1_8183,False,0.9632669942059916,0.0,False
PWNJ01000128.1_1,False,0.8321332523640149,0.0,False
SOJN01000109.1_4,False,0.6277435586015442,0.0,False
DHHE01000060.1_1,False,0.9999157630299089,0.0002,False
VGIW01000004.1_1,False,0.6978398542552269,0.0,False
QNDJ01000057.1_1,False,0.8507851132124578,0.0,False
DLYX01000589.1_3,False,0.938583372449598,0.0002,False
RFIY01000116.1_7,False,0.9895974821801432,0.0002,False
JABWCD010000003.1_148,False,0.6923744252624273,0.0002,False
JACPTH010000498.1_2,False,0.9905645392507548,0.0002,False
LJUD01000155.1_8,False,0.7188340418148694,0.0002,False
NZ_JH379016.1_51,False,0.9671471406442045,0.0,False
JAFCFP010000031.1_12,False,0.9905824887871431,0.0,False
JACPAV010000006.1_141,False,0.8105317949162835,0.0,False
JADQBH010000194.1_3,False,0.9996940115575779,0.0004,False
DSCS01000048.1_45,False,0.8409820421618808,0.0004,False
QCFI01000047.1_2,False,0.9972056816686331,0.0004,False
JAHDNF010000030.1_26,False,0.9823251545158738,0.0004,False
WRBD01000027.1_3,False,0.9771069559271406,0.0002,False
CAIVGN010000238.1_62,False,0.9782180870311313,0.0002,False
WYBT01000035.1_163,False,0.9941495177413691,0.0004,False
JACRMA010000010.1_12,False,0.8027240392122842,0.0,False
NZ_FKIP01000732.1_5,False,0.996532052427646,0.0,False
DMSQ01000063.1_9,False,0.9816755136166835,0.0,False
NZ_NCSM01000037.1_32,False,0.9295765175907709,0.0,False
NC_021031.1_1831,False,0.9816338716836409,0.0,False
NZWP01000012.1_35,False,0.9459493516903852,0.0004,False
JABWBZ010000171.1_7,False,0.9886562440993812,0.0002,False
JAFGTL010000629.1_12,False,0.9880382671011632,0.0,False
NZ_FKIP01000522.1_1,False,0.9938679270646257,0.0004,False
JABFRY010000056.1_4,False,0.5426390214279517,0.0002,False
CAIWRR010000126.1_1,False,0.9610574197089091,0.0004,False
JAFGAQ010000321.1_15,False,0.9186983723801778,0.0,False
JABWCP010000039.1_21,False,0.9989643891910694,0.0,False
NZ_CP014223.1_834,False,0.9999741744958289,0.0004,False
NZUQ01000145.1_6,False,0.8356033660102369,0.0008,True
JADJOY010000027.1_178,False,0.9758910861618768,0.0,False
JAHJDJ010000284.1_4,False,0.9937047768672853,0.0,False
JAGVWD010000055.1_1,False,0.7349700702698013,0.0,False
JAADIO010000039.1_47,False,0.8443654029669472,0.0,False
CADCCW010000036.1_28,False,0.936306949907421,0.0,False
NZ_JXCG01000006.1_121,False,0.8959833434544981,0.0,False
SHYX01000018.1_32,False,0.9969659334338024,0.0,False
DRUE01000048.1_10,False,0.6441398455799427,0.0,False
NZ_AP018227.1_3095,False,0.9125596413144078,0.0,False
NZ_AWRU01000034.1_47,False,0.7527544027066887,0.0,False
WFTM01000096.1_17,False,0.9579327619861475,0.0,False
CAIVGN010000077.1_102,False,0.9124889498107176,0.0002,False
PMWA01000022.1_33,False,0.9922892350685709,0.0002,False
NZUQ01000075.1_7,False,0.8633642751800121,0.0,False
JADJOY010000017.1_59,False,0.9857701127887561,0.0002,False
JADGAT010000006.1_68,False,0.9880503963388406,0.0,False
MHDQ01000195.1_6,False,0.9818978392529791,0.0,False
CP051243.1_1317,False,0.9260753602209684,0.0,False
MGQK01000118.1_1,False,0.9434929619281598,0.0,False
USJX01000042.1_19,False,0.9687837887017696,0.0,False
NZ_JOOE01000002.1_665,False,0.7937884965732628,0.0,False
CAIVGN010000142.1_37,False,0.9483337254132937,0.0,False
CADCCW010000023.1_20,False,0.7959573176021515,0.0,False
WVXK01000023.1_67,False,0.9978435958084508,0.0002,False
NZ_AGJL01000017.1_19,False,0.8274485989416154,0.0,False
JACPSX010000058.1_6,False,0.9497685022357476,0.0,False
JAEEJP010000044.1_18,False,0.9680567982968072,0.0008,True
NZ_JADWYU010000201.1_62,False,0.9781290732226039,0.0002,False
WYBT01000004.1_48,False,0.805066365923484,0.0,False
LKMX01000007.1_7,False,0.9256714431725306,0.0,False
NZ_NCSM01000054.1_145,False,0.9975916236437169,0.0,False
NZ_LT985324.1_1144,False,0.8900841502559209,0.0,False
CAIQVJ010000024.1_17,False,0.780515311876464,0.0,False
CAIWTR010000731.1_12,False,0.9795578061630716,0.0004,False
NZ_CP014223.1_325,False,0.9721249684082812,0.0002,False
CAIWTR010000325.1_6,False,0.9382825359802567,0.0,False
NZ_JXCG01000018.1_1,False,0.872039559295567,0.0,False
CACZFN010000013.1_10,False,0.9649389780594507,0.0004,False
NZ_JAFVMG010000003.1_103,False,0.9511919993842417,0.0002,False
WRMI01000018.1_10,False,0.669211416673896,0.0,False
DTCJ01000062.1_1,False,0.9996494426573328,0.0002,False
JAFGAQ010000026.1_1,False,0.8462739654723692,0.0,False
NZ_JOOE01000003.1_825,False,0.9704156999973335,0.0004,False
MHDQ01000139.1_3,False,0.7990804198837512,0.0,False
NZ_LT985324.1_354,False,0.981900262847079,0.0006,True
CADCCW010000018.1_37,False,0.997317401200952,0.0,False
DRXH01000002.1_5,False,0.9971723988191661,0.0002,False
JAFGWL010000056.1_132,False,0.9843309772644241,0.0,False
NZ_JADEKP010000001.1_1296,False,0.9762796053544006,0.0002,False
JACRLM010000032.1_6,False,0.6541164223128307,0.0,False
WYBT01000056.1_58,False,0.9385074117352631,0.0008,True
JACQOV010000103.1_2,False,0.9994427422702769,0.001,True
JADJOY010000004.1_392,False,0.9987493086924075,0.0002,False
NZ_RXLO01000010.1_84,False,0.7214366270495358,0.0,False
JAFYIZ010000044.1_79,False,0.985498652375631,0.0002,False
JAFGBW010000013.1_4,False,0.8346490847575259,0.0,False
NZ_KB290706.1_6,False,0.937069222912414,0.0,False
JAFRXC010000081.1_9,False,0.9968890478968973,0.0,False
NZ_CP069127.1_3233,False,0.9897933002955722,0.0004,False
SOJN01000070.1_40,False,0.7338422833347792,0.0,False
SKQU01000102.1_3,False,0.9987796627138902,0.0002,False
JAGCPB010000017.1_8,False,0.8516526416240132,0.0,False
SXND01000264.1_40,False,0.9922874715063514,0.0002,False
NZ_JAGGOF010000025.1_94,False,0.9999484351410257,0.0,False
JACPUR010000037.1_36,False,0.9986565451229882,0.0004,False
JADQBH010000222.1_2,False,0.890257655938232,0.0002,False
JAAYCL010000044.1_9,False,0.9468071369020392,0.0,False
CACZFN010000018.1_14,False,0.9119136936019043,0.0,False
JAFQXV010000003.1_76,False,0.98756968696237,0.0,False
DLYX01000001.1_4,False,0.9997242581783965,0.0002,False
JADGAT010000012.1_16,False,0.9066816504970869,0.0,False
JAATVM010000070.1_2,False,0.9925917196926424,0.0006,True
QNDR01000018.1_1,False,0.9552150706653267,0.0002,False
NZ_FRCD01000026.1_33,False,0.9799357761690106,0.0002,False
DSSC01000007.1_192,False,0.708944217923137,0.0002,False
NZ_UTHA01000087.1_49,False,0.9991432617626979,0.0008,True
NZ_UTHA01000063.1_3,False,0.9080548750657486,0.0006,True
NZ_LR216287.1_3012,False,0.9881403054333768,0.0002,False
PLDF01000200.1_32,False,0.9710268321306228,0.0,False
LIUI01000004.1_5,False,0.9978461336691679,0.0004,False
JAADFP010000113.1_2,False,0.7659408345623319,0.0002,False
MGDH01000037.1_2,False,0.9238103371107278,0.0,False
MGDH01000009.1_125,False,0.7100720048581591,0.0002,False
NZ_FKIP01000620.1_5,False,0.8349093432809924,0.0,False
JAAYAK010000042.1_4,False,0.999129839582211,0.0008,True
NZ_FCNU01000029.1_2,False,0.66192417801683,0.0,False
NZ_BDAU01000021.1_97,False,0.9960959921858584,0.0,False
JAFYIM010000541.1_1,False,0.8610219484688123,0.0,False
PKWQ01000171.1_1,False,0.9913078390527821,0.0004,False
JAFGBW010000016.1_11,False,0.998269417157365,0.0002,False
VBOW01000013.1_101,False,0.8921662184436541,0.0,False
JAHJDR010000354.1_4,False,0.8640582979092565,0.0004,False
WYBT01000035.1_26,False,0.9866236191272764,0.0006,True
CAIQVJ010000110.1_1,False,0.9937023186234175,0.0,False
RFIY01000094.1_6,False,0.8877418235447211,0.0002,False
JABMRT010000248.1_22,False,0.9843194657079405,0.0008,True
JADGAT010000088.1_6,False,0.8903444087793875,0.0,False
JABMQX010000059.1_3,False,0.9936468495209928,0.0,False
WYBT01000060.1_7,False,0.9806591277029406,0.0002,False
DLYX01000401.1_1,False,0.9811785012181631,0.0004,False
CAADSM010000059.1_2,False,0.6641797518868743,0.0,False
DIVR01000020.1_2,False,0.9809549928343934,0.0,False
NZ_JACJQY010000028.1_77,False,0.986441127089199,0.0002,False
DCUM01000254.1_2,False,0.9956026411887763,0.0002,False
NZ_LMIV01000001.1_739,False,0.9119653112125252,0.0,False
DFGE01000030.1_20,False,0.9526507579244586,0.0,False
JAGOBX010000072.1_1,False,0.968558738333495,0.0002,False
JABFRY010000022.1_3,False,0.9095763177347365,0.0,False
NZ_NCSM01000089.1_4,False,0.8353431074867702,0.0002,False
NZ_NCSM01000046.1_91,False,0.9957451126411664,0.0004,False
MDLB01000056.1_8,False,0.9997519786079313,0.0006,True
NZ_PJIN01000001.1_551,False,0.9935608881445036,0.0,False
UQCL01000017.1_6,False,0.9319137117491559,0.0,False
NZ_CP027570.1_1595,False,0.9418385387161556,0.0,False
JABIXH010000133.1_9,False,0.9054615810614052,0.0004,False
VBJS01000178.1_2,False,0.9934864063000581,0.0002,False
JACOWJ010000055.1_3,False,0.9383935537856829,0.0,False
JACIXR010000001.1_88,False,0.9914075616941211,0.0,False
NZ_VFPQ01000002.1_91,False,0.9860295194661263,0.0004,False
DRXT01000046.1_20,False,0.9952878300011534,0.0002,False
NZ_JADWYU010000085.1_78,False,0.9764155341370251,0.0,False
JACIXG010000008.1_68,False,0.7792140192591307,0.0,False
URIY01000029.1_19,False,0.9125457099158161,0.0,False
PLDF01000486.1_2,False,0.9026314561831097,0.0,False
KI543214.1_56,False,0.999999998006768,0.0006,True
JADJOY010000027.1_139,False,0.6923744252624273,0.0,False
JACPHL010000243.1_1,False,0.9758403566032743,0.0004,False
NZ_JADEKP010000001.1_770,False,0.9608098976991063,0.0006,True
NZ_BNCD01000004.1_140,False,0.9890083129989259,0.0002,False
NZ_RZMY01000013.1_57,False,0.9922998298338737,0.0002,False
JAFGND010000043.1_23,False,0.9914403143070505,0.0,False
NZ_FQTT01000011.1_194,False,0.9958293070257139,0.0,False
JAGACY010000284.1_5,False,0.9993284752093652,0.0004,False
NZ_JAFCMM010000001.1_1282,False,0.8633642751800121,0.0,False
NZ_BNCD01000019.1_12,False,0.5472369220091958,0.0,False
WRBD01000004.1_18,False,0.9914661079460685,0.0006,True
NZ_AWNK01000005.1_297,False,0.9991978318574991,0.0006,True
JAFGJP010000051.1_4,False,0.9800701742324357,0.0004,False
JADGAT010000237.1_3,False,0.7682831612735317,0.0,False
NZ_JPST01000041.1_1,False,0.984630949151114,0.0002,False
DCUM01000216.1_5,False,0.9172792411066887,0.0,False
CACKFQ010000001.1_142,False,0.613776351175501,0.0,False
JADHWK010000005.1_22,False,0.8860935195627657,0.0,False
JAFUYQ010000015.1_9,False,0.9998568286537637,0.0002,False
BMST01000001.1_562,False,0.9989943896623145,0.0002,False
JAGPKD010000002.1_39,False,0.9912316401968899,0.0004,False
JAAZOE010000260.1_1,False,0.9989517463087558,0.0,False
DDYN01000035.1_19,False,0.9435345355592322,0.0,False
DHZH01000006.1_305,False,0.9403261982997886,0.0004,False
JACRMA010000020.1_21,False,0.9882661344088174,0.0002,False
NZ_KB908369.1_2,False,0.9530193422414763,0.0004,False
JACPQY010000070.1_15,False,0.7173592435152252,0.0,False
DCUM01000250.1_14,False,0.999957920578403,0.0004,False
NZ_FQTT01000011.1_256,False,0.9376735245080203,0.0,False
PWNJ01000007.1_10,False,0.9893886344294078,0.0002,False
CADBLV010000394.1_2,False,0.9992408478991951,0.0,False
CACGHR010000036.1_17,False,0.9760597602160568,0.0002,False
DREG01000450.1_3,False,0.9911742451966973,0.0002,False
JWIH01000010.1_124,False,0.7101587576993147,0.0,False
VBAP01000038.1_18,False,0.9967604158595225,0.0002,False
NZ_RXLO01000002.1_679,False,0.9887909341792419,0.0002,False
CAIVGN010000085.1_7,False,0.9731957294644278,0.0,False
VMTI01000233.1_7,False,0.8867875422920101,0.0,False
JAADFP010000163.1_8,False,0.8867875422920101,0.0,False
JAFAZD010000077.1_22,False,0.9082566328490232,0.0002,False
DSSU01000285.1_1,False,0.9902261690571064,0.0,False
NZ_PVNS01000001.1_263,False,0.980479282567258,0.0,False
LIUI01000044.1_8,False,0.976036349139884,0.0,False
PWOA01000048.1_1,False,0.7389607009629565,0.0,False
PXPD01000040.1_11,False,0.6151643966339898,0.0,False
NZ_FKIP01000919.1_4,False,0.9288661748023599,0.0,False
ONGA01000008.1_1,False,0.8971111303895203,0.0,False
VXWP01000085.1_6,False,0.9118664126011674,0.0006,True
CACXDF010000034.1_6,False,0.9500245287726391,0.0006,True
MNYI01000058.1_4,False,0.9440980696847028,0.0,False
NZ_CP007062.1_831,False,0.9065901625536635,0.0004,False
WRMI01000010.1_25,False,0.9962716085004397,0.0002,False
PWOD01000071.1_2,False,0.9266521817431518,0.0,False
QZKI01000065.1_61,False,0.9702685164176703,0.0,False
NZ_PTQW01000012.1_5,False,0.9902140372571818,0.0,False
CP002988.1_1663,False,0.9788649717021435,0.0002,False
MDLB01000043.1_7,False,0.9957006133376388,0.0,False
CAJOEW010000048.1_6,False,0.9929854128124417,0.0,False
DAPM01000019.1_20,False,0.9323412051084492,0.0002,False
JADIMU010000037.1_4,False,0.9882997196783201,0.0002,False
PWGE01000063.1_11,False,0.9675617304070904,0.0,False
NZ_CAJFNR010000053.1_63,False,0.9423676663435173,0.0,False
NZ_BJKN01000001.1_1044,False,0.9955736705415245,0.0002,False
DLYX01000297.1_1,False,0.9999870885636225,0.0004,False
JAHIKO010000003.1_5,False,0.8910384315086319,0.0,False
PKTG01000083.1_115,False,0.8502645961655244,0.0,False
DF820461.1_250,False,0.95430641107882,0.0,False
JADHWT010000017.1_4,False,0.9288781778722334,0.0002,False
NZ_CP007062.1_1218,False,0.8825366530753882,0.0,False
CAJUIP010000032.1_23,False,0.8623232410861456,0.0002,False
JADJOY010000016.1_204,False,0.9955736952336993,0.0002,False
JAHJDO010000036.1_21,False,0.9868264480346588,0.0,False
PDQT01000069.1_12,False,0.9671834899689568,0.0004,False
PLOF01000105.1_18,False,0.7662878459269541,0.0,False
NZ_JACJQY010000046.1_45,False,0.9995371398612892,0.0002,False
NZ_AWRU01000032.1_347,False,0.9999464318943854,0.0002,False
SHYX01000015.1_60,False,0.9594092457128578,0.0,False
MVZB01000131.1_1,False,0.9114638178565567,0.0002,False
DSSU01000042.1_32,False,0.901728448282534,0.0,False
NZ_SJCO01000013.1_128,False,0.9520748793172948,0.0,False
DRXT01000033.1_15,False,0.9758792990467721,0.0002,False
WRBD01000025.1_3,False,0.9192149971135776,0.0004,False
DF820456.1_12,False,0.7289841242300685,0.0002,False
JAFRZH010000031.1_17,False,0.9885469313237675,0.0002,False
JAGOUY010000002.1_55,False,0.949519536829117,0.0,False
PDQT01000038.1_7,False,0.977630068528994,0.0002,False
JAFTSJ010000041.1_35,False,0.999609261108793,0.0,False
SHMX01000001.1_541,False,0.916089396783393,0.0002,False
PLFD01000027.1_57,False,0.9482917098603357,0.0,False
DSNQ01000054.1_41,False,0.9948956526030609,0.0002,False
WSZW01000072.1_14,False,0.6965385616378936,0.0,False
JACTNB010000035.1_37,False,0.9991623021224365,0.0004,False
JAAOXX010000059.1_3,False,0.7812093346057083,0.0,False
DIWJ01000036.1_34,False,0.9945571479889823,0.0004,False
CAIWTR010000205.1_9,False,0.9984046324681635,0.0004,False
WSZW01000079.1_6,False,0.8560770365229461,0.0,False
SLOM01000073.1_4,False,0.9073914422977418,0.0,False
NZ_SGXC01000002.1_463,False,0.9925187291294213,0.0002,False
JAHJDJ010000265.1_2,False,0.7355773401578902,0.0002,False
JABMQX010000857.1_4,False,0.9262286385184573,0.0002,False
CAJFVT010000065.1_14,False,0.8713455365663225,0.0002,False
NZ_LBMK01000002.1_1867,False,0.9808971432446701,0.0006,True
KI543218.1_121,False,0.9998819128427694,0.0004,False
NZ_RXLO01000004.1_37,False,0.6780602064717619,0.0,False
NZ_CP015423.1_2515,False,0.9243382258163546,0.0002,False
QLUP01000088.1_8,False,0.9745032438998636,0.0,False
JAFCFP010000052.1_3,False,0.9710714099134261,0.0002,False
NZ_LT907975.1_2876,False,0.7447731413203782,0.0,False
CAIJMQ010000060.1_18,False,0.7510193458835777,0.0,False
NZ_NCSM01000009.1_6,False,0.9990911687385516,0.0002,False
NZ_JAGGOF010000127.1_6,False,0.9966993206126796,0.0002,False
JAGXLP010000005.1_17,False,0.9787273871999087,0.0002,False
NZ_CP014223.1_2361,False,0.9995313709544061,0.0,False
JAHJDJ010000243.1_12,False,0.9779579242783836,0.0,False
NZ_JAGGOF010000022.1_27,False,0.8993667042595646,0.0,False
WYBT01000052.1_76,False,0.9992606405192815,0.0,False
KI543189.1_48,False,0.9996877863798737,0.0002,False
MWCZ01000680.1_2,False,0.9237461080511764,0.0002,False
CAIVGN010000045.1_49,False,0.9998147121605943,0.0002,False
JAGVWD010000056.1_7,False,0.9937135792481478,0.0004,False
BDTG01000027.1_69,False,0.7865012579161967,0.0002,False
JAFGUZ010000102.1_15,False,0.8624099939273011,0.0,False
JAFGEW010000121.1_4,False,0.9991327023157811,0.0004,False
NZ_FQTT01000011.1_305,False,0.9961868020942031,0.0,False
JAAYVF010000112.1_5,False,0.9912338400763779,0.001,True
DTLL01000087.1_5,False,0.8737746161186779,0.0,False
NZ_UTHA01000227.1_25,False,0.9994245434439555,0.0002,False
JADHWK010000011.1_3,False,0.9997376557721888,0.0004,False
CAIQVJ010000015.1_6,False,0.9795830113032392,0.0,False
PEWQ01000146.1_5,False,0.9856979061746305,0.0008,True
CP002988.1_1390,False,0.9659627909193419,0.0006,True
QNEG01000047.1_3,False,0.829443914288193,0.0,False
JABMQX010000472.1_5,False,0.9842633389396637,0.0,False
NZ_CP007062.1_883,False,0.999937598584919,0.0,False
JAFGTL010000705.1_2,False,0.9400240281768413,0.0,False
DDYN01000045.1_17,False,0.999989329972893,0.0004,False
SXND01000219.1_6,False,0.9922522990789604,0.0004,False
NZ_RZNA01000053.1_3,False,0.9363366488348107,0.0002,False
VBAP01000004.1_52,False,0.21644833868309188,0.0,False
NZ_RZNA01000022.1_59,False,0.9906368212180876,0.0002,False
CP051243.1_815,False,0.9935207014510817,0.0,False
NZ_JPST01000035.1_153,False,0.9615204381531184,0.0,False
NZ_KZ293963.1_1319,False,0.9519549314582778,0.0,False
JACPWU010000014.1_1,False,0.9536984704454927,0.0,False
JACRLM010000074.1_46,False,0.9418570470055523,0.0,False
JAHKBB010000136.1_2,False,0.9730315137547945,0.0004,False
KI543185.1_9,False,0.9999984583560273,0.0004,False
JAGOBX010000033.1_2,False,0.9564463013759882,0.0,False
JAAYZI010000030.1_5,False,0.9575164070597638,0.0,False
CAJMJN010000006.1_27,False,0.9850917169425236,0.0002,False
NZ_AP018228.1_190,False,0.7850264596165525,0.0,False
NZ_CAJFNR010000030.1_7,False,0.999810803710309,0.0,False
MWCZ01000546.1_1,False,0.9935383518513551,0.0,False
WLFD01000195.1_1,False,0.9568505538232955,0.0002,False
NZ_JAGI01000002.1_317,False,0.9050250119293421,0.0,False
WSZW01000008.1_26,False,0.928491806273414,0.0,False
NZ_PJIN01000001.1_530,False,0.9916909794070414,0.0,False
SLDX01000060.1_17,False,0.9686364919570929,0.0004,False
JABMQX010000429.1_4,False,0.9935990315673279,0.0004,False
JAFGWL010000020.1_26,False,0.9638892139881724,0.0004,False
SKQU01000282.1_1,False,0.992917693740339,0.0002,False
NZ_JAFCMM010000001.1_2252,False,0.9877651021887762,0.0006,True
NZ_FKIP01000409.1_1,False,0.9854524060373605,0.0002,False
QLTX01000082.1_1,False,0.9071675521219897,0.0,False
JACPWU010000048.1_1,False,0.8959833434544981,0.0,False
SBFR01000228.1_2,False,0.9402315461780674,0.0,False
PLFD01000057.1_103,False,0.9999999415459275,0.0004,False
JAGVWA010000011.1_24,False,0.8219831699488158,0.0,False
JAAYNI010000014.1_13,False,0.9785554234175057,0.0,False
JACPAV010000003.1_241,False,0.9997812816953139,0.0004,False
NZ_JADWYU010000148.1_6,False,0.9933799228046511,0.0,False
MVCR01000044.1_1,False,0.8895636332089876,0.0,False
MGFH01000021.1_2,False,0.9573159659892804,0.0,False
NC_011661.1_519,False,0.9231782058905726,0.0,False
SLGR01000089.1_2,False,0.23110956883837952,0.0,False
NZ_RZMY01000013.1_447,False,0.9925315157633242,0.0,False
NZ_NCSM01000004.1_172,False,0.9999999941152364,0.0006,True
JACTNB010000032.1_42,False,0.9985355447898268,0.0004,False
NZ_LT985325.1_29,False,0.9951012637530777,0.0008,True
SXND01000025.1_4,False,0.9745884771576817,0.0,False
JAADFP010000028.1_19,False,0.9862826280497313,0.0,False
NC_015499.1_1410,False,0.9994860765401011,0.0002,False
JACTNB010000033.1_77,False,0.9870541755370138,0.0002,False
JADJYS010000002.1_67,False,0.9985072425406354,0.0004,False
PLDF01000144.1_11,False,0.9999919659550219,0.0012,True
PMNA01000004.1_86,False,0.9064950188331284,0.0,False
CP051243.1_848,False,0.9974682230515103,0.0006,True
DITF01000288.1_1,False,0.7909256528151297,0.0,False
NZ_KB908345.1_10,False,0.9963511838012584,0.0,False
LMZT01000147.1_21,False,0.9878314341980099,0.0002,False
JAFGBE010000078.1_18,False,0.7301986640062462,0.0,False
NVVD01000002.1_51,False,0.981793006046718,0.0,False
VMTI01000114.1_16,False,0.9997490789774719,0.0,False
DTOT01000112.1_4,False,0.9548933435628887,0.0,False
DLGL01000098.1_2,False,0.9863346171353576,0.0,False
CACGHR010000013.1_20,False,0.8238049796130823,0.0002,False
NZ_JADEKP010000001.1_257,False,0.9880136891572999,0.0014,True
JAAYRV010000319.1_10,False,0.9996109448290997,0.0,False
JADQBH010000119.1_11,False,0.9867414896817519,0.0002,False
JAFGGD010000019.1_27,False,0.8253665307538822,0.0,False
JAFYIM010000476.1_5,False,0.9143003459201876,0.0,False
UQCL01000002.1_39,False,0.9126677148466614,0.0,False
JADGAT010000206.1_3,False,0.8467944825193026,0.001,True
PLDF01000434.1_38,False,0.9383564075791365,0.0002,False
JAHIKO010000052.1_3,False,0.9388428533458503,0.0002,False
JAGALG010000099.1_16,False,0.9889754774807398,0.0006,True
CADCWE010000106.1_7,False,0.997293657316003,0.0002,False
BDTM01000075.1_1,False,0.9926008526371414,0.0002,False
JAHJLF010000077.1_11,False,0.996489372310709,0.0002,False
DMSQ01000040.1_133,False,0.953793716892335,0.0002,False
NC_017096.1_225,False,0.8488765507070356,0.0,False
NZ_LMGK01000025.1_323,False,0.9945858934584781,0.0006,True
JACMRP010000072.1_5,False,0.7004424394898933,0.0,False
NZ_UTHA01000227.1_252,False,0.994258285271148,0.0004,False
WYBT01000012.1_54,False,0.9491761559882723,0.0,False
NZ_KB899040.1_1245,False,0.8624967467684567,0.0,False
CAJKKX010000341.1_2,False,0.9947583849329009,0.0,False
NZ_BJKN01000002.1_545,False,0.9979128621300594,0.0006,True
NZ_VFPQ01000001.1_3465,False,0.9977215805274875,0.0008,True
JACPWU010000046.1_7,False,0.7604754055695324,0.0,False
PLFD01000047.1_39,False,0.9988078374693539,0.0,False
JAADIC010000203.1_4,False,0.9783810474954232,0.0,False
PMZC01000179.1_2,False,0.8865272837685434,0.0002,False
JACPUC010000019.1_59,False,0.9999994829895099,0.0004,False
JADGAT010000001.1_183,False,0.8539949683352129,0.0,False
DHPR01000033.1_391,False,0.6919406610566496,0.0,False
NZ_BDAU01000009.1_332,False,0.9740832823370404,0.0002,False
NZ_LT985323.1_14,False,0.9534801014340708,0.0,False
NZ_JPST01000011.1_11,False,0.821375900060727,0.0,False
JACIXG010000074.1_15,False,0.9931082004263618,0.0006,True
NZ_CP015520.1_1061,False,0.8633642751800121,0.0,False
WAQS01000013.1_3,False,0.9909524051543075,0.0,False
JAFKJK010000009.1_258,False,0.9988936248494201,0.0006,True
JAFGEX010000101.1_8,False,0.7666348572915763,0.0,False
MFAF01000010.1_5,False,0.9969897637408772,0.0002,False
NZ_JAFCMM010000004.1_464,False,0.9915622999551517,0.0,False
JAHDNF010000004.1_32,False,0.9894591770329187,0.0002,False
MWBZ01000085.1_3,False,0.9866838894857654,0.001,True
NZ_PQVH01000005.1_81,False,0.9985309241711298,0.0004,False
LMZT01000142.1_37,False,0.9986256776067884,0.0,False
CAJUIP010000023.1_59,False,0.9753965836569451,0.0002,False
METK01000014.1_12,False,0.8375119285156589,0.0,False
NZ_CP021081.1_557,False,0.7569185390821549,0.0,False
NC_007759.1_926,False,0.9644579218545623,0.0002,False
WJLY01000227.1_19,False,0.9958116543802128,0.0,False
JAGWXF010000019.1_22,False,0.962998681240966,0.0,False
JADJYS010000016.1_4,False,0.9991379298672106,0.0004,False
JAFGUZ010000059.1_74,False,0.9999415960815894,0.0002,False
LCRX01000014.1_20,False,0.878546022382233,0.0,False
JACIXG010000022.1_45,False,0.9999867071934465,0.0,False
NZ_FZMR01000024.1_21,False,0.9304562661408544,0.0,False
JACPAV010000053.1_13,False,0.9620422725799032,0.0,False
NZ_KB908324.1_103,False,0.8274485989416154,0.0,False
QZKU01000094.1_16,False,0.9778644895322351,0.0002,False
BDTG01000012.1_20,False,0.9936841110939946,0.0002,False
WLOP01000003.1_11,False,0.9762568813123637,0.0,False
LIUI01000063.1_8,False,0.9678061780074789,0.0,False
JAGACY010000384.1_1,False,0.9999943684635308,0.0002,False
JACIXG010000070.1_1,False,0.9597934974248687,0.0,False
WSZW01000008.1_14,False,0.9703137408489736,0.0,False
JABXHY010000009.1_158,False,0.9932055824837283,0.0002,False
QZKI01000097.1_7,False,0.9834604102028096,0.0004,False
WVXK01000048.1_67,False,0.9800217462764205,0.0002,False
NZ_UTHA01000238.1_1,False,0.9871198679251698,0.0,False
NZ_AFXQ01000032.1_27,False,0.998331184742457,0.0,False
QMTU01000013.1_6,False,0.8191203261906828,0.0,False
CAIVGN010000218.1_8,False,0.8991064457360979,0.0,False
JAFGTL010000002.1_4,False,0.7765246811833088,0.0002,False
NZ_JAGI01000002.1_3277,False,0.8677886700789451,0.0004,False
PWGE01000320.1_10,False,0.7672421271796651,0.0,False
DLYX01000159.1_4,False,0.7608224169341546,0.0,False
JAFAZD010000333.1_2,False,0.9980007813881271,0.001,True
NZ_BAEO01000062.1_122,False,0.8572915762991238,0.0,False
JAFGEV010000121.1_6,False,0.9816457073272821,0.0002,False
NZ_CP015520.1_2127,False,0.9998514218585528,0.0,False
JACIXR010000006.1_68,False,0.9022201352059076,0.0,False
CAJIYM010000001.1_7,False,0.9934648258969223,0.0004,False
JAGWYZ010000028.1_18,False,0.9288251312796447,0.0,False
JACRGW010000078.1_4,False,0.8516526416240132,0.0,False
NVVD01000008.1_134,False,0.7124143315693588,0.0,False
JAFGKQ010000031.1_3,False,0.9521764460874087,0.0,False
JABDLO010000173.1_6,False,0.8134813915155721,0.0,False
CAIVDM010000076.1_2,False,0.9779405264951503,0.0,False
PWOA01000056.1_31,False,0.9998306102533081,0.0002,False
JACPUC010000006.1_69,False,0.9971898835327867,0.0002,False
JAADFP010000093.1_2,False,0.9838331130256429,0.0004,False
NZUQ01000025.1_1,False,0.9855290496686538,0.0,False
JAGWYZ010000085.1_4,False,0.9160220364271131,0.0,False
JACMRP010000137.1_1,False,0.9716947652217777,0.0,False
JABDLO010000255.1_1,False,0.9480600844856786,0.0002,False
NZ_JAFCMM010000008.1_8,False,0.9946121993365897,0.0004,False
PBWH01000006.1_63,False,0.9450876757886536,0.0002,False
VBJS01000201.1_1,False,0.9174837821005603,0.0,False
DLYX01000613.1_2,False,0.8729070877071224,0.0,False
CAJFVT010000093.1_6,False,0.9999993875531882,0.0006,True
NZ_AWRU01000002.1_191,False,0.9778933865961122,0.0002,False
JAGWYZ010000034.1_9,False,0.9554578837442306,0.0,False
WAQS01000003.1_5,False,0.8753361672594777,0.0004,False
NZ_AP018227.1_2615,False,0.9004940976403196,0.0,False
KI543220.1_73,False,0.9886923368554061,0.0002,False
JACRDZ010000281.1_5,False,0.8430641103496139,0.0,False
SHYX01000030.1_31,False,0.8375119285156589,0.0,False
NZ_CP069127.1_5403,False,0.9976222122584236,0.0006,True
NZ_UTHA01000130.1_66,False,0.9909566493893595,0.0008,True
SLGR01000071.1_1,False,0.8441051444434805,0.0,False
DLGL01000015.1_13,False,0.8873948121800989,0.0002,False
NZ_CP027570.1_951,False,0.9898195749393739,0.0002,False
NZ_AP018227.1_6427,False,0.8922529712848096,0.0002,False
JAFTKO010000005.1_25,False,0.9941799303069505,0.0002,False
PWGE01000442.1_1,False,0.5486249674676845,0.0,False
PDQT01000129.1_1,False,0.8467944825193026,0.0,False
JAFGTC010000198.1_12,False,0.9757490384440374,0.0002,False
JAFGEV010000384.1_1,False,0.9623476713868391,0.0,False
PWGE01000169.1_2,False,0.9799937337383162,0.0006,True
JABMQX010000839.1_3,False,0.9786932800916315,0.0002,False
JACPTH010000106.1_10,False,0.9986472588026265,0.0,False
PMZC01000388.1_9,False,0.9999689138646844,0.0012,True
JAAYVF010000085.1_19,False,0.9469298346066521,0.0,False
JAFTKO010000033.1_2,False,0.9357225013852914,0.0,False
WYBT01000012.1_3,False,0.9014159551042352,0.0002,False
JACRAC010000046.1_8,False,0.998960840280993,0.0002,False
DSUT01000150.1_1,False,0.9896726910853245,0.0004,False
DCHV01000087.1_11,False,0.9499076305960225,0.0002,False
DBPU01000014.1_1,False,0.9987971762310262,0.0,False
DBJE01000010.1_19,False,0.9283645650771108,0.0,False
WQSZ01000148.1_2,False,0.6968855730025159,0.0,False
PLYD01000266.1_8,False,0.9838042842371699,0.0,False
RFFQ01000030.1_2,False,0.8421098290969029,0.0,False
JACIXS010000051.1_19,False,0.988805702660636,0.0,False
PAYP01000070.1_29,False,0.9197654407860892,0.0004,False
NZ_JXCG01000004.1_37,False,0.9976616966599532,0.0004,False
MGFH01000179.1_5,False,0.9746263540527648,0.0002,False
NZ_JABFHO010000001.1_852,False,0.9969601072610965,0.0008,True
NZ_RZMY01000006.1_546,False,0.9886076339667542,0.0002,False
NZ_JACJQY010000053.1_3,False,0.9688569334807328,0.0,False
JAHJSD010000068.1_3,False,0.9783017511989852,0.0,False
DRUE01000153.1_5,False,0.7721002862843758,0.0,False
DF820459.1_991,False,0.7180532662444695,0.0,False
JAFGEX010000276.1_2,False,0.9787568904171876,0.0,False
JAEEIL010000011.1_1,False,0.9847712517782997,0.0,False
URIY01000007.1_9,False,0.9235072985746545,0.0,False
SHYX01000046.1_33,False,0.9740960562126663,0.0002,False
NZ_PTQW01000013.1_52,False,0.967423280826641,0.0002,False
SFNH01000092.1_1,False,0.8572915762991238,0.0,False
SKQU01000360.1_1,False,0.9310389100293117,0.0004,False
NZ_QHKX01000002.1_596,False,0.9662382787596964,0.0008,True
JAGACY010000456.1_2,False,0.9379748464021193,0.0,False
NZUQ01000120.1_1,False,0.9997046299285269,0.0,False
JAAYNI010000071.1_31,False,0.8353431074867702,0.0,False
CADCWE010000235.1_31,False,0.9611429475544366,0.0002,False
VBJS01000206.1_1,False,0.9913903389901018,0.0,False
JACRAC010000059.1_8,False,0.9261536616234454,0.0002,False
RFIY01000013.1_1,False,0.9255888962763325,0.0002,False
QCFI01000020.1_26,False,0.9989528239343688,0.0002,False
RFFQ01000191.1_33,False,0.8619762297215234,0.0,False
DJVG01000005.1_9,False,0.8357768716925479,0.0,False
SYBY01000036.1_27,False,0.9977837879088111,0.0,False
QCTB01000002.1_53,False,0.9839853552313768,0.0004,False
JABWCD010000012.1_52,False,0.9200778715763145,0.0,False
JAFGEW010000043.1_4,False,0.9778980603510964,0.0002,False
DRYD01000189.1_1,False,0.9852966437816433,0.0004,False
NZ_AWRU01000032.1_89,False,0.9757784729987112,0.0,False
SVSB01000014.1_5,False,0.9811594527382125,0.0004,False
NZ_JADWYU010000212.1_19,False,0.9732365806436957,0.0002,False
CAIQVJ010000135.1_13,False,0.8932072525375206,0.0,False
JAAYZI010000153.1_3,False,0.9720174011547669,0.0,False
JAHJLF010000004.1_8,False,0.9503536096987696,0.0,False
JACTNB010000013.1_9,False,0.9940898565934247,0.0,False
NZ_LMKQ01000002.1_383,False,0.9994908959635865,0.0002,False
PWHN01000077.1_2,False,0.9926101456305463,0.0004,False
JAFGGD010000034.1_139,False,0.9990268917134222,0.0006,True
MFPR01000028.1_7,False,0.9271495577982505,0.0,False
JACTNB010000013.1_303,False,0.9853621105406898,0.0002,False
CAIQVJ010000120.1_55,False,0.7984731499956623,0.0,False
MGPE01000010.1_4,False,0.9689384908276204,0.0,False
LKMX01000034.1_11,False,0.9885966748673027,0.0004,False
JACRLM010000031.1_107,False,0.999957223472508,0.0,False
WAQR01000133.1_5,False,0.9975180064334755,0.0,False
JAFTSJ010000011.1_9,False,0.9876421009051287,0.0,False
MGFH01000167.1_4,False,0.9915231911152695,0.0008,True
NZ_RXLO01000011.1_19,False,0.9857935479535389,0.0006,True
JAABRV010000003.1_21,False,0.846707729678147,0.0,False
MNYI01000092.1_5,False,0.9838434509248917,0.0002,False
NZ_LMKQ01000002.1_98,False,0.9999775799312546,0.0004,False
JAFTSJ010000035.1_16,False,0.9615492980079042,0.0,False
JAGCPB010000070.1_8,False,0.9933977698677686,0.0004,False
NZ_CP016279.1_1905,False,0.9998900269663444,0.0008,True
NZ_AP013035.1_572,False,0.9985983167832345,0.0002,False
CAJIYM010000004.1_268,False,0.9959856354461022,0.0002,False
NC_021031.1_778,False,0.9948043158214933,0.0002,False
JABXHY010000080.1_5,False,0.878546022382233,0.0,False
NYZA01000085.1_1,False,0.9718199447195134,0.0,False
SLOM01000019.1_1,False,0.613776351175501,0.0,False
JAAYAK010000181.1_10,False,0.9994070419556821,0.0,False
JAFGOL010000009.1_10,False,0.7956970590786848,0.0,False
DTCJ01000065.1_71,False,0.996466647652178,0.0,False
NZ_VFPQ01000001.1_982,False,0.9388811276084281,0.0,False
PLFD01000035.1_102,False,0.8488765507070356,0.0,False
MGQK01000129.1_28,False,0.9914863057592656,0.0,False
JABXHY010000021.1_19,False,0.7625574737572656,0.0,False
PMWA01000072.1_42,False,0.9739151984181046,0.0002,False
CACZLA010000030.1_3,False,0.9984175077440397,0.0,False
METK01000005.1_28,False,0.9055461582557663,0.0,False
CAIVDM010000196.1_9,False,0.8528671814001909,0.0,False
WQSZ01000128.1_6,False,0.9794459830688357,0.0,False
MFGS01000058.1_6,False,0.9505285297685713,0.0004,False
JAFGKQ010000164.1_9,False,0.9813394175697968,0.0004,False
JAFGIT010000220.1_5,False,0.7434718487030451,0.0,False
PAYP01000050.1_71,False,0.9919745930513769,0.0,False
CAJQMW010000530.1_3,False,0.9997465653987911,0.0,False
RFIY01000058.1_1,False,0.9886987867124939,0.0002,False
DSNQ01000063.1_15,False,0.8568578120933461,0.0,False
JAGWYZ010000067.1_15,False,0.9980125626277884,0.0004,False
JABWCD010000004.1_145,False,0.9913461380570605,0.0004,False
JAGORV010000016.1_1,False,0.9947682029772266,0.0004,False
JADJOY010000040.1_31,False,0.9046202769482262,0.0,False
PAZD01000048.1_4,False,0.9674409920067099,0.0002,False
PMNA01000013.1_210,False,0.8813221132992105,0.0002,False
JAFQXV010000014.1_1,False,0.9987209750318616,0.0002,False
JAFGKQ010000237.1_17,False,0.923189167264592,0.0,False
JABIXH010000261.1_1,False,0.9867450918038444,0.0002,False
PFSX01000037.1_8,False,0.9999140119868246,0.0006,True
DLGL01000126.1_31,False,0.8264075648477488,0.0,False
CAJKKX010000180.1_5,False,0.9849216696923627,0.0,False
MFGS01000102.1_22,False,0.9407669552415983,0.0,False
JAAYEQ010000063.1_30,False,0.932285508280287,0.0,False
CAJUIP010000032.1_3,False,0.999611173682253,0.0002,False
JACPAV010000009.1_69,False,0.6574997831178971,0.0,False
NZ_FQVN01000001.1_377,False,0.99999105191334,0.0,False
PAYP01000067.1_22,False,0.9942292142551331,0.0002,False
JAFGTC010000308.1_4,False,0.9049539402417742,0.0,False
QNEG01000180.1_2,False,0.9973925617780253,0.001,True
DSWB01000173.1_4,False,0.7889303374685521,0.0002,False
MFGS01000003.1_18,False,0.7184002776090918,0.0,False
PMZC01000275.1_5,False,0.9280829087472277,0.0,False
JABFGF010000001.1_51,False,0.9913846751305655,0.0004,False
JAATVM010000136.1_1,False,0.9887636137978555,0.0002,False
DLGL01000124.1_14,False,0.9999985454284469,0.0002,False
PKTT01000013.1_22,False,0.9852880579356514,0.0004,False
WFTM01000019.1_1,False,0.9924533690099209,0.0002,False
NZ_JADWYU010000249.1_16,False,0.9850426410614305,0.0004,False
JABMRT010000113.1_8,False,0.9919796046680205,0.0002,False
SHMX01000004.1_308,False,0.9560977765403554,0.0,False
NZ_BNCD01000033.1_40,False,0.9932858277313747,0.0,False
MVZB01000004.1_5,False,0.6536826581070531,0.0,False
PWHN01000052.1_1,False,0.6574130302767416,0.0,False
SBFR01000091.1_9,False,0.956572318347043,0.0,False
SLDX01000116.1_17,False,0.9948044514895531,0.0006,True
WFPJ01000020.1_1,False,0.9281778689680206,0.0002,False
DTOT01000006.1_122,False,0.9915965140644966,0.0004,False
UQCL01000050.1_10,False,0.9993833695296237,0.0008,True
DUMJ01000023.1_12,False,0.9982254980528921,0.0,False
NZ_JAGGOF010000034.1_12,False,0.9050386003786816,0.0,False
NZ_FQVN01000002.1_111,False,0.6588878285763858,0.0,False
DBPU01000089.1_4,False,0.9848421386408125,0.0002,False
JAADIA010000044.1_52,False,0.9977480261471717,0.0002,False
JABMRT010000236.1_14,False,0.9767780889931325,0.0,False
SFEJ01000008.1_61,False,0.9997663161283772,0.0002,False
PFND01000058.1_5,False,0.9933777663536193,0.0004,False
DTND01000197.1_1,False,0.9316078648087447,0.0,False
JACRPW010000002.1_1,False,0.9990025048318608,0.0,False
JACPSX010000124.1_4,False,0.9851572789273684,0.0004,False
NC_018649.1_290,False,0.9955725614964636,0.0002,False
JABMQX010000560.1_1,False,0.9980594980553883,0.0002,False
JACIXQ010000091.1_2,False,0.9606079427108801,0.0002,False
DSUT01000176.1_12,False,0.9432046243733027,0.0,False
MWCZ01000446.1_1,False,0.7662878459269541,0.0,False
JAGOUY010000012.1_39,False,0.9444883947767504,0.0,False
SHMX01000010.1_36,False,0.9991035237428088,0.0016,True
JACPUR010000021.1_44,False,0.9089824651151132,0.0002,False
CAILUR010000033.1_7,False,0.9921741823159628,0.0,False
CACZFN010000043.1_10,False,0.9700259172792232,0.0002,False
JAHJDR010000430.1_6,False,0.9523603241453442,0.0,False
WJMB01000033.1_1,False,0.9194079667766062,0.0002,False
WOZJ01000037.1_38,False,0.95083419348743,0.0,False
DJVC01000119.1_12,False,0.9906171550895845,0.0,False
DBPU01000003.1_13,False,0.9856414003004808,0.0,False
CAJMJN010000033.1_3,False,0.9981376507882707,0.0004,False
JAGOEH010000023.1_21,False,0.8713455365663225,0.0,False
JACTNB010000035.1_8,False,0.9999257381676995,0.0,False
JWIH01000010.1_125,False,0.9999378277173055,0.0002,False
QLUP01000066.1_7,False,0.9340610570020154,0.0,False
JABFRY010000344.1_5,False,0.6626182007460745,0.0,False
JAGACY010000013.1_2,False,0.9422940632350201,0.0,False
JAGCDY010000122.1_4,False,0.9884752285565406,0.0,False
JAAYXZ010000036.1_6,False,0.9992001364340937,0.0002,False
MGQK01000066.1_63,False,0.9999999946998274,0.0006,True
WYBT01000009.1_73,False,0.795089789190596,0.0,False
PFND01000079.1_3,False,0.9674370531855674,0.0,False
JAEOSL010000053.1_9,False,0.9999756144932095,0.0002,False
JAEEIL010000001.1_41,False,0.9558428473079345,0.0004,False
NZ_SJCO01000035.1_15,False,0.9033111214928806,0.0,False
PLOF01000107.1_50,False,0.9564497166124251,0.0,False
JADJOY010000025.1_45,False,0.9867577236080562,0.0002,False
JAADIA010000044.1_44,False,0.9971596484187488,0.0002,False
VGIX01000011.1_42,False,0.9999773126093467,0.0002,False
JAEEJP010000012.1_9,False,0.9858193762430487,0.0,False
SOJN01000094.1_42,False,0.9838772593910833,0.0002,False
JAFGIT010000023.1_5,False,0.9975289676208738,0.0,False
DSCM01000025.1_5,False,0.9817382676951409,0.0004,False
JAFGEX010000306.1_14,False,0.9234390883471062,0.0,False
DLMW01000004.1_1,False,0.9907553813878117,0.0004,False
JAGYOC010000058.1_6,False,0.9657123906101829,0.0,False
AWOA01000006.1_12,False,0.7528411555478441,0.0,False
CACZLA010000007.1_59,False,0.9996178095334585,0.0004,False
JAADIO010000019.1_64,False,0.9658561084474167,0.0,False
MGRR01000126.1_4,False,0.9519935021161818,0.0002,False
JABFGF010000007.1_218,False,0.8242387438188601,0.0002,False
CAIVDM010000156.1_8,False,0.563112691940661,0.0002,False
CADCWE010000250.1_13,False,0.8021167693241954,0.0,False
DUMP01000153.1_19,False,0.7752233885659755,0.0,False
PBWH01000006.1_420,False,0.99626134120785,0.0,False
URIY01000009.1_3,False,0.8546022382233018,0.0,False
WALD01000055.1_6,False,0.8754229201006333,0.0002,False
NZ_AP018227.1_2203,False,0.9936930219114385,0.0,False
JAEOSL010000070.1_6,False,0.8853994968335213,0.0002,False
CAJUHL010000001.1_105,False,0.6922876724212718,0.0,False
NZ_PVNS01000006.1_85,False,0.9998348910847821,0.0,False
NZ_CP029480.1_2201,False,0.9994692816792222,0.0002,False
JAFMIT010000039.1_12,False,0.931733206918123,0.0002,False
JAGOBX010000068.1_5,False,0.8310054654289928,0.0,False
NZ_RZNA01000039.1_48,False,0.9884890219867595,0.0,False
DSWB01000004.1_1,False,0.8173852693675718,0.0,False
JAFGAQ010000305.1_5,False,0.8475752580897025,0.0,False
JAFGEX010000343.1_9,False,0.8915589485555652,0.0004,False
BMST01000002.1_44,False,0.9962864384661095,0.0004,False
NZ_UTHA01000009.1_1,False,0.9797736364891779,0.0,False
LIUI01000093.1_19,False,0.995776276583377,0.0,False
VBJS01000020.1_10,False,0.9993812522196089,0.0002,False
NZ_JAAIPW010000007.1_93,False,0.98102033793194,0.0008,True
JABWBZ010000132.1_1,False,0.955316960331736,0.0,False
JADHWK010000005.1_29,False,0.9829818536471784,0.0,False
NZ_JABASS010000003.1_22,False,0.9268315101238678,0.0,False
PMWA01000074.1_1,False,0.7095514878112258,0.0,False
SICP01000032.1_13,False,0.9711473191660053,0.0002,False
NZ_PVNS01000019.1_34,False,0.9996985907415991,0.0,False
NZ_CP016279.1_5499,False,0.9665239437877337,0.0006,True
JABDHD010000141.1_8,False,0.9592878699980911,0.0,False
NZ_PTQW01000052.1_2,False,0.9026918607100535,0.0,False
JABMQX010000842.1_5,False,0.995228534510965,0.0,False
PFSX01000007.1_7,False,0.99928166535156,0.0,False
JACCUF010000474.1_8,False,0.9627209700079351,0.0,False
WLOP01000002.1_191,False,0.9964374205608896,0.0,False
NZUQ01000090.1_6,False,0.9424347346126555,0.0,False
PWHN01000069.1_2,False,0.9967426419787704,0.0006,True
MWCZ01000682.1_3,False,0.9980319865991892,0.0006,True
NZ_BNCD01000001.1_58,False,0.98505870159154,0.0004,False
RFIY01000113.1_3,False,0.915360216747894,0.0,False
JAFGEW010000077.1_1,False,0.7395679708510454,0.0,False
JADQBH010000088.1_4,False,0.9106191630999539,0.0,False
NZ_CP069127.1_2116,False,0.9969813934753132,0.0002,False
JACPQY010000033.1_1,False,0.9952848631910235,0.0012,True
SYBY01000401.1_2,False,0.8387264682918365,0.0,False
JAGOEH010000169.1_4,False,0.959117245682857,0.0,False
QGUP01000126.1_7,False,0.9953779316943372,0.0,False
NZ_BNCD01000008.1_75,False,0.9962409115587142,0.0002,False
PWXJ01000159.1_2,False,0.9376650484551767,0.0,False
JAGOEH010000066.1_3,False,0.9761657368636708,0.0,False
NZ_WEZQ01000006.1_93,False,0.9806616932701683,0.0,False
NZ_LT985324.1_741,False,0.9188960033468941,0.0002,False
JAGWXF010000003.1_100,False,0.7958705647609959,0.0,False
DSNQ01000060.1_9,False,0.7174459963563806,0.0002,False
NZ_LR216287.1_2237,False,0.9534761928017911,0.0,False
JAFCFP010000004.1_1,False,0.98930018566018,0.0,False
JAFGTL010000719.1_1,False,0.9936453736333914,0.0004,False
NZ_JADEKP010000001.1_1079,False,0.5845406437060814,0.0,False
JADGDI010000139.1_5,False,0.9967646229152082,0.0002,False
NZ_AYYI01000023.1_22,False,0.9948399317129573,0.0,False
NC_014917.1_51,False,0.9383652090162993,0.0002,False
QNVD01000087.1_6,False,0.8589398802810793,0.0002,False
MWCZ01000351.1_2,False,0.9161567163421295,0.0002,False
NZ_NCSM01000003.1_327,False,0.9989186689615978,0.0004,False
CACZLA010000018.1_29,False,0.9754514833777644,0.0,False
JAGACY010000330.1_2,False,0.9505842292812237,0.0002,False
NC_015499.1_342,False,0.9169229251287507,0.0,False
PUNJ01000189.1_10,False,0.9402473447447436,0.0,False
JAFGJP010000142.1_9,False,0.9173747185464252,0.0,False
JADQBH010000148.1_1,False,0.9386067198579395,0.0004,False
NZ_CP069127.1_5219,False,0.9861014849447054,0.0004,False
DSSU01000313.1_8,False,0.9999916382310943,0.0004,False
JACRJN010000144.1_38,False,0.999585033209871,0.0014,True
SLGQ01000319.1_1,False,0.964100682066812,0.0002,False
NZ_CP014223.1_1391,False,0.9910428406510389,0.0,False
JACPTH010000100.1_3,False,0.9106848578384747,0.0008,True
NYZA01000181.1_11,False,0.8987594343714757,0.0002,False
JADBKU010000024.1_42,False,0.9647867621337638,0.0002,False
DEYK01000038.1_14,False,0.8842717098984991,0.0004,False
JACPRG010000064.1_4,False,0.9853280068416714,0.0,False
WJLY01000320.1_2,False,0.8304849483820596,0.0,False
DSSB01000606.1_1,False,0.8640582979092565,0.0,False
JAGOBX010000095.1_1,False,0.9480031356697517,0.001,True
JAAYVF010000028.1_15,False,0.9648566106355574,0.0,False
RFFU01000078.1_87,False,0.9999568848880573,0.0004,False
JAFGIT010000240.1_12,False,0.9981696487770814,0.0002,False
NZ_CP014223.1_2387,False,0.9001948976059418,0.0,False
NZUQ01000146.1_9,False,0.7196148173852693,0.0,False
JAFSWN010000049.1_18,False,0.9410501207139945,0.0,False
SBFR01000065.1_6,False,0.9854306981897423,0.0002,False
NZ_AP018227.1_6801,False,0.998029633174046,0.0,False
NZ_LT985324.1_406,False,0.740782510627223,0.0,False
JAFGAQ010000081.1_14,False,0.9866734557882458,0.0,False
NC_011661.1_494,False,0.9674775293834765,0.0,False
JACRDZ010000213.1_1,False,0.7245597293311355,0.0,False
BMST01000005.1_275,False,0.7965645874902403,0.0,False
JAFGEW010000130.1_8,False,0.9287485053295813,0.0,False
NZ_JACJQY010000031.1_70,False,0.6820508371649171,0.0,False
JABFRY010000036.1_8,False,0.9562835093120564,0.0008,True
NZ_JADWYU010000115.1_34,False,0.9859056760997345,0.0,False
NZ_CP015455.1_1587,False,0.9848155898356044,0.0002,False
NZ_FQVN01000001.1_392,False,0.9510527054419191,0.0004,False
JAADHJ010000025.1_2,False,0.9800983994585345,0.0004,False
JAHKBB010000057.1_4,False,0.955843676318816,0.0,False
QMNL01000013.1_3,False,0.9473763919768297,0.0,False
NZ_SGXC01000001.1_1068,False,0.9421215452699705,0.0002,False
NZ_RXLO01000004.1_121,False,0.9903109192865824,0.0002,False
LJUD01000128.1_7,False,0.9228248043156168,0.0,False
WJKZ01000284.1_3,False,0.9906975373372545,0.0002,False
JABWCP010000049.1_12,False,0.9861482945622978,0.0,False
QLUP01000203.1_1,False,0.9944890552538028,0.0002,False
WFPJ01000075.1_4,False,0.81313438015095,0.0002,False
JAEOSL010000128.1_4,False,0.882016136028455,0.0004,False
JAHDNF010000008.1_10,False,0.9169539606467721,0.0004,False
JACQOV010000025.1_6,False,0.9034826932571074,0.0,False
SKQU01000349.1_1,False,0.9910745974096642,0.0,False
JAGOEH010000023.1_1,False,0.9581255726086824,0.0,False
PDQT01000362.1_7,False,0.997802084464885,0.0,False
PMZC01000005.1_17,False,0.8787195280645441,0.0,False
JAHJDO010000084.1_7,False,0.9364303634700425,0.0,False
DIVR01000006.1_3,False,0.9943681946134396,0.0006,True
NZ_FKIP01001019.1_1,False,0.8518261473063243,0.0,False
NZ_PVNS01000004.1_16,False,0.9997939079324908,0.0002,False
NZ_CP014223.1_1705,False,0.9997948292595226,0.0,False
NZ_UTHA01000226.1_99,False,0.9831934003317183,0.0,False
MNYW01000115.1_4,False,0.7653335646742431,0.0,False
CAISUK010000223.1_18,False,0.9622311154769578,0.0002,False
JAEEIL010000044.1_22,False,0.9060084075775166,0.0,False
NZ_AP018227.1_1758,False,0.9911368640750555,0.0,False
NZ_CP060488.1_2593,False,0.9374592674404055,0.0002,False
PBWH01000009.1_22,False,0.9984526403248974,0.0002,False
NZ_FZMR01000038.1_7,False,0.9883079712609072,0.0,False
NZ_JAFVMG010000012.1_53,False,0.9374197808820292,0.0,False
NZ_LT985336.1_5,False,0.7988201613602846,0.0,False
QJVW01000054.1_5,False,0.9736765892177401,0.0,False
JAAYVF010000072.1_11,False,0.7825106272230415,0.0,False
WGBT01000023.1_3,False,0.837858939880281,0.0,False
JACMRP010000293.1_1,False,0.9193694809473407,0.0,False
NIRF01000008.1_1,False,0.8932940053786762,0.0,False
NZ_JAFCMM010000005.1_655,False,0.9998738596819693,0.0,False
DSNQ01000008.1_25,False,0.7972586102194847,0.0,False
NZ_RXLO01000013.1_17,False,0.8312657239524595,0.0,False
NZ_AFXQ01000027.1_21,False,0.9791679728802812,0.0002,False
LJUI01000001.1_45,False,0.5719614817385269,0.0002,False
JACRJN010000111.1_44,False,0.9983488169815986,0.0,False
NZ_JPST01000005.1_187,False,0.9630468525708581,0.0002,False
MNYI01000065.1_16,False,0.8441051444434805,0.0,False
JAFQXV010000003.1_97,False,0.8516526416240132,0.0,False
CP002161.1_91,False,0.9017007808301332,0.0,False
PUNC01000205.1_1,False,0.9929767688021718,0.0,False
NZ_CP060488.1_378,False,0.9879558376950133,0.0002,False
NZ_JPST01000011.1_50,False,0.9990015141972108,0.0,False
JABMQX010000206.1_1,False,0.9547170610937132,0.0,False
CAJUHL010000040.1_1,False,0.9907164388339559,0.0,False
NZ_BAEO01000031.1_113,False,0.9711451599218576,0.0008,True
WLFD01000075.1_2,False,0.8433243688730806,0.0,False
QIJE01000029.1_21,False,0.9461633906047379,0.0002,False
NZ_FRCD01000005.1_80,False,0.7301119111650907,0.0,False
CACKFQ010000005.1_44,False,0.9691521933636326,0.0004,False
DLMW01000008.1_1,False,0.9617887926677962,0.0,False
JAFUHT010000041.1_8,False,0.8693502212197449,0.0,False
SBHG01000153.1_7,False,0.984983723372494,0.0002,False
JAGCDY010000106.1_11,False,0.7272490674069576,0.0,False
NZ_FZMR01000010.1_31,False,0.9292656127993929,0.0,False
NZ_BMLQ01000003.1_67,False,0.9999292634388763,0.0004,False
SHYX01000062.1_8,False,0.9924070068977155,0.0004,False
DSSC01000006.1_177,False,0.9412089380219129,0.0,False
MFGS01000149.1_3,False,0.9983182565178191,0.0002,False
BMST01000003.1_12,False,0.9567829801270777,0.0002,False
JAAYVF010000031.1_1,False,0.9391413787028905,0.0,False
BMST01000007.1_89,False,0.9831351910905121,0.0,False
NC_014926.1_40,False,0.8925132298082762,0.0002,False
JACQWU010000010.1_4,False,0.9966683387623251,0.0,False
QNEG01000305.1_2,False,0.8923397241259651,0.0,False
JAGORV010000010.1_5,False,0.9185803356692842,0.0,False
JAFUHT010000001.1_4,False,0.9729855812177683,0.0006,True
CAIQVJ010000093.1_2,False,0.9997959268135974,0.0008,True
JAGWYZ010000037.1_22,False,0.603799774442613,0.0,False
JACOWJ010000024.1_57,False,0.9928531576219355,0.0004,False
JAEEIL010000002.1_47,False,0.9719724448432212,0.0,False
QHSL01000066.1_103,False,0.9846770097390269,0.0002,False
JAADIO010000022.1_65,False,0.9217073990657416,0.0,False
CAIQVJ010000023.1_29,False,0.9995277963384791,0.0004,False
WUAI01000005.1_107,False,0.9996037025025802,0.0,False
SLOM01000047.1_7,False,0.9688363725043223,0.0002,False
PLDF01000349.1_6,False,0.9408930511796264,0.0002,False
PLDF01000124.1_31,False,0.7800815476706862,0.0,False
CAJUJZ010000003.1_31,False,0.9312954624868842,0.0,False
NZ_CP015455.1_2151,False,0.9842128342727438,0.0002,False
NZ_CP015423.1_722,False,0.8723865706601891,0.0002,False
BDTM01000110.1_4,False,0.981937600719694,0.0002,False
CAISUK010000669.1_12,False,0.8516526416240132,0.0,False
JACPUR010000038.1_181,False,0.9941202649781281,0.0,False
JACTNB010000021.1_49,False,0.991265303387451,0.0002,False
MNYI01000030.1_3,False,0.9627137271492817,0.0,False
LJUD01000045.1_14,False,0.8572048234579682,0.0,False
CAJUIP010000004.1_64,False,0.9939127493220754,0.0002,False
JAHJLF010000076.1_21,False,0.961998226495453,0.0002,False
JAAYZI010000112.1_5,False,0.9962587584197633,0.0004,False
JAGOUY010000009.1_78,False,0.999308792080512,0.0006,True
NZ_CP016279.1_4405,False,0.9918074441958823,0.0004,False
JABDHD010000102.1_2,False,0.9886679543290255,0.0004,False
JAHKBB010000121.1_2,False,0.7267285503600243,0.0,False
NZ_LT985325.1_291,False,0.9106327988076146,0.0,False
JAHDNF010000003.1_232,False,0.5182614730632428,0.0,False
DSWB01000711.1_26,False,0.9816393742992604,0.0,False
CAIWRR010000027.1_1,False,0.8387264682918365,0.0,False
NZ_CP060488.1_2348,False,0.8959833434544981,0.0,False
JAFGEX010000079.1_2,False,0.858592868916457,0.0,False
PDQT01000253.1_5,False,0.9972742005129508,0.0002,False
JABMQX010000224.1_4,False,0.9073026536928703,0.0,False
JADHUQ010000096.1_10,False,0.9924458529456676,0.0,False
PLDF01000175.1_72,False,0.9974615576208566,0.0002,False
JAFGAQ010000285.1_4,False,0.9553505490614376,0.0004,False
NC_018649.1_1697,False,0.8965038605014314,0.0,False
DDYN01000013.1_61,False,0.9860014987495502,0.0004,False
SFNH01000202.1_2,False,0.996808661553801,0.0,False
OMZR01000106.1_10,False,0.8132211329921055,0.0,False
PWGE01000356.1_4,False,0.9853392052727442,0.0004,False
NC_014836.1_990,False,0.57404354992626,0.0,False
NZ_CP069127.1_3798,False,0.9892887045025651,0.0002,False
NZ_AYYI01000005.1_65,False,0.917064049408862,0.0004,False
DBPU01000052.1_7,False,0.9770849609562051,0.0,False
CP051243.1_191,False,0.9847317790304767,0.0,False
SFEJ01000009.1_18,False,0.9242627185060335,0.0,False
JAGOBX010000472.1_2,False,0.861282206992279,0.0,False
NZ_CAJFNR010000050.1_50,False,0.9991642909438929,0.0004,False
CAJUHL010000104.1_1,False,0.9998127762876262,0.0002,False
DRYD01000140.1_2,False,0.6704259564500737,0.0002,False
JAGVWD010000044.1_4,False,0.9819636753408028,0.0006,True
NBMB01000019.1_9,False,0.666348572915763,0.0,False
NZ_CP015455.1_1915,False,0.8206818773314826,0.0,False
CADCWE010000217.1_1,False,0.9912970210602924,0.0002,False
NZ_JADEKP010000003.1_79,False,0.9919348887498806,0.0008,True
SHYX01000054.1_12,False,0.9947509838458516,0.0006,True
JAHITZ010000032.1_21,False,0.8408085364795697,0.0002,False
JACRAC010000007.1_4,False,0.9875828931401512,0.0002,False
NZ_LT985324.1_844,False,0.9992343671456709,0.0002,False
QZKI01000024.1_16,False,0.9584759182745293,0.0002,False
NZ_RXLO01000011.1_49,False,0.9933016148143032,0.0,False
JAHJLF010000075.1_41,False,0.9424552578961327,0.0,False
QZJZ01000065.1_9,False,0.9723856308556397,0.0,False
NZ_LT985324.1_499,False,0.7832046499522859,0.0,False
JACCUF010000331.1_4,False,0.9799448529364371,0.0002,False
JACPWU010000002.1_37,False,0.8834041814869437,0.0,False
PWXJ01000142.1_6,False,0.9997631679899048,0.0002,False
NZ_JABASS010000001.1_257,False,0.7250802463780689,0.0,False
CP036261.1_4811,False,0.9830681570430587,0.0002,False
NZ_BAEO01000055.1_88,False,0.8100980307105058,0.0,False
DLGL01000060.1_56,False,0.9644187290665698,0.0002,False
NZ_JH379016.1_4,False,0.9999636185022818,0.0004,False
QHUM01000050.1_41,False,0.9936389607384033,0.0002,False
JACPTH010000093.1_3,False,0.8045458488765507,0.0,False
QMNP01000004.1_17,False,0.9865935011892117,0.0004,False
PKTT01000029.1_43,False,0.999574604175696,0.0,False
QCTB01000008.1_17,False,0.869523726902056,0.0,False
NZ_JADWYU010000217.1_12,False,0.866660883143923,0.0,False
DSSU01000255.1_5,False,0.8188600676672161,0.0,False
NZ_RZNA01000047.1_349,False,0.9999475746378014,0.0004,False
PMWA01000078.1_7,False,0.692634683785894,0.0,False
WOZJ01000050.1_139,False,0.8307452069055261,0.0,False
JADJOY010000033.1_22,False,0.8572915762991238,0.0,False
NZ_CP016279.1_2201,False,0.9230296976763369,0.0,False
USJX01000003.1_30,False,0.9804206549042028,0.0002,False
VBJS01000184.1_8,False,0.9374950060257554,0.0,False
NZ_CP016279.1_4621,False,0.9170874747842873,0.0,False
SVSB01000014.1_31,False,0.9750041267557277,0.0002,False
SYBY01000115.1_8,False,0.9987495453788674,0.0006,True
SLOM01000089.1_6,False,0.9999975724602793,0.0006,True
JADJYS010000028.1_23,False,0.9981710263236702,0.0004,False
CAIVGN010000186.1_2,False,0.9958593879187326,0.0002,False
LMZT01000031.1_1,False,0.9985914856764757,0.0,False
SHYX01000019.1_44,False,0.9737349138345733,0.0006,True
WQSZ01000138.1_6,False,0.998223446185503,0.0002,False
CAJUJZ010000004.1_32,False,0.9880180335782246,0.0,False
CAIVGN010000225.1_8,False,0.9937922857157467,0.0,False
NZ_JABASS010000002.1_343,False,0.9983500898621046,0.0006,True
MGPE01000015.1_124,False,0.8386397154506811,0.0,False
CAIWTR010000545.1_5,False,0.999719070136035,0.001,True
JABXHY010000078.1_32,False,0.9905630231175017,0.0004,False
JACPUC010000024.1_9,False,0.9813978758882496,0.0004,False
PLYD01000104.1_4,False,0.7122408258870478,0.0,False
BMST01000002.1_57,False,0.9862501293630975,0.0004,False
PWOA01000015.1_4,False,0.9570236438783197,0.0,False
JAAYZI010000358.1_2,False,0.8348225904398369,0.0,False
JAFGEW010000028.1_15,False,0.9996901609792371,0.0002,False
NZ_CP015455.1_356,False,0.9668826998142991,0.0008,True
NZ_LT985331.1_23,False,0.9868083375704721,0.0008,True
NYZA01000249.1_13,False,0.8100980307105058,0.0,False
MNYV01000036.1_1,False,0.9997940546602324,0.0,False
NZ_PVNS01000006.1_103,False,0.8834041814869437,0.0,False
NZ_NCSM01000080.1_73,False,0.9960020357679247,0.0002,False
NZ_AWRU01000002.1_285,False,0.9973578286304294,0.0006,True
JABMRT010000228.1_8,False,0.9558163372504885,0.0002,False
CP036261.1_4432,False,0.9809992547780417,0.0,False
CAISUK010000386.1_42,False,0.9791183308027034,0.0004,False
NZ_CP021081.1_561,False,0.8307452069055261,0.0,False
NZ_JAFVMG010000046.1_1,False,0.9917472726929564,0.0002,False
MFPR01000028.1_152,False,0.9811935020504017,0.0,False
DTCJ01000022.1_51,False,0.9074303848568949,0.0,False
JAFANK010000014.1_6,False,0.9998217000139524,0.0002,False
JADGDI010000024.1_9,False,0.9945117960265196,0.0006,True
JAHJDO010000131.1_5,False,0.9849068450803933,0.0002,False
NZ_KB908319.1_381,False,0.9936210770729286,0.0002,False
JACTNB010000032.1_10,False,0.951280374160188,0.0,False
JAFGIT010000264.1_13,False,0.999786388177707,0.0004,False
NZ_LR216287.1_2422,False,0.9253388386395491,0.0,False
JWIH01000020.1_398,False,0.9720165900113147,0.0004,False
CP051243.1_305,False,0.9757299925848808,0.0,False
LQMQ01000038.1_19,False,0.8660536132558341,0.0,False
JAAZOE010000119.1_4,False,0.9896320115197299,0.0006,True
JABWBZ010000349.1_4,False,0.99130235947674,0.0,False
CACGHR010000042.1_9,False,0.9979807440760152,0.0,False
JAFGBW010000278.1_14,False,0.9958640836382952,0.0,False
MWCD01000011.1_51,False,0.9965467443796365,0.0002,False
DIWJ01000034.1_8,False,0.9694706201085479,0.0,False
MNUO01000114.1_1,False,0.984834885672954,0.0,False
WFPJ01000071.1_1,False,0.7891038431508632,0.0,False
DSSU01000046.1_2,False,0.7196148173852693,0.0,False
JABMQX010000102.1_4,False,0.9745744947741493,0.0,False
PAYP01000104.1_90,False,0.9440826183517632,0.0002,False
JACOWJ010000057.1_4,False,0.9924834401142014,0.0,False
WYBT01000017.1_33,False,0.9456714593606137,0.0002,False
PLPI01000030.1_1,False,0.8597206558514792,0.0,False
CP051243.1_2641,False,0.998009982666311,0.0002,False
JACMRP010000034.1_9,False,0.9543382354549981,0.0,False
NZ_LBMK01000010.1_110,False,0.9998823340520613,0.0004,False
JAFGTL010000758.1_3,False,0.9650816324404388,0.0,False
JAGALG010000187.1_2,False,0.9849210808365666,0.0,False
JACPTH010000235.1_8,False,0.9667646620873005,0.0,False
JAFQXV010000012.1_10,False,0.9886965878415117,0.0,False
ONXP01000054.1_7,False,0.9842921578112526,0.0,False
QNEG01000018.1_8,False,0.9329511970944026,0.0,False
NC_017096.1_81,False,0.843237616031925,0.0,False
DLMW01000044.1_10,False,0.9961068142211313,0.0,False
JABFGF010000001.1_705,False,0.9132786165884614,0.0,False
JACPSX010000125.1_10,False,0.9085761341022554,0.0,False
SYBY01000527.1_4,False,0.6937624707209161,0.0,False
JAAYZI010000033.1_1,False,0.9933859018575663,0.0,False
PWGE01000404.1_2,False,0.972744176228671,0.0002,False
NZ_JOOE01000001.1_640,False,0.9987407029187456,0.0006,True
CP036261.1_1391,False,0.9577114772006495,0.0,False
SXND01000091.1_5,False,0.7811225817645527,0.0004,False
JADQBH010000284.1_28,False,0.9867536794524768,0.0,False
JACPRG010000042.1_21,False,0.995997178925053,0.0004,False
SLDX01000135.1_2,False,0.9997228625248503,0.0008,True
CAJUHL010000070.1_4,False,0.6798820161360285,0.0,False
NZ_BNCD01000001.1_567,False,0.9995904581814743,0.0002,False
MWBZ01000017.1_7,False,0.8316127353170817,0.0,False
JABFRY010000152.1_1,False,0.9691274847985144,0.0,False
NZ_JAGGOF010000044.1_115,False,0.9600680840643943,0.0,False
SHYX01000024.1_54,False,0.8605881842630346,0.0,False
JAFGUZ010000199.1_6,False,0.9372588443777589,0.0002,False
CAAEXI010000015.1_77,False,0.9995042602809061,0.0004,False
DMSQ01000015.1_26,False,0.9997962881731577,0.0,False
NZ_QHKX01000001.1_932,False,0.9954035217366934,0.0002,False
NZ_CP015423.1_1405,False,0.9643198237622744,0.0,False
PLPI01000010.1_6,False,0.9959155118673357,0.0004,False
CAIQVJ010000130.1_20,False,0.9726805011278902,0.0,False
VGJA01000018.1_9,False,0.8826234059165438,0.0,False
DUMP01000134.1_1,False,0.752494144183222,0.0,False
SLDX01000140.1_2,False,0.998225327218531,0.0004,False
JACRAC010000015.1_1,False,0.901624399186559,0.0,False
DCAZ01000148.1_4,False,0.9689968447731467,0.0002,False
JAHJDO010000018.1_5,False,0.9982902394874367,0.0,False
NZ_UTHA01000098.1_27,False,0.9999980956830495,0.0002,False
VGIW01000045.1_1,False,0.8430641103496139,0.0004,False
NZ_LBMK01000002.1_724,False,0.9716313911973862,0.0,False
DMSQ01000079.1_4,False,0.9307460067331983,0.0006,True
NZ_CP060488.1_1718,False,0.9538378920075742,0.0,False
NZ_JADAQY010000006.1_22,False,0.9080211003332316,0.0,False
QZKI01000120.1_9,False,0.8593736444868569,0.0002,False
JACPUR010000035.1_52,False,0.9516165809377396,0.0002,False
NZ_CP015423.1_3439,False,0.8579855990283681,0.0,False
DLMW01000003.1_3,False,0.9230714165390275,0.0,False
SICP01000005.1_4,False,0.8659668604146786,0.0,False
CAIQVJ010000088.1_139,False,0.9360558204263234,0.0002,False
JABWCP010000008.1_98,False,0.9795950795264573,0.0002,False
NZ_JADEKP010000005.1_66,False,0.6668690899626962,0.0,False
JAGOUY010000008.1_7,False,0.9053810443854609,0.0,False
PUNC01000242.1_35,False,0.7212631213672248,0.0,False
DITF01000350.1_2,False,0.9612550425902701,0.0002,False
WTCB01000120.1_5,False,0.9561972741767802,0.0,False
SBHG01000202.1_1,False,0.9865225567493681,0.0,False
PLYD01000277.1_12,False,0.9846983353091994,0.0,False
NZ_CP015520.1_1842,False,0.9901554087337434,0.0002,False
JAFGTL010000721.1_11,False,0.999912936089165,0.0002,False
SLOM01000288.1_4,False,0.6422312830745207,0.0,False
JAAYRV010000033.1_9,False,0.7087707122408259,0.0,False
NZWP01000009.1_9,False,0.9526243096460819,0.0,False
JABFRY010000301.1_9,False,0.9574339326530683,0.0,False
NC_021031.1_770,False,0.9481826108027104,0.0,False
PMNA01000032.1_4,False,0.9777287082692853,0.0002,False
NZ_RXLO01000005.1_63,False,0.9999985128804887,0.0002,False
CAJFVT010000222.1_1,False,0.9251852874340782,0.0,False
DTLL01000108.1_17,False,0.8984124230068534,0.0,False
MWCD01000035.1_10,False,0.9792576988326889,0.0002,False
QMOQ01000002.1_34,False,0.9533230913253044,0.0,False
JAGXTL010000019.1_84,False,0.7663745987681096,0.0,False
QCFI01000009.1_26,False,0.9524214843461779,0.0002,False
WGBT01000154.1_1,False,0.9579769216559424,0.0002,False
JAGACY010000124.1_4,False,0.9995548319270808,0.0004,False
NZ_CP029480.1_56,False,0.8604146785807235,0.0,False
PKTT01000002.1_35,False,0.6075301466123015,0.0004,False
JACRDZ010000021.1_15,False,0.9410243270838677,0.0004,False
NZ_AFXQ01000001.1_171,False,0.8140019085625054,0.0,False
CACZLA010000004.1_35,False,0.975460100448629,0.001,True
NZ_JOOE01000001.1_102,False,0.9962135197324288,0.0004,False
JAHITZ010000041.1_8,False,0.9976232218441538,0.0,False
WLFD01000073.1_7,False,0.8272750932593043,0.0,False
DLGL01000121.1_9,False,0.9868628034639001,0.0002,False
JACQWU010000336.1_5,False,0.9718962535743749,0.0002,False
CAIQVJ010000043.1_109,False,0.978854224693483,0.0002,False
DNCN01000095.1_7,False,0.9686421226825922,0.0006,True
NVVD01000006.1_162,False,0.9774289604954024,0.0002,False
JAFGEV010000020.1_3,False,0.9631319945259251,0.0,False
DCAZ01000131.1_4,False,0.9992418820087692,0.0002,False
JAGOBX010000103.1_7,False,0.66192417801683,0.0,False
PLDF01000139.1_57,False,0.99952188178689,0.0002,False
JABDHD010000105.1_12,False,0.9878608243202782,0.0002,False
JAADHJ010000038.1_15,False,0.7627309794395767,0.0,False
JADJYS010000034.1_27,False,0.999984520277731,0.0002,False
JWIH01000010.1_139,False,0.9499395237397467,0.0,False
QZKI01000142.1_4,False,0.8970243775483647,0.0,False
QHUM01000064.1_8,False,0.9980285968852253,0.0,False
MWBZ01000135.1_3,False,0.9992075765664364,0.0004,False
JACRGW010000097.1_2,False,0.9456659812461156,0.0002,False
PDQT01000077.1_11,False,0.9047519981337654,0.0,False
JAFSDM010000002.1_3,False,0.9591392861862885,0.0,False
JADGDI010000025.1_27,False,0.9515488382193112,0.0,False
JABFGF010000012.1_8,False,0.9837044482845274,0.0,False
JAGPKD010000041.1_8,False,0.9743717814067964,0.0002,False
NZ_LBMK01000005.1_242,False,0.9998533820906187,0.0002,False
SHMX01000013.1_7,False,0.9959114636499884,0.0,False
NZ_LR216287.1_1135,False,0.979379778708363,0.0,False
RFFU01000073.1_1,False,0.9133528254798831,0.0,False
NZ_LBMK01000001.1_865,False,0.9828353805247089,0.0,False
PKTG01000107.1_76,False,0.8187733148260605,0.0,False
MNUP01000055.1_14,False,0.994526054095264,0.0002,False
MWCZ01000086.1_1,False,0.956027378069233,0.0002,False
NZ_JADWYU010000116.1_20,False,0.9909660235881418,0.0008,True
VBOW01000074.1_7,False,0.7639455192157543,0.0,False
NZ_FKIP01001300.1_22,False,0.7133686128220699,0.0,False
NC_018649.1_1239,False,0.9858122422902342,0.0006,True
QCTB01000012.1_24,False,0.9858058529299888,0.0004,False
NZ_FKIP01000599.1_13,False,0.9759087263772499,0.0002,False
DRYD01000162.1_4,False,0.9211808990298684,0.0,False
NZ_RZNA01000009.1_4,False,0.9994052223642139,0.0004,False
NC_021031.1_2153,False,0.9915961630104537,0.0,False
AZYB01000002.1_48,False,0.9960011824101567,0.0004,False
NZ_VFPQ01000001.1_3551,False,0.7602151470460657,0.0,False
JAFGCY010000109.1_32,False,0.8516526416240132,0.0,False
NZ_FRCD01000013.1_13,False,0.99872020789783,0.0002,False
NZ_RXLO01000006.1_27,False,0.9587478659196857,0.0002,False
JAGXKI010000030.1_4,False,0.9828476544575655,0.0,False
JAEELG010000051.1_3,False,0.9370866733487702,0.0,False
NZ_JAGGOF010000009.1_11,False,0.9244685109302119,0.0,False
NZ_AWRU01000014.1_11,False,0.9519179362130381,0.0002,False
NZ_CP029480.1_408,False,0.9551643889487088,0.0002,False
PLPI01000107.1_7,False,0.6062288539949683,0.0,False
PLDF01000209.1_6,False,0.6837858939880281,0.0,False
WVXK01000002.1_34,False,0.969098152845876,0.0004,False
QLUP01000001.1_23,False,0.992260282937652,0.0,False
MVZB01000033.1_10,False,0.8978051531187646,0.0,False
NZ_FKIP01000664.1_2,False,0.9999978611848,0.0004,False
NZ_BMLQ01000001.1_373,False,0.9997416973482385,0.0,False
JAGPNE010000011.1_7,False,0.9380758636936585,0.0,False
DSSU01000181.1_14,False,0.976275439698047,0.0002,False
NZ_FCNU01000030.1_69,False,0.9634108924349979,0.0,False
MNYW01000004.1_13,False,0.9882064928865713,0.0004,False
JACCUF010000319.1_4,False,0.9991779615578649,0.0002,False
LCRX01000005.1_5,False,0.9967485290209348,0.0002,False
JAFGBW010000188.1_5,False,0.9656579831502456,0.0,False
CP002989.1_412,False,0.9150243504977118,0.0,False
PLDF01000373.1_47,False,0.4873774616118678,0.0,False
JAHIZU010000290.1_1,False,0.8370781643098811,0.0,False
QNDR01000034.1_19,False,0.9535353806244757,0.0002,False
NZ_RXLO01000016.1_42,False,0.9636078587371079,0.0004,False
JAGVWD010000022.1_11,False,0.8842717098984991,0.0,False
WFPJ01000077.1_20,False,0.7773054567537087,0.0,False
PMZC01000047.1_32,False,0.9141312008562247,0.0,False
NC_022792.1_864,False,0.9274201599884431,0.0,False
SXND01000158.1_1,False,0.7834649084757526,0.0,False
CAIQVJ010000028.1_174,False,0.9254633092218819,0.0,False
JACPTH010000041.1_3,False,0.995138483712684,0.0,False
DSWB01000385.1_2,False,0.9854556101045874,0.0,False
DJVG01000023.1_15,False,0.9699534977373152,0.0,False
JAAYXC010000168.1_3,False,0.7737485902663312,0.0,False
JAFAZD010000099.1_6,False,0.9146642944411333,0.0,False
MHDQ01000304.1_1,False,0.9905526794105444,0.0004,False
LCRX01000010.1_47,False,0.7656805760388653,0.0,False
NZ_JACJQY010000007.1_23,False,0.8613689598334345,0.0,False
NZ_QHKX01000003.1_711,False,0.9999999203596097,0.0004,False
CACZLA010000032.1_34,False,0.915172684768058,0.0,False
JAERTH010000029.1_21,False,0.9829758654687778,0.0,False
DF820455.1_1032,False,0.8230242040426824,0.0,False
DLYX01000593.1_1,False,0.9619588093819251,0.0,False
NZ_JOOE01000001.1_1371,False,0.9993178988343159,0.0006,True
JAFKJK010000014.1_6,False,0.9987371368884652,0.0004,False
JAFGDH010000016.1_72,False,0.9136284620658194,0.0002,False
JAGOEH010000189.1_7,False,0.9585219494926729,0.0002,False
JAFGUZ010000209.1_1,False,0.8290969029235707,0.0,False
LMZT01000004.1_1,False,0.9725423440290056,0.0,False
NZ_JXCG01000001.1_24,False,0.8288366444001041,0.0006,True
PMNA01000028.1_4,False,0.9777966504014419,0.0002,False
NZ_FKIP01001186.1_5,False,0.9627498405641863,0.0002,False
NZ_AWRU01000012.1_17,False,0.9283672621148618,0.0006,True
NZ_KB290710.1_108,False,0.9909716062997752,0.0,False
JACIXQ010000001.1_61,False,0.9957268394560155,0.0002,False
DRGV01000059.1_3,False,0.959329734038392,0.0,False
DDWC01000230.1_9,False,0.9281690455749163,0.0002,False
JACRDZ010000086.1_4,False,0.7570052919233105,0.0,False
DSCS01000006.1_29,False,0.7158844452155808,0.0,False
NZ_JAFVMG010000033.1_5,False,0.8611954541511234,0.0,False
NZ_AP018229.1_19,False,0.9688527454663668,0.0,False
NC_011661.1_633,False,0.9576260752648248,0.0002,False
CP054183.1_1509,False,0.9214155905772121,0.0004,False
JAFUYQ010000032.1_29,False,0.9582902462883041,0.0,False
BDTG01000039.1_73,False,0.8212023943784159,0.0004,False
DDGC01000018.1_26,False,0.9997713531466101,0.0004,False
JAGXLP010000030.1_11,False,0.784332436887308,0.0,False
CAIQVJ010000024.1_87,False,0.9786631048271529,0.0002,False
NZ_BDAU01000011.1_32,False,0.999571692401659,0.0008,True
JADBKU010000002.1_91,False,0.999723286542293,0.0006,True
LUZY01000013.1_410,False,0.6098724733235014,0.0002,False
NZ_AP018227.1_6651,False,0.9830115771755407,0.0002,False
NZ_RZNA01000003.1_209,False,0.9761430689336772,0.0002,False
VXMB01000009.1_1335,False,0.9462820248340599,0.0,False
JAAYZI010000273.1_2,False,0.8971111303895203,0.0,False
CAIVOB010000017.1_5,False,0.9349865647261334,0.0,False
NZ_LMIV01000004.1_2,False,0.6774529365836731,0.0,False
NZ_BJKN01000001.1_930,False,0.7834649084757526,0.0,False
NZ_FRCD01000008.1_16,False,0.9981344754434968,0.0,False
JAGACY010000326.1_3,False,0.8683091871258783,0.0,False
DIFC01000069.1_19,False,0.9843205798110695,0.0,False
NZ_PTQW01000030.1_2,False,0.9789408953622606,0.0006,True
WSZW01000128.1_7,False,0.999604881781032,0.0006,True
KI543199.1_65,False,0.7589138544287325,0.0,False
NZ_FKIP01000219.1_1,False,0.998944649632398,0.0002,False
JACRDZ010000225.1_15,False,0.9589986838789686,0.0,False
JAGOBX010000018.1_5,False,0.9995065618958701,0.0,False
MVZB01000196.1_3,False,0.9741402415713237,0.0002,False
NZ_SJCO01000027.1_14,False,0.9653399515404802,0.0,False
NZ_LMIV01000001.1_2000,False,0.9295659141587804,0.0,False
JAFGIQ010000001.1_6,False,0.9082782473551871,0.0002,False
NZ_KB908334.1_34,False,0.9947869197065969,0.0002,False
NZ_PTQW01000014.1_57,False,0.8438448859200138,0.0002,False
QMNL01000007.1_11,False,0.9892344282977319,0.0002,False
CAIVGN010000211.1_19,False,0.9994569103093062,0.0004,False
MVCZ01000018.1_6,False,0.930269397363677,0.0002,False
JABMRT010000252.1_8,False,0.8577253405049016,0.0,False
LJUD01000151.1_4,False,0.975890973733287,0.0,False
NZ_NCSM01000018.1_223,False,0.9689069172520225,0.0002,False
PLDF01000414.1_18,False,0.9981598248375034,0.0002,False
MVCR01000081.1_2,False,0.9538666522624311,0.0,False
NZ_CP027570.1_1314,False,0.8429773575084584,0.0,False
WFTM01000094.1_3,False,0.7441658714322894,0.0,False
RFFQ01000133.1_17,False,0.8813221132992105,0.0,False
NZ_CAJFNR010000075.1_9,False,0.9631292053032902,0.0,False
NZ_CP016279.1_5278,False,0.8109655591220613,0.0,False
SYBY01000510.1_3,False,0.9889813120266687,0.0,False
JACPUR010000041.1_244,False,0.8466209768369914,0.0,False
LDXN01000041.1_19,False,0.924096812167854,0.0,False
BDTM01000014.1_4,False,0.9969086978871138,0.0,False
WQSZ01000052.1_7,False,0.9601627907613051,0.0004,False
PAYP01000023.1_47,False,0.9595166588024167,0.0004,False
JAGXTL010000016.1_60,False,0.9981248882152335,0.0004,False
JADJOY010000010.1_170,False,0.9924385987277269,0.0,False
PUNJ01000193.1_2,False,0.9853308166657291,0.0,False
NZ_PJIN01000001.1_257,False,0.9869849660119213,0.0004,False
CAIQVJ010000124.1_15,False,0.9819574381951727,0.0004,False
LKMX01000051.1_5,False,0.9530937112766262,0.0004,False
JAHJDJ010000162.1_23,False,0.9917550580502307,0.0002,False
MDLB01000022.1_5,False,0.9861195098743128,0.0002,False
JABFGF010000001.1_607,False,0.8670946473497007,0.0,False
DEYK01000024.1_1,False,0.9814737139173607,0.0,False
PWHN01000048.1_2,False,0.9449730050562802,0.0004,False
WJKZ01000090.1_7,False,0.999307272211548,0.0,False
JACTNB010000023.1_1,False,0.9759644289440403,0.0,False
JACPHL010000129.1_7,False,0.9374376170716363,0.0,False
JAGCDY010000095.1_2,False,0.8555565194760129,0.0,False
NZ_CP021082.1_435,False,0.829443914288193,0.0,False
PXPD01000012.1_2,False,0.9739950557622962,0.0004,False
QJVW01000112.1_1,False,0.9519512329380598,0.0,False
NZ_FQVN01000001.1_279,False,0.9962440756988771,0.0002,False
WRMI01000010.1_26,False,0.9821621198206091,0.0002,False
NZ_JAFVMG010000007.1_102,False,0.9994411453707539,0.0004,False
NYZA01000243.1_9,False,0.9994334124542639,0.0012,True
PWGE01000445.1_6,False,0.9454445689994432,0.0,False
NC_007759.1_716,False,0.9987416660399093,0.001,True
NYYY01000016.1_5,False,0.9282076521604553,0.0,False
JAHIZU010000265.1_10,False,0.47627309794395767,0.0,False
JADGAT010000003.1_22,False,0.869523726902056,0.0,False
WLFD01000104.1_3,False,0.9998625294251079,0.0002,False
JAEEJP010000061.1_27,False,0.8212023943784159,0.0002,False
JAAYZI010000267.1_3,False,0.9081493867408175,0.0002,False
NZ_FQVN01000003.1_690,False,0.9718138895022072,0.0008,True
SYBY01000476.1_1,False,0.9965756635540665,0.0,False
DSWB01000574.1_7,False,0.9536786640112277,0.0002,False
JAHJDO010000081.1_26,False,0.9550164323035932,0.0002,False
NZ_FCNU01000031.1_96,False,0.9999493718579934,0.0,False
JAGCPB010000048.1_19,False,0.9991021521434377,0.0002,False
JAFRSI010000141.1_7,False,0.9978578306070516,0.0004,False
NZ_FQVN01000009.1_220,False,0.9887736668470175,0.0,False
QMTU01000053.1_5,False,0.6165524420924785,0.0,False
VXMB01000009.1_678,False,0.9581679178820411,0.0,False
NZ_AP018227.1_152,False,0.5727422573089269,0.0,False
NZ_JABFHO010000001.1_409,False,0.9347713180392614,0.0,False
NZ_CP014223.1_1445,False,0.8316127353170817,0.0,False
MWBZ01000139.1_2,False,0.8471414938839247,0.0,False
WSZW01000105.1_2,False,0.9786445307788322,0.0,False
NZ_FRCD01000002.1_304,False,0.7522338856597554,0.0,False
NZ_LBMK01000008.1_253,False,0.9972469122578145,0.0002,False
MGQK01000125.1_6,False,0.8066279170642838,0.0,False
JAAYCL010000006.1_20,False,0.9997062914724213,0.001,True
JACIXG010000003.1_97,False,0.9934959613332452,0.0,False
PMZC01000233.1_24,False,0.5424655157456407,0.0004,False
NZ_CP014223.1_237,False,0.9363157664233375,0.0,False
QHSL01000106.1_4,False,0.8207686301726381,0.0,False
MFPR01000028.1_156,False,0.975722439091798,0.0002,False
DHZH01000002.1_346,False,0.967069143567977,0.0002,False
JAHIPN010000370.1_5,False,0.9061286945486933,0.0,False
PBWH01000027.1_96,False,0.9988759844490622,0.0002,False
NZ_CP060488.1_3472,False,0.9973687252285246,0.0006,True
JAFGBE010000042.1_10,False,0.9620134296837196,0.0,False
JACPAV010000011.1_59,False,0.9961676859472661,0.0002,False
JAGOUY010000006.1_91,False,0.9851347700699167,0.0,False
PLFD01000032.1_97,False,0.9823336431718425,0.0002,False
JADGAT010000032.1_40,False,0.9851362904183573,0.0,False
USJX01000001.1_14,False,0.9002013895669059,0.0,False
NZ_QHKX01000001.1_379,False,0.9970511818607585,0.0002,False
SLOM01000191.1_8,False,0.9953650714777351,0.0,False
NVVD01000002.1_232,False,0.9774442929566345,0.0002,False
JACIXR010000006.1_145,False,0.9838394789629038,0.0006,True
WVXK01000038.1_2,False,0.9944624660500266,0.0,False
JAFGBW010000299.1_11,False,0.9970081225406762,0.0,False
JAHJDO010000029.1_23,False,0.7539689424828663,0.0,False
VGJA01000009.1_13,False,0.7795610306237529,0.0,False
JABDLO010000043.1_5,False,0.9987852741223241,0.0,False
JAAYXC010000172.1_18,False,0.9888702479059996,0.0002,False
JAEEOX010000135.1_9,False,0.9956502620090258,0.0,False
CAJQMW010000124.1_3,False,0.9962306056116254,0.0,False
JACQOV010000099.1_1,False,0.8492235620716578,0.0,False
DCAZ01000005.1_4,False,0.983718216829022,0.0004,False
JABWBZ010000186.1_5,False,0.9967162767214801,0.0,False
NZ_JAFCMM010000001.1_1979,False,0.9999991998295344,0.0002,False
SKQU01000241.1_10,False,0.8179057864145051,0.0002,False
JAHDNF010000001.1_213,False,0.9823410282856199,0.0,False
JAFANK010000326.1_1,False,0.9939872841688564,0.0,False
CAIVGN010000006.1_133,False,0.9454273989086088,0.0002,False
NZ_JAGGOF010000004.1_28,False,0.9705827069940766,0.0,False
JAFGCY010000099.1_14,False,0.8402012665914809,0.0,False
DSKM01000009.1_154,False,0.9946806346766371,0.0004,False
DBJE01000013.1_140,False,0.9992364967657363,0.0,False
NZ_BDAU01000034.1_58,False,0.9999880132109206,0.0006,True
JACOUC010000070.1_1,False,0.929880476872388,0.0,False
NIRF01000028.1_4,False,0.9355757014356385,0.0,False
NZ_LR216287.1_60,False,0.9781286667912069,0.0002,False
CP002988.1_425,False,0.9536823317808224,0.0,False
JAGWYZ010000004.1_19,False,0.7468552095081114,0.0,False
NZ_LMIV01000001.1_13,False,0.9392530769129072,0.0,False
CAADSM010000115.1_9,False,0.983020273628108,0.0002,False
PWNJ01000219.1_1,False,0.9281433665680847,0.0002,False
DDWC01000065.1_10,False,0.9972380476998838,0.0002,False
LKMX01000044.1_4,False,0.7133686128220699,0.0,False
JAAYAK010000073.1_2,False,0.9999992662149575,0.0004,False
LMZT01000085.1_25,False,0.9356826381638945,0.0004,False
QIFF01000163.1_8,False,0.8623232410861456,0.0002,False
CAIVOB010000019.1_4,False,0.9120845314787174,0.0,False
JABFRY010000297.1_1,False,0.9837790271608714,0.0,False
DAPM01000022.1_1,False,0.9744075803656583,0.0,False
JAFUYQ010000029.1_6,False,0.8015962522772621,0.0,False
AQRW01000157.1_16,False,0.9613979702461632,0.0002,False
CAIOLV010000002.1_8,False,0.9043620243175444,0.0,False
PLYD01000202.1_3,False,0.9968554458020973,0.0004,False
JAFUHT010000010.1_9,False,0.9922878665849438,0.0,False
JAFGEW010000107.1_1,False,0.9393866530047931,0.0,False
NVVD01000005.1_12,False,0.9906813890905686,0.0006,True
WRBD01000009.1_66,False,0.5172204389693762,0.0,False
NZ_AYYI01000080.1_10,False,0.6605361325583413,0.0,False
JADBKU010000058.1_3,False,0.997855213491247,0.0002,False
DHHE01000122.1_6,False,0.6481304762730979,0.0,False
SHYX01000032.1_44,False,0.9915198437556489,0.0002,False
NC_022792.1_1705,False,0.9332617112189169,0.0,False
JAFGTC010000165.1_9,False,0.9999807670762758,0.0,False
JACPUR010000021.1_6,False,0.9986113995858379,0.0002,False
JAFGDH010000001.1_31,False,0.9554717118562333,0.0004,False
JABMRT010000087.1_6,False,0.5281512969549753,0.0,False
DJVC01000053.1_29,False,0.9864026083951484,0.0002,False
NZ_KZ293963.1_2647,False,0.9421591421291495,0.0004,False
JAFGTC010000262.1_20,False,0.8650993320031231,0.0,False
JAAOXX010000072.1_19,False,0.9033822738606383,0.0,False
USJX01000014.1_13,False,0.6813568144356728,0.0002,False
OMZR01000093.1_7,False,0.8705647609959226,0.0,False
NZ_NCSM01000007.1_255,False,0.9009348267404972,0.0004,False
QMOQ01000016.1_1,False,0.9513053829173719,0.0,False
JADGAT010000102.1_2,False,0.9506448358934247,0.0,False
NVVD01000007.1_69,False,0.9454030575466654,0.0002,False
NZ_CP060488.1_1839,False,0.9880960397985101,0.0,False
CAADSM010000095.1_21,False,0.9714796535319782,0.0,False
NZ_BDAU01000019.1_145,False,0.987431807600266,0.0002,False
JABIXH010000281.1_1,False,0.8076689511581504,0.0,False
NZ_PJIN01000001.1_470,False,0.9857224849142868,0.0,False
JABMRT010000172.1_37,False,0.9080460680105424,0.0,False
CAJMJN010000004.1_71,False,0.9998903949915183,0.0002,False
JAFGTL010000741.1_9,False,0.9179721544834919,0.0,False
JABDLO010000379.1_2,False,0.9695656933516477,0.0002,False
NZ_PTQW01000034.1_37,False,0.9912002776590834,0.0002,False
WLFD01000145.1_1,False,0.8548624967467685,0.0,False
DREG01000228.1_10,False,0.9598425938233929,0.0,False
JAFGIQ010000135.1_2,False,0.9907396067511576,0.0,False
WYBT01000001.1_4,False,0.9637360126051471,0.0,False
QHSL01000047.1_6,False,0.99739922622817,0.0008,True
WALD01000062.1_2,False,0.979644976785857,0.0004,False
JACRLM010000092.1_11,False,0.8279691159885486,0.0,False
NZ_PTQW01000022.1_13,False,0.9991635114178159,0.0,False
DREG01000412.1_1,False,0.7576993146525549,0.0,False
NYZA01000023.1_3,False,0.9928667454527095,0.0002,False
NZ_CP007062.1_1708,False,0.9761236202606386,0.0,False
PKWQ01000299.1_3,False,0.8637112865446344,0.0,False
PWNJ01000167.1_3,False,0.9963367408495082,0.0002,False
JAADHJ010000008.1_15,False,0.937925999360681,0.0002,False
JABWCP010000009.1_82,False,0.7981261386310402,0.0,False
JADHWK010000008.1_4,False,0.9916429035604521,0.0006,True
MGQK01000026.1_9,False,0.9850375867718457,0.0,False
NZ_FRCD01000002.1_23,False,0.9969735662726581,0.0,False
NZ_LT985334.1_2,False,0.9913350503366294,0.0002,False
WGBT01000284.1_4,False,0.9579932339429232,0.0,False
RFIY01000366.1_4,False,0.9888298645424716,0.0,False
JAFGEX010000134.1_4,False,0.8981521644833869,0.0,False
VXMB01000007.1_494,False,0.8048061074000173,0.0,False
PAQS01000022.1_33,False,0.9835351811553017,0.0004,False
MNUO01000094.1_2,False,0.7230849310314913,0.0,False
CAJQMW010000303.1_5,False,0.9180233137788879,0.0,False
JACIXS010000285.1_1,False,0.9962014685082053,0.0,False
VMTI01000121.1_2,False,0.9746122651872828,0.0002,False
OMZR01000219.1_1,False,0.9865651476510756,0.0,False
MGDH01000042.1_39,False,0.9260127394539259,0.0,False
BMST01000015.1_104,False,0.9997397550455773,0.0008,True
DBRQ01000008.1_13,False,0.9254782532661754,0.0,False
NZ_PVNS01000005.1_223,False,0.9200476000222402,0.0002,False
CAILUR010000127.1_2,False,0.9993189881165546,0.0,False
JAFGOL010000246.1_5,False,0.7497180532662445,0.0,False
NZ_KB908324.1_41,False,0.7779127266417976,0.0,False
WJKZ01000061.1_4,False,0.7707122408258871,0.0,False
CAJMJN010000002.1_130,False,0.9897494482369906,0.0,False
CAIQVJ010000048.1_58,False,0.9983470102974605,0.0,False
JAAYHG010000307.1_9,False,0.8988461872126312,0.0,False
NZ_FQVN01000002.1_414,False,0.7930944738440184,0.0,False
CAJFVT010000139.1_14,False,0.9999995860573221,0.0004,False
NZ_CP021084.1_337,False,0.698967641190249,0.0002,False
MFGS01000039.1_1,False,0.9813066531988325,0.0,False
PMZC01000358.1_23,False,0.9100196269389468,0.0,False
PLDF01000411.1_8,False,0.8029842977357509,0.0002,False
NZ_AGJL01000005.1_23,False,0.9998420425566859,0.0,False
NZ_JADEKP010000002.1_236,False,0.9548428715019084,0.0,False
NZ_JAGGOF010000002.1_101,False,0.9911325252428165,0.0002,False
NZ_AFXQ01000002.1_96,False,0.9898130265718716,0.0002,False
JAEEIL010000027.1_7,False,0.7667216101327319,0.0,False
JAGWYZ010000284.1_7,False,0.9221191115254724,0.0,False
QZKU01000070.1_1,False,0.9350754236701199,0.0006,True
JABDLO010000428.1_6,False,0.9998873906364864,0.0,False
NZ_AFXQ01000003.1_177,False,0.9569164249427079,0.0,False
MGQK01000047.1_8,False,0.9741648854564071,0.0,False
DITF01000175.1_3,False,0.7750498828836644,0.0,False
LJUI01000086.1_9,False,0.9977002820101211,0.001,True
PWOD01000055.1_1,False,0.9961023163892336,0.0002,False
JAABRV010000046.1_3,False,0.9863740422249284,0.0002,False
JABDHD010000123.1_7,False,0.8613689598334345,0.0,False
JAFGIT010000145.1_1,False,0.9292635612931479,0.0,False
VBJS01000166.1_2,False,0.8467944825193026,0.0,False
NZ_AP018227.1_6845,False,0.982789305267271,0.0,False
JAAYVF010000069.1_4,False,0.9754737985675377,0.0002,False
CAIQVJ010000013.1_2,False,0.9854345261322653,0.0,False
DCAZ01000104.1_6,False,0.7306324282120239,0.0,False
CADCWE010000010.1_14,False,0.9402066354346332,0.0006,True
MDLB01000087.1_2,False,0.8971978832306758,0.0,False
NZ_PVNS01000013.1_45,False,0.9905835641694646,0.0002,False
OMZR01000168.1_4,False,0.9492548783292847,0.0002,False
JACQOF010000146.1_39,False,0.898499175848009,0.0,False
JAADIC010000059.1_7,False,0.8134813915155721,0.0,False
QNEG01000288.1_1,False,0.9952231914638421,0.0002,False
CAJUHL010000011.1_13,False,0.8732540990717446,0.0,False
DSUT01000102.1_1,False,0.9472919484514721,0.0,False
MNYW01000016.1_10,False,0.9689975949699507,0.001,True
JAGACY010000086.1_7,False,0.990711570433454,0.0002,False
SLOM01000019.1_21,False,0.9828701487808779,0.0,False
NZ_BAEO01000047.1_11,False,0.9993055025492075,0.0008,True
VBAP01000068.1_15,False,0.992893551277934,0.0,False
JADQBH010000177.1_10,False,0.981946926720514,0.0002,False
QHSL01000083.1_23,False,0.6227118938145224,0.0,False
WSZW01000138.1_2,False,0.7853734709811746,0.0,False
DRUE01000119.1_6,False,0.8809751019345884,0.0,False
JACPQY010000074.1_1,False,0.9996577234213975,0.0002,False
NZ_NCSM01000039.1_52,False,0.9688539635443264,0.0,False
WJLY01000028.1_4,False,0.2841155547844192,0.0,False
PLDF01000276.1_49,False,0.999953092365235,0.001,True
JADGAT010000019.1_12,False,0.9951308628356391,0.0002,False
NZ_FRCD01000004.1_165,False,0.9616175776862038,0.0,False
JACPTH010000160.1_1,False,0.6719875075908736,0.0,False
DUMP01000005.1_9,False,0.9934247883981908,0.0006,True
JAFGJP010000280.1_3,False,0.9997746407156511,0.0002,False
WBXH01000002.1_16,False,0.9995015293642516,0.0002,False
LJUI01000012.1_1,False,0.8264075648477488,0.0,False
CACZFN010000005.1_52,False,0.981287791978819,0.0002,False
JACRLM010000062.1_14,False,0.9710609172546718,0.0,False
JAHJDR010000247.1_4,False,0.8659668604146786,0.0,False
DSNQ01000041.1_38,False,0.758046326017177,0.0,False
NZ_JADAQY010000001.1_119,False,0.8146091784505942,0.0,False
ONGA01000006.1_10,False,0.9590477503509518,0.0,False
USIB01000048.1_4,False,0.8645788149561898,0.0,False
SHYX01000044.1_32,False,0.9999995375101233,0.0002,False
JAFGUZ010000165.1_10,False,0.46299991324715883,0.0,False
PLOF01000072.1_38,False,0.9999155084424248,0.0,False
LJUY01000004.1_87,False,0.9836576256184025,0.0002,False
JAHJDO010000128.1_2,False,0.9993075764801274,0.0,False
PWNJ01000114.1_5,False,0.8277956103062375,0.0,False
SBFR01000081.1_2,False,0.9720841852638202,0.0002,False
CAISUK010000386.1_35,False,0.9891769007491372,0.0002,False
NZ_UTHA01000049.1_1,False,0.9945430976985704,0.0,False
SHYX01000005.1_63,False,0.8895636332089876,0.0004,False
JACOUC010000039.1_3,False,0.9457030449903231,0.0002,False
NZ_CP016279.1_9034,False,0.9119475928402967,0.0,False
JADJOY010000044.1_9,False,0.8743818860067667,0.0,False
DSSU01000079.1_9,False,0.9877608648156072,0.0002,False
PFND01000088.1_1,False,0.952508945189858,0.0,False
NZ_QHKX01000001.1_392,False,0.9347715909921643,0.0004,False
JAGOBX010000118.1_6,False,0.9556654670724267,0.0002,False
NZ_BAEO01000015.1_148,False,0.9061972285312035,0.0,False
JADGAT010000224.1_1,False,0.999109807986918,0.0006,True
NZ_NCSM01000059.1_76,False,0.9999824150236565,0.0002,False
PWXJ01000002.1_4,False,0.9342959551395161,0.0,False
JAAYRV010000236.1_3,False,0.9216567282376997,0.0,False
NZ_JAGGOF010000103.1_17,False,0.6738093172551401,0.0,False
JAFGAQ010000350.1_3,False,0.7259477747896244,0.0,False
WYBT01000021.1_141,False,0.8094040079812613,0.0,False
VBAP01000009.1_138,False,0.9861334131358582,0.0002,False
JACQWU010000142.1_4,False,0.8550360024290795,0.0002,False
JAEELG010000098.1_9,False,0.802203522165351,0.0,False
JAFUHT010000068.1_14,False,0.8736878632775223,0.0,False
JAAYXC010000214.1_4,False,0.9831326948777513,0.0002,False
WRMI01000035.1_9,False,0.9930532978102712,0.0004,False
NZ_JOOE01000002.1_814,False,0.9975288180764356,0.0,False
JACQWU010000223.1_3,False,0.9932108902391806,0.0,False
NZ_LBMK01000001.1_827,False,0.9867587392064096,0.0002,False
DNCN01000148.1_8,False,0.958559086949245,0.0,False
PLDF01000358.1_8,False,0.9959561728780758,0.0002,False
JAAZOE010000400.1_1,False,0.6452676325149649,0.0,False
JAGORV010000019.1_2,False,0.9487673815046452,0.0,False
JADGDI010000005.1_30,False,0.828663138717793,0.0,False
JAFGEX010000084.1_5,False,0.9993364040373239,0.0,False
NZ_KB908319.1_361,False,0.9970534549523727,0.0,False
MVCZ01000019.1_1,False,0.9905529026847009,0.0006,True
WFRF01000063.1_3,False,0.9918136109415061,0.0,False
NZ_SJCO01000015.1_132,False,0.983665177721014,0.0004,False
NZ_FCNU01000021.1_128,False,0.758046326017177,0.0,False
JABIXH010000107.1_15,False,0.9996455272733875,0.0002,False
JAAYAK010000148.1_6,False,0.9937497237108732,0.0,False
JAFGBE010000133.1_4,False,0.9241051268144166,0.0,False
PMZC01000218.1_2,False,0.9369122115107867,0.0,False
DUMP01000091.1_68,False,0.9933751257186885,0.0,False
CACGSI010000020.1_17,False,0.9922859444137756,0.0,False
NC_014926.1_175,False,0.8008154767068622,0.0,False
JAHJDO010000032.1_8,False,0.8188600676672161,0.0,False
NZ_KB908323.1_20,False,0.9999924498932267,0.0006,True
RFFU01000007.1_23,False,0.818686561984905,0.0,False
BMST01000005.1_3,False,0.9135628076817642,0.0002,False
NZ_JABFHO010000001.1_3022,False,0.96571306262785,0.0,False
DF820458.1_319,False,0.9661814783078825,0.0002,False
NZ_UTHA01000068.1_12,False,0.9534494345166616,0.0,False
JACPSX010000071.1_4,False,0.9861784453577027,0.0004,False
CAIQVJ010000035.1_54,False,0.9897131114979717,0.0002,False
CP036261.1_1025,False,0.9719182623585519,0.0,False
WFTM01000264.1_1,False,0.9957111792422958,0.0002,False
JAHJDO010000089.1_14,False,0.9943665447708007,0.0,False
SHMX01000001.1_554,False,0.8906914201440097,0.0,False
WFRF01000210.1_19,False,0.9743721426310592,0.0,False
PLDF01000195.1_11,False,0.9864600943752726,0.0,False
CAISUK010000328.1_13,False,0.9997308897234414,0.0008,True
NZ_WEZQ01000001.1_26,False,0.9566636811992256,0.0,False
DITF01000251.1_1,False,0.8107053005985946,0.0,False
JACRJN010000125.1_12,False,0.9998730423720888,0.0004,False
JAHJDR010000256.1_4,False,0.7776524681183309,0.0,False
PKTG01000038.1_4,False,0.9174199906112944,0.0,False
JAFANK010000090.1_2,False,0.9196943753187701,0.0002,False
JAFGTL010000795.1_2,False,0.9548235338780026,0.0004,False
JAFGCY010000078.1_6,False,0.7462479396200226,0.0,False
CP036261.1_746,False,0.9512160749736658,0.0,False
NZ_JADWYU010000083.1_54,False,0.9999455239994273,0.0006,True
NZ_CP016279.1_7258,False,0.9899379363481293,0.0,False
WVXK01000075.1_30,False,0.9999215824992943,0.0,False
JABWCD010000011.1_52,False,0.9956901854400972,0.0004,False
JAHJDJ010000351.1_4,False,0.9467958257581689,0.0002,False
DIWJ01000017.1_30,False,0.6253144790491889,0.0,False
PDQT01000299.1_7,False,0.6467424308146091,0.0,False
NZ_AWRU01000034.1_365,False,0.9070119584560484,0.0,False
DMSQ01000006.1_116,False,0.9988192900072665,0.0004,False
METK01000016.1_20,False,0.9599472719582982,0.0002,False
NZ_CAJFNR010000073.1_16,False,0.9916627357786505,0.0002,False
WRBD01000020.1_35,False,0.9848482090692149,0.0004,False
CAIVGN010000097.1_85,False,0.9652873544826817,0.0004,False
JAFAZD010000191.1_10,False,0.9824156934473601,0.0004,False
SVSB01000004.1_42,False,0.972050946329833,0.0,False
LDXN01000007.1_48,False,0.7925739567970851,0.0002,False
RFFQ01000185.1_8,False,0.9254860312567954,0.0,False
SLOM01000150.1_41,False,0.896764119024898,0.0,False
JACIXG010000031.1_57,False,0.9939500145189574,0.0,False
QNDJ01000014.1_2,False,0.999601414205672,0.0006,True
PWOA01000081.1_2,False,0.9499345054337288,0.0002,False
QCFI01000008.1_65,False,0.9722230465569338,0.0002,False
DCHV01000050.1_25,False,0.9604516700521419,0.0004,False
SOJN01000042.1_2,False,0.9932066683039356,0.0002,False
JAFUHT010000024.1_33,False,0.8075821983169948,0.0,False
PUNC01000098.1_2,False,0.999740953364588,0.0,False
PUNC01000155.1_3,False,0.9999999781478753,0.0006,True
CP051243.1_2728,False,0.973046053038799,0.0002,False
NZ_CP060488.1_245,False,0.9593419225995292,0.0002,False
NBMB01000090.1_15,False,0.9992019637553041,0.0002,False
USIB01000071.1_12,False,0.9354489322863044,0.0,False
DRXT01000027.1_30,False,0.9143337748629248,0.0002,False
NZ_KZ293963.1_4005,False,0.9633624062263454,0.0002,False
JABWBZ010000283.1_5,False,0.88756831786241,0.0,False
JACPHL010000324.1_3,False,0.9965466043963362,0.0006,True
NZ_CP007062.1_325,False,0.9109484949635994,0.0,False
JABWCD010000016.1_141,False,0.9158008066178842,0.0002,False
NZ_KZ293963.1_3280,False,0.9988800540157973,0.0006,True
JAAYXC010000313.1_8,False,0.9997629118855753,0.0002,False
JABXHY010000036.1_35,False,0.9924126680414248,0.0,False
NZ_UTHA01000126.1_33,False,0.9945226566520912,0.0,False
JAADIO010000046.1_41,False,0.9996903674585419,0.0002,False
NZ_JAFCMM010000001.1_1223,False,0.9524500844574769,0.0,False
SLGQ01000169.1_6,False,0.8670946473497007,0.0,False
DRTT01000084.1_1,False,0.9957467149898307,0.0002,False
NZ_JOOE01000003.1_582,False,0.8353431074867702,0.0,False
JACRJN010000159.1_8,False,0.9998892636943423,0.0002,False
NZ_JADWYU010000202.1_45,False,0.898499175848009,0.0,False
NZ_CP016279.1_2802,False,0.9538784613895357,0.0,False
VMFZ01000020.1_4,False,0.9349656986539528,0.0,False
JAFGTL010000369.1_1,False,0.7900581244035743,0.0,False
MNUP01000148.1_2,False,0.9566152020796745,0.0,False
JACPAV010000017.1_63,False,0.9980010508226123,0.0006,True
DSNN01000273.1_4,False,0.7698447124143316,0.0,False
QMNL01000177.1_2,False,0.9459117404535863,0.0,False
WJLY01000168.1_11,False,0.9912439114319904,0.0,False
CAIVGN010000170.1_1,False,0.9957312515743055,0.0002,False
WYBT01000042.1_65,False,0.9289118532194836,0.0,False
MGQK01000032.1_4,False,0.823110956883838,0.0006,True
NZ_NCSM01000003.1_222,False,0.9966452886318508,0.0004,False
WJMB01000339.1_1,False,0.9684726147119346,0.0,False
CAISUK010000709.1_14,False,0.9999987942706321,0.0002,False
NZUQ01000102.1_2,False,0.9941870365043413,0.0004,False
WSXW01000009.1_6,False,0.9936622939873385,0.0016,True
NYYY01000081.1_10,False,0.9898522057670042,0.0002,False
NZ_JABASS010000002.1_169,False,0.6194152858506116,0.0,False
NZ_VFPQ01000002.1_309,False,0.9985419712584761,0.0004,False
PLDF01000476.1_11,False,0.9160081660970055,0.0,False
NZ_CP021084.1_164,False,0.9867237840672998,0.0006,True
NZ_PQVH01000013.1_87,False,0.9996768399208733,0.0002,False
KI543199.1_127,False,0.768022902750065,0.0,False
JAHJSD010000040.1_2,False,0.9944324631253215,0.0,False
CACXDF010000029.1_7,False,0.9021693694520465,0.0002,False
NZ_KB908340.1_27,False,0.9210927418754716,0.0,False
JAFGEV010000254.1_21,False,0.8861802724039213,0.0,False
LMZT01000136.1_4,False,0.9264793644976139,0.0,False
NZ_LMIV01000001.1_192,False,0.9820355074955275,0.0,False
NZ_CP007062.1_1667,False,0.6720742604320291,0.0002,False
VXMB01000007.1_533,False,0.9944127968479863,0.0,False
JACIXG010000053.1_35,False,0.9971103132805809,0.0004,False
JAFCDI010000010.1_29,False,0.7029582718834042,0.0,False
MHDQ01000315.1_2,False,0.9998338284162973,0.0004,False
NZ_SGXC01000002.1_311,False,0.9840239306738194,0.0012,True
WFRF01000153.1_2,False,0.8179925392556606,0.0,False
NZ_PQVH01000002.1_7,False,0.9483635321381274,0.0,False
JACQWU010000046.1_4,False,0.919325925763664,0.0,False
SHYX01000015.1_63,False,0.9728423509652081,0.0002,False
SYBY01000056.1_13,False,0.9722778908583821,0.0,False
NC_015499.1_1071,False,0.71258783725167,0.0,False
JAFGTL010000380.1_9,False,0.9890992437985625,0.0,False
BDTM01000016.1_42,False,0.9477753067844041,0.0,False
QNDJ01000414.1_2,False,0.9921090612277796,0.0004,False
QMTU01000185.1_1,False,0.9850722939346354,0.0006,True
JACIXR010000003.1_164,False,0.9354773029777151,0.0006,True
DRUE01000081.1_1,False,0.9539825687070259,0.0,False
MVCZ01000186.1_5,False,0.6890778172985166,0.0,False
JAFGDH010000027.1_8,False,0.9720167501180523,0.0004,False
DSSB01000339.1_3,False,0.8834041814869437,0.0004,False
CAJOEW010000017.1_18,False,0.9443418437666592,0.0,False
MGRR01000068.1_16,False,0.8356033660102369,0.0,False
NZ_CP069127.1_4081,False,0.9661269626267911,0.0002,False
CADCWE010000218.1_3,False,0.9994075929517795,0.0004,False
JADJOY010000049.1_1,False,0.9905438752894011,0.0002,False
NYZA01000034.1_5,False,0.972726401220006,0.0004,False
JAHJDJ010000211.1_1,False,0.9954750024330257,0.0006,True
QIJE01000001.1_119,False,0.800641971024551,0.0,False
JAADHJ010000033.1_86,False,0.704519823024204,0.0,False
QZJZ01000044.1_8,False,0.9828277531707668,0.0,False
CAJOEW010000001.1_63,False,0.9939159924414026,0.0,False
JAEOSL010000064.1_21,False,0.9357232717437111,0.0002,False
QHSL01000059.1_96,False,0.8806280905699662,0.0002,False
NZ_JOOE01000003.1_695,False,0.9758468216899896,0.0002,False
JAFANK010000254.1_25,False,0.9942901665219817,0.0006,True
JAFUYQ010000005.1_48,False,0.9937711610796391,0.0,False
JAFUHT010000020.1_1,False,0.7311529452589572,0.0,False
JADGAT010000060.1_10,False,0.9965891368635739,0.0002,False
MWCD01000043.1_10,False,0.9520443480394003,0.0,False
PKWQ01000024.1_53,False,0.8349093432809924,0.0,False
CAIVDM010000040.1_36,False,0.9981560278035347,0.0002,False
JAHJDO010000042.1_63,False,0.9072739574005622,0.0,False
WJOT01000059.1_28,False,0.949509049927125,0.0002,False
NZ_RXLO01000010.1_73,False,0.9649315828748869,0.0008,True
NZ_JAFVMG010000001.1_87,False,0.9759862004864163,0.0004,False
NZ_JOOE01000003.1_844,False,0.9922820333223603,0.0002,False
JACPAV010000025.1_55,False,0.966019847101828,0.0002,False
NZ_FQVN01000011.1_127,False,0.9999999916115297,0.0014,True
MWCD01000035.1_7,False,0.8310922182701483,0.0,False
NZ_FQTT01000010.1_204,False,0.9910635413081564,0.0,False
WJKZ01000080.1_1,False,0.9725927463658155,0.0002,False
CAIJMQ010000022.1_13,False,0.9938064328717502,0.0,False
SLOM01000098.1_20,False,0.9957533890783378,0.0002,False
SXND01000162.1_6,False,0.9373121752370044,0.0002,False
NZ_KB290705.1_69,False,0.9970783955130488,0.0,False
WYBT01000051.1_35,False,0.9998938237606587,0.0,False
JAGXKI010000069.1_8,False,0.794309013620196,0.0,False
RFHX01000221.1_1,False,0.9635461280108558,0.0002,False
JAEELG010000081.1_8,False,0.5905265897458142,0.0002,False
MNYI01000204.1_1,False,0.951429778676781,0.0,False
NZ_CP069127.1_1538,False,0.9981530021100387,0.0002,False
DITF01000023.1_1,False,0.8314392296347706,0.0,False
PLDF01000416.1_39,False,0.9362174303252897,0.0002,False
JAFGTC010000080.1_13,False,0.9588349468228141,0.0,False
JABDLO010000246.1_2,False,0.9652393246077473,0.0006,True
PLDF01000467.1_30,False,0.9988149115085684,0.0,False
DLGL01000110.1_18,False,0.7773054567537087,0.0002,False
NYZA01000094.1_11,False,0.9980520786223384,0.0008,True
JAHIZU010000160.1_9,False,0.913718530389577,0.0,False
JAFGOL010000223.1_5,False,0.863190769497701,0.0,False
URUF01000034.1_1,False,0.9197392257451338,0.0,False
DSCS01000029.1_89,False,0.7403487464214453,0.0,False
NZ_JADWYU010000390.1_3,False,0.948597238651637,0.0002,False
JAFGAQ010000399.1_1,False,0.9992180343490801,0.0002,False
MWCZ01000258.1_1,False,0.9948922692503277,0.0004,False
SICP01000005.1_55,False,0.9789955797586138,0.0,False
SLOM01000069.1_35,False,0.9999858050340674,0.0,False
LMZT01000045.1_1,False,0.999841813708707,0.0002,False
QHUM01000040.1_94,False,0.9949457983585319,0.0,False
JAATVM010000155.1_1,False,0.9074537591836679,0.0,False
JACPQY010000083.1_81,False,0.9519300768903931,0.0,False
METK01000014.1_1,False,0.9993652870556673,0.0002,False
WJLY01000031.1_14,False,0.9583364017675783,0.0,False
WOZJ01000057.1_157,False,0.9993206497659639,0.0002,False
NC_007759.1_714,False,0.9595802658090646,0.0,False
DDGC01000019.1_195,False,0.9803053371691244,0.0,False
NZ_FKIP01000418.1_7,False,0.9660440876779315,0.0002,False
CP002988.1_1398,False,0.986075442571216,0.0002,False
NZUQ01000149.1_1,False,0.7478094907608224,0.0,False
JAFGBW010000051.1_3,False,0.9169720151550946,0.0,False
JAGOBX010000130.1_5,False,0.9981780262182911,0.0004,False
NZ_JAFCMM010000001.1_1398,False,0.9894499982540712,0.0002,False
JACTNB010000022.1_63,False,0.973483165426269,0.0,False
CAJOEW010000009.1_38,False,0.990373101025527,0.0,False
NZ_FCNU01000019.1_59,False,0.9950372407391244,0.0,False
DSWB01000103.1_1,False,0.9984435641487744,0.0002,False
WTCB01000104.1_9,False,0.6614036609698968,0.0,False
METK01000008.1_109,False,0.991104132350888,0.0002,False
NZ_RXLO01000003.1_480,False,0.9924141170626982,0.0002,False
JAADIA010000016.1_17,False,0.9951804943541276,0.0004,False
CAIWTR010000186.1_1,False,0.964683131058678,0.0,False
CADCWE010000089.1_24,False,0.9839728590972527,0.0006,True
CACGSI010000009.1_12,False,0.9373208383259097,0.0,False
JAAYNI010000015.1_13,False,0.6942829877678494,0.0,False
MVCZ01000040.1_11,False,0.5926954107747029,0.0,False
DLYX01000637.1_6,False,0.9175486263507786,0.0,False
JAFSDM010000006.1_1,False,0.9176486367992469,0.0,False
DSWB01000066.1_3,False,0.9360345424489266,0.0002,False
NZ_CP029480.1_4246,False,0.9996326879610147,0.0002,False
JAGACY010000106.1_6,False,0.8316127353170817,0.0,False
WLOP01000002.1_96,False,0.9813003426431167,0.0,False
VMTI01000156.1_1,False,0.9010327873495889,0.0,False
JABMQX010000784.1_8,False,0.9695585987250545,0.0004,False
PMZC01000217.1_9,False,0.9968797789878467,0.0002,False
SLOM01000163.1_2,False,0.8387264682918365,0.0,False
CADCCW010000028.1_31,False,0.997901234435419,0.0002,False
JAAYXC010000135.1_2,False,0.9976204237084002,0.0,False
JABIXH010000029.1_30,False,0.9821179461214056,0.0,False
JAFZBN010000009.1_57,False,0.6852606922876724,0.0,False
NZ_AP014612.1_102,False,0.9973468757195223,0.0,False
NZ_CP069127.1_3712,False,0.9768538984127246,0.0002,False
NZ_PVNS01000009.1_146,False,0.9573396354081155,0.0,False
JABWBZ010000145.1_1,False,0.9921868669915062,0.0002,False
NVVD01000016.1_40,False,0.9163565432009839,0.0002,False
MNYV01000095.1_5,False,0.9989639295449225,0.0002,False
PLPI01000082.1_19,False,0.9844107783840107,0.0,False
JAFGOL010000243.1_3,False,0.8226771926780602,0.0,False
QHSL01000009.1_9,False,0.9479121669715536,0.0002,False
JAFGIT010000311.1_6,False,0.8078424568404615,0.0,False
NZ_JADEKP010000005.1_173,False,0.9900159770207435,0.0002,False
NZ_LR216287.1_2016,False,0.8799340678407218,0.0002,False
PLDF01000361.1_64,False,0.9157724359947119,0.0,False
NZ_PJIN01000004.1_302,False,0.9889746518621536,0.0002,False
JACPSX010000255.1_26,False,0.9676253666112727,0.0,False
JAADIC010000216.1_13,False,0.994254442411944,0.0006,True
CADCCW010000006.1_39,False,0.7478094907608224,0.0002,False
WSXW01000012.1_17,False,0.7739220959486424,0.0,False
JACQWU010000176.1_2,False,0.9999981908883713,0.0002,False
NZ_LMGK01000024.1_101,False,0.9802466679331203,0.0004,False
NZ_LBMK01000008.1_219,False,0.985690004699463,0.0,False
MGQK01000001.1_13,False,0.9955297940844606,0.0,False
SLGR01000024.1_1,False,0.9862950681028271,0.0002,False
JAHJDO010000130.1_1,False,0.8015094994361065,0.0,False
LIUI01000066.1_23,False,0.9949327885452453,0.0,False
JACPAV010000004.1_97,False,0.9448491193529072,0.0,False
USIB01000065.1_5,False,0.9957942755852468,0.0002,False
CACYFZ010000014.1_65,False,0.9941831811870288,0.0,False
JABFGF010000006.1_204,False,0.9951581333291288,0.0,False
JACRDZ010000196.1_4,False,0.9892588534594181,0.0004,False
JABMQX010000359.1_4,False,0.9375308097244943,0.0,False
AQRW01000098.1_12,False,0.8601544200572568,0.0,False
LJUI01000185.1_1,False,0.9791260985787992,0.0,False
JAFRZH010000020.1_11,False,0.9994109156373824,0.0002,False
JACQWU010000178.1_6,False,0.8527804285590354,0.0,False
JACRJN010000130.1_9,False,0.9913666261825541,0.0002,False
JAADIC010000351.1_4,False,0.7903183829270408,0.0,False
QIJE01000007.1_29,False,0.9463116782803657,0.0,False
MWCZ01000244.1_4,False,0.9756249930027898,0.0,False
NZ_BAEO01000062.1_312,False,0.9975785489730198,0.0,False
NZ_FKIP01000119.1_7,False,0.9812570012995318,0.0,False
PKTT01000039.1_72,False,0.957101173014395,0.0,False
NVVD01000014.1_24,False,0.9652537941225615,0.0002,False
NZ_VFPQ01000001.1_1530,False,0.9998890139535352,0.0006,True
NZ_KB908323.1_40,False,0.9992129388383538,0.0004,False
JAFGIT010000021.1_7,False,0.994224839901595,0.0002,False
RFFQ01000131.1_14,False,0.7458141754142448,0.0,False
DLGL01000044.1_1,False,0.990896518418419,0.0002,False
MVZB01000135.1_6,False,0.7674156328619762,0.0,False
QIJE01000022.1_78,False,0.8482692808189468,0.0,False
QMOQ01000035.1_5,False,0.9998109450202252,0.0,False
NZ_UTHA01000120.1_21,False,0.997891816255591,0.0002,False
NZ_NCSM01000004.1_464,False,0.8846187212631214,0.0,False
CP036261.1_3966,False,0.9872529184078169,0.0002,False
NZ_NCSM01000057.1_205,False,0.9948191723131211,0.0006,True
NC_018649.1_1219,False,0.997604472254742,0.0,False
WOZJ01000006.1_8,False,0.9847123187276873,0.0,False
PWGE01000001.1_8,False,0.7576993146525549,0.0,False
JACPSX010000289.1_1,False,0.8915589485555652,0.0,False
NZ_BAEO01000060.1_58,False,0.949816179259211,0.0,False
NZ_CP027570.1_446,False,0.9862484101542497,0.0002,False
NZ_QHKX01000001.1_414,False,0.9958570861543637,0.0006,True
PLYD01000225.1_5,False,0.9907851175647482,0.0,False
PLPI01000091.1_4,False,0.9998713535123476,0.0002,False
NZ_FKIP01000790.1_3,False,0.8775049882883664,0.0,False
NZ_AP018227.1_1986,False,0.8158237182267719,0.0002,False
PMZC01000062.1_9,False,0.9549884025334711,0.0002,False
JACTNB010000013.1_360,False,0.9912877134287358,0.0,False
SKQU01000049.1_12,False,0.943888134511972,0.0,False
NZ_VFPQ01000001.1_4239,False,0.8860935195627657,0.0006,True
NZ_FQVN01000022.1_27,False,0.9532112982162702,0.0,False
NZ_FQVN01000021.1_46,False,0.931599301736834,0.0,False
AQRW01000092.1_4,False,0.9565486764804598,0.0004,False
JACRLM010000085.1_76,False,0.9521668755015866,0.0,False
SVSB01000010.1_54,False,0.9627147215036937,0.0002,False
WUAI01000046.1_12,False,0.7239524594430468,0.0,False
JAAYXC010000385.1_4,False,0.9770504880650034,0.0,False
NZ_CP029480.1_1293,False,0.9858213247827028,0.0002,False
NZ_BDAU01000019.1_16,False,0.997196144704089,0.0002,False
WFTM01000137.1_8,False,0.9984825591456178,0.0,False
PAYP01000099.1_9,False,0.9892456179962501,0.0,False
NZ_BDAU01000078.1_6,False,0.8973713889129868,0.0002,False
MNYW01000097.1_14,False,0.9735454332299291,0.0004,False
MVCR01000044.1_7,False,0.8984124230068534,0.0,False
JAADIO010000038.1_1,False,0.9740662569119105,0.0004,False
NZ_JAFCMM010000007.1_171,False,0.9947821643281908,0.0,False
JACPUR010000035.1_24,False,0.5396894248286631,0.0002,False
PWGE01000022.1_6,False,0.9637085368217616,0.0,False
NZ_CP015423.1_268,False,0.9838408886258709,0.0002,False
QIFF01000048.1_5,False,0.9568813966820858,0.0,False
PWFS01000112.1_6,False,0.9601003748996059,0.0,False
CAIWTR010000144.1_6,False,0.9968646009848429,0.0,False
PLDF01000335.1_4,False,0.9834733826168498,0.0,False
JAFRZH010000031.1_37,False,0.9935707873436044,0.0004,False
WVXK01000027.1_36,False,0.9881624718075729,0.0002,False
NZ_BDAU01000009.1_79,False,0.9757694909037051,0.0002,False
CAIVGN010000006.1_136,False,0.982085137215532,0.0,False
JAGWXF010000004.1_51,False,0.9979624976855258,0.0002,False
CP054183.1_1657,False,0.9992335938895301,0.0,False
JADQBH010000255.1_16,False,0.9947607972824325,0.0,False
PAQS01000019.1_74,False,0.9289483442154377,0.0,False
SYBY01000493.1_7,False,0.7492842890604667,0.0,False
PBWH01000014.1_174,False,0.9957128668189323,0.0002,False
JAAYRV010000073.1_8,False,0.9430009656766941,0.0,False
JAFGTL010000176.1_4,False,0.7364448685694457,0.0002,False
VBJS01000150.1_2,False,0.9991013478603228,0.0004,False
JAFGOL010000153.1_3,False,0.9947706175675181,0.0004,False
JAAYCL010000045.1_29,False,0.9641921604017738,0.0002,False
PLPI01000042.1_38,False,0.635638067146699,0.0,False
JACPSX010000029.1_5,False,0.9039695006287122,0.0,False
MNYV01000043.1_1,False,0.9999857197816717,0.0002,False
QHSL01000010.1_23,False,0.882970417281166,0.0,False
NZ_JADWYU010000056.1_9,False,0.9425762897767952,0.0006,True
CAJKKX010000015.1_2,False,0.9439700027467437,0.0002,False
JACPAV010000059.1_6,False,0.6837858939880281,0.0,False
NZ_JACJQY010000007.1_113,False,0.9687595119622492,0.0002,False
NZ_FKIP01001191.1_4,False,0.9992211324516995,0.0,False
JAGWYZ010000029.1_5,False,0.7039125531361152,0.0,False
NZ_KB290710.1_190,False,0.9988809832083413,0.0,False
PWNJ01000134.1_4,False,0.9505335120887336,0.0,False
DREG01000459.1_11,False,0.997524850449869,0.0006,True
JACCUF010000276.1_4,False,0.9999998738280924,0.001,True
SLGR01000200.1_5,False,0.7138023770278477,0.0,False
JAFGBW010000023.1_12,False,0.9788016983179701,0.0,False
PLOF01000051.1_25,False,0.9908323476488531,0.0,False
DTLL01000115.1_12,False,0.9202950741384561,0.0002,False
JACRDZ010000041.1_13,False,0.9995573977424225,0.0,False
JAGXTL010000024.1_37,False,0.9755839918386316,0.0,False
JADJOY010000015.1_7,False,0.9814523116761081,0.0002,False
JAFAZD010000151.1_7,False,0.9999738649823054,0.0012,True
NZ_FKIP01001150.1_2,False,0.9925508616891321,0.0002,False
SHMX01000004.1_63,False,0.945227674355475,0.0,False
NZ_PJIN01000014.1_27,False,0.9997668181008135,0.0002,False
JACPHL010000261.1_3,False,0.9997403723181738,0.0004,False
SVSB01000047.1_13,False,0.9271454524175815,0.0002,False
VGIW01000056.1_6,False,0.8206818773314826,0.0,False
CAJUHL010000015.1_28,False,0.9445964065501259,0.0002,False
JACQPJ010000054.1_16,False,0.7940487550967295,0.0,False
NZ_UTHA01000153.1_2,False,0.9970366898456844,0.0004,False
JADHWK010000051.1_10,False,0.9997411605497049,0.0006,True
DBPU01000074.1_1,False,0.9992460835534029,0.0006,True
NZ_PTQW01000037.1_8,False,0.8107053005985946,0.0,False
JAHJSX010000067.1_4,False,0.9599783659913854,0.0,False
NZ_FKIP01000081.1_2,False,0.8879153292270322,0.0,False
DLPB01000031.1_50,False,0.7430380844972673,0.0,False
JAEEJP010000070.1_10,False,0.837858939880281,0.0,False
SXND01000185.1_16,False,0.9911596155827059,0.0,False
JAFAZD010000229.1_17,False,0.9975076780758698,0.0004,False
WYBT01000024.1_74,False,0.9994411077993851,0.0,False
JABDHD010000067.1_1,False,0.9961296172921957,0.0002,False
NZ_CP016279.1_2525,False,0.9746465989439776,0.0,False
NZ_FZMR01000038.1_8,False,0.99790425421733,0.0002,False
NZ_CAJFNR010000004.1_132,False,0.9601636326239613,0.0002,False
JAFGBE010000118.1_1,False,0.9964341977474535,0.0002,False
MWCD01000165.1_1,False,0.999935728156122,0.0004,False
NZ_RXLO01000003.1_490,False,0.9805879216214046,0.0002,False
VGIW01000038.1_10,False,0.9980392134763638,0.0004,False
WAQR01000146.1_6,False,0.9438545708931513,0.0,False
JADJYS010000014.1_81,False,0.978289070577824,0.0002,False
JWIH01000021.1_3,False,0.999717055916994,0.0002,False
CADCCW010000001.1_36,False,0.9889439016062183,0.0008,True
SXND01000149.1_18,False,0.999991793533883,0.0002,False
JAGACY010000027.1_3,False,0.7364448685694457,0.0,False
JAFGJP010000007.1_4,False,0.9869680459175607,0.0004,False
CAJUHL010000104.1_3,False,0.7904051357681964,0.0,False
NZ_KZ293963.1_43,False,0.9977204163856221,0.0,False
LIUI01000032.1_8,False,0.9901309701950464,0.0002,False
CAIQVJ010000028.1_19,False,0.8696972325843672,0.0002,False
NZ_CP015423.1_1409,False,0.9366588868439254,0.0,False
NZ_CP021084.1_325,False,0.9838313919827406,0.0,False
NZ_NCSM01000007.1_219,False,0.9847350146772016,0.0004,False
JACRLM010000089.1_3,False,0.7953500477140626,0.0,False
NYYY01000037.1_3,False,0.9201174342625212,0.0,False
NZ_VFPQ01000001.1_879,False,0.9999039436169197,0.0004,False
JAFGUZ010000224.1_62,False,0.98728574151466,0.0,False
SHYX01000020.1_42,False,0.8484427865012579,0.0,False
BMST01000001.1_350,False,0.7731413203782423,0.0,False
JAGWYZ010000053.1_24,False,0.6967988201613603,0.0,False
JABDLO010000449.1_22,False,0.8094907608224169,0.0,False
CAJMJN010000020.1_6,False,0.9986115851384336,0.0002,False
PKWQ01000338.1_11,False,0.9988702566787854,0.0002,False
NZ_BNCD01000013.1_129,False,0.978410162345334,0.0,False
CAIVGN010000098.1_31,False,0.9822518359914769,0.0,False
PLDF01000484.1_32,False,0.9918407021764735,0.0,False
PLDF01000311.1_36,False,0.9042337021752276,0.0,False
SBFR01000128.1_7,False,0.9336578810267809,0.0002,False
PBWH01000019.1_1,False,0.9939535488927632,0.0,False
JACNFQ010000049.1_1,False,0.9913013581187559,0.0,False
PMZC01000069.1_12,False,0.9399979396856861,0.0,False
NZ_JACJQY010000002.1_147,False,0.9361552560330347,0.0002,False
